L,nup,delta,U,seed,chi_son,chi_sext,chi_d,chi_dxy,n
6,4,0.0,0.0,1,5.304645611658998e-15,-2.7897684162780937e-14,-1.9433343823038742e-14,1.664446358518035e-13,0.2222222222222222
6,4,0.0,0.0,2,5.304645611658998e-15,-2.7897684162780937e-14,-1.9433343823038742e-14,1.664446358518035e-13,0.2222222222222222
6,4,0.0,0.0,3,5.304645611658998e-15,-2.7897684162780937e-14,-1.9433343823038742e-14,1.664446358518035e-13,0.2222222222222222
6,4,0.0,0.0,4,5.304645611658998e-15,-2.7897684162780937e-14,-1.9433343823038742e-14,1.664446358518035e-13,0.2222222222222222
6,4,0.0,0.0,5,5.304645611658998e-15,-2.7897684162780937e-14,-1.9433343823038742e-14,1.664446358518035e-13,0.2222222222222222
6,4,0.0,0.0,6,5.304645611658998e-15,-2.7897684162780937e-14,-1.9433343823038742e-14,1.664446358518035e-13,0.2222222222222222
6,4,0.1,0.0,1,-4.9107384825219936e-14,-1.3786305430585346e-13,9.547918011776346e-14,-2.681233013390738e-13,0.2222222222222222
6,4,0.1,0.0,2,-4.9107384825219936e-14,-1.3786305430585346e-13,9.547918011776346e-14,-2.681233013390738e-13,0.2222222222222222
6,4,0.1,0.0,3,-4.9107384825219936e-14,-1.3786305430585346e-13,9.547918011776346e-14,-2.681233013390738e-13,0.2222222222222222
6,4,0.1,0.0,4,-4.9107384825219936e-14,-1.3786305430585346e-13,9.547918011776346e-14,-2.681233013390738e-13,0.2222222222222222
6,4,0.1,0.0,5,-4.9107384825219936e-14,-1.3786305430585346e-13,9.547918011776346e-14,-2.681233013390738e-13,0.2222222222222222
6,4,0.1,0.0,6,-4.9107384825219936e-14,-1.3786305430585346e-13,9.547918011776346e-14,-2.681233013390738e-13,0.2222222222222222
6,4,0.2,0.0,1,6.554756737386924e-14,-2.442046564965494e-13,1.9586110511227165e-13,-1.1432632618380012e-13,0.2222222222222222
6,4,0.2,0.0,2,6.554756737386924e-14,-2.442046564965494e-13,1.9586110511227165e-13,-1.1432632618380012e-13,0.2222222222222222
6,4,0.2,0.0,3,6.554756737386924e-14,-2.442046564965494e-13,1.9586110511227165e-13,-1.1432632618380012e-13,0.2222222222222222
6,4,0.2,0.0,4,6.554756737386924e-14,-2.442046564965494e-13,1.9586110511227165e-13,-1.1432632618380012e-13,0.2222222222222222
6,4,0.2,0.0,5,6.554756737386924e-14,-2.442046564965494e-13,1.9586110511227165e-13,-1.1432632618380012e-13,0.2222222222222222
6,4,0.2,0.0,6,6.554756737386924e-14,-2.442046564965494e-13,1.9586110511227165e-13,-1.1432632618380012e-13,0.2222222222222222
6,4,0.3,0.0,1,7.0632388826652464e-15,-9.447553850350233e-14,-1.8809842572409257e-13,2.495781359357352e-13,0.2222222222222222
6,4,0.3,0.0,2,7.0632388826652464e-15,-9.447553850350233e-14,-1.8809842572409257e-13,2.495781359357352e-13,0.2222222222222222
6,4,0.3,0.0,3,7.0632388826652464e-15,-9.447553850350233e-14,-1.8809842572409257e-13,2.495781359357352e-13,0.2222222222222222
6,4,0.3,0.0,4,7.0632388826652464e-15,-9.447553850350233e-14,-1.8809842572409257e-13,2.495781359357352e-13,0.2222222222222222
6,4,0.3,0.0,5,7.0632388826652464e-15,-9.447553850350233e-14,-1.8809842572409257e-13,2.495781359357352e-13,0.2222222222222222
6,4,0.3,0.0,6,7.0632388826652464e-15,-9.447553850350233e-14,-1.8809842572409257e-13,2.495781359357352e-13,0.2222222222222222
6,4,0.4,0.0,1,1.1240119945910013e-13,-3.281996896475903e-13,6.533440455314124e-14,-2.9539037882386774e-13,0.2222222222222222
6,4,0.4,0.0,2,1.1240119945910013e-13,-3.281996896475903e-13,6.533440455314124e-14,-2.9539037882386774e-13,0.2222222222222222
6,4,0.4,0.0,3,1.1240119945910013e-13,-3.281996896475903e-13,6.533440455314124e-14,-2.9539037882386774e-13,0.2222222222222222
6,4,0.4,0.0,4,1.1240119945910013e-13,-3.281996896475903e-13,6.533440455314124e-14,-2.9539037882386774e-13,0.2222222222222222
6,4,0.4,0.0,5,1.1240119945910013e-13,-3.281996896475903e-13,6.533440455314124e-14,-2.9539037882386774e-13,0.2222222222222222
6,4,0.4,0.0,6,1.1240119945910013e-13,-3.281996896475903e-13,6.533440455314124e-14,-2.9539037882386774e-13,0.2222222222222222
6,6,0.0,0.0,1,-3.728573005901126e-14,6.974865129905085e-14,-9.952927371159602e-14,-6.44639897018351e-14,0.3333333333333333
6,6,0.0,0.0,2,-3.728573005901126e-14,6.974865129905085e-14,-9.952927371159602e-14,-6.44639897018351e-14,0.3333333333333333
6,6,0.0,0.0,3,-3.728573005901126e-14,6.974865129905085e-14,-9.952927371159602e-14,-6.44639897018351e-14,0.3333333333333333
6,6,0.0,0.0,4,-3.728573005901126e-14,6.974865129905085e-14,-9.952927371159602e-14,-6.44639897018351e-14,0.3333333333333333
6,6,0.0,0.0,5,-3.728573005901126e-14,6.974865129905085e-14,-9.952927371159602e-14,-6.44639897018351e-14,0.3333333333333333
6,6,0.0,0.0,6,-3.728573005901126e-14,6.974865129905085e-14,-9.952927371159602e-14,-6.44639897018351e-14,0.3333333333333333
6,6,0.1,0.0,1,2.5053292773691282e-14,4.659383989746856e-14,2.7977620220553945e-14,1.4761525335416082e-14,0.3333333333333333
6,6,0.1,0.0,2,2.5053292773691282e-14,4.659383989746856e-14,2.7977620220553945e-14,1.4761525335416082e-14,0.3333333333333333
6,6,0.1,0.0,3,2.5053292773691282e-14,4.659383989746856e-14,2.7977620220553945e-14,1.4761525335416082e-14,0.3333333333333333
6,6,0.1,0.0,4,2.5053292773691282e-14,4.659383989746856e-14,2.7977620220553945e-14,1.4761525335416082e-14,0.3333333333333333
6,6,0.1,0.0,5,2.5053292773691282e-14,4.659383989746856e-14,2.7977620220553945e-14,1.4761525335416082e-14,0.3333333333333333
6,6,0.1,0.0,6,2.5053292773691282e-14,4.659383989746856e-14,2.7977620220553945e-14,1.4761525335416082e-14,0.3333333333333333
6,6,0.2,0.0,1,1.0957901253050295e-14,-8.322231792590175e-14,-7.860379014346108e-14,7.0752292913312e-14,0.3333333333333333
6,6,0.2,0.0,2,1.0957901253050295e-14,-8.322231792590175e-14,-7.860379014346108e-14,7.0752292913312e-14,0.3333333333333333
6,6,0.2,0.0,3,1.0957901253050295e-14,-8.322231792590175e-14,-7.860379014346108e-14,7.0752292913312e-14,0.3333333333333333
6,6,0.2,0.0,4,1.0957901253050295e-14,-8.322231792590175e-14,-7.860379014346108e-14,7.0752292913312e-14,0.3333333333333333
6,6,0.2,0.0,5,1.0957901253050295e-14,-8.322231792590175e-14,-7.860379014346108e-14,7.0752292913312e-14,0.3333333333333333
6,6,0.2,0.0,6,1.0957901253050295e-14,-8.322231792590175e-14,-7.860379014346108e-14,7.0752292913312e-14,0.3333333333333333
6,6,0.3,0.0,1,2.400302179239589e-15,-3.518074720432196e-14,3.3292479884039497e-13,5.552003301545483e-14,0.3333333333333333
6,6,0.3,0.0,2,2.400302179239589e-15,-3.518074720432196e-14,3.3292479884039497e-13,5.552003301545483e-14,0.3333333333333333
6,6,0.3,0.0,3,2.400302179239589e-15,-3.518074720432196e-14,3.3292479884039497e-13,5.552003301545483e-14,0.3333333333333333
6,6,0.3,0.0,4,2.400302179239589e-15,-3.518074720432196e-14,3.3292479884039497e-13,5.552003301545483e-14,0.3333333333333333
6,6,0.3,0.0,5,2.400302179239589e-15,-3.518074720432196e-14,3.3292479884039497e-13,5.552003301545483e-14,0.3333333333333333
6,6,0.3,0.0,6,2.400302179239589e-15,-3.518074720432196e-14,3.3292479884039497e-13,5.552003301545483e-14,0.3333333333333333
6,6,0.4,0.0,1,2.4409363419408693e-14,-3.5704772471945043e-14,-2.8544278052322624e-13,3.7445602174557296e-14,0.3333333333333333
6,6,0.4,0.0,2,2.4409363419408693e-14,-3.5704772471945043e-14,-2.8544278052322624e-13,3.7445602174557296e-14,0.3333333333333333
6,6,0.4,0.0,3,2.4409363419408693e-14,-3.5704772471945043e-14,-2.8544278052322624e-13,3.7445602174557296e-14,0.3333333333333333
6,6,0.4,0.0,4,2.4409363419408693e-14,-3.5704772471945043e-14,-2.8544278052322624e-13,3.7445602174557296e-14,0.3333333333333333
6,6,0.4,0.0,5,2.4409363419408693e-14,-3.5704772471945043e-14,-2.8544278052322624e-13,3.7445602174557296e-14,0.3333333333333333
6,6,0.4,0.0,6,2.4409363419408693e-14,-3.5704772471945043e-14,-2.8544278052322624e-13,3.7445602174557296e-14,0.3333333333333333
6,8,0.0,0.0,1,1.5885071036336738e-14,3.1299407510232415e-14,-8.251177519014165e-14,1.361577517400292e-14,0.4444444444444444
6,8,0.0,0.0,2,1.5885071036336738e-14,3.1299407510232415e-14,-8.251177519014165e-14,1.361577517400292e-14,0.4444444444444444
6,8,0.0,0.0,3,1.5885071036336738e-14,3.1299407510232415e-14,-8.251177519014165e-14,1.361577517400292e-14,0.4444444444444444
6,8,0.0,0.0,4,1.5885071036336738e-14,3.1299407510232415e-14,-8.251177519014165e-14,1.361577517400292e-14,0.4444444444444444
6,8,0.0,0.0,5,1.5885071036336738e-14,3.1299407510232415e-14,-8.251177519014165e-14,1.361577517400292e-14,0.4444444444444444
6,8,0.0,0.0,6,1.5885071036336738e-14,3.1299407510232415e-14,-8.251177519014165e-14,1.361577517400292e-14,0.4444444444444444
6,8,0.1,0.0,1,-1.4712675522332582e-14,-4.4924064468432345e-14,-6.554756737386924e-15,-6.8123284790999605e-15,0.4444444444444444
6,8,0.1,0.0,2,-1.4712675522332582e-14,-4.4924064468432345e-14,-6.554756737386924e-15,-6.8123284790999605e-15,0.4444444444444444
6,8,0.1,0.0,3,-1.4712675522332582e-14,-4.4924064468432345e-14,-6.554756737386924e-15,-6.8123284790999605e-15,0.4444444444444444
6,8,0.1,0.0,4,-1.4712675522332582e-14,-4.4924064468432345e-14,-6.554756737386924e-15,-6.8123284790999605e-15,0.4444444444444444
6,8,0.1,0.0,5,-1.4712675522332582e-14,-4.4924064468432345e-14,-6.554756737386924e-15,-6.8123284790999605e-15,0.4444444444444444
6,8,0.1,0.0,6,-1.4712675522332582e-14,-4.4924064468432345e-14,-6.554756737386924e-15,-6.8123284790999605e-15,0.4444444444444444
6,8,0.2,0.0,1,-2.0572432646304152e-14,6.9011463210699735e-15,-5.4800608495497736e-14,-2.0872192862952948e-15,0.4444444444444444
6,8,0.2,0.0,2,-2.0572432646304152e-14,6.9011463210699735e-15,-5.4800608495497736e-14,-2.0872192862952948e-15,0.4444444444444444
6,8,0.2,0.0,3,-2.0572432646304152e-14,6.9011463210699735e-15,-5.4800608495497736e-14,-2.0872192862952948e-15,0.4444444444444444
6,8,0.2,0.0,4,-2.0572432646304152e-14,6.9011463210699735e-15,-5.4800608495497736e-14,-2.0872192862952948e-15,0.4444444444444444
6,8,0.2,0.0,5,-2.0572432646304152e-14,6.9011463210699735e-15,-5.4800608495497736e-14,-2.0872192862952948e-15,0.4444444444444444
6,8,0.2,0.0,6,-2.0572432646304152e-14,6.9011463210699735e-15,-5.4800608495497736e-14,-2.0872192862952948e-15,0.4444444444444444
6,8,0.3,0.0,1,2.8865798640254065e-17,3.1095126473701395e-14,3.017497363089206e-13,-1.0489387136658478e-14,0.4444444444444444
6,8,0.3,0.0,2,2.8865798640254065e-17,3.1095126473701395e-14,3.017497363089206e-13,-1.0489387136658478e-14,0.4444444444444444
6,8,0.3,0.0,3,2.8865798640254065e-17,3.1095126473701395e-14,3.017497363089206e-13,-1.0489387136658478e-14,0.4444444444444444
6,8,0.3,0.0,4,2.8865798640254065e-17,3.1095126473701395e-14,3.017497363089206e-13,-1.0489387136658478e-14,0.4444444444444444
6,8,0.3,0.0,5,2.8865798640254065e-17,3.1095126473701395e-14,3.017497363089206e-13,-1.0489387136658478e-14,0.4444444444444444
6,8,0.3,0.0,6,2.8865798640254065e-17,3.1095126473701395e-14,3.017497363089206e-13,-1.0489387136658478e-14,0.4444444444444444
6,8,0.4,0.0,1,2.9727331707363197e-14,2.3492319201068312e-14,-2.927968978383433e-13,-1.91171523056255e-13,0.4444444444444444
6,8,0.4,0.0,2,2.9727331707363197e-14,2.3492319201068312e-14,-2.927968978383433e-13,-1.91171523056255e-13,0.4444444444444444
6,8,0.4,0.0,3,2.9727331707363197e-14,2.3492319201068312e-14,-2.927968978383433e-13,-1.91171523056255e-13,0.4444444444444444
6,8,0.4,0.0,4,2.9727331707363197e-14,2.3492319201068312e-14,-2.927968978383433e-13,-1.91171523056255e-13,0.4444444444444444
6,8,0.4,0.0,5,2.9727331707363197e-14,2.3492319201068312e-14,-2.927968978383433e-13,-1.91171523056255e-13,0.4444444444444444
6,8,0.4,0.0,6,2.9727331707363197e-14,2.3492319201068312e-14,-2.927968978383433e-13,-1.91171523056255e-13,0.4444444444444444
6,10,0.0,0.0,1,-5.5000448639930254e-15,1.9872992140790302e-14,5.2384763193913383e-14,-1.4308554341369017e-14,0.5555555555555556
6,10,0.0,0.0,2,-5.5000448639930254e-15,1.9872992140790302e-14,5.2384763193913383e-14,-1.4308554341369017e-14,0.5555555555555556
6,10,0.0,0.0,3,-5.5000448639930254e-15,1.9872992140790302e-14,5.2384763193913383e-14,-1.4308554341369017e-14,0.5555555555555556
6,10,0.0,0.0,4,-5.5000448639930254e-15,1.9872992140790302e-14,5.2384763193913383e-14,-1.4308554341369017e-14,0.5555555555555556
6,10,0.0,0.0,5,-5.5000448639930254e-15,1.9872992140790302e-14,5.2384763193913383e-14,-1.4308554341369017e-14,0.5555555555555556
6,10,0.0,0.0,6,-5.5000448639930254e-15,1.9872992140790302e-14,5.2384763193913383e-14,-1.4308554341369017e-14,0.5555555555555556
6,10,0.1,0.0,1,-7.416289804496045e-15,4.809486142676179e-15,4.973799150320701e-15,2.247091401841317e-15,0.5555555555555556
6,10,0.1,0.0,2,-7.416289804496045e-15,4.809486142676179e-15,4.973799150320701e-15,2.247091401841317e-15,0.5555555555555556
6,10,0.1,0.0,3,-7.416289804496045e-15,4.809486142676179e-15,4.973799150320701e-15,2.247091401841317e-15,0.5555555555555556
6,10,0.1,0.0,4,-7.416289804496045e-15,4.809486142676179e-15,4.973799150320701e-15,2.247091401841317e-15,0.5555555555555556
6,10,0.1,0.0,5,-7.416289804496045e-15,4.809486142676179e-15,4.973799150320701e-15,2.247091401841317e-15,0.5555555555555556
6,10,0.1,0.0,6,-7.416289804496045e-15,4.809486142676179e-15,4.973799150320701e-15,2.247091401841317e-15,0.5555555555555556
6,10,0.2,0.0,1,-1.0704770403435761e-14,-3.468336728928989e-15,2.646771690706378e-15,1.7497114868092466e-14,0.5555555555555556
6,10,0.2,0.0,2,-1.0704770403435761e-14,-3.468336728928989e-15,2.646771690706378e-15,1.7497114868092466e-14,0.5555555555555556
6,10,0.2,0.0,3,-1.0704770403435761e-14,-3.468336728928989e-15,2.646771690706378e-15,1.7497114868092466e-14,0.5555555555555556
6,10,0.2,0.0,4,-1.0704770403435761e-14,-3.468336728928989e-15,2.646771690706378e-15,1.7497114868092466e-14,0.5555555555555556
6,10,0.2,0.0,5,-1.0704770403435761e-14,-3.468336728928989e-15,2.646771690706378e-15,1.7497114868092466e-14,0.5555555555555556
6,10,0.2,0.0,6,-1.0704770403435761e-14,-3.468336728928989e-15,2.646771690706378e-15,1.7497114868092466e-14,0.5555555555555556
6,10,0.3,0.0,1,5.890843368661081e-15,-6.652456363553938e-15,1.0878409284487137e-13,3.6113334545007095e-14,0.5555555555555556
6,10,0.3,0.0,2,5.890843368661081e-15,-6.652456363553938e-15,1.0878409284487137e-13,3.6113334545007095e-14,0.5555555555555556
6,10,0.3,0.0,3,5.890843368661081e-15,-6.652456363553938e-15,1.0878409284487137e-13,3.6113334545007095e-14,0.5555555555555556
6,10,0.3,0.0,4,5.890843368661081e-15,-6.652456363553938e-15,1.0878409284487137e-13,3.6113334545007095e-14,0.5555555555555556
6,10,0.3,0.0,5,5.890843368661081e-15,-6.652456363553938e-15,1.0878409284487137e-13,3.6113334545007095e-14,0.5555555555555556
6,10,0.3,0.0,6,5.890843368661081e-15,-6.652456363553938e-15,1.0878409284487137e-13,3.6113334545007095e-14,0.5555555555555556
6,10,0.4,0.0,1,1.8451906669270103e-15,3.774758283725532e-15,-1.6048495865561565e-13,1.000799443318101e-13,0.5555555555555556
6,10,0.4,0.0,2,1.8451906669270103e-15,3.774758283725532e-15,-1.6048495865561565e-13,1.000799443318101e-13,0.5555555555555556
6,10,0.4,0.0,3,1.8451906669270103e-15,3.774758283725532e-15,-1.6048495865561565e-13,1.000799443318101e-13,0.5555555555555556
6,10,0.4,0.0,4,1.8451906669270103e-15,3.774758283725532e-15,-1.6048495865561565e-13,1.000799443318101e-13,0.5555555555555556
6,10,0.4,0.0,5,1.8451906669270103e-15,3.774758283725532e-15,-1.6048495865561565e-13,1.000799443318101e-13,0.5555555555555556
6,10,0.4,0.0,6,1.8451906669270103e-15,3.774758283725532e-15,-1.6048495865561565e-13,1.000799443318101e-13,0.5555555555555556
6,12,0.0,0.0,1,-5.397904345727511e-15,1.9245716131877088e-14,5.1709747594941296e-14,-1.744382416291046e-14,0.6666666666666666
6,12,0.0,0.0,2,-5.397904345727511e-15,1.9245716131877088e-14,5.1709747594941296e-14,-1.744382416291046e-14,0.6666666666666666
6,12,0.0,0.0,3,-5.397904345727511e-15,1.9245716131877088e-14,5.1709747594941296e-14,-1.744382416291046e-14,0.6666666666666666
6,12,0.0,0.0,4,-5.397904345727511e-15,1.9245716131877088e-14,5.1709747594941296e-14,-1.744382416291046e-14,0.6666666666666666
6,12,0.0,0.0,5,-5.397904345727511e-15,1.9245716131877088e-14,5.1709747594941296e-14,-1.744382416291046e-14,0.6666666666666666
6,12,0.0,0.0,6,-5.397904345727511e-15,1.9245716131877088e-14,5.1709747594941296e-14,-1.744382416291046e-14,0.6666666666666666
6,12,0.1,0.0,1,-1.2116974090758962e-14,1.3439249713087521e-14,4.671818487622657e-15,3.2773783686934625e-15,0.6666666666666666
6,12,0.1,0.0,2,-1.2116974090758962e-14,1.3439249713087521e-14,4.671818487622657e-15,3.2773783686934625e-15,0.6666666666666666
6,12,0.1,0.0,3,-1.2116974090758962e-14,1.3439249713087521e-14,4.671818487622657e-15,3.2773783686934625e-15,0.6666666666666666
6,12,0.1,0.0,4,-1.2116974090758962e-14,1.3439249713087521e-14,4.671818487622657e-15,3.2773783686934625e-15,0.6666666666666666
6,12,0.1,0.0,5,-1.2116974090758962e-14,1.3439249713087521e-14,4.671818487622657e-15,3.2773783686934625e-15,0.6666666666666666
6,12,0.1,0.0,6,-1.2116974090758962e-14,1.3439249713087521e-14,4.671818487622657e-15,3.2773783686934625e-15,0.6666666666666666
6,12,0.2,0.0,1,1.5629719740672957e-14,6.845635169838716e-15,1.072031352578051e-14,6.616929226765933e-15,0.6666666666666666
6,12,0.2,0.0,2,1.5629719740672957e-14,6.845635169838716e-15,1.072031352578051e-14,6.616929226765933e-15,0.6666666666666666
6,12,0.2,0.0,3,1.5629719740672957e-14,6.845635169838716e-15,1.072031352578051e-14,6.616929226765933e-15,0.6666666666666666
6,12,0.2,0.0,4,1.5629719740672957e-14,6.845635169838716e-15,1.072031352578051e-14,6.616929226765933e-15,0.6666666666666666
6,12,0.2,0.0,5,1.5629719740672957e-14,6.845635169838716e-15,1.072031352578051e-14,6.616929226765933e-15,0.6666666666666666
6,12,0.2,0.0,6,1.5629719740672957e-14,6.845635169838716e-15,1.072031352578051e-14,6.616929226765933e-15,0.6666666666666666
6,12,0.3,0.0,1,1.774802527165775e-14,-2.08610906327067e-15,-1.2434497875801836e-16,3.882227872509247e-14,0.6666666666666666
6,12,0.3,0.0,2,1.774802527165775e-14,-2.08610906327067e-15,-1.2434497875801836e-16,3.882227872509247e-14,0.6666666666666666
6,12,0.3,0.0,3,1.774802527165775e-14,-2.08610906327067e-15,-1.2434497875801836e-16,3.882227872509247e-14,0.6666666666666666
6,12,0.3,0.0,4,1.774802527165775e-14,-2.08610906327067e-15,-1.2434497875801836e-16,3.882227872509247e-14,0.6666666666666666
6,12,0.3,0.0,5,1.774802527165775e-14,-2.08610906327067e-15,-1.2434497875801836e-16,3.882227872509247e-14,0.6666666666666666
6,12,0.3,0.0,6,1.774802527165775e-14,-2.08610906327067e-15,-1.2434497875801836e-16,3.882227872509247e-14,0.6666666666666666
6,12,0.4,0.0,1,-1.2716494524056544e-14,-4.979350265443827e-15,1.174615960053416e-13,9.659828492658565e-14,0.6666666666666666
6,12,0.4,0.0,2,-1.2716494524056544e-14,-4.979350265443827e-15,1.174615960053416e-13,9.659828492658565e-14,0.6666666666666666
6,12,0.4,0.0,3,-1.2716494524056544e-14,-4.979350265443827e-15,1.174615960053416e-13,9.659828492658565e-14,0.6666666666666666
6,12,0.4,0.0,4,-1.2716494524056544e-14,-4.979350265443827e-15,1.174615960053416e-13,9.659828492658565e-14,0.6666666666666666
6,12,0.4,0.0,5,-1.2716494524056544e-14,-4.979350265443827e-15,1.174615960053416e-13,9.659828492658565e-14,0.6666666666666666
6,12,0.4,0.0,6,-1.2716494524056544e-14,-4.979350265443827e-15,1.174615960053416e-13,9.659828492658565e-14,0.6666666666666666
6,14,0.0,0.0,1,5.706546346573305e-16,4.796718577892989e-15,4.3822723228004176e-14,-5.639932965095795e-15,0.7777777777777778
6,14,0.0,0.0,2,5.706546346573305e-16,4.796718577892989e-15,4.3822723228004176e-14,-5.639932965095795e-15,0.7777777777777778
6,14,0.0,0.0,3,5.706546346573305e-16,4.796718577892989e-15,4.3822723228004176e-14,-5.639932965095795e-15,0.7777777777777778
6,14,0.0,0.0,4,5.706546346573305e-16,4.796718577892989e-15,4.3822723228004176e-14,-5.639932965095795e-15,0.7777777777777778
6,14,0.0,0.0,5,5.706546346573305e-16,4.796718577892989e-15,4.3822723228004176e-14,-5.639932965095795e-15,0.7777777777777778
6,14,0.0,0.0,6,5.706546346573305e-16,4.796718577892989e-15,4.3822723228004176e-14,-5.639932965095795e-15,0.7777777777777778
6,14,0.1,0.0,1,5.941913627793838e-15,7.427392034742298e-16,2.584599201327365e-15,4.067857162226574e-15,0.7777777777777778
6,14,0.1,0.0,2,5.941913627793838e-15,7.427392034742298e-16,2.584599201327365e-15,4.067857162226574e-15,0.7777777777777778
6,14,0.1,0.0,3,5.941913627793838e-15,7.427392034742298e-16,2.584599201327365e-15,4.067857162226574e-15,0.7777777777777778
6,14,0.1,0.0,4,5.941913627793838e-15,7.427392034742298e-16,2.584599201327365e-15,4.067857162226574e-15,0.7777777777777778
6,14,0.1,0.0,5,5.941913627793838e-15,7.427392034742298e-16,2.584599201327365e-15,4.067857162226574e-15,0.7777777777777778
6,14,0.1,0.0,6,5.941913627793838e-15,7.427392034742298e-16,2.584599201327365e-15,4.067857162226574e-15,0.7777777777777778
6,14,0.2,0.0,1,1.294520046712933e-15,2.8760327452914677e-15,-2.4602542225693468e-14,3.6344260934129126e-14,0.7777777777777778
6,14,0.2,0.0,2,1.294520046712933e-15,2.8760327452914677e-15,-2.4602542225693468e-14,3.6344260934129126e-14,0.7777777777777778
6,14,0.2,0.0,3,1.294520046712933e-15,2.8760327452914677e-15,-2.4602542225693468e-14,3.6344260934129126e-14,0.7777777777777778
6,14,0.2,0.0,4,1.294520046712933e-15,2.8760327452914677e-15,-2.4602542225693468e-14,3.6344260934129126e-14,0.7777777777777778
6,14,0.2,0.0,5,1.294520046712933e-15,2.8760327452914677e-15,-2.4602542225693468e-14,3.6344260934129126e-14,0.7777777777777778
6,14,0.2,0.0,6,1.294520046712933e-15,2.8760327452914677e-15,-2.4602542225693468e-14,3.6344260934129126e-14,0.7777777777777778
6,14,0.3,0.0,1,1.5898393712632244e-15,-1.9195756095768956e-15,2.0294876890147863e-14,4.796163466380677e-15,0.7777777777777778
6,14,0.3,0.0,2,1.5898393712632244e-15,-1.9195756095768956e-15,2.0294876890147863e-14,4.796163466380677e-15,0.7777777777777778
6,14,0.3,0.0,3,1.5898393712632244e-15,-1.9195756095768956e-15,2.0294876890147863e-14,4.796163466380677e-15,0.7777777777777778
6,14,0.3,0.0,4,1.5898393712632244e-15,-1.9195756095768956e-15,2.0294876890147863e-14,4.796163466380677e-15,0.7777777777777778
6,14,0.3,0.0,5,1.5898393712632244e-15,-1.9195756095768956e-15,2.0294876890147863e-14,4.796163466380677e-15,0.7777777777777778
6,14,0.3,0.0,6,1.5898393712632244e-15,-1.9195756095768956e-15,2.0294876890147863e-14,4.796163466380677e-15,0.7777777777777778
6,14,0.4,0.0,1,-1.652455949852083e-14,8.796297024105116e-15,-1.2656542480726785e-13,4.0589753780295726e-15,0.7777777777777778
6,14,0.4,0.0,2,-1.652455949852083e-14,8.796297024105116e-15,-1.2656542480726785e-13,4.0589753780295726e-15,0.7777777777777778
6,14,0.4,0.0,3,-1.652455949852083e-14,8.796297024105116e-15,-1.2656542480726785e-13,4.0589753780295726e-15,0.7777777777777778
6,14,0.4,0.0,4,-1.652455949852083e-14,8.796297024105116e-15,-1.2656542480726785e-13,4.0589753780295726e-15,0.7777777777777778
6,14,0.4,0.0,5,-1.652455949852083e-14,8.796297024105116e-15,-1.2656542480726785e-13,4.0589753780295726e-15,0.7777777777777778
6,14,0.4,0.0,6,-1.652455949852083e-14,8.796297024105116e-15,-1.2656542480726785e-13,4.0589753780295726e-15,0.7777777777777778
6,16,0.0,0.0,1,1.2226886170196852e-14,3.502476086936213e-15,5.1025850211772196e-15,2.065903004222491e-14,0.8888888888888888
6,16,0.0,0.0,2,1.2226886170196852e-14,3.502476086936213e-15,5.1025850211772196e-15,2.065903004222491e-14,0.8888888888888888
6,16,0.0,0.0,3,1.2226886170196852e-14,3.502476086936213e-15,5.1025850211772196e-15,2.065903004222491e-14,0.8888888888888888
6,16,0.0,0.0,4,1.2226886170196852e-14,3.502476086936213e-15,5.1025850211772196e-15,2.065903004222491e-14,0.8888888888888888
6,16,0.0,0.0,5,1.2226886170196852e-14,3.502476086936213e-15,5.1025850211772196e-15,2.065903004222491e-14,0.8888888888888888
6,16,0.0,0.0,6,1.2226886170196852e-14,3.502476086936213e-15,5.1025850211772196e-15,2.065903004222491e-14,0.8888888888888888
6,16,0.1,0.0,1,-1.9562129693895255e-15,-3.955724636739433e-15,-2.293720768875573e-14,-2.4567015088905467e-14,0.8888888888888888
6,16,0.1,0.0,2,-1.9562129693895255e-15,-3.955724636739433e-15,-2.293720768875573e-14,-2.4567015088905467e-14,0.8888888888888888
6,16,0.1,0.0,3,-1.9562129693895255e-15,-3.955724636739433e-15,-2.293720768875573e-14,-2.4567015088905467e-14,0.8888888888888888
6,16,0.1,0.0,4,-1.9562129693895255e-15,-3.955724636739433e-15,-2.293720768875573e-14,-2.4567015088905467e-14,0.8888888888888888
6,16,0.1,0.0,5,-1.9562129693895255e-15,-3.955724636739433e-15,-2.293720768875573e-14,-2.4567015088905467e-14,0.8888888888888888
6,16,0.1,0.0,6,-1.9562129693895255e-15,-3.955724636739433e-15,-2.293720768875573e-14,-2.4567015088905467e-14,0.8888888888888888
6,16,0.2,0.0,1,2.4713564528155986e-15,-4.146682996974961e-15,-8.522071937022704e-15,-8.260059303211168e-16,0.8888888888888888
6,16,0.2,0.0,2,2.4713564528155986e-15,-4.146682996974961e-15,-8.522071937022704e-15,-8.260059303211168e-16,0.8888888888888888
6,16,0.2,0.0,3,2.4713564528155986e-15,-4.146682996974961e-15,-8.522071937022704e-15,-8.260059303211168e-16,0.8888888888888888
6,16,0.2,0.0,4,2.4713564528155986e-15,-4.146682996974961e-15,-8.522071937022704e-15,-8.260059303211168e-16,0.8888888888888888
6,16,0.2,0.0,5,2.4713564528155986e-15,-4.146682996974961e-15,-8.522071937022704e-15,-8.260059303211168e-16,0.8888888888888888
6,16,0.2,0.0,6,2.4713564528155986e-15,-4.146682996974961e-15,-8.522071937022704e-15,-8.260059303211168e-16,0.8888888888888888
6,16,0.3,0.0,1,3.339550858072471e-15,-1.5357159988127477e-15,3.694822225952521e-15,2.9665159217984178e-15,0.8888888888888888
6,16,0.3,0.0,2,3.339550858072471e-15,-1.5357159988127477e-15,3.694822225952521e-15,2.9665159217984178e-15,0.8888888888888888
6,16,0.3,0.0,3,3.339550858072471e-15,-1.5357159988127477e-15,3.694822225952521e-15,2.9665159217984178e-15,0.8888888888888888
6,16,0.3,0.0,4,3.339550858072471e-15,-1.5357159988127477e-15,3.694822225952521e-15,2.9665159217984178e-15,0.8888888888888888
6,16,0.3,0.0,5,3.339550858072471e-15,-1.5357159988127477e-15,3.694822225952521e-15,2.9665159217984178e-15,0.8888888888888888
6,16,0.3,0.0,6,3.339550858072471e-15,-1.5357159988127477e-15,3.694822225952521e-15,2.9665159217984178e-15,0.8888888888888888
6,16,0.4,0.0,1,7.01882996168024e-15,1.0260958749341851e-14,-4.5217163346933385e-14,2.827071909905499e-14,0.8888888888888888
6,16,0.4,0.0,2,7.01882996168024e-15,1.0260958749341851e-14,-4.5217163346933385e-14,2.827071909905499e-14,0.8888888888888888
6,16,0.4,0.0,3,7.01882996168024e-15,1.0260958749341851e-14,-4.5217163346933385e-14,2.827071909905499e-14,0.8888888888888888
6,16,0.4,0.0,4,7.01882996168024e-15,1.0260958749341851e-14,-4.5217163346933385e-14,2.827071909905499e-14,0.8888888888888888
6,16,0.4,0.0,5,7.01882996168024e-15,1.0260958749341851e-14,-4.5217163346933385e-14,2.827071909905499e-14,0.8888888888888888
6,16,0.4,0.0,6,7.01882996168024e-15,1.0260958749341851e-14,-4.5217163346933385e-14,2.827071909905499e-14,0.8888888888888888
6,18,0.0,0.0,1,-2.049471703458039e-15,8.842926391139374e-16,-5.1958437552457315e-15,-1.776356839400251e-15,1.0
6,18,0.0,0.0,2,-2.049471703458039e-15,8.842926391139374e-16,-5.1958437552457315e-15,-1.776356839400251e-15,1.0
6,18,0.0,0.0,3,-2.049471703458039e-15,8.842926391139374e-16,-5.1958437552457315e-15,-1.776356839400251e-15,1.0
6,18,0.0,0.0,4,-2.049471703458039e-15,8.842926391139374e-16,-5.1958437552457315e-15,-1.776356839400251e-15,1.0
6,18,0.0,0.0,5,-2.049471703458039e-15,8.842926391139374e-16,-5.1958437552457315e-15,-1.776356839400251e-15,1.0
6,18,0.0,0.0,6,-2.049471703458039e-15,8.842926391139374e-16,-5.1958437552457315e-15,-1.776356839400251e-15,1.0
6,18,0.1,0.0,1,-6.772360450213454e-17,-4.5197179332490116e-15,2.19557705349871e-14,7.269740365245524e-15,1.0
6,18,0.1,0.0,2,-6.772360450213454e-17,-4.5197179332490116e-15,2.19557705349871e-14,7.269740365245524e-15,1.0
6,18,0.1,0.0,3,-6.772360450213454e-17,-4.5197179332490116e-15,2.19557705349871e-14,7.269740365245524e-15,1.0
6,18,0.1,0.0,4,-6.772360450213454e-17,-4.5197179332490116e-15,2.19557705349871e-14,7.269740365245524e-15,1.0
6,18,0.1,0.0,5,-6.772360450213454e-17,-4.5197179332490116e-15,2.19557705349871e-14,7.269740365245524e-15,1.0
6,18,0.1,0.0,6,-6.772360450213454e-17,-4.5197179332490116e-15,2.19557705349871e-14,7.269740365245524e-15,1.0
6,18,0.2,0.0,1,-5.159206395433103e-15,-1.128819260287628e-15,-5.855316231873077e-15,-1.0342837697407961e-14,1.0
6,18,0.2,0.0,2,-5.159206395433103e-15,-1.128819260287628e-15,-5.855316231873077e-15,-1.0342837697407961e-14,1.0
6,18,0.2,0.0,3,-5.159206395433103e-15,-1.128819260287628e-15,-5.855316231873077e-15,-1.0342837697407961e-14,1.0
6,18,0.2,0.0,4,-5.159206395433103e-15,-1.128819260287628e-15,-5.855316231873077e-15,-1.0342837697407961e-14,1.0
6,18,0.2,0.0,5,-5.159206395433103e-15,-1.128819260287628e-15,-5.855316231873077e-15,-1.0342837697407961e-14,1.0
6,18,0.2,0.0,6,-5.159206395433103e-15,-1.128819260287628e-15,-5.855316231873077e-15,-1.0342837697407961e-14,1.0
6,18,0.3,0.0,1,6.556977183436175e-15,1.2020939799128885e-15,3.3972824553529796e-15,7.684963776455333e-15,1.0
6,18,0.3,0.0,2,6.556977183436175e-15,1.2020939799128885e-15,3.3972824553529796e-15,7.684963776455333e-15,1.0
6,18,0.3,0.0,3,6.556977183436175e-15,1.2020939799128885e-15,3.3972824553529796e-15,7.684963776455333e-15,1.0
6,18,0.3,0.0,4,6.556977183436175e-15,1.2020939799128885e-15,3.3972824553529796e-15,7.684963776455333e-15,1.0
6,18,0.3,0.0,5,6.556977183436175e-15,1.2020939799128885e-15,3.3972824553529796e-15,7.684963776455333e-15,1.0
6,18,0.3,0.0,6,6.556977183436175e-15,1.2020939799128885e-15,3.3972824553529796e-15,7.684963776455333e-15,1.0
6,18,0.4,0.0,1,-4.616307336391401e-15,3.666233983068423e-15,-1.1963763313360686e-14,-3.0053737276602988e-15,1.0
6,18,0.4,0.0,2,-4.616307336391401e-15,3.666233983068423e-15,-1.1963763313360686e-14,-3.0053737276602988e-15,1.0
6,18,0.4,0.0,3,-4.616307336391401e-15,3.666233983068423e-15,-1.1963763313360686e-14,-3.0053737276602988e-15,1.0
6,18,0.4,0.0,4,-4.616307336391401e-15,3.666233983068423e-15,-1.1963763313360686e-14,-3.0053737276602988e-15,1.0
6,18,0.4,0.0,5,-4.616307336391401e-15,3.666233983068423e-15,-1.1963763313360686e-14,-3.0053737276602988e-15,1.0
6,18,0.4,0.0,6,-4.616307336391401e-15,3.666233983068423e-15,-1.1963763313360686e-14,-3.0053737276602988e-15,1.0
6,4,0.0,2.0,1,-25.408532905110683,-54.366959889263,-0.3295860976230264,0.741214639225579,0.2222222222222222
6,4,0.0,2.0,2,-25.137336629786727,-51.091824798749066,-0.6391897193852831,1.1084028132433468,0.2222222222222222
6,4,0.0,2.0,3,-24.862199524784103,-49.13641790842975,-0.0326223006473471,0.7706428663676512,0.2222222222222222
6,4,0.0,2.0,4,-25.165858759923616,-53.375305674154696,-0.5145977898939919,1.1629311880110536,0.2222222222222222
6,4,0.0,2.0,5,-24.91960158567242,-51.571440954217906,-0.3150590783854614,0.6720198053541421,0.2222222222222222
6,4,0.0,2.0,6,-25.315306435636824,-55.442001671852815,-0.0933554196663156,0.7438308722780353,0.2222222222222222
6,4,0.1,2.0,1,-25.598433251966423,-54.56353188603896,-0.2408574837004415,0.4321288468284804,0.2222222222222222
6,4,0.1,2.0,2,-25.56370864026257,-52.209618467437295,-0.1126582838645325,0.3500948429050388,0.2222222222222222
6,4,0.1,2.0,3,-25.33293274752652,-50.79482265827613,0.0594257346400897,0.2094808831912184,0.2222222222222222
6,4,0.1,2.0,4,-25.31297594155466,-50.077821205312645,-0.1282434931930996,0.5471634563435361,0.2222222222222222
6,4,0.1,2.0,5,-25.582330887041476,-54.03565245838102,-0.4373918510803742,0.0345475476436017,0.2222222222222222
6,4,0.1,2.0,6,-25.758735931321823,-56.01876011026807,-0.1175578524723507,0.0492972951796073,0.2222222222222222
6,4,0.2,2.0,1,-26.202519486340044,-49.72861987616127,-0.2300929298014412,-1.8187232017869277,0.2222222222222222
6,4,0.2,2.0,2,-26.31198726318404,-50.33817115721318,-0.4066604713605092,-1.8660060861628835,0.2222222222222222
6,4,0.2,2.0,3,-26.059281142066517,-46.95339666164953,-0.2561348526789371,-1.9834761904363456,0.2222222222222222
6,4,0.2,2.0,4,-26.16904119451153,-49.75563779778293,-0.3856538234312708,-1.8382880116470048,0.2222222222222222
6,4,0.2,2.0,5,-26.481232276559183,-55.12739780639619,-0.2713784132324208,-2.148528677073704,0.2222222222222222
6,4,0.2,2.0,6,-26.45293253513332,-53.02578359663971,-0.1570416144130275,-2.18140428738219,0.2222222222222222
6,4,0.3,2.0,1,-27.925657799821884,-50.09630336434616,-0.5067609214180447,-6.400011242022492,0.2222222222222222
6,4,0.3,2.0,2,-27.998961848038356,-51.71122553072071,-0.6499743690677395,-6.431308616601195,0.2222222222222222
6,4,0.3,2.0,3,-27.908956454279036,-49.9638860548517,0.1547072383107906,-6.0795437518002045,0.2222222222222222
6,4,0.3,2.0,4,-28.064876558674406,-53.177973954150005,-0.5694396554271258,-5.629946737149731,0.2222222222222222
6,4,0.3,2.0,5,-28.04393709878439,-52.50476481576445,-0.507975685860531,-6.363196241837871,0.2222222222222222
6,4,0.3,2.0,6,-28.199846968264502,-51.78945494683012,0.0378867494643671,-6.538276739883509,0.2222222222222222
6,4,0.4,2.0,1,-31.048303892696858,-55.54491996563715,-0.0513700411156945,-13.161590123688494,0.2222222222222222
6,4,0.4,2.0,2,-31.054133225229315,-55.73085928062496,-0.7385027918063838,-12.77744769688374,0.2222222222222222
6,4,0.4,2.0,3,-30.847633911470876,-54.59936025140512,-0.7528164132542925,-13.150754505893838,0.2222222222222222
6,4,0.4,2.0,4,-30.771646328676677,-55.31126417644352,-0.7548281772864487,-12.41065748578597,0.2222222222222222
6,4,0.4,2.0,5,-30.92755923179235,-56.799532929748864,-0.2376218951260148,-13.70831274189634,0.2222222222222222
6,4,0.4,2.0,6,-30.992450062855266,-54.619257927711786,0.0221030973228775,-13.4462665223236,0.2222222222222222
6,6,0.0,2.0,1,-16.4278014463629,-14.993828354963966,-0.0137046085441809,-0.3143909968630948,0.3333333333333333
6,6,0.0,2.0,2,-16.432295528404012,-14.9986178559244,-0.4350788640972475,-0.313609864024776,0.3333333333333333
6,6,0.0,2.0,3,-16.48230440074989,-14.844868975706737,0.138944688761933,0.1143527666291814,0.3333333333333333
6,6,0.0,2.0,4,-16.361435383279876,-14.722204396345486,-0.2123225907290286,-0.4961346901316828,0.3333333333333333
6,6,0.0,2.0,5,-16.480559223456037,-15.246344249758543,-0.1719507486902937,-0.7157114706999546,0.3333333333333333
6,6,0.0,2.0,6,-16.422227486057608,-14.647318002606118,0.0493482095498023,-0.0638629275928921,0.3333333333333333
6,6,0.1,2.0,1,-16.749641323966962,-15.601923861386178,0.1397442353597,2.288016586166853,0.3333333333333333
6,6,0.1,2.0,2,-16.773472116141726,-15.969294271928495,-0.3830310156276623,0.6021418342738876,0.3333333333333333
6,6,0.1,2.0,3,-16.769176276994322,-15.778975068046211,-0.0656829212579952,1.7695219457381852,0.3333333333333333
6,6,0.1,2.0,4,-16.61437282379938,-15.45675944972822,-0.0308500816662717,1.5634566681574702,0.3333333333333333
6,6,0.1,2.0,5,-16.789451457326802,-15.511148631938909,-0.4127701585542131,2.762214954272564,0.3333333333333333
6,6,0.1,2.0,6,-16.820199106384962,-16.030379747231187,-0.1984073799127719,1.033837721955606,0.3333333333333333
6,6,0.2,2.0,1,-17.50281400605755,-16.139699558532904,-0.3595582496874463,-1.2512952666220856,0.3333333333333333
6,6,0.2,2.0,2,-17.45862484635,-15.70897066151208,-0.22411556134954,-1.4375941740540288,0.3333333333333333
6,6,0.2,2.0,3,-17.41875902522843,-15.948009277335188,-0.1070461934214319,-2.271559113035999,0.3333333333333333
6,6,0.2,2.0,4,-17.33715541246835,-15.862519686215036,-0.1136254160496145,-0.8910101376733787,0.3333333333333333
6,6,0.2,2.0,5,-17.37143545591065,-15.532819489107592,0.0663897009921209,-1.2452084530561562,0.3333333333333333
6,6,0.2,2.0,6,-17.63474688702642,-16.60798464738408,0.1503421146205489,-0.516267886410231,0.3333333333333333
6,6,0.3,2.0,1,-18.83379116270217,-17.494267497657024,0.0671919997876181,-4.160975752284438,0.3333333333333333
6,6,0.3,2.0,2,-18.94487603954557,-17.967019942354348,-0.5513600410388827,-2.9913474426632822,0.3333333333333333
6,6,0.3,2.0,3,-18.872954867985197,-17.55287238861238,-0.074052844547132,-3.298792760321293,0.3333333333333333
6,6,0.3,2.0,4,-18.846341091789924,-17.7144227962408,-0.2423019339127637,-3.5561651707687516,0.3333333333333333
6,6,0.3,2.0,5,-18.908242712298183,-17.63001589107032,0.0774180104613899,-3.2700894602037267,0.3333333333333333
6,6,0.3,2.0,6,-18.90297346441501,-17.758366503484982,0.0055708431354884,-4.072253619202582,0.3333333333333333
6,6,0.4,2.0,1,-21.064890450029136,-20.48608871450358,-0.1021697769005867,-6.603936456150723,0.3333333333333333
6,6,0.4,2.0,2,-21.14260612695615,-21.347894766059316,-0.4857591199495318,-6.536850175388639,0.3333333333333333
6,6,0.4,2.0,3,-21.109121540130225,-21.045703940938857,0.2223489766919594,-6.438721692563378,0.3333333333333333
6,6,0.4,2.0,4,-21.02355818177869,-20.847822577217233,-0.0309949583517616,-6.8628527651487685,0.3333333333333333
6,6,0.4,2.0,5,-21.16624469708561,-20.824952173353385,-0.2671643217103135,-7.02507379663472,0.3333333333333333
6,6,0.4,2.0,6,-21.1530429201262,-20.861685663599584,0.1710611568228203,-7.702457315087605,0.3333333333333333
6,8,0.0,2.0,1,-12.112940526096462,-11.71110353834752,0.1039044722190573,0.9846231395914302,0.4444444444444444
6,8,0.0,2.0,2,-11.99757762883242,-10.710554805669478,-0.0194386232192443,0.9112033442200804,0.4444444444444444
6,8,0.0,2.0,3,-12.023396953360356,-10.708146114160016,-0.0512144818974543,1.3885527771758364,0.4444444444444444
6,8,0.0,2.0,4,-12.027789771450664,-11.34018622861374,0.1557045092030318,1.5690402804402308,0.4444444444444444
6,8,0.0,2.0,5,-12.1683591904537,-11.62696482661129,0.1916163844385157,1.545550462144328,0.4444444444444444
6,8,0.0,2.0,6,-12.04699313887344,-10.837399019583923,0.740380688144639,0.8470242369214089,0.4444444444444444
6,8,0.1,2.0,1,-12.27382861376727,-11.15802815810738,0.5720170724917873,2.304115278391232,0.4444444444444444
6,8,0.1,2.0,2,-12.291180157711748,-11.62693661790927,0.014028316128276,2.9771840816906256,0.4444444444444444
6,8,0.1,2.0,3,-12.276395434145574,-11.624753970281017,0.3428541093237621,4.444586663273999,0.4444444444444444
6,8,0.1,2.0,4,-12.289668185452747,-11.634493208102992,-0.339154810952587,3.081717400859781,0.4444444444444444
6,8,0.1,2.0,5,-12.252084899704682,-11.043494897987276,-0.0284949922685577,3.5253261708566948,0.4444444444444444
6,8,0.1,2.0,6,-12.227885304161584,-11.337040021829058,0.1065596384164486,1.713863118631743,0.4444444444444444
6,8,0.2,2.0,1,-12.636939997490632,-10.749139282980982,0.6144868588574058,0.0989297846708282,0.4444444444444444
6,8,0.2,2.0,2,-12.739594140501111,-10.935639235688342,0.4357910297594412,0.0990432080166317,0.4444444444444444
6,8,0.2,2.0,3,-12.58845044282487,-10.61519478860961,0.3199255714499983,0.1726801750610627,0.4444444444444444
6,8,0.2,2.0,4,-12.629092887100182,-10.66884910017488,-0.0073276699990189,0.8069900345638649,0.4444444444444444
6,8,0.2,2.0,5,-12.67094503825957,-10.143159126576354,-0.4238127503462877,0.9813971468767227,0.4444444444444444
6,8,0.2,2.0,6,-12.739463474494151,-11.048243894486152,0.1411399493885088,0.4430281146075773,0.4444444444444444
6,8,0.3,2.0,1,-13.504573234034762,-10.88865704927311,0.0569164205954372,-1.2603094223211897,0.4444444444444444
6,8,0.3,2.0,2,-13.450314053147729,-10.642015501678046,0.0189792914008045,-1.8568817164460785,0.4444444444444444
6,8,0.3,2.0,3,-13.504530446840027,-10.863163927918432,0.5965008658636344,-2.2515517213795393,0.4444444444444444
6,8,0.3,2.0,4,-13.434338900883272,-10.665024097656636,0.2341737208671981,-1.7267777941176383,0.4444444444444444
6,8,0.3,2.0,5,-13.514085130624188,-10.653777716410843,0.190487216796609,-1.3029404074733706,0.4444444444444444
6,8,0.3,2.0,6,-13.486385251651134,-10.6048272638071,0.5520267575718926,-1.1275933246587275,0.4444444444444444
6,8,0.4,2.0,1,-14.826845043286388,-11.2616667621302,0.2499842583980761,-3.177395092977922,0.4444444444444444
6,8,0.4,2.0,2,-14.844855715065544,-11.26738123322827,-0.216862741284591,-2.3647141365997495,0.4444444444444444
6,8,0.4,2.0,3,-14.733587933094253,-10.661073235004176,0.6671947381478232,-3.629747675021516,0.4444444444444444
6,8,0.4,2.0,4,-14.726261819106591,-10.631731832803656,-0.1692885493619499,-3.7068793726979847,0.4444444444444444
6,8,0.4,2.0,5,-14.788634427888226,-10.602283510908851,0.2345036368721403,-4.601792919098129,0.4444444444444444
6,8,0.4,2.0,6,-14.940060568580831,-11.212415885212687,0.1483267451085745,-2.6269390943515964,0.4444444444444444
6,10,0.0,2.0,1,-8.588308493337014,-5.612326790222587,1.65094845533864,0.2944320683507232,0.5555555555555556
6,10,0.0,2.0,2,-8.606772836092754,-5.736223085885362,2.012217472317862,0.2697353765085102,0.5555555555555556
6,10,0.0,2.0,3,-8.538552545547295,-5.57257103614474,1.5941082029918086,0.3766806261767415,0.5555555555555556
6,10,0.0,2.0,4,-8.564540282039077,-5.617460667729918,0.4982012958212635,0.5293529956113284,0.5555555555555556
6,10,0.0,2.0,5,-8.580117714966521,-5.692500327047677,1.9380604198118,0.1956560460584405,0.5555555555555556
6,10,0.0,2.0,6,-8.5900411606134,-5.621557099320549,1.878142436776535,0.2768224596611828,0.5555555555555556
6,10,0.1,2.0,1,-8.652728719786978,-5.364219808289723,0.4787177057012795,-0.0005573129112629,0.5555555555555556
6,10,0.1,2.0,2,-8.588958498589168,-5.36043099301822,-0.3753725202070804,0.1226080430700455,0.5555555555555556
6,10,0.1,2.0,3,-8.571839289466922,-5.169143874855318,0.081074980260654,-0.0105022959724165,0.5555555555555556
6,10,0.1,2.0,4,-8.558010194002678,-5.228389964388974,-0.1950832308423852,0.0628120937776164,0.5555555555555556
6,10,0.1,2.0,5,-8.669504170877081,-5.361899928444826,-0.1383621155408831,-0.0436565069163819,0.5555555555555556
6,10,0.1,2.0,6,-8.597365503166136,-5.270834231128684,0.6295674171342365,-0.0553321682507039,0.5555555555555556
6,10,0.2,2.0,1,-8.90956759038771,-4.641563229135992,2.165870099600157,-0.8468512223635862,0.5555555555555556
6,10,0.2,2.0,2,-8.882413670986015,-4.619993527144958,2.725549126513368,-0.7119301708904648,0.5555555555555556
6,10,0.2,2.0,3,-8.860179673528672,-4.628739680924476,2.346945505780719,-1.1178939296720798,0.5555555555555556
6,10,0.2,2.0,4,-8.814766325646215,-4.491178850106779,2.8688479380625713,-1.0976580638441678,0.5555555555555556
6,10,0.2,2.0,5,-8.922388490113937,-4.704528475957751,3.189809821122121,-0.9640367773879286,0.5555555555555556
6,10,0.2,2.0,6,-8.881457461198382,-4.736711473762751,4.988692468998977,-0.7546473161365773,0.5555555555555556
6,10,0.3,2.0,1,-9.343201645322582,-3.9024440793325494,5.018666659358658,-2.922204643640989,0.5555555555555556
6,10,0.3,2.0,2,-9.402380683461306,-3.9088842068204057,3.911435210905322,-2.725200238635016,0.5555555555555556
6,10,0.3,2.0,3,-9.400649973448704,-4.000413646250909,4.857937674807937,-2.8975288260233363,0.5555555555555556
6,10,0.3,2.0,4,-9.354577313138364,-3.8441265658691535,4.7354675828113635,-2.811664167581232,0.5555555555555556
6,10,0.3,2.0,5,-9.444893814349705,-3.8291473858467313,4.866766548234775,-3.3612878458919075,0.5555555555555556
6,10,0.3,2.0,6,-9.412588688489858,-3.896786747870349,4.671295333250342,-2.862050659497843,0.5555555555555556
6,10,0.4,2.0,1,-10.17482213400658,-3.100759362306224,0.0242823746406328,-6.253432059211535,0.5555555555555556
6,10,0.4,2.0,2,-10.248384491755802,-3.1406098329454215,-0.2234700267766525,-6.501150260973171,0.5555555555555556
6,10,0.4,2.0,3,-10.155823570680584,-3.14977090842588,-0.0454336623807192,-6.581766997122484,0.5555555555555556
6,10,0.4,2.0,4,-10.125251608295414,-3.107689029038543,-0.2038682822669624,-6.920546347383447,0.5555555555555556
6,10,0.4,2.0,5,-10.285008631160249,-3.190170302574388,-0.0681137614684732,-7.186837241976723,0.5555555555555556
6,10,0.4,2.0,6,-10.18088243577071,-3.085136669283912,0.4143313287022483,-7.297880445497711,0.5555555555555556
6,12,0.0,2.0,1,-5.602088634929691,-1.2310531765869352,0.9387365466623592,0.2282107249534109,0.6666666666666666
6,12,0.0,2.0,2,-5.675717578317739,-1.5084669190961812,0.7952314329518961,0.169532034989262,0.6666666666666666
6,12,0.0,2.0,3,-5.641768662432101,-1.27875598635733,0.9806726233205232,0.1072866253273307,0.6666666666666666
6,12,0.0,2.0,4,-5.600283821223476,-1.2818967424927814,0.9859974217619882,0.1254317100321733,0.6666666666666666
6,12,0.0,2.0,5,-5.624938804207423,-1.2359837921966643,0.6547096811697422,0.0694300678701888,0.6666666666666666
6,12,0.0,2.0,6,-5.66976837252264,-1.341482658815576,0.91252655158168,0.0515579495626979,0.6666666666666666
6,12,0.1,2.0,1,-5.759355469830626,-1.2559094268400308,1.8054279520879248,-0.2381245201394308,0.6666666666666666
6,12,0.1,2.0,2,-5.702913656245887,-1.1897482235877868,1.463406469434433,-0.1150876659981736,0.6666666666666666
6,12,0.1,2.0,3,-5.740072329448624,-1.248407759325709,0.9632477709049768,-0.1555212135751305,0.6666666666666666
6,12,0.1,2.0,4,-5.70371606503541,-1.1913158591353716,1.2069168454792762,-0.2181675487602921,0.6666666666666666
6,12,0.1,2.0,5,-5.7101014224301565,-1.2219149099134814,1.263890406798,-0.3175858010068753,0.6666666666666666
6,12,0.1,2.0,6,-5.769661371581168,-1.343614428470808,1.442013669772317,-0.2099980090336538,0.6666666666666666
6,12,0.2,2.0,1,-5.9787118912719,-1.065275247976312,4.271269847075642,-1.2459820305674918,0.6666666666666666
6,12,0.2,2.0,2,-5.992226642018773,-1.0461188381505813,2.842797528948101,-1.126024323665176,0.6666666666666666
6,12,0.2,2.0,3,-5.992826026690607,-1.115676769905614,3.6737981449770274,-1.1698761381802982,0.6666666666666666
6,12,0.2,2.0,4,-5.95989891470839,-1.0418158313134849,3.6160170989083937,-1.0800110045549105,0.6666666666666666
6,12,0.2,2.0,5,-6.042535875583115,-1.104439646148815,3.783076329221764,-1.3069736395726197,0.6666666666666666
6,12,0.2,2.0,6,-5.998498899292696,-1.0193271947178864,4.290192887023279,-1.2362906457680878,0.6666666666666666
6,12,0.3,2.0,1,-6.419578697809461,-0.8007343994005021,0.6867889709866652,-3.32203405331592,0.6666666666666666
6,12,0.3,2.0,2,-6.44318696212143,-0.7799433174609777,0.8035195577043904,-3.3594470293684053,0.6666666666666666
6,12,0.3,2.0,3,-6.422671676834469,-0.779090348162095,0.6908922521766181,-3.466651281544876,0.6666666666666666
6,12,0.3,2.0,4,-6.41750861363459,-0.7922762153116815,0.4068375339328495,-3.1292183906715723,0.6666666666666666
6,12,0.3,2.0,5,-6.484568600709222,-0.8210831766321711,0.2713784975169761,-3.587508125054397,0.6666666666666666
6,12,0.3,2.0,6,-6.462696600272542,-0.8111968908390261,0.6683246743571961,-3.3275110679028344,0.6666666666666666
6,12,0.4,2.0,1,-7.243479573101183,-0.3947031415608686,1.923241514827772,-6.898556948842179,0.6666666666666666
6,12,0.4,2.0,2,-7.31920852785238,-0.4207908599799855,0.9680477431190824,-6.195251982400054,0.6666666666666666
6,12,0.4,2.0,3,-7.267266172018483,-0.4805601597936019,2.8746451543624416,-6.647418075177134,0.6666666666666666
6,12,0.4,2.0,4,-7.257334647635593,-0.4967083085764126,2.9895080020411795,-7.177967136390381,0.6666666666666666
6,12,0.4,2.0,5,-7.368097972300411,-0.4525956595663773,1.664874213442742,-6.710518687155624,0.6666666666666666
6,12,0.4,2.0,6,-7.359722405479204,-0.4056303797473441,2.199894036057495,-7.285055138658484,0.6666666666666666
6,14,0.0,2.0,1,-3.479862751403016,0.6684806662177276,0.2296066646621495,-0.0646475817185757,0.7777777777777778
6,14,0.0,2.0,2,-3.4714212601031216,0.670885040354534,0.3198612109567951,-0.0278965184281431,0.7777777777777778
6,14,0.0,2.0,3,-3.488920027062337,0.6748033292073901,0.2563350154924545,-0.0514851888519026,0.7777777777777778
6,14,0.0,2.0,4,-3.5090304546606546,0.6786066546859804,0.1711239722420338,-0.0345417598056516,0.7777777777777778
6,14,0.0,2.0,5,-3.49557378009447,0.6768650799334852,0.2569877955928963,-0.1166626325824017,0.7777777777777778
6,14,0.0,2.0,6,-3.4980036966324826,0.6844176864503124,0.2617009642102814,-0.0702741367363018,0.7777777777777778
6,14,0.1,2.0,1,-3.5677439722255686,0.6715748309780889,0.2796637014548143,-0.4344550274688729,0.7777777777777778
6,14,0.1,2.0,2,-3.588948468694756,0.678433984977161,0.2949102818865554,-0.3422582177848281,0.7777777777777778
6,14,0.1,2.0,3,-3.5555564653011955,0.6784463511076014,0.2831598357045313,-0.3825266858562724,0.7777777777777778
6,14,0.1,2.0,4,-3.550648061128811,0.6891183342296916,0.1928862078442677,-0.3392154852170447,0.7777777777777778
6,14,0.1,2.0,5,-3.60384511691013,0.6780082741321788,0.2688055732785416,-0.4081911292990271,0.7777777777777778
6,14,0.1,2.0,6,-3.5747092754010255,0.6914905309322081,0.398733844150847,-0.3670037186957677,0.7777777777777778
6,14,0.2,2.0,1,-3.879446877252628,0.7018758190480249,0.2779429966224079,-1.2599785698631998,0.7777777777777778
6,14,0.2,2.0,2,-3.8776272726992542,0.7161944752707358,0.199914461578832,-1.1516332696883669,0.7777777777777778
6,14,0.2,2.0,3,-3.855016368599607,0.7059258478457698,0.2763614281479908,-1.1810211546675935,0.7777777777777778
6,14,0.2,2.0,4,-3.86682469389205,0.7058119486971706,0.1827593987854135,-1.2560722740966284,0.7777777777777778
6,14,0.2,2.0,5,-3.875234575671508,0.7119048918343445,0.2352736737000765,-1.2413986259804186,0.7777777777777778
6,14,0.2,2.0,6,-3.872715718224528,0.7222200339337841,0.3070187378194594,-1.21638852811289,0.7777777777777778
6,14,0.3,2.0,1,-4.41337009651385,0.7787379865176258,1.384439129251622,-2.795465641777027,0.7777777777777778
6,14,0.3,2.0,2,-4.394952820599594,0.7781667033102313,1.418529661526026,-2.8048848129444055,0.7777777777777778
6,14,0.3,2.0,3,-4.418043826065,0.7862833208452045,1.5452016679127227,-2.4130835979337695,0.7777777777777778
6,14,0.3,2.0,4,-4.434855543574292,0.7757736815047864,1.0096090736580765,-2.854895665382459,0.7777777777777778
6,14,0.3,2.0,5,-4.415819879321727,0.784924577396059,1.292653469794288,-2.970989375814956,0.7777777777777778
6,14,0.3,2.0,6,-4.450751284439576,0.7921975364845184,1.8292225861486968,-2.570835418776755,0.7777777777777778
6,14,0.4,2.0,1,-4.940383146374879,0.9174298258590384,1.3378912383631512,-2.828354671174795,0.7777777777777778
6,14,0.4,2.0,2,-4.9988811874091805,0.9311030078865504,1.488747215742853,-3.3051307494344115,0.7777777777777778
6,14,0.4,2.0,3,-5.026507508571558,0.9306145322379245,1.0173369429224612,-3.056990257589426,0.7777777777777778
6,14,0.4,2.0,4,-4.985274694767003,0.9305056410358924,1.0069963975933665,-2.7746053973134615,0.7777777777777778
6,14,0.4,2.0,5,-4.973288125461895,0.9381039713104624,0.8876366076389584,-3.46440910605761,0.7777777777777778
6,14,0.4,2.0,6,-5.038943011829067,0.9392998818463104,1.4718080357723693,-2.8378102433647174,0.7777777777777778
6,16,0.0,2.0,1,-2.536407685381329,0.660971468733651,0.6621768512438354,0.4162281788548706,0.8888888888888888
6,16,0.0,2.0,2,-2.542601757075206,0.6676362363749951,0.6700236399220056,0.5342817003961058,0.8888888888888888
6,16,0.0,2.0,3,-2.5305097651968564,0.6708786238825615,0.6382810795221177,0.7099776658879188,0.8888888888888888
6,16,0.0,2.0,4,-2.5243549492792785,0.6679551977311456,0.6109512095648094,0.4999204891328629,0.8888888888888888
6,16,0.0,2.0,5,-2.550064114456984,0.6632405105876276,0.4357635997169483,0.4464017096847946,0.8888888888888888
6,16,0.0,2.0,6,-2.541247008848051,0.6782935056298126,0.6006504526720519,0.493949070441708,0.8888888888888888
6,16,0.1,2.0,1,-2.502385525833529,0.6552193787500159,0.4228366434761529,-1.9828914719845536,0.8888888888888888
6,16,0.1,2.0,2,-2.4959897302646303,0.6586557192119428,0.3403342010928466,-2.506213348828827,0.8888888888888888
6,16,0.1,2.0,3,-2.4985687000216297,0.6609232765898212,0.3643355437779457,-2.152712713306567,0.8888888888888888
6,16,0.1,2.0,4,-2.5180951611359155,0.6620426490062516,0.4501988271973801,-2.145173770693084,0.8888888888888888
6,16,0.1,2.0,5,-2.5098852741581767,0.6665225005257659,0.3863697997068682,-2.1326035122707134,0.8888888888888888
6,16,0.1,2.0,6,-2.494732516823407,0.6634655996360476,0.44499093993812,-2.59065381242562,0.8888888888888888
6,16,0.2,2.0,1,-2.72012688644075,0.6673824268821514,0.4213431513461724,-2.5885653695454427,0.8888888888888888
6,16,0.2,2.0,2,-2.7920183054655454,0.6792643129253367,0.3521863451323055,-2.2288222360008354,0.8888888888888888
6,16,0.2,2.0,3,-2.7103848813110973,0.6827463755080236,0.3657853135605018,-2.7609523708459074,0.8888888888888888
6,16,0.2,2.0,4,-2.741135096172854,0.6822123725495969,0.3680712716179881,-2.049036317984534,0.8888888888888888
6,16,0.2,2.0,5,-2.702553649573846,0.6732533237598142,0.3049998026020741,-2.940580605243866,0.8888888888888888
6,16,0.2,2.0,6,-2.705245623274961,0.6883821503879199,0.343211400783786,-2.264982864564733,0.8888888888888888
6,16,0.3,2.0,1,-3.135008433419399,0.7262497052687371,1.2972370264960922,-1.108459750623389,0.8888888888888888
6,16,0.3,2.0,2,-3.149500233652953,0.7269549746222415,1.424743132563259,-0.7600711159735083,0.8888888888888888
6,16,0.3,2.0,3,-3.129271940919314,0.7319839296833177,1.5274162056891074,-1.0659218272024662,0.8888888888888888
6,16,0.3,2.0,4,-3.114302669577059,0.7447521819894516,1.4234960379567876,-0.7961703347179314,0.8888888888888888
6,16,0.3,2.0,5,-3.127958924350778,0.722804095802743,1.8165875612563696,-1.1892269130296818,0.8888888888888888
6,16,0.3,2.0,6,-3.067953146024486,0.7561195665454069,3.1514654661846997,-1.102742928239862,0.8888888888888888
6,16,0.4,2.0,1,-3.0466286375247913,0.7655101152092495,1.0564074283933524,-3.836128987705441,0.8888888888888888
6,16,0.4,2.0,2,-3.0847861696404317,0.7636119592752602,0.8898151152506205,-3.963189803301158,0.8888888888888888
6,16,0.4,2.0,3,-3.030077924882098,0.7578462859965474,0.8083904890709448,-4.002149840645169,0.8888888888888888
6,16,0.4,2.0,4,-3.0751306272149894,0.7591507618848837,1.1106943880390143,-3.645065675138712,0.8888888888888888
6,16,0.4,2.0,5,-3.0570150234865037,0.7649428717677186,0.9879284068289748,-3.9690120835357887,0.8888888888888888
6,16,0.4,2.0,6,-3.0548933091117534,0.7613334862969483,0.2714773175999191,-4.153637862982752,0.8888888888888888
6,18,0.0,2.0,1,-2.0263482383973495,0.7245861106144306,0.3510773419536644,1.9072045351557627,1.0
6,18,0.0,2.0,2,-2.0115540880715344,0.7254780144409426,0.3907685768181297,1.8037799585436671,1.0
6,18,0.0,2.0,3,-1.9979011302226877,0.7262899070126794,0.6319641729646858,2.059583766729689,1.0
6,18,0.0,2.0,4,-2.001585268868284,0.7285043693271069,0.5908186002417727,1.770407682660191,1.0
6,18,0.0,2.0,5,-2.0061180845092355,0.7230203717268896,0.565840493581022,1.6769277154445454,1.0
6,18,0.0,2.0,6,-2.0001814664262896,0.7377346993456394,0.7042847245661051,2.187196212292113,1.0
6,18,0.1,2.0,1,-1.8685535874751076,0.6813733543459637,0.133888731625722,1.165470645875849,1.0
6,18,0.1,2.0,2,-1.8632734180622184,0.6875102114688492,0.0472186834300945,1.2187899530146804,1.0
6,18,0.1,2.0,3,-1.8720443004199856,0.6843284730818537,0.0912719953912784,1.092015298814238,1.0
6,18,0.1,2.0,4,-1.88240243996603,0.6821701788114704,0.0939705718757953,1.187037632743158,1.0
6,18,0.1,2.0,5,-1.8803371480606323,0.6855345823838362,0.0486915026407309,1.1200674539768092,1.0
6,18,0.1,2.0,6,-1.870768670496826,0.6942818643600608,0.1541745960853331,1.1902889658607356,1.0
6,18,0.2,2.0,1,-1.8126287516274056,0.6581779165902281,0.1259517787867645,0.3296332562475544,1.0
6,18,0.2,2.0,2,-1.8342216561510547,0.6587517227566735,0.1284298088286784,0.4504770630359934,1.0
6,18,0.2,2.0,3,-1.8132663422778472,0.6616389946510652,0.1145970912622169,0.4025568288590214,1.0
6,18,0.2,2.0,4,-1.824450795212313,0.6577785344402318,0.1103009283587021,0.262488313459898,1.0
6,18,0.2,2.0,5,-1.8327131366717304,0.6583068173246506,0.0983161319510125,0.5220037329559571,1.0
6,18,0.2,2.0,6,-1.8092741841727351,0.6670553315322809,0.1262494351184985,0.5992868670565249,1.0
6,18,0.3,2.0,1,-1.8436588724737264,0.6292642972916728,0.3693017441855152,-0.4501713209171292,1.0
6,18,0.3,2.0,2,-1.8404750503857383,0.644471409308896,0.2476296165311333,-0.2448912793343565,1.0
6,18,0.3,2.0,3,-1.8418723832908008,0.6461870203912209,0.1569488368589157,-0.3505830173012885,1.0
6,18,0.3,2.0,4,-1.8141720340971972,0.6267102930706111,0.5944024796793876,-0.3219439492769066,1.0
6,18,0.3,2.0,5,-1.8357523085034808,0.6415047493766476,0.2125685174943393,-0.2987999646249203,1.0
6,18,0.3,2.0,6,-1.8201296050295543,0.6489288772339152,0.2187919903308415,-0.2630675474157794,1.0
6,18,0.4,2.0,1,-1.645952183113127,0.6125668574989762,0.035477448632259,0.7350638525173798,1.0
6,18,0.4,2.0,2,-1.6459325696658642,0.619078836141463,0.086754325975602,0.7421974521130007,1.0
6,18,0.4,2.0,3,-1.6483404113643003,0.6150911025243015,0.0606794957103002,0.7599496336585034,1.0
6,18,0.4,2.0,4,-1.639715175556328,0.6167703191487118,0.0513298927820288,0.7285269116053099,1.0
6,18,0.4,2.0,5,-1.6500994269237914,0.612787136974005,0.0762136316551516,0.7181818880146519,1.0
6,18,0.4,2.0,6,-1.6531454835198771,0.6215749822325651,0.0182100173522902,0.7427160652889839,1.0
6,4,0.0,4.0,1,-29.1022096012314,-43.52917368736721,-1.724637061708787,1.2456454694648984,0.2222222222222222
6,4,0.0,4.0,2,-29.20676694177156,-45.62948332558655,-2.2046713400616413,2.1868982635884557,0.2222222222222222
6,4,0.0,4.0,3,-28.965658235422115,-40.51359229232207,-0.9632563576832852,1.6716592993303645,0.2222222222222222
6,4,0.0,4.0,4,-28.952669047730893,-42.93255459852784,-1.74948825477725,2.1582145332760434,0.2222222222222222
6,4,0.0,4.0,5,-28.778221882330666,-40.12629111039183,-1.609619297576939,1.4705961776373635,0.2222222222222222
6,4,0.0,4.0,6,-29.18356154764873,-44.89411798274919,-1.0235848799304126,1.5952393455897431,0.2222222222222222
6,4,0.1,4.0,1,-29.35482244831528,-43.47273207359372,-1.589311561720807,0.3351567611043155,0.2222222222222222
6,4,0.1,4.0,2,-29.509132376948948,-45.160364079981505,-0.953169688719598,0.7894348357185144,0.2222222222222222
6,4,0.1,4.0,3,-29.164512163382643,-41.77884287242256,-0.0470592597195451,0.5594113317792713,0.2222222222222222
6,4,0.1,4.0,4,-29.201699351300825,-43.74339600301779,-0.9060835770464144,1.0003317688483286,0.2222222222222222
6,4,0.1,4.0,5,-29.30477040937418,-43.77708161460062,-1.1780148426144936,0.6172723391863773,0.2222222222222222
6,4,0.1,4.0,6,-29.388109803927307,-43.520879909430505,-1.2090269838181325,0.9139202287869675,0.2222222222222222
6,4,0.2,4.0,1,-30.268043829434696,-42.47534052551367,-1.2062399690538708,-1.7383715922175629,0.2222222222222222
6,4,0.2,4.0,2,-30.35177947521306,-42.680154495467114,-0.8871462359390371,-2.1569982674184054,0.2222222222222222
6,4,0.2,4.0,3,-30.35316308914645,-43.54447562465971,-1.6040583786667206,-2.867538415252942,0.2222222222222222
6,4,0.2,4.0,4,-30.41639612917295,-42.46487720526723,-1.3300001124401226,-2.489305645878902,0.2222222222222222
6,4,0.2,4.0,5,-30.247295387853228,-43.59477317408478,-0.8221648284893941,-2.5745449173633963,0.2222222222222222
6,4,0.2,4.0,6,-30.57348434389521,-46.57175550042996,-1.989660156732297,-2.9157693922123116,0.2222222222222222
6,4,0.3,4.0,1,-32.21352059609258,-44.08272487699359,-1.8547306180794183,-7.171972008689968,0.2222222222222222
6,4,0.3,4.0,2,-32.38202206444318,-42.63897539331897,-2.490790346908148,-8.077398450158373,0.2222222222222222
6,4,0.3,4.0,3,-31.837696900367064,-41.78582846238968,-1.9808787060102713,-8.113096400975795,0.2222222222222222
6,4,0.3,4.0,4,-32.00812632388474,-45.88787240023151,-2.4028627458085055,-6.940005801346757,0.2222222222222222
6,4,0.3,4.0,5,-32.15310527644725,-42.71715389904845,-1.6575977533840196,-8.720248693349507,0.2222222222222222
6,4,0.3,4.0,6,-32.15890922898315,-43.46931312740175,-1.7707154641119225,-8.495442907284035,0.2222222222222222
6,4,0.4,4.0,1,-34.90212362671126,-45.56545532635664,-1.5160332683937667,-16.14122490362401,0.2222222222222222
6,4,0.4,4.0,2,-35.17085741198842,-46.02424341017979,-2.903683659261131,-16.568968405686796,0.2222222222222222
6,4,0.4,4.0,3,-34.46701275710848,-43.90470979748703,-0.9025224417280124,-16.761183067276498,0.2222222222222222
6,4,0.4,4.0,4,-34.76759564225149,-44.71454896692634,-2.1906620979891236,-16.783903946938736,0.2222222222222222
6,4,0.4,4.0,5,-34.709506374332236,-44.802599846770406,-2.263808164992276,-17.757804754050138,0.2222222222222222
6,4,0.4,4.0,6,-35.08112165010216,-41.83715416406623,-1.6831777258109797,-18.431184867851577,0.2222222222222222
6,6,0.0,4.0,1,-17.611941127463215,-14.055420522439032,-1.7455388645094303,-0.076681782008663,0.3333333333333333
6,6,0.0,4.0,2,-17.602218081799855,-13.832776461438456,-1.890897471771538,0.2996796081274683,0.3333333333333333
6,6,0.0,4.0,3,-17.504140267475428,-13.790863894857832,-1.9170816135190003,0.0996430998047426,0.3333333333333333
6,6,0.0,4.0,4,-17.444925195096097,-13.86517272663649,-0.8225856653135631,0.1770662212127794,0.3333333333333333
6,6,0.0,4.0,5,-17.545635009932184,-13.69339868350529,-1.9733689297589945,-0.5593764425748542,0.3333333333333333
6,6,0.0,4.0,6,-17.63161890548472,-13.916612101466669,-0.4197865168515239,0.988158108299478,0.3333333333333333
6,6,0.1,4.0,1,-17.806710335903727,-14.431443025257153,-0.6280430249400281,1.0658527158683302,0.3333333333333333
6,6,0.1,4.0,2,-17.84335403311955,-14.187442850790314,-2.16135234261433,0.4272299012567048,0.3333333333333333
6,6,0.1,4.0,3,-17.82037385238899,-13.93668863957646,-1.8827534554452825,0.3157187879625941,0.3333333333333333
6,6,0.1,4.0,4,-17.60294407336293,-14.067713500533102,-2.48054032571516,1.18353782303155,0.3333333333333333
6,6,0.1,4.0,5,-17.801447978988,-13.237785539566028,-0.8770501297716782,0.9808818319272804,0.3333333333333333
6,6,0.1,4.0,6,-17.844749797868953,-14.206396887549824,-1.820694309211381,-0.2850433274254059,0.3333333333333333
6,6,0.2,4.0,1,-18.545524421166203,-14.712926013747165,-1.4480889314878476,-0.2987546402373336,0.3333333333333333
6,6,0.2,4.0,2,-18.587697505430647,-14.750737223056069,-1.36815956780401,-1.0440856467413966,0.3333333333333333
6,6,0.2,4.0,3,-18.365601203268625,-14.605950296227237,-0.5999931091588154,-0.6973184319322077,0.3333333333333333
6,6,0.2,4.0,4,-18.389607632254403,-14.4865480680776,-0.9429384115753424,-1.4115278369363815,0.3333333333333333
6,6,0.2,4.0,5,-18.362799018371245,-14.475133864470983,-0.8426428526002747,-2.3883318690399022,0.3333333333333333
6,6,0.2,4.0,6,-18.495632134023072,-14.575615558551466,-1.9616645243553632,-1.4118150769501792,0.3333333333333333
6,6,0.3,4.0,1,-19.580365570691143,-16.00206011015871,-2.2656000191135113,-4.1625939832558965,0.3333333333333333
6,6,0.3,4.0,2,-19.767559202121713,-16.71352654927803,-1.9749616466347704,-4.67221652188577,0.3333333333333333
6,6,0.3,4.0,3,-19.659522673123675,-15.872568594119109,-2.3241352279197693,-4.079054186165815,0.3333333333333333
6,6,0.3,4.0,4,-19.607195440363352,-16.213444691589608,-2.318934838860786,-2.129124676606793,0.3333333333333333
6,6,0.3,4.0,5,-19.732903005727337,-16.081160663183617,-1.1811772116762598,-2.8414580630696915,0.3333333333333333
6,6,0.3,4.0,6,-19.595223167945488,-15.189663465525976,-2.162306451797756,-3.596702563128565,0.3333333333333333
6,6,0.4,4.0,1,-21.25434690886265,-18.301319311631392,-2.5884159253474777,-9.040888282128597,0.3333333333333333
6,6,0.4,4.0,2,-21.369146616240517,-16.408627224358092,-1.1315124021171556,-7.445821750423589,0.3333333333333333
6,6,0.4,4.0,3,-21.12651409559133,-16.92717484645789,-1.3009380984558054,-7.633433911006913,0.3333333333333333
6,6,0.4,4.0,4,-21.0117026651967,-18.068972734313892,-3.055803746865233,-7.783273470205595,0.3333333333333333
6,6,0.4,4.0,5,-21.18674083181599,-18.09605511282288,-1.4768472925932083,-8.30086703464188,0.3333333333333333
6,6,0.4,4.0,6,-21.14125937375244,-18.212019258534234,-0.6752668705877132,-7.032619506580164,0.3333333333333333
6,8,0.0,4.0,1,-10.788689081716624,-8.088109809731506,-1.0143726630529015,1.2237424150934308,0.4444444444444444
6,8,0.0,4.0,2,-10.869701163916456,-7.702264294284032,0.0931230333736476,1.1921142330116803,0.4444444444444444
6,8,0.0,4.0,3,-10.679868344887524,-7.762109043685728,-1.3106861320529402,0.8443453196387608,0.4444444444444444
6,8,0.0,4.0,4,-10.438985010077662,-7.518748384167632,-1.2680939620493574,1.6634117646222026,0.4444444444444444
6,8,0.0,4.0,5,-10.776038698739132,-8.156578658909858,-1.4068346875010955,1.0616952519119374,0.4444444444444444
6,8,0.0,4.0,6,-10.571138324697802,-7.559683253609053,-2.209102065460197,1.2530450256727492,0.4444444444444444
6,8,0.1,4.0,1,-10.725894336518904,-8.203748987945733,-1.6545061596436963,1.5842142856928834,0.4444444444444444
6,8,0.1,4.0,2,-10.85695422232229,-7.864568632542012,-2.046334717830821,2.23508807298472,0.4444444444444444
6,8,0.1,4.0,3,-10.704569123781578,-7.712605229645433,-1.2258008657733537,1.6865537996014943,0.4444444444444444
6,8,0.1,4.0,4,-10.73605174751135,-7.759988448440376,-0.8678171300979749,1.3873976548600493,0.4444444444444444
6,8,0.1,4.0,5,-10.794022696732208,-7.511800183098027,-1.2999551620851542,1.3795105374870988,0.4444444444444444
6,8,0.1,4.0,6,-10.761950355967413,-7.876780805870494,-0.8093379526208752,2.382415732369018,0.4444444444444444
6,8,0.2,4.0,1,-11.22560016346712,-8.088271151459487,-1.834701685895893,-0.491127637985525,0.4444444444444444
6,8,0.2,4.0,2,-11.282307265122387,-7.723923014569593,-0.8098703711922244,0.0520387766053055,0.4444444444444444
6,8,0.2,4.0,3,-11.099039772430814,-7.841945750595831,-0.6223432609462022,0.0124467726991748,0.4444444444444444
6,8,0.2,4.0,4,-11.1746695622705,-7.872048579533145,-0.4847938819231839,0.2552784645697327,0.4444444444444444
6,8,0.2,4.0,5,-11.147426100972885,-7.809047063573908,-0.7057320168842296,0.5828463101766785,0.4444444444444444
6,8,0.2,4.0,6,-11.272268781293423,-7.710513132026671,-1.436766067857722,-0.1589519768229197,0.4444444444444444
6,8,0.3,4.0,1,-11.777582081419562,-8.013760293075725,-2.0665870772502233,-1.3218381613049908,0.4444444444444444
6,8,0.3,4.0,2,-11.891824637571192,-8.084706585308444,-1.5775171413017937,-1.659526411876891,0.4444444444444444
6,8,0.3,4.0,3,-11.847060907371462,-7.481970208646127,-1.5992871868452727,-1.6441709900970043,0.4444444444444444
6,8,0.3,4.0,4,-11.856099302747769,-8.013087863183486,-2.0536995016963235,-0.842879697940667,0.4444444444444444
6,8,0.3,4.0,5,-11.99783231735418,-7.574356113930351,-0.0856066905457081,-1.3688955574802162,0.4444444444444444
6,8,0.3,4.0,6,-11.818242084390167,-7.735827514294669,0.322624360251272,-0.9372797613358138,0.4444444444444444
6,8,0.4,4.0,1,-12.71856652163828,-7.541620065744911,-1.736651982591722,-3.497568783187617,0.4444444444444444
6,8,0.4,4.0,2,-12.69555225972017,-7.561929303229041,0.4069243972312735,-4.509757526915054,0.4444444444444444
6,8,0.4,4.0,3,-12.672705169107848,-7.271871977961704,-1.815428039085358,-3.3209058511224967,0.4444444444444444
6,8,0.4,4.0,4,-12.672566868746358,-7.150479680718523,-1.3288908880851626,-3.9331466522210574,0.4444444444444444
6,8,0.4,4.0,5,-12.779579388159611,-8.346622850526938,-2.223254125803062,-3.54906765706154,0.4444444444444444
6,8,0.4,4.0,6,-12.695458913723652,-7.799212826833343,-1.005372672127996,-2.812843946295159,0.4444444444444444
6,10,0.0,4.0,1,-6.521997433403925,-2.9686539049676197,0.2140546971732266,0.7054540156046178,0.5555555555555556
6,10,0.0,4.0,2,-6.503172006857374,-3.1936900953418386,-0.0514275038266915,0.7192223190185724,0.5555555555555556
6,10,0.0,4.0,3,-6.423089828338121,-3.102360511534803,0.5906592191605957,0.6106518879264815,0.5555555555555556
6,10,0.0,4.0,4,-6.479373997621138,-3.1310171275073984,0.5859944123176974,0.3426275441335102,0.5555555555555556
6,10,0.0,4.0,5,-6.542758194875402,-3.2612285209412777,0.7293859736765625,0.7588236944029836,0.5555555555555556
6,10,0.0,4.0,6,-6.473146275187503,-3.0075677821987945,-0.1838512083098521,0.8380711490949633,0.5555555555555556
6,10,0.1,4.0,1,-6.541063773946917,-3.1294045897596305,-0.7995832994208996,0.3261952069160633,0.5555555555555556
6,10,0.1,4.0,2,-6.63262328869227,-3.0832523993598797,-1.575929986261194,0.4840375555136772,0.5555555555555556
6,10,0.1,4.0,3,-6.555050997589122,-3.0791727636133235,0.0903289856215532,0.4290748829211417,0.5555555555555556
6,10,0.1,4.0,4,-6.557735364842275,-3.0789053679979315,0.0600934627538966,0.650700637593242,0.5555555555555556
6,10,0.1,4.0,5,-6.591915076114439,-2.862627539352279,-4.14239422862198,-0.5581209604975604,0.5555555555555556
6,10,0.1,4.0,6,-6.53349014406704,-3.1183580546896694,-0.5630463252647646,0.3364516389279012,0.5555555555555556
6,10,0.2,4.0,1,-6.80533133973565,-2.999756394340108,0.3339327206440433,-0.3674715852723269,0.5555555555555556
6,10,0.2,4.0,2,-6.790958755211006,-2.9450243269091856,0.9053753810877628,-0.6183919882823091,0.5555555555555556
6,10,0.2,4.0,3,-6.759866734570686,-2.785108045789509,0.9251052465435036,0.0475173394178012,0.5555555555555556
6,10,0.2,4.0,4,-6.766312484121185,-2.8261973731292005,0.5514598764952906,-0.8545799081531065,0.5555555555555556
6,10,0.2,4.0,5,-6.847980942855618,-3.0592247547700886,0.6914087089400003,-0.3342150221401067,0.5555555555555556
6,10,0.2,4.0,6,-6.7735203660507795,-2.903099131764134,1.8490547880607089,0.0812702585582048,0.5555555555555556
6,10,0.3,4.0,1,-7.030232362999394,-2.681581707715842,0.6532032014859543,-1.4245456769060028,0.5555555555555556
6,10,0.3,4.0,2,-7.1073848883772275,-2.5440561506910835,0.8416801227872922,-1.5026001595109049,0.5555555555555556
6,10,0.3,4.0,3,-7.037319457509179,-2.458027998428064,-0.4131196596170166,-1.6237123472935742,0.5555555555555556
6,10,0.3,4.0,4,-7.048640864116706,-2.6177044286137368,0.5814505609415509,-1.9611595680388412,0.5555555555555556
6,10,0.3,4.0,5,-7.112553235640016,-2.4836226425382235,-0.2338325667452102,-2.134073101027842,0.5555555555555556
6,10,0.3,4.0,6,-7.111075096800325,-2.4634034282918615,1.184623415744117,-1.8659691694322385,0.5555555555555556
6,10,0.4,4.0,1,-7.45717057990431,-2.309722410598146,-0.7868554198702167,-3.595433886041801,0.5555555555555556
6,10,0.4,4.0,2,-7.438543300317463,-2.20302396173807,-0.473847667101703,-5.008122669578607,0.5555555555555556
6,10,0.4,4.0,3,-7.41420653318863,-2.152835702252863,-0.5026127536845595,-3.70155844928392,0.5555555555555556
6,10,0.4,4.0,4,-7.456995159115086,-2.117997612848152,-0.8740080723673082,-3.6988718975365216,0.5555555555555556
6,10,0.4,4.0,5,-7.524347820558414,-2.449803242963262,0.1869406876997341,-4.522102139296194,0.5555555555555556
6,10,0.4,4.0,6,-7.46891629533156,-2.230888811169891,-0.974594339002382,-3.882254907255004,0.5555555555555556
6,12,0.0,4.0,1,-4.093734523860417,-0.3403746787734281,0.7795075187773606,-0.0349493267478953,0.6666666666666666
6,12,0.0,4.0,2,-4.0166791580117875,-0.258821748272869,1.1597657629034006,0.1403264753015395,0.6666666666666666
6,12,0.0,4.0,3,-4.032399878686934,-0.2486407480273898,0.6990006356422426,-0.1727152274840747,0.6666666666666666
6,12,0.0,4.0,4,-4.055990796013072,-0.3302053050789608,0.7137228017594123,0.2272316276419085,0.6666666666666666
6,12,0.0,4.0,5,-4.070049088981696,-0.2844255460862805,0.2340726750643245,0.0934431754499006,0.6666666666666666
6,12,0.0,4.0,6,-4.067153409346792,-0.32556084175891,0.5523961352331037,-0.1181449513638005,0.6666666666666666
6,12,0.1,4.0,1,-4.065835117571187,-0.2346503880861377,0.5245670645031931,-0.2436464364467994,0.6666666666666666
6,12,0.1,4.0,2,-4.105459291822946,-0.2337215316342774,0.3017880754619422,-0.2811354786792581,0.6666666666666666
6,12,0.1,4.0,3,-4.069416353174984,-0.199941872344764,0.6652311215573965,-0.17453222692341,0.6666666666666666
6,12,0.1,4.0,4,-4.075107943323175,-0.2467272723301954,1.6643204153148907,-0.0864898980799897,0.6666666666666666
6,12,0.1,4.0,5,-4.0794026773025065,-0.2726986386951336,0.7528672317588946,-0.1545914567191655,0.6666666666666666
6,12,0.1,4.0,6,-4.110682743894239,-0.1718150262789659,0.9973625592558276,-0.4146323282628756,0.6666666666666666
6,12,0.2,4.0,1,-4.135622611700866,-0.1598525429616203,1.427308569214551,-1.1425750599182822,0.6666666666666666
6,12,0.2,4.0,2,-4.25598778748806,-0.3109207371042896,1.7634895152648036,-0.9810919090980654,0.6666666666666666
6,12,0.2,4.0,3,-4.148218714775663,-0.2630403054189792,0.6919590110372795,-0.9239126245235768,0.6666666666666666
6,12,0.2,4.0,4,-4.184271513748329,-0.131135541754928,1.019515111130413,-0.8166659626973626,0.6666666666666666
6,12,0.2,4.0,5,-4.190542784202924,-0.1516190827998135,1.3639413998394674,-0.7737291752297584,0.6666666666666666
6,12,0.2,4.0,6,-4.193417502501599,-0.1883838913410328,1.827664242958562,-0.993461046137286,0.6666666666666666
6,12,0.3,4.0,1,-4.245939052084628,-0.1727901397186263,0.2411628317051817,-2.173878607501747,0.6666666666666666
6,12,0.3,4.0,2,-4.260940458772973,-0.0511437335405541,-0.2648196375843104,-2.2527437583284993,0.6666666666666666
6,12,0.3,4.0,3,-4.241159809230884,-0.1394408679927161,0.2967922213017159,-2.3673460947911145,0.6666666666666666
6,12,0.3,4.0,4,-4.244584426097154,-0.0630287213879671,0.4511986993533722,-2.4765610773608207,0.6666666666666666
6,12,0.3,4.0,5,-4.280116157575113,-0.2106479649403082,0.5258525403783715,-2.7072177623549556,0.6666666666666666
6,12,0.3,4.0,6,-4.290633891255136,-0.1240631069654485,0.6418201459017816,-1.8768904575186276,0.6666666666666666
6,12,0.4,4.0,1,-4.421590626256103,0.0352896641350069,0.4929899976229018,-4.176511758038584,0.6666666666666666
6,12,0.4,4.0,2,-4.342416608147049,0.0184314137829839,0.5595499096151402,-3.5218338477677364,0.6666666666666666
6,12,0.4,4.0,3,-4.32229276013298,0.0457445677712595,0.2595027156816925,-4.9185226747121735,0.6666666666666666
6,12,0.4,4.0,4,-4.319106619223965,0.060838109499968,0.2875373626264731,-3.88176882937386,0.6666666666666666
6,12,0.4,4.0,5,-4.323603701478029,0.0372904969096678,0.9974221519315728,-4.109280241034968,0.6666666666666666
6,12,0.4,4.0,6,-4.359722697879782,0.0574762490755409,2.0341928884774534,-3.729945985695264,0.6666666666666666
6,14,0.0,4.0,1,-2.5876261416895696,0.9544241251194392,0.6009449916847514,-0.2433559053752874,0.7777777777777778
6,14,0.0,4.0,2,-2.5717884628486205,0.9530473838608652,0.4698999034304692,-0.3417730060369699,0.7777777777777778
6,14,0.0,4.0,3,-2.561591832061346,0.9294935997450856,0.2325809476080399,-0.2204577998978054,0.7777777777777778
6,14,0.0,4.0,4,-2.58386028421679,0.9467767223196958,0.161943214017756,-0.4215954457947486,0.7777777777777778
6,14,0.0,4.0,5,-2.5732255501438903,0.9472535855922408,0.5628640928463786,-0.1186168417585705,0.7777777777777778
6,14,0.0,4.0,6,-2.582332484319103,0.9383635924346528,0.5343260679040037,-0.3792111754356762,0.7777777777777778
6,14,0.1,4.0,1,-2.570930421477043,0.9357882066587224,0.6235626545462217,-0.5106089810962221,0.7777777777777778
6,14,0.1,4.0,2,-2.573715400706527,0.9377079404702346,0.3143042412558999,-0.2081428680492284,0.7777777777777778
6,14,0.1,4.0,3,-2.5673600526856024,0.9642749914164934,0.4867756235498957,-0.5884451777238049,0.7777777777777778
6,14,0.1,4.0,4,-2.5842508842004066,0.969364913865194,0.5403838262599555,-0.5346002782702964,0.7777777777777778
6,14,0.1,4.0,5,-2.589962428914176,0.947524124914744,0.492619371617515,-0.5835313309594996,0.7777777777777778
6,14,0.1,4.0,6,-2.6046644259075036,0.9988764790192852,0.5156309589654545,-0.3105221136303123,0.7777777777777778
6,14,0.2,4.0,1,-2.596746569348759,0.9983391421752033,0.5944692925371373,-1.1949261127707398,0.7777777777777778
6,14,0.2,4.0,2,-2.5617115526026937,0.966443902315528,0.6295729678100421,-1.2063094481661238,0.7777777777777778
6,14,0.2,4.0,3,-2.589481120355683,0.9709181798049024,0.3683360414357498,-1.0826443006050332,0.7777777777777778
6,14,0.2,4.0,4,-2.5697627311315734,0.9748515553429796,0.7727475778627231,-1.4192076388534318,0.7777777777777778
6,14,0.2,4.0,5,-2.5744341103816355,0.9769988358963811,0.204029992344998,-1.1659086427271306,0.7777777777777778
6,14,0.2,4.0,6,-2.5792777146562886,1.001297618450255,0.4653574708999723,-1.0930309856087486,0.7777777777777778
6,14,0.3,4.0,1,-2.5913930294923624,1.0677911134713047,0.7633706904801497,-2.101453158835231,0.7777777777777778
6,14,0.3,4.0,2,-2.5578211123046346,1.0280491225402208,1.0842827550234844,-2.4150765501131604,0.7777777777777778
6,14,0.3,4.0,3,-2.5603343225013893,1.051501668839976,1.155640614265352,-1.6656734557441673,0.7777777777777778
6,14,0.3,4.0,4,-2.55598072481945,1.0597588314325552,0.95277521921563,-1.8294393842681689,0.7777777777777778
6,14,0.3,4.0,5,-2.5383636673826584,1.0639371666924675,1.0699522528462762,-2.085761423272939,0.7777777777777778
6,14,0.3,4.0,6,-2.5528136129606596,1.0612688646751576,1.0999477678970304,-2.0112261219294716,0.7777777777777778
6,14,0.4,4.0,1,-2.588164109517064,1.0805814502945832,1.0253915538243177,-2.0721619040212933,0.7777777777777778
6,14,0.4,4.0,2,-2.550533383671726,1.0617478037982448,0.8114134085103256,-2.0569866845076303,0.7777777777777778
6,14,0.4,4.0,3,-2.5780736786119007,1.085861708516434,0.8276408916519811,-2.001724619952685,0.7777777777777778
6,14,0.4,4.0,4,-2.57502046675742,1.074650709809889,1.0892245463056884,-1.5968884564788746,0.7777777777777778
6,14,0.4,4.0,5,-2.550064624853465,1.0756039962668236,0.7561123883224463,-2.201547221553882,0.7777777777777778
6,14,0.4,4.0,6,-2.5621210886452,1.1019018673084056,0.9228743378468536,-1.8987131260228152,0.7777777777777778
6,16,0.0,4.0,1,-1.6753250493027108,1.1088020937969147,0.710097903914666,-0.1689127358135488,0.8888888888888888
6,16,0.0,4.0,2,-1.6692472686848543,1.1315531791866331,0.7691918150318002,-0.2374561564319921,0.8888888888888888
6,16,0.0,4.0,3,-1.678225578826624,1.105202192394017,0.7385012497927168,-0.1046623590322813,0.8888888888888888
6,16,0.0,4.0,4,-1.6795254374210244,1.1152460312700292,0.8734820030812047,-0.1723863118269627,0.8888888888888888
6,16,0.0,4.0,5,-1.6856860635792252,1.1372983982585667,0.7417170326688849,-0.2961667009072593,0.8888888888888888
6,16,0.0,4.0,6,-1.6778783482602482,1.139379796591124,0.8888462002398427,-0.1227926504367058,0.8888888888888888
6,16,0.1,4.0,1,-1.6934986485770884,1.1191852724914957,0.7990272211461635,-0.417194673758534,0.8888888888888888
6,16,0.1,4.0,2,-1.69318981007909,1.1131521446287889,0.6169708870546271,-0.0877062934365052,0.8888888888888888
6,16,0.1,4.0,3,-1.6698248056566594,1.1096649867964563,0.7569380679664077,-0.2625677237309862,0.8888888888888888
6,16,0.1,4.0,4,-1.6849311407619645,1.1091963787245356,0.8290290327799237,-0.6628081764466609,0.8888888888888888
6,16,0.1,4.0,5,-1.6774328414837558,1.102864721278754,0.6731169811385034,-0.5741430043610871,0.8888888888888888
6,16,0.1,4.0,6,-1.682707986625578,1.1375007475639147,0.808359006103289,-0.4257672374959636,0.8888888888888888
6,16,0.2,4.0,1,-1.68997721384348,1.1068797949947182,0.6852240148109214,-1.1226197047090032,0.8888888888888888
6,16,0.2,4.0,2,-1.6742841896949443,1.11224288011565,0.7272251673075317,-0.9428723051962348,0.8888888888888888
6,16,0.2,4.0,3,-1.669250514151385,1.1108360098498966,0.6024088059849578,-0.9218669083281824,0.8888888888888888
6,16,0.2,4.0,4,-1.670169656842124,1.104395559342835,0.769534665587811,-1.0392155394357234,0.8888888888888888
6,16,0.2,4.0,5,-1.6712535725793085,1.1103511038181757,0.8389049177117096,-1.0960879248615434,0.8888888888888888
6,16,0.2,4.0,6,-1.651001313931867,1.139301636280269,0.8531698691173029,-1.0483111323934322,0.8888888888888888
6,16,0.3,4.0,1,-1.6720161937312874,1.1184645021117303,0.7934224665376673,-0.7716243008545288,0.8888888888888888
6,16,0.3,4.0,2,-1.6310275001746894,1.1411557170031383,1.5335244478507186,-0.6949658149103811,0.8888888888888888
6,16,0.3,4.0,3,-1.6744618319183444,1.1148774893053623,0.9212366289781292,-0.7307483695289818,0.8888888888888888
6,16,0.3,4.0,4,-1.6481932857787769,1.1223737883869995,0.9839400273813969,-0.6565109875340157,0.8888888888888888
6,16,0.3,4.0,5,-1.680063146793233,1.1492328024801264,0.832430144703974,-0.6204699585079884,0.8888888888888888
6,16,0.3,4.0,6,-1.671210964651801,1.1327172541495607,1.4170751451571488,-0.7894062636680845,0.8888888888888888
6,16,0.4,4.0,1,-1.6487245299207705,1.0565295997796589,0.6683311656741009,-0.4838228327165442,0.8888888888888888
6,16,0.4,4.0,2,-1.6621100072087316,1.1002443234111543,0.7997981881466886,-0.2967958026595794,0.8888888888888888
6,16,0.4,4.0,3,-1.662281111840787,1.0841010885323137,0.7299288138412727,-0.607525450474393,0.8888888888888888
6,16,0.4,4.0,4,-1.642566989482772,1.0537726744643496,0.583807035372341,-0.5375988501569077,0.8888888888888888
6,16,0.4,4.0,5,-1.6487849161804615,1.078634492491649,0.6234094788774328,-0.4656745175907149,0.8888888888888888
6,16,0.4,4.0,6,-1.660739988851211,1.104633606175676,0.9991144827669032,-0.5233199984488186,0.8888888888888888
6,18,0.0,4.0,1,-1.1323357428440617,1.2847243010696938,1.0260810597500165,0.1531838872659954,1.0
6,18,0.0,4.0,2,-1.1365182231198907,1.2817316033994055,0.9217749875677445,0.2377285432619265,1.0
6,18,0.0,4.0,3,-1.1287951946661967,1.2817172227731837,0.6086410936923324,0.210634372250166,1.0
6,18,0.0,4.0,4,-1.1377205228582394,1.2936389465484737,0.9571008285040058,0.2232265655326789,1.0
6,18,0.0,4.0,5,-1.126123148571898,1.2745386166217412,0.9407464010000705,0.0985099336811355,1.0
6,18,0.0,4.0,6,-1.1252873541373245,1.2900226999599194,0.9324747323034674,0.1195490301162442,1.0
6,18,0.1,4.0,1,-1.2045870662556684,1.2367005349727749,0.6495113462633239,1.512776719490816,1.0
6,18,0.1,4.0,2,-1.1935921200903206,1.2233061412461523,0.5436303120160177,1.551623613837636,1.0
6,18,0.1,4.0,3,-1.2010394747892177,1.209175638174337,0.4658123356781439,1.5286597335730314,1.0
6,18,0.1,4.0,4,-1.1977187057051808,1.2172850194239508,0.7135302640885193,1.3953269548010456,1.0
6,18,0.1,4.0,5,-1.2008707705893529,1.215535018872939,0.5607324210185107,1.577107809679651,1.0
6,18,0.1,4.0,6,-1.204976130560259,1.2279005648573782,0.6372979658639093,1.5295372324302683,1.0
6,18,0.2,4.0,1,-1.2155005099283849,1.1600136951252242,0.4707918085408885,0.9914858472806016,1.0
6,18,0.2,4.0,2,-1.2036228157756297,1.1641954673081314,0.4551339760376685,0.9636499363487512,1.0
6,18,0.2,4.0,3,-1.2101015642966635,1.1406383906760027,0.4952470406951996,1.0081137904891038,1.0
6,18,0.2,4.0,4,-1.2189288501404243,1.1646890975137478,0.428664158166181,1.008350883968291,1.0
6,18,0.2,4.0,5,-1.2187909690585843,1.1679495301651723,0.4923159389384145,0.8970227201123023,1.0
6,18,0.2,4.0,6,-1.2163036341256248,1.170076131743356,0.5863796333674266,1.0676808656896604,1.0
6,18,0.3,4.0,1,-1.198336103345764,1.0941991753651414,0.4273244141204912,0.849669512668842,1.0
6,18,0.3,4.0,2,-1.1964084832310018,1.09375231389263,0.4350752346950129,0.9260459239661524,1.0
6,18,0.3,4.0,3,-1.189156551455376,1.1017510445042238,0.4124763044848188,0.9157123675592018,1.0
6,18,0.3,4.0,4,-1.201971846090378,1.118629695971164,0.4590870509254158,0.901642773973679,1.0
6,18,0.3,4.0,5,-1.2046023281331408,1.1015464028180548,0.3968829913693136,0.9298692703704958,1.0
6,18,0.3,4.0,6,-1.1968278876544145,1.1001385749166304,0.3593171873261683,0.8686078546988625,1.0
6,18,0.4,4.0,1,-1.172163070133633,1.0286939039220204,0.281258316541753,1.3755133233368837,1.0
6,18,0.4,4.0,2,-1.169411781623791,1.0486714467193523,0.3311609299767169,1.4241332420613375,1.0
6,18,0.4,4.0,3,-1.1695884630060096,1.0265955879059756,0.242056772965105,1.3636148768556955,1.0
6,18,0.4,4.0,4,-1.1721697003510083,1.029482875257452,0.275793925773533,1.3966828207223234,1.0
6,18,0.4,4.0,5,-1.169593235613393,1.042198987327486,0.2895502787210454,1.3988524143548575,1.0
6,18,0.4,4.0,6,-1.173192125313005,1.0402815095397528,0.2574804182287903,1.3850890073107784,1.0
6,4,0.0,6.0,1,-29.32381102508655,-39.61515960260158,-1.9620613577948711,1.0177416796693957,0.2222222222222222
6,4,0.0,6.0,2,-29.254531114953657,-36.75965923541865,-2.8161930177847627,3.0276696918829846,0.2222222222222222
6,4,0.0,6.0,3,-29.26257834916479,-37.43311793724807,-2.841294170776413,2.113869848076426,0.2222222222222222
6,4,0.0,6.0,4,-29.048200784042525,-38.8710419726693,-1.0621052703423164,3.581184123042769,0.2222222222222222
6,4,0.0,6.0,5,-29.264811371791353,-37.967839061402984,-3.8531176489593166,4.105070655467868,0.2222222222222222
6,4,0.0,6.0,6,-29.18780871750107,-36.77553400495473,-4.443484576166396,0.9795885899230472,0.2222222222222222
6,4,0.1,6.0,1,-29.512307800769385,-38.370915050602605,-3.144812668845632,1.144047991611572,0.2222222222222222
6,4,0.1,6.0,2,-29.428422158556504,-37.414805835927936,-2.8978441611936967,0.2212835766536928,0.2222222222222222
6,4,0.1,6.0,3,-29.12852132273003,-34.53330741482503,-3.873852416743614,-1.1426904891942036,0.2222222222222222
6,4,0.1,6.0,4,-29.36999837441457,-37.08435202961625,-7.805995801507878,0.0264831404876962,0.2222222222222222
6,4,0.1,6.0,5,-29.21473372637878,-35.36642337068007,-2.9842689507458457,-1.023275842243934,0.2222222222222222
6,4,0.1,6.0,6,-29.37276872566327,-36.06837696346817,-1.7596109669801137,1.5312825516830588,0.2222222222222222
6,4,0.2,6.0,1,-30.181941757566687,-34.5837117073808,-4.632882839171064,-1.7658508648258018,0.2222222222222222
6,4,0.2,6.0,2,-30.52306837852704,-36.84042468030211,-4.629784310779661,-1.8876749487905768,0.2222222222222222
6,4,0.2,6.0,3,-30.123406230314355,-38.417248962711966,-4.222688559304826,-2.456272568815054,0.2222222222222222
6,4,0.2,6.0,4,-30.352845298533794,-35.84381310581777,-4.601479339772753,-1.2168232829197587,0.2222222222222222
6,4,0.2,6.0,5,-30.560803053114405,-36.29297061939089,-1.3697178325096933,-3.3773836619512907,0.2222222222222222
6,4,0.2,6.0,6,-30.44611039976005,-39.18059441915322,-5.3790487597665155,-3.3586353319393725,0.2222222222222222
6,4,0.3,6.0,1,-32.03927705481312,-35.47035075125599,-3.7077328319460063,-9.631282721240938,0.2222222222222222
6,4,0.3,6.0,2,-31.883828506617448,-35.8323105702515,-1.550337998319852,-7.770243348452131,0.2222222222222222
6,4,0.3,6.0,3,-31.60222557129224,-38.56634499157889,-3.775985547297984,-9.019044890654865,0.2222222222222222
6,4,0.3,6.0,4,-31.890713987190573,-37.929553370372574,-5.764737934128822,-6.159542134836382,0.2222222222222222
6,4,0.3,6.0,5,-31.899935354969557,-37.3420845252654,-2.869302150720212,-11.439507425005369,0.2222222222222222
6,4,0.3,6.0,6,-31.789176180168138,-35.915514833158376,-3.508918837587095,-9.749806130186188,0.2222222222222222
6,4,0.4,6.0,1,-33.62310373121036,-33.76499955263095,-6.992178813490726,-18.08002639347456,0.2222222222222222
6,4,0.4,6.0,2,-33.86526595472792,-37.05481342319787,-5.180255029174414,-16.854393739887957,0.2222222222222222
6,4,0.4,6.0,3,-33.70024938279791,-35.908876409077926,-4.1619487291655455,-16.726152043637917,0.2222222222222222
6,4,0.4,6.0,4,-33.74154603905533,-36.1223923274256,-2.16431477750182,-13.9845611001912,0.2222222222222222
6,4,0.4,6.0,5,-33.62516946437874,-33.03505757468727,-6.378728604197713,-19.389376122303464,0.2222222222222222
6,4,0.4,6.0,6,-33.45219551193501,-35.33766546448632,-4.6952783863992575,-18.050254302983,0.2222222222222222
6,6,0.0,6.0,1,-16.51004708843768,-11.543669347179645,-1.500281911644246,0.808797635436572,0.3333333333333333
6,6,0.0,6.0,2,-16.433411541580988,-11.473807630799383,-4.2200550030220665,-0.5474693437219176,0.3333333333333333
6,6,0.0,6.0,3,-16.48504310909066,-11.21465429918354,-2.9128254806297265,0.0633622067602829,0.3333333333333333
6,6,0.0,6.0,4,-16.31104437456533,-11.076374571774812,-5.272425342612721,0.4995693411476963,0.3333333333333333
6,6,0.0,6.0,5,-16.41386920880796,-12.489884728928237,-1.8007768486249176,0.6503882298954871,0.3333333333333333
6,6,0.0,6.0,6,-16.385034214174738,-11.037444679502832,-2.048243501783679,0.9396365816617728,0.3333333333333333
6,6,0.1,6.0,1,-16.843134682150115,-12.65935195281392,-4.198148903984324,0.1908401449851346,0.3333333333333333
6,6,0.1,6.0,2,-16.530067088925584,-12.508670043032472,-5.5646658994302465,-0.8529175290041543,0.3333333333333333
6,6,0.1,6.0,3,-16.459791247243295,-12.426941657971318,-4.878344124861831,0.2309329928298198,0.3333333333333333
6,6,0.1,6.0,4,-16.5077773294624,-11.745742603705551,-1.9956655740238325,0.3466410004614521,0.3333333333333333
6,6,0.1,6.0,5,-16.811861601888758,-13.08338560770914,-0.8798011321185204,1.123559724491786,0.3333333333333333
6,6,0.1,6.0,6,-16.517561723883475,-10.734165990105206,-3.2131055950174954,-0.6134209061078281,0.3333333333333333
6,6,0.2,6.0,1,-17.191030718668674,-11.89292544941517,-4.30455925929622,-1.4142379856306602,0.3333333333333333
6,6,0.2,6.0,2,-17.192768481460867,-12.323625245823436,-4.671665661253639,0.2728760257302337,0.3333333333333333
6,6,0.2,6.0,3,-16.775736751924605,-11.773927172520724,-1.8318507799473245,0.24204406257162,0.3333333333333333
6,6,0.2,6.0,4,-17.026254854435756,-12.33754925904728,-2.998443472389585,-1.792596472163514,0.3333333333333333
6,6,0.2,6.0,5,-17.147101844041934,-11.721481758150391,-1.9818976618637207,-1.5152439269218836,0.3333333333333333
6,6,0.2,6.0,6,-16.890246781003476,-12.216630039262196,-3.7838015196597694,-1.0458974875041338,0.3333333333333333
6,6,0.3,6.0,1,-17.593230832946485,-11.583226749997577,-2.6431690316846304,-3.105295253662125,0.3333333333333333
6,6,0.3,6.0,2,-17.73837631704589,-12.800245405518416,-4.260990702428655,-3.7141124056173993,0.3333333333333333
6,6,0.3,6.0,3,-17.587215277242723,-11.748010785076357,-3.532946662741319,-3.982705817558177,0.3333333333333333
6,6,0.3,6.0,4,-17.697955213060805,-13.016430908241606,-3.8452024377399168,-2.170168298228888,0.3333333333333333
6,6,0.3,6.0,5,-17.805926453028643,-11.798708228695975,-3.701188957345135,-3.34862106383993,0.3333333333333333
6,6,0.3,6.0,6,-17.80242534676046,-12.322941330272752,-2.7022227728125623,-4.209498746212516,0.3333333333333333
6,6,0.4,6.0,1,-18.399519358149966,-13.304341097955405,-5.979626151021377,-8.432315388375088,0.3333333333333333
6,6,0.4,6.0,2,-18.622336121907637,-12.940485761713033,-6.233127458282971,-6.635256341229001,0.3333333333333333
6,6,0.4,6.0,3,-18.49824677542818,-11.375679142166328,-5.891456749782895,-10.60705713163016,0.3333333333333333
6,6,0.4,6.0,4,-18.333661944959367,-12.354766257548508,-4.885641867622515,-6.1198813563381504,0.3333333333333333
6,6,0.4,6.0,5,-18.664657914659,-11.16392072013904,-2.02932006507941,-7.644989669691502,0.3333333333333333
6,6,0.4,6.0,6,-18.505731641918704,-13.81352969615068,-6.199577150341158,-8.548031574732018,0.3333333333333333
6,8,0.0,6.0,1,-8.970327642656972,-5.720999077378795,-4.7974786171072115,1.5952674026661258,0.4444444444444444
6,8,0.0,6.0,2,-8.829718477075213,-5.829636561323909,-3.616347921233428,1.7215913609247435,0.4444444444444444
6,8,0.0,6.0,3,-8.872602211646097,-6.020170563173137,-2.259297715815383,1.7391339387571592,0.4444444444444444
6,8,0.0,6.0,4,-8.869141301224962,-5.477725734442482,-4.019969478901183,1.5199318294159303,0.4444444444444444
6,8,0.0,6.0,5,-9.022044238955765,-5.301556343679392,-3.4787952250268583,1.842470081879954,0.4444444444444444
6,8,0.0,6.0,6,-8.924424105877037,-5.75827221444373,-2.0290872020802877,1.1791219813490177,0.4444444444444444
6,8,0.1,6.0,1,-9.041921845031757,-5.859024546280496,-1.145133343606871,1.7372408159058932,0.4444444444444444
6,8,0.1,6.0,2,-8.858845984974824,-5.46601697304583,-2.893504514682677,0.558561267039891,0.4444444444444444
6,8,0.1,6.0,3,-8.901247993688596,-6.010157499258597,-4.497976713729221,-0.3811629375118207,0.4444444444444444
6,8,0.1,6.0,4,-9.102367891142112,-6.0291912499450095,-1.2606619345002574,0.510648385831769,0.4444444444444444
6,8,0.1,6.0,5,-9.070338778287274,-5.779041568631648,-1.853249343582034,1.8091822359566143,0.4444444444444444
6,8,0.1,6.0,6,-9.005373565312372,-5.414250449607089,-3.633087253451248,1.4085394226848773,0.4444444444444444
6,8,0.2,6.0,1,-9.244243759182638,-5.418275490321224,-2.663714841683887,0.6362522627235598,0.4444444444444444
6,8,0.2,6.0,2,-9.339790190116316,-6.157568321142025,-2.5290475743413108,-0.493616493454737,0.4444444444444444
6,8,0.2,6.0,3,-9.192975620505235,-5.67532312515488,-3.080842702518689,0.4166015287881421,0.4444444444444444
6,8,0.2,6.0,4,-9.217237089352386,-6.008061785935782,-4.6032967290159545,0.5354140361029324,0.4444444444444444
6,8,0.2,6.0,5,-9.302388503038015,-5.893938149224819,-3.4298045841849096,1.142821041707175,0.4444444444444444
6,8,0.2,6.0,6,-9.28043764982436,-5.905653790154171,-3.5364345699428847,0.0337648776216919,0.4444444444444444
6,8,0.3,6.0,1,-9.60290783787175,-5.3688198169699195,-3.6585960820186303,-0.8195682020420604,0.4444444444444444
6,8,0.3,6.0,2,-9.613311757608274,-5.841355583096749,-2.631449330937768,-1.7069799991582493,0.4444444444444444
6,8,0.3,6.0,3,-9.63550456935767,-6.357959822248054,-3.1793085052765035,-0.8204433161754862,0.4444444444444444
6,8,0.3,6.0,4,-9.62011566826203,-6.150680708557815,-4.216583010525084,-2.2325535860770187,0.4444444444444444
6,8,0.3,6.0,5,-9.626376011970928,-6.027101957059134,-3.1902931499462683,-1.1467169888902968,0.4444444444444444
6,8,0.3,6.0,6,-9.493187573915726,-5.928098742504448,-3.358316574361987,-0.2720215448326256,0.4444444444444444
6,8,0.4,6.0,1,-10.082918713414095,-5.150192130063248,-2.9554419917755523,-3.380660783614619,0.4444444444444444
6,8,0.4,6.0,2,-9.94830472314391,-4.856669515896458,-4.292104408142734,-4.353851247325682,0.4444444444444444
6,8,0.4,6.0,3,-9.820365241413883,-5.260416623219842,-3.0697861554920323,-2.6280463609128373,0.4444444444444444
6,8,0.4,6.0,4,-10.070260587945524,-5.08845103565003,-2.6326233867419413,-4.238927120710214,0.4444444444444444
6,8,0.4,6.0,5,-10.11078062998708,-5.0176040890933,-2.402799236219555,-1.681173959928668,0.4444444444444444
6,8,0.4,6.0,6,-9.996289264447924,-5.345587512744329,-2.724792552596314,-1.6410353574960586,0.4444444444444444
6,10,0.0,6.0,1,-4.961025721755473,-2.2699358745065905,-1.5682367725335464,-0.0741148383312188,0.5555555555555556
6,10,0.0,6.0,2,-4.953252288758461,-2.3475382225533323,-1.6741945607846849,2.143992290938487,0.5555555555555556
6,10,0.0,6.0,3,-4.922330261060802,-2.7666476403413305,-0.1839075161661112,1.840787973020964,0.5555555555555556
6,10,0.0,6.0,4,-4.839766827815889,-1.2988145636199957,-1.2730646816281015,1.2339165099305849,0.5555555555555556
6,10,0.0,6.0,5,-4.9351882256283846,-2.3676380230360694,-0.9712928385908596,0.7185628974915761,0.5555555555555556
6,10,0.0,6.0,6,-4.893682964061993,-2.518817329529132,-0.922357185017694,0.5963624408708069,0.5555555555555556
6,10,0.1,6.0,1,-4.982491637039503,-2.193310796656598,0.4296340626951764,1.1391724824519542,0.5555555555555556
6,10,0.1,6.0,2,-4.8968065633058995,-2.2863054062587653,-0.9850857296529462,1.1875084209242128,0.5555555555555556
6,10,0.1,6.0,3,-4.928357300071717,-2.1129071860893993,-0.4234089174777978,-0.0595464977627506,0.5555555555555556
6,10,0.1,6.0,4,-4.923622458461746,-2.46659611037592,-1.1870638339032165,0.4238685364612541,0.5555555555555556
6,10,0.1,6.0,5,-4.980308523299463,-2.1448865510362074,-1.0997241529454225,0.3285787660388877,0.5555555555555556
6,10,0.1,6.0,6,-4.9500688381412985,-2.4223316593354767,-1.3262806131156724,0.9005059063904559,0.5555555555555556
6,10,0.2,6.0,1,-5.039053555449392,-1.9309710516163523,-0.7616730781876093,-0.3187293143244544,0.5555555555555556
6,10,0.2,6.0,2,-5.080254642911385,-2.27059736453843,-0.4802166434581189,-0.1700081441037802,0.5555555555555556
6,10,0.2,6.0,3,-4.997624413401317,-2.5139203157147194,-1.1977430047435758,0.0653473095270627,0.5555555555555556
6,10,0.2,6.0,4,-4.967152742692845,-2.2916494997622854,-0.894529293317533,0.3056408170255266,0.5555555555555556
6,10,0.2,6.0,5,-5.0204607014783384,-2.3898413196793618,-0.8643706477043717,-0.163956953812869,0.5555555555555556
6,10,0.2,6.0,6,-5.006184650486786,-2.117672404832594,-1.0390002614363607,-0.3662437313587712,0.5555555555555556
6,10,0.3,6.0,1,-5.180922915114346,-1.767242213861677,-1.8938550324170664,-1.1327788451781475,0.5555555555555556
6,10,0.3,6.0,2,-5.116390065989641,-1.7398649956904726,-0.7350697206377541,-0.8815451619022807,0.5555555555555556
6,10,0.3,6.0,3,-5.216534654536825,-2.4325417597096255,-2.494490526661452,-4.113203417936983,0.5555555555555556
6,10,0.3,6.0,4,-5.063421053689664,-1.866772716277604,-1.256785126311924,0.0096283077714577,0.5555555555555556
6,10,0.3,6.0,5,-5.193332089088605,-2.3033064654785056,-0.1693174081876955,0.2912672820850253,0.5555555555555556
6,10,0.3,6.0,6,-5.041527379617994,-2.0846068850183315,-1.791541938543972,-0.0997940365598169,0.5555555555555556
6,10,0.4,6.0,1,-5.130602809895614,-1.781295318957899,-0.0428827551906941,-2.4460716908345637,0.5555555555555556
6,10,0.4,6.0,2,-5.247288889995146,-1.7548711770309615,-1.115204768375906,-2.792625205943368,0.5555555555555556
6,10,0.4,6.0,3,-5.414837387425412,-2.208711542804212,-1.039886058425047,2.0536096246166524,0.5555555555555556
6,10,0.4,6.0,4,-5.208875678098503,-1.839829895404847,-1.1632835927109353,-3.0825233626280877,0.5555555555555556
6,10,0.4,6.0,5,-5.147590871327021,-1.921215308330808,-1.7191657737237596,-2.351903382067513,0.5555555555555556
6,10,0.4,6.0,6,-5.233850134604198,-1.9555165103904304,-1.657054236101868,-2.392242743977073,0.5555555555555556
6,12,0.0,6.0,1,-2.8532127205979885,-0.2893140627478798,-0.4706018239948847,0.3029835712305025,0.6666666666666666
6,12,0.0,6.0,2,-2.8749757791359714,-0.3859100973677183,0.5352744330900572,-0.0131552225784419,0.6666666666666666
6,12,0.0,6.0,3,-2.837574540996821,-0.2932468393282272,-0.3818566311234129,0.3761601736622547,0.6666666666666666
6,12,0.0,6.0,4,-2.8469339816590287,-0.2447309795004914,0.3417355147918224,0.6460135446925053,0.6666666666666666
6,12,0.0,6.0,5,-2.8687503311553177,-0.2996311789764139,-0.3229940250012155,-0.1606729050933168,0.6666666666666666
6,12,0.0,6.0,6,-2.7839321849350025,0.1072684698888485,0.4332904244709506,-0.6461010181260581,0.6666666666666666
6,12,0.1,6.0,1,-2.8452995415015665,-0.2903921112936347,-0.4178691042140762,0.2176264923915776,0.6666666666666666
6,12,0.1,6.0,2,-2.888201258621849,-0.2953375187502304,-0.3427071374066729,-0.5844935240990086,0.6666666666666666
6,12,0.1,6.0,3,-2.848143933090772,-0.2659597685837274,-0.5849028523090208,-0.3848209918124666,0.6666666666666666
6,12,0.1,6.0,4,-2.8379799819574414,-0.2419771606004319,-0.0111124959980851,-0.2143922145000489,0.6666666666666666
6,12,0.1,6.0,5,-2.894339088706812,-0.3107118019320528,-0.3795729298660523,-0.0011040171090423,0.6666666666666666
6,12,0.1,6.0,6,-2.833911741485228,-0.2874664580993482,-0.0608587362975461,-0.0950155693034343,0.6666666666666666
6,12,0.2,6.0,1,-2.791932931715056,-0.2560677587327046,0.6421065953393376,-0.4855788966611987,0.6666666666666666
6,12,0.2,6.0,2,-2.724522229962762,0.5834296920260674,-2.8828302843231564,-0.5653688036517872,0.6666666666666666
6,12,0.2,6.0,3,-2.8467775811791967,0.0935161313102138,-1.1021602296273705,-0.6581176712441688,0.6666666666666666
6,12,0.2,6.0,4,-2.778359734403586,-0.0732826688626165,-2.125743348303954,-0.378596083801592,0.6666666666666666
6,12,0.2,6.0,5,-2.7986478027605215,-0.2031685100088133,0.8509999898077197,-0.9740773489653062,0.6666666666666666
6,12,0.2,6.0,6,-2.8190845747818147,-0.3413356275883554,0.0983987757829833,-0.8756013748393798,0.6666666666666666
6,12,0.3,6.0,1,-2.7330510509714636,-0.1362537738221241,-0.0001551560583335,-1.140345458191123,0.6666666666666666
6,12,0.3,6.0,2,-2.769896244494586,-0.219418632974744,-0.0897152221867574,-0.966216649045752,0.6666666666666666
6,12,0.3,6.0,3,-2.767793290661467,-0.1695072182971005,-0.7034169509720009,-1.3170738870503242,0.6666666666666666
6,12,0.3,6.0,4,-2.7107709078884845,-0.1266358357665269,0.5249710332993812,-1.1390495159236838,0.6666666666666666
6,12,0.3,6.0,5,-2.7824682078236394,-0.1257538784185025,-0.793701284803962,-1.8265120473034535,0.6666666666666666
6,12,0.3,6.0,6,-2.763521357908907,-0.1128234446217503,0.3313878299261029,-1.3507936364815245,0.6666666666666666
6,12,0.4,6.0,1,-2.6836706688392256,-0.1620858311598628,0.4519294413923084,-1.7722622864150577,0.6666666666666666
6,12,0.4,6.0,2,-2.77269899311308,-0.122043142953847,-0.4000142177325216,-2.1407991484251108,0.6666666666666666
6,12,0.4,6.0,3,-2.712315172406629,-0.1368459176610532,-0.8380184008204038,-2.340602366620183,0.6666666666666666
6,12,0.4,6.0,4,-2.717029372990911,-0.2604016349891905,-0.2802726250395579,-1.6179909899328648,0.6666666666666666
6,12,0.4,6.0,5,-2.7114714634824058,-0.2214661189896577,0.509444889360474,-2.4649606898674783,0.6666666666666666
6,12,0.4,6.0,6,-2.6729479369592473,-0.0887671354908148,0.0848517400471296,-2.2081700754678724,0.6666666666666666
6,14,0.0,6.0,1,-1.6765520782263017,0.7985625897541324,0.3755997773296949,-0.7721623069025101,0.7777777777777778
6,14,0.0,6.0,2,-1.73083570973644,0.8352519742176057,0.4971744224040497,-0.6259313495108036,0.7777777777777778
6,14,0.0,6.0,3,-1.682251459122454,0.761896918543339,0.3388760905229566,-0.4132707832911643,0.7777777777777778
6,14,0.0,6.0,4,-1.698589580914469,0.8366183017294844,0.6682112976320302,-0.6601930754567509,0.7777777777777778
6,14,0.0,6.0,5,-1.7021047570123873,0.8511115610880455,0.8557124436874665,-0.6057055961376665,0.7777777777777778
6,14,0.0,6.0,6,-1.6777274608331425,0.8058210805708204,0.2249528297962789,-0.4142388039931503,0.7777777777777778
6,14,0.1,6.0,1,-1.6980962770114438,0.7902867511897446,0.2350559981439738,-0.8606048209792329,0.7777777777777778
6,14,0.1,6.0,2,-1.6981408634948614,0.8359896904221115,0.4451800022859567,-0.5516815905864835,0.7777777777777778
6,14,0.1,6.0,3,-1.662579298426887,0.7680024794216193,0.1954828479311806,-0.6000042378423526,0.7777777777777778
6,14,0.1,6.0,4,-1.629198409766245,0.7457921759088213,0.6577507984765688,-0.4688313080129779,0.7777777777777778
6,14,0.1,6.0,5,-1.6705835392038964,0.8325801222758106,0.3082538952700709,-0.8672848436360703,0.7777777777777778
6,14,0.1,6.0,6,-1.6974334325310572,0.8489315160433681,0.3360312560436898,-0.6563793119996764,0.7777777777777778
6,14,0.2,6.0,1,-1.651915750043962,0.8148666173589495,0.457280435133293,-0.8961190597450577,0.7777777777777778
6,14,0.2,6.0,2,-1.6217904240875822,0.8498136227669606,0.3295678399384908,-1.1631220877388002,0.7777777777777778
6,14,0.2,6.0,3,-1.6299180640390585,0.7784614245236201,0.4233065791880331,-1.034958132017304,0.7777777777777778
6,14,0.2,6.0,4,-1.6358861057459095,0.8294840949798757,0.4185257790803812,-0.7649658625742545,0.7777777777777778
6,14,0.2,6.0,5,-1.6305651681654882,0.8247217087658321,0.2061243848430375,-1.1110358971403833,0.7777777777777778
6,14,0.2,6.0,6,-1.6372366252632735,0.8853896022225631,0.5833248837261987,-1.142191034629898,0.7777777777777778
6,14,0.3,6.0,1,-1.563359394963684,0.8220072093371098,-0.1390692135270887,-1.2535421659970345,0.7777777777777778
6,14,0.3,6.0,2,-1.5625119204811924,0.7534206175706262,0.495078890393675,-1.0900239641708425,0.7777777777777778
6,14,0.3,6.0,3,-1.560459890466437,0.8390488521490056,0.6582728382383425,-1.0166619507518069,0.7777777777777778
6,14,0.3,6.0,4,-1.581645683359071,0.7973611423475706,0.1037603932691074,-1.3176053310833395,0.7777777777777778
6,14,0.3,6.0,5,-1.5558215591885804,0.7747090416149398,0.4892854734128514,-1.0344208487135202,0.7777777777777778
6,14,0.3,6.0,6,-1.5262167067671115,0.8306544988718212,0.3881893187846035,-1.2959538875798846,0.7777777777777778
6,14,0.4,6.0,1,-1.5237220987878453,0.8277749694733736,0.6006354369135061,-1.239113495578879,0.7777777777777778
6,14,0.4,6.0,2,-1.5635315846317526,0.7956595229047851,0.1450502453846739,-1.230352350615737,0.7777777777777778
6,14,0.4,6.0,3,-1.53616374387721,0.8141316948541537,0.6952431111399753,-0.9845833045516412,0.7777777777777778
6,14,0.4,6.0,4,-1.5343833796877582,0.7981222089026792,0.3647554909047611,-1.3788309012041098,0.7777777777777778
6,14,0.4,6.0,5,-1.5311455418261932,0.8255086944731799,0.637919183410829,-1.0083203032410073,0.7777777777777778
6,14,0.4,6.0,6,-1.533888291563059,0.8304580311618611,0.4213022620989509,-1.0203923087939075,0.7777777777777778
6,16,0.0,6.0,1,-1.0098023497497632,1.264505606957994,1.0068675409526056,-0.3792783416328631,0.8888888888888888
6,16,0.0,6.0,2,-0.9931463586475152,1.2226534453082056,1.1835307123048509,-0.2551760554893846,0.8888888888888888
6,16,0.0,6.0,3,-1.017808356357493,1.2347321257999528,0.6620826199407204,-0.2891940549335401,0.8888888888888888
6,16,0.0,6.0,4,-1.0116785343613215,1.2307580321787277,0.7626016099542599,-0.0465895964325852,0.8888888888888888
6,16,0.0,6.0,5,-1.0199041733226182,1.2621589808221525,0.8394820628352475,-0.3805904357925217,0.8888888888888888
6,16,0.0,6.0,6,-0.9941908160450084,1.271901615190188,1.1751424345345,-0.4036064581704366,0.8888888888888888
6,16,0.1,6.0,1,-1.0142235384090743,1.1604023440426756,0.6807158025953649,-0.3312676782827906,0.8888888888888888
6,16,0.1,6.0,2,-1.0309143466904718,1.2527747160743143,0.685151548054618,-0.4445686342461721,0.8888888888888888
6,16,0.1,6.0,3,-1.000782606414863,1.2381377495880563,0.7955632764739073,-0.1097097665354783,0.8888888888888888
6,16,0.1,6.0,4,-1.026578593179337,1.2032740995702451,0.8376652741345529,-0.2602708183794297,0.8888888888888888
6,16,0.1,6.0,5,-1.004666318466382,1.2869140280903255,1.0045219295804058,-0.1910342166736657,0.8888888888888888
6,16,0.1,6.0,6,-1.01896773624156,1.1613242976060136,0.5716590605169871,0.2549849663356228,0.8888888888888888
6,16,0.2,6.0,1,-1.009882123326711,1.23022887301611,0.913959414177915,-0.3610299227826954,0.8888888888888888
6,16,0.2,6.0,2,-0.9965913008611872,1.187370570104216,0.8111984639043989,-0.1974298730673659,0.8888888888888888
6,16,0.2,6.0,3,-0.9995244313004203,1.138065224778144,0.8067148155609821,-0.628396654445817,0.8888888888888888
6,16,0.2,6.0,4,-0.9890416312193956,1.200424160153989,0.9299666434799674,-0.5478388117610212,0.8888888888888888
6,16,0.2,6.0,5,-1.0048335892358904,1.16025926364571,0.6613786951556435,-0.4321410661134893,0.8888888888888888
6,16,0.2,6.0,6,-0.9940254092879196,1.220686451481075,0.8031255986270691,-0.3909561512357985,0.8888888888888888
6,16,0.3,6.0,1,-0.975076555416098,1.1592091905384996,1.249206754591928,-0.0548960764495378,0.8888888888888888
6,16,0.3,6.0,2,-0.9951679049829852,1.2083148191525557,0.8837932863130264,-0.2331156630093692,0.8888888888888888
6,16,0.3,6.0,3,-0.9756825970884933,1.1512928976591157,1.351554877814348,-0.1487320609596603,0.8888888888888888
6,16,0.3,6.0,4,-0.9851005685701232,1.1354501673663382,0.9075384672685184,-0.2039701631537584,0.8888888888888888
6,16,0.3,6.0,5,-0.9905652040551782,1.1378071978295483,0.7423546896726537,-0.4004577644451751,0.8888888888888888
6,16,0.3,6.0,6,-0.9778474188905124,1.1390624729044927,0.8447899948296762,-0.2777303171768541,0.8888888888888888
6,16,0.4,6.0,1,-0.9967119847039034,1.1090383397170132,0.6001585580395997,0.4173202146449112,0.8888888888888888
6,16,0.4,6.0,2,-0.9967349248203832,1.0620112399527488,0.5231076469161409,0.4849367327651765,0.8888888888888888
6,16,0.4,6.0,3,-1.000001187421944,1.139643505591584,0.4417916061585999,0.4068334029194735,0.8888888888888888
6,16,0.4,6.0,4,-0.9765491473780492,1.0569674018370612,0.5502116485066284,0.4070927263586831,0.8888888888888888
6,16,0.4,6.0,5,-0.9880779602429848,1.035744033314072,0.5252423574031762,0.5610442383146486,0.8888888888888888
6,16,0.4,6.0,6,-1.0024405280987918,1.106115470653113,0.8160266596099872,0.4791890644197673,0.8888888888888888
6,18,0.0,6.0,1,-0.6474879049270081,1.4439484306422865,1.328024968979426,0.0986947041403966,1.0
6,18,0.0,6.0,2,-0.6477056206064564,1.4474100708256312,1.3203589129824942,-0.1841402015252881,1.0
6,18,0.0,6.0,3,-0.6157022013953254,1.3980769539446858,1.364486392064709,-0.2013589275802302,1.0
6,18,0.0,6.0,4,-0.6232852589578333,1.407555958571951,1.2971103436863038,-0.1312505414103645,1.0
6,18,0.0,6.0,5,-0.5797794649688348,1.3644733769709632,1.399053130173695,-0.1790044591745054,1.0
6,18,0.0,6.0,6,-0.6209721616923477,1.429390831473977,1.485245246550448,-0.2456181196142028,1.0
6,18,0.1,6.0,1,-0.655842124026207,1.389300486504947,1.0057664824522878,0.4305495763511834,1.0
6,18,0.1,6.0,2,-0.6581132487793966,1.405732242104664,1.208536449402444,0.6917391973506188,1.0
6,18,0.1,6.0,3,-0.6966076868704771,1.435958380996163,1.1228495651901516,0.6669640372537506,1.0
6,18,0.1,6.0,4,-0.6748805429899527,1.4252698410687823,1.071713838262911,0.7483489859400059,1.0
6,18,0.1,6.0,5,-0.6441726738530799,1.4051948784978203,1.2653951819962763,0.717710316086223,1.0
6,18,0.1,6.0,6,-0.6864293593922508,1.4130240142198502,1.1230951163230525,0.7246683527398597,1.0
6,18,0.2,6.0,1,-0.7094330068996473,1.3340907767209589,1.0160204668818915,0.8348245915920127,1.0
6,18,0.2,6.0,2,-0.7066289271874119,1.3957455923240487,0.9890666529656678,1.052431347224961,1.0
6,18,0.2,6.0,3,-0.7047324462813044,1.371816103048863,1.010024106681256,0.96289528092394,1.0
6,18,0.2,6.0,4,-0.6891424951082348,1.347947949998502,0.8858209278124681,0.8509966957355637,1.0
6,18,0.2,6.0,5,-0.724295464910504,1.3912366693712133,0.9213028444098608,1.0400607971209204,1.0
6,18,0.2,6.0,6,-0.7146178515541506,1.348358021775939,0.7740458078177563,1.109202598990723,1.0
6,18,0.3,6.0,1,-0.7412619948392127,1.2766044007833448,0.937408350983113,1.2664904579981442,1.0
6,18,0.3,6.0,2,-0.7379971235631266,1.304075511925948,0.8597739533818374,1.1262558720101008,1.0
6,18,0.3,6.0,3,-0.7448558856908097,1.303200982176358,0.7823569659568225,1.235894891145873,1.0
6,18,0.3,6.0,4,-0.7517580185376171,1.305172159288339,0.8896075253631508,1.175984172568855,1.0
6,18,0.3,6.0,5,-0.741849867455494,1.2991657973483943,0.8102266811185832,1.1909674147700104,1.0
6,18,0.3,6.0,6,-0.732593812214199,1.2937411030239945,0.7290134058159892,1.194835811477147,1.0
6,18,0.4,6.0,1,-0.7677016810371284,1.2100213670125013,0.6822501764790078,1.6577228769494616,1.0
6,18,0.4,6.0,2,-0.7533034785950065,1.2139157144296795,0.5729774171627267,1.5988350074066375,1.0
6,18,0.4,6.0,3,-0.7601892104691972,1.2360174818624623,0.6113026518021767,1.5204200229148763,1.0
6,18,0.4,6.0,4,-0.7688412470618156,1.217956932696083,0.5661173428211739,1.5851487302988516,1.0
6,18,0.4,6.0,5,-0.7655690311684877,1.2247365766375775,0.4664479316675586,1.547831452904265,1.0
6,18,0.4,6.0,6,-0.7689455585990612,1.2073897124538615,0.5769641940325897,1.635490310000316,1.0
6,4,0.0,8.0,1,-28.011838435038545,-34.390873507561516,-3.639688939570173,2.5049461642626403,0.2222222222222222
6,4,0.0,8.0,2,-28.166367517388274,-34.48742786000348,-7.11806124702202,1.1763938115550987,0.2222222222222222
6,4,0.0,8.0,3,-28.01623813703934,-31.283008247565306,-6.082811015167038,3.21987335614604,0.2222222222222222
6,4,0.0,8.0,4,-27.88912636318521,-35.42388226116875,-4.577629136199123,2.117407876836553,0.2222222222222222
6,4,0.0,8.0,5,-28.158319935981815,-34.622070925416914,-12.431299524492903,2.2530501634871163,0.2222222222222222
6,4,0.0,8.0,6,-27.942198072960387,-26.572535846651213,-4.244578295759603,4.938906581566775,0.2222222222222222
6,4,0.1,8.0,1,-29.05204979331912,-32.605788105727754,-0.4326920251407216,0.1062720519960821,0.2222222222222222
6,4,0.1,8.0,2,-27.884339985346617,-29.63100610751285,-3.9271152389097903,-0.1901945829729559,0.2222222222222222
6,4,0.1,8.0,3,-28.206370322052607,-31.53947267766565,-0.4128532098128794,-1.097583635776716,0.2222222222222222
6,4,0.1,8.0,4,-28.052346655320683,-32.752741591136655,-1.4315894806806693,2.2614559284232416,0.2222222222222222
6,4,0.1,8.0,5,-28.403545602364584,-34.04343249128391,-7.927610302491486,-3.687552352235104,0.2222222222222222
6,4,0.1,8.0,6,-29.007500202073697,-36.70741133930051,-7.524465119290125,-2.075411908262038,0.2222222222222222
6,4,0.2,8.0,1,-28.955857007100978,-33.42824142588253,-4.37633405693379,4.0256427945825095,0.2222222222222222
6,4,0.2,8.0,2,-28.99514530375029,-30.55020507437183,-5.70012520562697,-1.5128481432483118,0.2222222222222222
6,4,0.2,8.0,3,-28.419700618331863,-35.258425826407866,-7.243978685084575,-6.497660825949751,0.2222222222222222
6,4,0.2,8.0,4,-29.166408261275556,-32.64376075781196,-3.683133826666566,-1.3783985893542106,0.2222222222222222
6,4,0.2,8.0,5,-28.487368916202477,-27.71659812101377,-3.222584037846918,-3.8221771648279743,0.2222222222222222
6,4,0.2,8.0,6,-28.506432407826907,-30.053228657517412,-6.813647229138536,-3.387525961408902,0.2222222222222222
6,4,0.3,8.0,1,-30.07095905738845,-29.38225210810135,-6.953261106217335,-10.407724007400024,0.2222222222222222
6,4,0.3,8.0,2,-30.397031812166915,-29.15689909422399,-2.330365981756866,-4.206929941944966,0.2222222222222222
6,4,0.3,8.0,3,-30.006215001076196,-27.13748452034642,-3.115850113949782,-5.829265774740561,0.2222222222222222
6,4,0.3,8.0,4,-30.142569689958787,-32.844922530305425,-8.052012162977551,-12.200256472550803,0.2222222222222222
6,4,0.3,8.0,5,-30.16120995688568,-30.363410164711333,-4.78894790607487,-7.808824405743726,0.2222222222222222
6,4,0.3,8.0,6,-30.20686203357826,-32.25492695081239,-10.645718438922115,-8.42996381659285,0.2222222222222222
6,4,0.4,8.0,1,-31.291160724998633,-30.86413499253132,-4.516014468815156,-13.64083010768058,0.2222222222222222
6,4,0.4,8.0,2,-31.69508249179821,-29.48742981190217,-5.202759811555838,-15.919699953937862,0.2222222222222222
6,4,0.4,8.0,3,-31.488823432508177,-28.42826814740842,-6.236152185129056,-15.564322594212635,0.2222222222222222
6,4,0.4,8.0,4,-31.432641462456292,-33.14059830444705,-3.2796529947822464,-14.292142235793024,0.2222222222222222
6,4,0.4,8.0,5,-32.17037071180934,-27.908766889158585,-7.056490482780741,-14.808469012052829,0.2222222222222222
6,4,0.4,8.0,6,-31.6477653110868,-37.141931521573206,-5.001206964543387,-18.00865632913106,0.2222222222222222
6,6,0.0,8.0,1,-15.035474829150122,-9.526083784428868,-5.930535603127387,-0.0609186453956524,0.3333333333333333
6,6,0.0,8.0,2,-15.127714453355214,-9.61758574003586,-5.288414369169909,1.50498568564309,0.3333333333333333
6,6,0.0,8.0,3,-14.694964582544763,-8.774171478860138,-5.004147243037833,-0.7122911847035803,0.3333333333333333
6,6,0.0,8.0,4,-14.961234384635492,-7.737379894463251,-8.371051021405089,-0.4192492353926494,0.3333333333333333
6,6,0.0,8.0,5,-14.968727594685411,-9.717596835566196,-7.8447369767465345,0.8064010517981901,0.3333333333333333
6,6,0.0,8.0,6,-14.882009803671496,-9.203439466974286,-5.914719126229919,0.824107548777452,0.3333333333333333
6,6,0.1,8.0,1,-15.1897173466108,-9.278227521754246,-4.193515742544356,-1.2685185381288338,0.3333333333333333
6,6,0.1,8.0,2,-14.798311372535858,-9.859339200990297,-5.816684696784188,0.1252218435653365,0.3333333333333333
6,6,0.1,8.0,3,-15.043616250644137,-8.856703029062212,-4.115426577985142,5.911488056084306,0.3333333333333333
6,6,0.1,8.0,4,-15.07793644576538,-9.58607716511055,-4.678339254260228,-0.233211828757318,0.3333333333333333
6,6,0.1,8.0,5,-15.091184569236969,-9.00032030770015,-5.207890326453945,2.3504000061530865,0.3333333333333333
6,6,0.1,8.0,6,-14.958241051125952,-9.728774662034857,-4.597632841853047,1.4090462977867992,0.3333333333333333
6,6,0.2,8.0,1,-15.3610163741385,-10.277316375611676,-2.2849614866672687,0.8514939105348794,0.3333333333333333
6,6,0.2,8.0,2,-15.38300592961506,-6.879130866673468,-8.61706542518415,3.215101763062126,0.3333333333333333
6,6,0.2,8.0,3,-15.257814679887844,-8.057408830374367,-8.36100861100496,-7.186228323460523,0.3333333333333333
6,6,0.2,8.0,4,-15.383179949222944,-10.42499844977193,-4.587075758363415,-0.1908400865635617,0.3333333333333333
6,6,0.2,8.0,5,-15.26039077865414,-8.964629459228084,-2.462480556581524,-3.7098003710526344,0.3333333333333333
6,6,0.2,8.0,6,-15.20977572656152,-10.318086500052129,-5.2931315320035734,1.365725015039668,0.3333333333333333
6,6,0.3,8.0,1,-15.701403057499167,-9.235164732651178,-3.753636876523246,1.8673456376662916,0.3333333333333333
6,6,0.3,8.0,2,-16.311464322169655,-8.986577888954761,-8.672681363132224,0.5212599379880667,0.3333333333333333
6,6,0.3,8.0,3,-15.75379386134592,-9.131577827510403,-4.485328977803556,-5.53740231543377,0.3333333333333333
6,6,0.3,8.0,4,-15.796918162411568,-9.11098459008591,-4.72066612227467,-1.141583542628685,0.3333333333333333
6,6,0.3,8.0,5,-16.05823466877582,-8.660166193602855,-6.144716712578166,-4.403065240794389,0.3333333333333333
6,6,0.3,8.0,6,-16.02400947308348,-12.0353195307018,-7.354419041938314,-4.3121881054657,0.3333333333333333
6,6,0.4,8.0,1,-16.03503477148164,-10.762371309834084,-6.029955607081078,-5.317829080092247,0.3333333333333333
6,6,0.4,8.0,2,-16.625116977421875,-8.159404027896816,-7.457811561280538,-3.851999406958759,0.3333333333333333
6,6,0.4,8.0,3,-16.372005571241328,-10.365580428267227,-7.022942013311503,-4.891095064087855,0.3333333333333333
6,6,0.4,8.0,4,-16.11970103257989,-9.985263185921156,-8.667898459262853,-4.787489535780886,0.3333333333333333
6,6,0.4,8.0,5,-15.815327472580174,-8.664112094868434,-5.429131078447147,-1.6511447167098088,0.3333333333333333
6,6,0.4,8.0,6,-15.77404695323784,-10.1336880690489,-4.411328022376791,-3.6328926680100424,0.3333333333333333
6,8,0.0,8.0,1,-7.7658285344264755,-4.614647160588328,-6.910266044971172,0.5276982994254305,0.4444444444444444
6,8,0.0,8.0,2,-7.820202538567398,-4.493463882545131,-2.2531326392713673,2.0609941372958445,0.4444444444444444
6,8,0.0,8.0,3,-7.536414941395989,-4.157285967148323,-5.362736337047529,2.5213234106813345,0.4444444444444444
6,8,0.0,8.0,4,-7.485743006609648,-4.707284021355261,-4.7831911127260245,2.7382811467808628,0.4444444444444444
6,8,0.0,8.0,5,-7.734103660657124,-6.173625732264585,0.4604865266643678,2.9642640022559923,0.4444444444444444
6,8,0.0,8.0,6,-7.664011130037878,-5.2383187854363005,-2.9986994093609507,0.8484117800802717,0.4444444444444444
6,8,0.1,8.0,1,-7.713120229588704,-4.079452252813321,-4.205815011610204,0.9582268384318258,0.4444444444444444
6,8,0.1,8.0,2,-7.856219846457097,-4.2922129232669715,-3.7738053639794495,3.643916651352062,0.4444444444444444
6,8,0.1,8.0,3,-7.731623220746137,-5.458119839458488,-5.243103501316054,1.0826988862488505,0.4444444444444444
6,8,0.1,8.0,4,-7.674304988144925,-4.188509146997967,-4.997478845567848,1.2348828418352655,0.4444444444444444
6,8,0.1,8.0,5,-7.7582870579428,-4.7690706902958135,-2.964105285802945,0.5027293827733392,0.4444444444444444
6,8,0.1,8.0,6,-7.722372080556786,-3.833871739502624,-4.711457012196498,1.8547715125079745,0.4444444444444444
6,8,0.2,8.0,1,-7.824005903224235,-5.320512733122631,-5.7237905583098305,0.1936556686642004,0.4444444444444444
6,8,0.2,8.0,2,-7.89408443327716,-4.422157333852645,-3.036335330174995,1.1240742041016745,0.4444444444444444
6,8,0.2,8.0,3,-7.726508326110808,-4.746897559070283,-4.448531586082917,0.5582530297198836,0.4444444444444444
6,8,0.2,8.0,4,-7.705802052499668,-3.891751120275179,-3.8159141732441832,0.3996984452131586,0.4444444444444444
6,8,0.2,8.0,5,-7.716665365325272,-4.1442828094791855,-3.4061455735935757,-1.3087759540292216,0.4444444444444444
6,8,0.2,8.0,6,-7.7339086571355535,-3.921598546044158,-4.178331404201898,0.3407734564721645,0.4444444444444444
6,8,0.3,8.0,1,-7.912076879303331,-1.7372294312956715,-18.574444494800755,0.4287412407834982,0.4444444444444444
6,8,0.3,8.0,2,-7.937841313478272,-3.3092347300734573,-1.642376826073494,0.6113589536918299,0.4444444444444444
6,8,0.3,8.0,3,-7.824289728083073,-4.5567371417527625,-4.216791918978119,0.1448366409846436,0.4444444444444444
6,8,0.3,8.0,4,-7.930105644457543,-4.501321779286877,-4.075114786118162,0.5015614385918186,0.4444444444444444
6,8,0.3,8.0,5,-8.02859318567435,-5.155088292641331,-3.4878422818297907,-0.6809079988835423,0.4444444444444444
6,8,0.3,8.0,6,-7.908367100904336,-4.269505390654848,-6.282864005241812,0.0689227028381629,0.4444444444444444
6,8,0.4,8.0,1,-8.129064282701389,-4.767159869840501,-3.8084725276072846,-3.0828037075814225,0.4444444444444444
6,8,0.4,8.0,2,-8.086093844008477,-7.105579838514058,0.3609931947870345,-0.3988631246969206,0.4444444444444444
6,8,0.4,8.0,3,-8.223822802095775,-5.394862959905311,-3.6611888943857025,-1.800439748362934,0.4444444444444444
6,8,0.4,8.0,4,-8.033732739371823,-4.244014668052977,-6.108348324040227,-4.6753107256730315,0.4444444444444444
6,8,0.4,8.0,5,-8.11032845386558,-4.302819364143053,-3.941082371250604,-0.931674236572586,0.4444444444444444
6,8,0.4,8.0,6,-8.048793474755712,-3.9381560514706817,-3.3770915962354593,-1.4130559856987115,0.4444444444444444
6,10,0.0,8.0,1,-4.013816184002827,-2.0953016092485512,-2.327601533925238,1.3425428764404823,0.5555555555555556
6,10,0.0,8.0,2,-4.019980043316727,-2.39582252898355,-2.852212974813411,0.1508903959323031,0.5555555555555556
6,10,0.0,8.0,3,-3.927847416340113,-2.530218607288463,-1.396274584612106,1.0425366093816244,0.5555555555555556
6,10,0.0,8.0,4,-3.9246208411562646,-2.014019425066246,0.1616929711765684,1.3141546634318684,0.5555555555555556
6,10,0.0,8.0,5,-3.92601275706237,-1.905367102275735,-1.73583130523962,1.178097987345852,0.5555555555555556
6,10,0.0,8.0,6,-3.9354827580820007,-2.206529351694992,-1.2208436341377813,0.8201360884881488,0.5555555555555556
6,10,0.1,8.0,1,-3.992805465910621,-2.4627329427156073,-1.23224527502719,0.557109929921882,0.5555555555555556
6,10,0.1,8.0,2,-3.966455043084508,-2.2526479779868347,-2.5848087466080476,0.1170205939912778,0.5555555555555556
6,10,0.1,8.0,3,-3.9421848504286023,-2.345229520727461,-2.5367418113850766,0.7781437588872095,0.5555555555555556
6,10,0.1,8.0,4,-3.919214923274646,-2.3441041808656533,-0.8180606822068672,0.0982714497701847,0.5555555555555556
6,10,0.1,8.0,5,-3.9709578015042815,-1.8380548536592531,-1.167457968389729,0.2141391236945418,0.5555555555555556
6,10,0.1,8.0,6,-3.855156719159372,-1.6290135801653505,-1.840870573856235,-0.4015144532428235,0.5555555555555556
6,10,0.2,8.0,1,-4.058000639147346,-1.9447629639448225,-3.280694238531973,0.454646314619209,0.5555555555555556
6,10,0.2,8.0,2,-4.003111396581668,-2.2184404768751436,-0.240003758542634,-0.0434292421741749,0.5555555555555556
6,10,0.2,8.0,3,-3.896124721505582,-1.974172821545268,-1.5493002550151889,-0.191020623153191,0.5555555555555556
6,10,0.2,8.0,4,-3.967306041697076,-2.057422698317533,-1.6332642755282691,0.5249366338467025,0.5555555555555556
6,10,0.2,8.0,5,-4.079691990570639,-2.102568354193361,0.6935080782250527,0.6074413195437927,0.5555555555555556
6,10,0.2,8.0,6,-3.9067420690207313,-1.8853868048670264,-1.3982680437407835,-1.383057879844306,0.5555555555555556
6,10,0.3,8.0,1,-4.007180061798,-1.7997062742163163,-0.6324514478071579,-0.2824989159085901,0.5555555555555556
6,10,0.3,8.0,2,-3.997979147344219,-2.4831666522734053,-2.3488348152671836,-0.2995459646982952,0.5555555555555556
6,10,0.3,8.0,3,-4.0179617365707845,-2.1184557104677046,-2.66017582077098,-0.8999013400319734,0.5555555555555556
6,10,0.3,8.0,4,-3.9811905407971784,-1.4750637332791137,-0.5436491635419347,-0.8297563925985287,0.5555555555555556
6,10,0.3,8.0,5,-3.832388382295517,-1.9487327514970705,-2.3441460574483903,-0.1845973866066661,0.5555555555555556
6,10,0.3,8.0,6,-3.96939899130532,-1.8118143882485072,-2.730493535223254,0.0118766763285275,0.5555555555555556
6,10,0.4,8.0,1,-4.040713828917232,-1.9523043276512653,-1.3476180312663986,-1.0047615405229464,0.5555555555555556
6,10,0.4,8.0,2,-3.983528985514554,-1.6551028514507884,-1.1368042505181069,-1.173403516861924,0.5555555555555556
6,10,0.4,8.0,3,-3.876526471672176,-2.11104056114367,-1.7803577416584233,-1.448708909896278,0.5555555555555556
6,10,0.4,8.0,4,-3.9232734296397624,-1.838933034816892,-1.0446680737421934,-1.2606554671638617,0.5555555555555556
6,10,0.4,8.0,5,-3.983732942545113,-2.248161336933726,-1.6226551347502838,-1.926028955802072,0.5555555555555556
6,10,0.4,8.0,6,-3.9696730085207106,-1.8358134064999316,-3.859024070298019,-1.3512409034306625,0.5555555555555556
6,12,0.0,8.0,1,-2.1735032338268545,-0.5744185441629679,0.554692621052182,0.0646358873533897,0.6666666666666666
6,12,0.0,8.0,2,-2.143788569626218,-0.4642109781494856,-1.462455733725107,0.3689802868847067,0.6666666666666666
6,12,0.0,8.0,3,-2.1694560176791766,-0.5380218852922789,-0.3978366679650925,0.0457670362306329,0.6666666666666666
6,12,0.0,8.0,4,-2.1000019755051076,-0.3916973660252217,0.5583801389472951,0.0609066007349942,0.6666666666666666
6,12,0.0,8.0,5,-2.165457343630105,-0.7278638963740403,-0.7284438751430551,-0.4146160518987647,0.6666666666666666
6,12,0.0,8.0,6,-2.133464031312419,-0.687306503528494,0.0991191961041577,-0.5387932629823247,0.6666666666666666
6,12,0.1,8.0,1,-2.146944871596895,-0.445414581137541,0.0282558808464988,-0.9855705152785004,0.6666666666666666
6,12,0.1,8.0,2,-2.209835505411374,-0.7122845405103695,-0.6947505009401634,-0.4190288593447381,0.6666666666666666
6,12,0.1,8.0,3,-2.115615044493663,-0.5350207884084097,-0.5537749613990627,-1.0209787774153816,0.6666666666666666
6,12,0.1,8.0,4,-2.1381571594534785,-0.7094431941259269,0.0135684540002876,0.2146138886431536,0.6666666666666666
6,12,0.1,8.0,5,-2.1820094337556872,-0.3654214350545837,-0.096893860181605,-0.1817439345801561,0.6666666666666666
6,12,0.1,8.0,6,-2.1122652926943877,-0.4245410301829772,-0.4637385685712213,-0.2508422441574087,0.6666666666666666
6,12,0.2,8.0,1,-2.139350925226379,-0.4658451592767887,-0.0696818269093279,-0.7095915794406524,0.6666666666666666
6,12,0.2,8.0,2,-2.1579726795792267,-0.4165404619279292,-0.6217507633008234,-1.6464517141494106,0.6666666666666666
6,12,0.2,8.0,3,-2.116176577402057,-0.3865253544492997,-0.1859723041305595,-1.6494553863890336,0.6666666666666666
6,12,0.2,8.0,4,-2.0944061708812898,-0.3826529545256828,-0.3873379639269094,-1.5315661835747658,0.6666666666666666
6,12,0.2,8.0,5,-2.144288070420458,-0.5207354709254325,-0.3098742275796912,-1.0169466850754092,0.6666666666666666
6,12,0.2,8.0,6,-2.1257994566518628,-0.3582787654737067,-0.7118428018328153,-0.8660826845633988,0.6666666666666666
6,12,0.3,8.0,1,-2.0652994974845003,-0.6075839418352661,-0.344646680149265,-1.2644306324554426,0.6666666666666666
6,12,0.3,8.0,2,-2.0972507092166617,-0.4476208909958476,-0.8854703997080486,-1.7699432133823665,0.6666666666666666
6,12,0.3,8.0,3,-2.045620828414097,-0.5756715620504353,-0.3393915929649422,-1.0215824008778995,0.6666666666666666
6,12,0.3,8.0,4,-2.0749770114662267,-0.6306641642148668,-0.286204724177974,-1.2947355630696111,0.6666666666666666
6,12,0.3,8.0,5,-2.0216169927353627,-0.479812027265952,-1.5168679891926116,-1.6144786046683983,0.6666666666666666
6,12,0.3,8.0,6,-1.9744589377803112,-0.5162171404090916,0.2484143621465499,-0.7688124248047067,0.6666666666666666
6,12,0.4,8.0,1,-1.978632415169307,-0.4575999699069181,-0.5515218609331114,-1.2917922699986406,0.6666666666666666
6,12,0.4,8.0,2,-1.9177536366453576,-0.4681692490463334,-1.0931641914354675,-1.359313038253776,0.6666666666666666
6,12,0.4,8.0,3,-1.9551159846876849,-0.4875804565635476,-0.693662591744885,-1.5127379526777307,0.6666666666666666
6,12,0.4,8.0,4,-1.9829560488080056,-0.4498980966714185,-0.1914837490860095,-1.4248775178515938,0.6666666666666666
6,12,0.4,8.0,5,-1.9894740827492816,-0.3616499694973381,-1.1180821067165232,-1.292825633307052,0.6666666666666666
6,12,0.4,8.0,6,-1.9532808763351703,-0.4265103571620718,-1.458503039409469,-0.3050783900251799,0.6666666666666666
6,14,0.0,8.0,1,-1.2030626336389802,0.558976252716505,0.1979418953620725,-0.2810473084549546,0.7777777777777778
6,14,0.0,8.0,2,-1.2209955139877078,0.6010116949750627,0.33364881750106,-0.6158600546885941,0.7777777777777778
6,14,0.0,8.0,3,-1.2433203229523682,0.4766614835905131,0.1054817311257815,-0.4122909848101591,0.7777777777777778
6,14,0.0,8.0,4,-1.2265533151063537,0.5482639153733514,0.0752692144953171,-0.5154439156298309,0.7777777777777778
6,14,0.0,8.0,5,-1.2095576047214742,0.4577690116741563,0.4939702434719786,-0.4584413551877311,0.7777777777777778
6,14,0.0,8.0,6,-1.215145854334839,0.4477376135966405,0.1575408911224828,-0.3079924266178231,0.7777777777777778
6,14,0.1,8.0,1,-1.1461770357232854,0.6150148477006775,0.5434788629184757,-0.3483754234493161,0.7777777777777778
6,14,0.1,8.0,2,-1.2113968934024713,0.4644424241953923,0.60252116815009,-0.7066852157449046,0.7777777777777778
6,14,0.1,8.0,3,-1.190737665339593,0.4906476570242468,0.6318670441409242,-0.6669511666588568,0.7777777777777778
6,14,0.1,8.0,4,-1.2082363045656754,0.5872462205669361,0.2094689563874516,-0.4038306064537874,0.7777777777777778
6,14,0.1,8.0,5,-1.2177223295486244,0.5354171304640751,0.1762002759942184,-0.3422359959690156,0.7777777777777778
6,14,0.1,8.0,6,-1.1702129295097212,0.5381183736363024,-0.1123663220227822,-0.5995367241681214,0.7777777777777778
6,14,0.2,8.0,1,-1.1688529293876797,0.491115840277945,-0.2489279870579471,-1.1381457227100695,0.7777777777777778
6,14,0.2,8.0,2,-1.1613637502115357,0.6145154626342155,0.2180270567930488,-0.5239046998433455,0.7777777777777778
6,14,0.2,8.0,3,-1.1296094703758537,0.6647154207222143,0.2517384079164392,-0.5239133423282119,0.7777777777777778
6,14,0.2,8.0,4,-1.149657528583097,0.5707247381709376,0.4788437336719461,-0.7050143961821101,0.7777777777777778
6,14,0.2,8.0,5,-1.155530673201723,0.588740044998884,-0.0582676945887805,-1.2781720954396376,0.7777777777777778
6,14,0.2,8.0,6,-1.1684769280570833,0.5991630733174416,-0.1143377492653772,-0.7006550657039265,0.7777777777777778
6,14,0.3,8.0,1,-1.1552274701048617,0.6222392255759843,0.1543932526784034,-0.8222137751649855,0.7777777777777778
6,14,0.3,8.0,2,-1.1423259058842412,0.3978001114966217,-0.248300150937359,-1.2940675093439196,0.7777777777777778
6,14,0.3,8.0,3,-1.1369685591018537,0.6259529710766935,0.5547115709137207,-1.152304104840021,0.7777777777777778
6,14,0.3,8.0,4,-1.1211564652649575,0.6331221874609023,0.6043605860530559,-0.571905997558571,0.7777777777777778
6,14,0.3,8.0,5,-1.107104771634417,0.5028810743082215,0.1232509972235938,-1.023455773938083,0.7777777777777778
6,14,0.3,8.0,6,-1.103617574484898,0.5249865994022336,0.3312757111074579,-0.8175111709531203,0.7777777777777778
6,14,0.4,8.0,1,-1.1378923763928177,0.5235031714737524,0.282737177656875,-0.8840111138897335,0.7777777777777778
6,14,0.4,8.0,2,-1.084866019233678,0.4352483955308791,0.4224755069351614,-0.9438058824178316,0.7777777777777778
6,14,0.4,8.0,3,-1.1127365197902823,0.6001671051945514,0.0034255186198275,-0.8240870381971204,0.7777777777777778
6,14,0.4,8.0,4,-1.078860307579049,0.5160312379073343,0.0362175039622214,-0.8825986950268991,0.7777777777777778
6,14,0.4,8.0,5,-1.1259495046949115,0.6239274139566907,0.3680663959807164,-0.8858113645221378,0.7777777777777778
6,14,0.4,8.0,6,-1.1319239158734518,0.5079902150066165,0.1009904897015635,-0.8444636696915172,0.7777777777777778
6,16,0.0,8.0,1,-0.693391930965403,1.14694247795701,0.8527047099029506,-0.4272858419444477,0.8888888888888888
6,16,0.0,8.0,2,-0.6870711536705365,1.1911927585411577,1.113215790477009,0.0791744052057105,0.8888888888888888
6,16,0.0,8.0,3,-0.6742794791664815,1.0861074337860153,0.8309726056649213,-0.3161567771984564,0.8888888888888888
6,16,0.0,8.0,4,-0.6908088835542643,1.1229095021898865,0.8676424737464494,-0.2863643864877002,0.8888888888888888
6,16,0.0,8.0,5,-0.6922099189839419,1.123752060030921,1.0738113582817044,-0.0627278305792035,0.8888888888888888
6,16,0.0,8.0,6,-0.6985681171742526,1.1955597981605175,0.7969221638809547,-0.1030366856686749,0.8888888888888888
6,16,0.1,8.0,1,-0.6931695739922725,1.16852690831664,0.5996148895860067,-1.6662758140969696,0.8888888888888888
6,16,0.1,8.0,2,-0.6617365420690031,1.071598175963096,1.2049918362894407,0.1771420213717194,0.8888888888888888
6,16,0.1,8.0,3,-0.6753776526315682,1.1970925469072309,0.5456789656277158,-0.2073486114955434,0.8888888888888888
6,16,0.1,8.0,4,-0.6782387734722691,1.1189539562860928,0.4913314637814981,-0.0593175349486545,0.8888888888888888
6,16,0.1,8.0,5,-0.7027003985761798,1.1282747525553656,1.055803874345396,-0.1350613528864793,0.8888888888888888
6,16,0.1,8.0,6,-0.6794261020921193,1.0947704528443398,0.8411305076470461,-0.1178686301320329,0.8888888888888888
6,16,0.2,8.0,1,-0.6958859793435599,1.1800579867562064,0.924541372061534,0.3766022767887656,0.8888888888888888
6,16,0.2,8.0,2,-0.6933940232967879,1.103389856057181,0.9796599435318164,-0.2963028938345874,0.8888888888888888
6,16,0.2,8.0,3,-0.6758662898994088,1.1464021180333144,0.4150483558550445,-0.0888262470949483,0.8888888888888888
6,16,0.2,8.0,4,-0.6692789235264416,1.12392408636512,0.9214669512242262,-0.180688438081719,0.8888888888888888
6,16,0.2,8.0,5,-0.684414892428639,1.182449350029926,0.4885211357344673,-0.0776709088667718,0.8888888888888888
6,16,0.2,8.0,6,-0.6771834770242725,1.1258671496113728,0.7835086231330791,-0.2579623603502119,0.8888888888888888
6,16,0.3,8.0,1,-0.6602146686459036,1.0478200945776286,0.6365798519975757,0.1481339223314199,0.8888888888888888
6,16,0.3,8.0,2,-0.6869017401645477,1.069727071972265,0.4556349033238163,-0.0741430935411557,0.8888888888888888
6,16,0.3,8.0,3,-0.6626667765057382,1.0027326477806966,0.6930507153101078,-0.0312948680256637,0.8888888888888888
6,16,0.3,8.0,4,-0.6892244234028679,1.0967511493702844,0.8196475959012831,0.0839339479938334,0.8888888888888888
6,16,0.3,8.0,5,-0.6645991069509913,1.021298348333186,0.5535902770970604,0.0109319397912504,0.8888888888888888
6,16,0.3,8.0,6,-0.6583387400302497,1.0586818561462177,0.531849255546963,0.116911347649605,0.8888888888888888
6,16,0.4,8.0,1,-0.7017352924406031,1.106005940278406,0.5398594118464093,0.557906473595993,0.8888888888888888
6,16,0.4,8.0,2,-0.6300733583716362,0.9417823561956103,0.6540994249624927,0.5968800089723384,0.8888888888888888
6,16,0.4,8.0,3,-0.6811448870614162,1.049681629236423,0.4748536280101644,0.7568147050039443,0.8888888888888888
6,16,0.4,8.0,4,-0.6794037191671422,1.0171912943550103,0.6019716026547747,0.6411592131824366,0.8888888888888888
6,16,0.4,8.0,5,-0.681111740868488,1.0001392960130822,0.50711020013346,0.5420638100261957,0.8888888888888888
6,16,0.4,8.0,6,-0.6595358253746214,0.9864972997522028,0.5273248346216641,0.6088523545410996,0.8888888888888888
6,18,0.0,8.0,1,-0.3883896955012404,1.2586501891191584,1.514081025353922,-0.2099227243236009,1.0
6,18,0.0,8.0,2,-0.3725089566582603,1.2010115576372165,1.3429838861608503,-0.6886302572979826,1.0
6,18,0.0,8.0,3,-0.3420634000026689,1.2107458424459625,1.3326203608151477,-0.4686484747400701,1.0
6,18,0.0,8.0,4,-0.3564055435053067,1.178639315825038,1.4350955749789125,-0.2895802820239496,1.0
6,18,0.0,8.0,5,-0.3700838216753433,1.1652293834637029,1.2142036315673497,-0.4411943114680017,1.0
6,18,0.0,8.0,6,-0.4070325810893106,1.290686701523451,1.4099780656197936,-0.2843606943249633,1.0
6,18,0.1,8.0,1,-0.3865230036623777,1.205811440876119,1.3481931416377058,0.393125628565723,1.0
6,18,0.1,8.0,2,-0.3533652360407008,1.2019794341314642,1.2784882566937408,0.0021515065159168,1.0
6,18,0.1,8.0,3,-0.3943633178966446,1.2651863524386675,1.4293692481459,0.1263247187541414,1.0
6,18,0.1,8.0,4,-0.3804864275698317,1.2032994274141824,1.2223944091093917,0.1202236341009415,1.0
6,18,0.1,8.0,5,-0.4107643507846006,1.3536867747753718,1.2350939000700658,0.0741704298306411,1.0
6,18,0.1,8.0,6,-0.3760398885546149,1.2248881545850334,1.3975601314360389,0.562881426056863,1.0
6,18,0.2,8.0,1,-0.4238948401426321,1.2255740584445238,0.9994992434647244,0.4177667611257213,1.0
6,18,0.2,8.0,2,-0.4520291464121784,1.3197655669018915,1.3669801736852274,0.5635088597540786,1.0
6,18,0.2,8.0,3,-0.4146984458330179,1.3127644725111065,1.1396278180516064,0.2418571506263901,1.0
6,18,0.2,8.0,4,-0.3781183412409531,1.1996806796131456,1.0826193959807298,0.2668475444420236,1.0
6,18,0.2,8.0,5,-0.4260315752712323,1.270773216931478,1.1767428220786011,0.453462450303825,1.0
6,18,0.2,8.0,6,-0.4206694152883291,1.352309081267196,1.4312438410135062,0.4373963109205069,1.0
6,18,0.3,8.0,1,-0.4405261797716112,1.1767797893212784,1.1158143977968478,0.8023756182856097,1.0
6,18,0.3,8.0,2,-0.4754173344592007,1.277201193683778,1.06381451994698,0.9189347690397036,1.0
6,18,0.3,8.0,3,-0.4416252179696541,1.2268918380507372,0.859481967187628,0.9301039116191464,1.0
6,18,0.3,8.0,4,-0.4759263369757281,1.321057185091116,1.2523992743158967,0.8556407873938113,1.0
6,18,0.3,8.0,5,-0.4552832349460269,1.229731078073676,0.97491180863273,0.9582375076141284,1.0
6,18,0.3,8.0,6,-0.4162426647602988,1.1268077435504344,0.8921555658979962,0.639133499484869,1.0
6,18,0.4,8.0,1,-0.4690947936169392,1.187793936301733,1.0758372856186085,1.3389533292362157,1.0
6,18,0.4,8.0,2,-0.476077166604738,1.2489163223479096,0.8482671806035714,1.4328703337479771,1.0
6,18,0.4,8.0,3,-0.513596890129761,1.2660305819785962,0.8172926591319282,1.2736261554481314,1.0
6,18,0.4,8.0,4,-0.4694051101902932,1.176004701009019,0.0625442786774347,1.4748363421253805,1.0
6,18,0.4,8.0,5,-0.4546539920259468,1.1518489429571117,0.812645965325288,1.1331657389968108,1.0
6,18,0.4,8.0,6,-0.4545949006764802,1.2017079271530453,0.9502403275997824,1.293498733846442,1.0
8,16,0.0,0.0,1,-1.2523315717771765e-15,-2.7977620220553948e-15,1.5281997889360357e-13,-2.6542323894318545e-13,0.5
8,16,0.0,0.0,2,-1.2523315717771765e-15,-2.7977620220553948e-15,1.5281997889360357e-13,-2.6542323894318545e-13,0.5
8,16,0.0,0.0,3,-1.2523315717771765e-15,-2.7977620220553948e-15,1.5281997889360357e-13,-2.6542323894318545e-13,0.5
8,16,0.0,0.0,4,-1.2523315717771765e-15,-2.7977620220553948e-15,1.5281997889360357e-13,-2.6542323894318545e-13,0.5
8,16,0.0,0.0,5,-1.2523315717771765e-15,-2.7977620220553948e-15,1.5281997889360357e-13,-2.6542323894318545e-13,0.5
8,16,0.0,0.0,6,-1.2523315717771765e-15,-2.7977620220553948e-15,1.5281997889360357e-13,-2.6542323894318545e-13,0.5
8,16,0.1,0.0,1,-3.224087663511455e-15,-4.2366110619695976e-14,-1.864464138634503e-13,1.3447021274259895e-14,0.5
8,16,0.1,0.0,2,-3.224087663511455e-15,-4.2366110619695976e-14,-1.864464138634503e-13,1.3447021274259895e-14,0.5
8,16,0.1,0.0,3,-3.224087663511455e-15,-4.2366110619695976e-14,-1.864464138634503e-13,1.3447021274259895e-14,0.5
8,16,0.1,0.0,4,-3.224087663511455e-15,-4.2366110619695976e-14,-1.864464138634503e-13,1.3447021274259895e-14,0.5
8,16,0.1,0.0,5,-3.224087663511455e-15,-4.2366110619695976e-14,-1.864464138634503e-13,1.3447021274259895e-14,0.5
8,16,0.1,0.0,6,-3.224087663511455e-15,-4.2366110619695976e-14,-1.864464138634503e-13,1.3447021274259895e-14,0.5
8,16,0.2,0.0,1,5.773159728050814e-15,5.522693413695379e-14,2.487077210844291e-13,-9.947598300641402e-15,0.5
8,16,0.2,0.0,2,5.773159728050814e-15,5.522693413695379e-14,2.487077210844291e-13,-9.947598300641402e-15,0.5
8,16,0.2,0.0,3,5.773159728050814e-15,5.522693413695379e-14,2.487077210844291e-13,-9.947598300641402e-15,0.5
8,16,0.2,0.0,4,5.773159728050814e-15,5.522693413695379e-14,2.487077210844291e-13,-9.947598300641402e-15,0.5
8,16,0.2,0.0,5,5.773159728050814e-15,5.522693413695379e-14,2.487077210844291e-13,-9.947598300641402e-15,0.5
8,16,0.2,0.0,6,5.773159728050814e-15,5.522693413695379e-14,2.487077210844291e-13,-9.947598300641402e-15,0.5
8,16,0.3,0.0,1,4.666933506314308e-14,2.6183499812759692e-14,-2.331290716028889e-13,-6.936673457857979e-14,0.5
8,16,0.3,0.0,2,4.666933506314308e-14,2.6183499812759692e-14,-2.331290716028889e-13,-6.936673457857979e-14,0.5
8,16,0.3,0.0,3,4.666933506314308e-14,2.6183499812759692e-14,-2.331290716028889e-13,-6.936673457857979e-14,0.5
8,16,0.3,0.0,4,4.666933506314308e-14,2.6183499812759692e-14,-2.331290716028889e-13,-6.936673457857979e-14,0.5
8,16,0.3,0.0,5,4.666933506314308e-14,2.6183499812759692e-14,-2.331290716028889e-13,-6.936673457857979e-14,0.5
8,16,0.3,0.0,6,4.666933506314308e-14,2.6183499812759692e-14,-2.331290716028889e-13,-6.936673457857979e-14,0.5
8,16,0.4,0.0,1,-1.7683632336229497e-14,5.7109872386718066e-15,9.091394304050483e-14,-9.555023439133948e-14,0.5
8,16,0.4,0.0,2,-1.7683632336229497e-14,5.7109872386718066e-15,9.091394304050483e-14,-9.555023439133948e-14,0.5
8,16,0.4,0.0,3,-1.7683632336229497e-14,5.7109872386718066e-15,9.091394304050483e-14,-9.555023439133948e-14,0.5
8,16,0.4,0.0,4,-1.7683632336229497e-14,5.7109872386718066e-15,9.091394304050483e-14,-9.555023439133948e-14,0.5
8,16,0.4,0.0,5,-1.7683632336229497e-14,5.7109872386718066e-15,9.091394304050483e-14,-9.555023439133948e-14,0.5
8,16,0.4,0.0,6,-1.7683632336229497e-14,5.7109872386718066e-15,9.091394304050483e-14,-9.555023439133948e-14,0.5
8,18,0.0,0.0,1,-3.2276403771902554e-14,1.093347634650854e-14,1.225686219186172e-15,-1.0794920513035325e-13,0.5625
8,18,0.0,0.0,2,-3.2276403771902554e-14,1.093347634650854e-14,1.225686219186172e-15,-1.0794920513035325e-13,0.5625
8,18,0.0,0.0,3,-3.2276403771902554e-14,1.093347634650854e-14,1.225686219186172e-15,-1.0794920513035325e-13,0.5625
8,18,0.0,0.0,4,-3.2276403771902554e-14,1.093347634650854e-14,1.225686219186172e-15,-1.0794920513035325e-13,0.5625
8,18,0.0,0.0,5,-3.2276403771902554e-14,1.093347634650854e-14,1.225686219186172e-15,-1.0794920513035325e-13,0.5625
8,18,0.0,0.0,6,-3.2276403771902554e-14,1.093347634650854e-14,1.225686219186172e-15,-1.0794920513035325e-13,0.5625
8,18,0.1,0.0,1,-2.2950530365051233e-14,2.1227464230832994e-15,2.364153317557794e-13,2.0783375020982937e-15,0.5625
8,18,0.1,0.0,2,-2.2950530365051233e-14,2.1227464230832994e-15,2.364153317557794e-13,2.0783375020982937e-15,0.5625
8,18,0.1,0.0,3,-2.2950530365051233e-14,2.1227464230832994e-15,2.364153317557794e-13,2.0783375020982937e-15,0.5625
8,18,0.1,0.0,4,-2.2950530365051233e-14,2.1227464230832994e-15,2.364153317557794e-13,2.0783375020982937e-15,0.5625
8,18,0.1,0.0,5,-2.2950530365051233e-14,2.1227464230832994e-15,2.364153317557794e-13,2.0783375020982937e-15,0.5625
8,18,0.1,0.0,6,-2.2950530365051233e-14,2.1227464230832994e-15,2.364153317557794e-13,2.0783375020982937e-15,0.5625
8,18,0.2,0.0,1,3.9506176108261574e-14,-2.359890061143233e-14,7.483791364393257e-14,9.039879955707877e-14,0.5625
8,18,0.2,0.0,2,3.9506176108261574e-14,-2.359890061143233e-14,7.483791364393257e-14,9.039879955707877e-14,0.5625
8,18,0.2,0.0,3,3.9506176108261574e-14,-2.359890061143233e-14,7.483791364393257e-14,9.039879955707877e-14,0.5625
8,18,0.2,0.0,4,3.9506176108261574e-14,-2.359890061143233e-14,7.483791364393257e-14,9.039879955707877e-14,0.5625
8,18,0.2,0.0,5,3.9506176108261574e-14,-2.359890061143233e-14,7.483791364393257e-14,9.039879955707877e-14,0.5625
8,18,0.2,0.0,6,3.9506176108261574e-14,-2.359890061143233e-14,7.483791364393257e-14,9.039879955707877e-14,0.5625
8,18,0.3,0.0,1,5.2651216719823425e-14,-2.2657431486550196e-14,-4.238209783125058e-13,-3.1565861036142456e-14,0.5625
8,18,0.3,0.0,2,5.2651216719823425e-14,-2.2657431486550196e-14,-4.238209783125058e-13,-3.1565861036142456e-14,0.5625
8,18,0.3,0.0,3,5.2651216719823425e-14,-2.2657431486550196e-14,-4.238209783125058e-13,-3.1565861036142456e-14,0.5625
8,18,0.3,0.0,4,5.2651216719823425e-14,-2.2657431486550196e-14,-4.238209783125058e-13,-3.1565861036142456e-14,0.5625
8,18,0.3,0.0,5,5.2651216719823425e-14,-2.2657431486550196e-14,-4.238209783125058e-13,-3.1565861036142456e-14,0.5625
8,18,0.3,0.0,6,5.2651216719823425e-14,-2.2657431486550196e-14,-4.238209783125058e-13,-3.1565861036142456e-14,0.5625
8,18,0.4,0.0,1,3.064215547965431e-16,-5.151434834260729e-16,-1.3862688774679558e-13,-2.1280754936014998e-14,0.5625
8,18,0.4,0.0,2,3.064215547965431e-16,-5.151434834260729e-16,-1.3862688774679558e-13,-2.1280754936014998e-14,0.5625
8,18,0.4,0.0,3,3.064215547965431e-16,-5.151434834260729e-16,-1.3862688774679558e-13,-2.1280754936014998e-14,0.5625
8,18,0.4,0.0,4,3.064215547965431e-16,-5.151434834260729e-16,-1.3862688774679558e-13,-2.1280754936014998e-14,0.5625
8,18,0.4,0.0,5,3.064215547965431e-16,-5.151434834260729e-16,-1.3862688774679558e-13,-2.1280754936014998e-14,0.5625
8,18,0.4,0.0,6,3.064215547965431e-16,-5.151434834260729e-16,-1.3862688774679558e-13,-2.1280754936014998e-14,0.5625
8,21,0.0,0.0,1,5.013767179207207e-14,-1.757705092586548e-14,1.6356693777197509e-13,-1.540101379760017e-14,0.65625
8,21,0.0,0.0,2,5.013767179207207e-14,-1.757705092586548e-14,1.6356693777197509e-13,-1.540101379760017e-14,0.65625
8,21,0.0,0.0,3,5.013767179207207e-14,-1.757705092586548e-14,1.6356693777197509e-13,-1.540101379760017e-14,0.65625
8,21,0.0,0.0,4,5.013767179207207e-14,-1.757705092586548e-14,1.6356693777197509e-13,-1.540101379760017e-14,0.65625
8,21,0.0,0.0,5,5.013767179207207e-14,-1.757705092586548e-14,1.6356693777197509e-13,-1.540101379760017e-14,0.65625
8,21,0.0,0.0,6,5.013767179207207e-14,-1.757705092586548e-14,1.6356693777197509e-13,-1.540101379760017e-14,0.65625
8,21,0.1,0.0,1,-1.4912515666765105e-14,3.4661162828797386e-14,-4.1094239122685395e-13,6.108891170697461e-14,0.65625
8,21,0.1,0.0,2,-1.4912515666765105e-14,3.4661162828797386e-14,-4.1094239122685395e-13,6.108891170697461e-14,0.65625
8,21,0.1,0.0,3,-1.4912515666765105e-14,3.4661162828797386e-14,-4.1094239122685395e-13,6.108891170697461e-14,0.65625
8,21,0.1,0.0,4,-1.4912515666765105e-14,3.4661162828797386e-14,-4.1094239122685395e-13,6.108891170697461e-14,0.65625
8,21,0.1,0.0,5,-1.4912515666765105e-14,3.4661162828797386e-14,-4.1094239122685395e-13,6.108891170697461e-14,0.65625
8,21,0.1,0.0,6,-1.4912515666765105e-14,3.4661162828797386e-14,-4.1094239122685395e-13,6.108891170697461e-14,0.65625
8,21,0.2,0.0,1,-4.037215006746919e-14,1.7932322293745533e-14,3.265832049237361e-13,1.2931877790833824e-14,0.65625
8,21,0.2,0.0,2,-4.037215006746919e-14,1.7932322293745533e-14,3.265832049237361e-13,1.2931877790833824e-14,0.65625
8,21,0.2,0.0,3,-4.037215006746919e-14,1.7932322293745533e-14,3.265832049237361e-13,1.2931877790833824e-14,0.65625
8,21,0.2,0.0,4,-4.037215006746919e-14,1.7932322293745533e-14,3.265832049237361e-13,1.2931877790833824e-14,0.65625
8,21,0.2,0.0,5,-4.037215006746919e-14,1.7932322293745533e-14,3.265832049237361e-13,1.2931877790833824e-14,0.65625
8,21,0.2,0.0,6,-4.037215006746919e-14,1.7932322293745533e-14,3.265832049237361e-13,1.2931877790833824e-14,0.65625
8,21,0.3,0.0,1,1.2247980407664731e-14,1.5154544286133387e-14,2.7592150786404093e-13,1.1901590823981679e-15,0.65625
8,21,0.3,0.0,2,1.2247980407664731e-14,1.5154544286133387e-14,2.7592150786404093e-13,1.1901590823981679e-15,0.65625
8,21,0.3,0.0,3,1.2247980407664731e-14,1.5154544286133387e-14,2.7592150786404093e-13,1.1901590823981679e-15,0.65625
8,21,0.3,0.0,4,1.2247980407664731e-14,1.5154544286133387e-14,2.7592150786404093e-13,1.1901590823981679e-15,0.65625
8,21,0.3,0.0,5,1.2247980407664731e-14,1.5154544286133387e-14,2.7592150786404093e-13,1.1901590823981679e-15,0.65625
8,21,0.3,0.0,6,1.2247980407664731e-14,1.5154544286133387e-14,2.7592150786404093e-13,1.1901590823981679e-15,0.65625
8,21,0.4,0.0,1,2.9607427620703675e-14,-3.0193625377705755e-14,2.811617605402717e-13,2.273736754432321e-15,0.65625
8,21,0.4,0.0,2,2.9607427620703675e-14,-3.0193625377705755e-14,2.811617605402717e-13,2.273736754432321e-15,0.65625
8,21,0.4,0.0,3,2.9607427620703675e-14,-3.0193625377705755e-14,2.811617605402717e-13,2.273736754432321e-15,0.65625
8,21,0.4,0.0,4,2.9607427620703675e-14,-3.0193625377705755e-14,2.811617605402717e-13,2.273736754432321e-15,0.65625
8,21,0.4,0.0,5,2.9607427620703675e-14,-3.0193625377705755e-14,2.811617605402717e-13,2.273736754432321e-15,0.65625
8,21,0.4,0.0,6,2.9607427620703675e-14,-3.0193625377705755e-14,2.811617605402717e-13,2.273736754432321e-15,0.65625
8,25,0.0,0.0,1,1.2496670365180764e-14,1.780964264952445e-14,-6.1994853695068745e-15,-1.2860823517257814e-14,0.78125
8,25,0.0,0.0,2,1.2496670365180764e-14,1.780964264952445e-14,-6.1994853695068745e-15,-1.2860823517257814e-14,0.78125
8,25,0.0,0.0,3,1.2496670365180764e-14,1.780964264952445e-14,-6.1994853695068745e-15,-1.2860823517257814e-14,0.78125
8,25,0.0,0.0,4,1.2496670365180764e-14,1.780964264952445e-14,-6.1994853695068745e-15,-1.2860823517257814e-14,0.78125
8,25,0.0,0.0,5,1.2496670365180764e-14,1.780964264952445e-14,-6.1994853695068745e-15,-1.2860823517257814e-14,0.78125
8,25,0.0,0.0,6,1.2496670365180764e-14,1.780964264952445e-14,-6.1994853695068745e-15,-1.2860823517257814e-14,0.78125
8,25,0.1,0.0,1,-1.008082506359642e-14,-1.3425371925279704e-14,-1.2093437362636905e-13,8.135714324453147e-15,0.78125
8,25,0.1,0.0,2,-1.008082506359642e-14,-1.3425371925279704e-14,-1.2093437362636905e-13,8.135714324453147e-15,0.78125
8,25,0.1,0.0,3,-1.008082506359642e-14,-1.3425371925279704e-14,-1.2093437362636905e-13,8.135714324453147e-15,0.78125
8,25,0.1,0.0,4,-1.008082506359642e-14,-1.3425371925279704e-14,-1.2093437362636905e-13,8.135714324453147e-15,0.78125
8,25,0.1,0.0,5,-1.008082506359642e-14,-1.3425371925279704e-14,-1.2093437362636905e-13,8.135714324453147e-15,0.78125
8,25,0.1,0.0,6,-1.008082506359642e-14,-1.3425371925279704e-14,-1.2093437362636905e-13,8.135714324453147e-15,0.78125
8,25,0.2,0.0,1,8.451017663446692e-15,-1.586786257945505e-14,-8.956391184256063e-14,-5.559996907322784e-15,0.78125
8,25,0.2,0.0,2,8.451017663446692e-15,-1.586786257945505e-14,-8.956391184256063e-14,-5.559996907322784e-15,0.78125
8,25,0.2,0.0,3,8.451017663446692e-15,-1.586786257945505e-14,-8.956391184256063e-14,-5.559996907322784e-15,0.78125
8,25,0.2,0.0,4,8.451017663446692e-15,-1.586786257945505e-14,-8.956391184256063e-14,-5.559996907322784e-15,0.78125
8,25,0.2,0.0,5,8.451017663446692e-15,-1.586786257945505e-14,-8.956391184256063e-14,-5.559996907322784e-15,0.78125
8,25,0.2,0.0,6,8.451017663446692e-15,-1.586786257945505e-14,-8.956391184256063e-14,-5.559996907322784e-15,0.78125
8,25,0.3,0.0,1,3.0251356974986274e-14,1.600997112660707e-14,4.0412118096355704e-14,9.201528428093298e-15,0.78125
8,25,0.3,0.0,2,3.0251356974986274e-14,1.600997112660707e-14,4.0412118096355704e-14,9.201528428093298e-15,0.78125
8,25,0.3,0.0,3,3.0251356974986274e-14,1.600997112660707e-14,4.0412118096355704e-14,9.201528428093298e-15,0.78125
8,25,0.3,0.0,4,3.0251356974986274e-14,1.600997112660707e-14,4.0412118096355704e-14,9.201528428093298e-15,0.78125
8,25,0.3,0.0,5,3.0251356974986274e-14,1.600997112660707e-14,4.0412118096355704e-14,9.201528428093298e-15,0.78125
8,25,0.3,0.0,6,3.0251356974986274e-14,1.600997112660707e-14,4.0412118096355704e-14,9.201528428093298e-15,0.78125
8,25,0.4,0.0,1,-1.3025136524902336e-14,-9.174883075502295e-15,1.0036416142611416e-13,-9.837464176598586e-14,0.78125
8,25,0.4,0.0,2,-1.3025136524902336e-14,-9.174883075502295e-15,1.0036416142611416e-13,-9.837464176598586e-14,0.78125
8,25,0.4,0.0,3,-1.3025136524902336e-14,-9.174883075502295e-15,1.0036416142611416e-13,-9.837464176598586e-14,0.78125
8,25,0.4,0.0,4,-1.3025136524902336e-14,-9.174883075502295e-15,1.0036416142611416e-13,-9.837464176598586e-14,0.78125
8,25,0.4,0.0,5,-1.3025136524902336e-14,-9.174883075502295e-15,1.0036416142611416e-13,-9.837464176598586e-14,0.78125
8,25,0.4,0.0,6,-1.3025136524902336e-14,-9.174883075502295e-15,1.0036416142611416e-13,-9.837464176598586e-14,0.78125
8,28,0.0,0.0,1,-1.2982948049966582e-14,1.9427792707915615e-14,-2.9114488597770106e-14,-4.4551029532158285e-14,0.875
8,28,0.0,0.0,2,-1.2982948049966582e-14,1.9427792707915615e-14,-2.9114488597770106e-14,-4.4551029532158285e-14,0.875
8,28,0.0,0.0,3,-1.2982948049966582e-14,1.9427792707915615e-14,-2.9114488597770106e-14,-4.4551029532158285e-14,0.875
8,28,0.0,0.0,4,-1.2982948049966582e-14,1.9427792707915615e-14,-2.9114488597770106e-14,-4.4551029532158285e-14,0.875
8,28,0.0,0.0,5,-1.2982948049966582e-14,1.9427792707915615e-14,-2.9114488597770106e-14,-4.4551029532158285e-14,0.875
8,28,0.0,0.0,6,-1.2982948049966582e-14,1.9427792707915615e-14,-2.9114488597770106e-14,-4.4551029532158285e-14,0.875
8,28,0.1,0.0,1,-1.7097434579227414e-14,-1.1453615833545428e-14,5.702993632894506e-14,7.23154869319842e-14,0.875
8,28,0.1,0.0,2,-1.7097434579227414e-14,-1.1453615833545428e-14,5.702993632894506e-14,7.23154869319842e-14,0.875
8,28,0.1,0.0,3,-1.7097434579227414e-14,-1.1453615833545428e-14,5.702993632894506e-14,7.23154869319842e-14,0.875
8,28,0.1,0.0,4,-1.7097434579227414e-14,-1.1453615833545428e-14,5.702993632894506e-14,7.23154869319842e-14,0.875
8,28,0.1,0.0,5,-1.7097434579227414e-14,-1.1453615833545428e-14,5.702993632894506e-14,7.23154869319842e-14,0.875
8,28,0.1,0.0,6,-1.7097434579227414e-14,-1.1453615833545428e-14,5.702993632894506e-14,7.23154869319842e-14,0.875
8,28,0.2,0.0,1,-2.0214940832374852e-14,-1.3192780201620735e-14,-1.465938481715057e-13,-1.5116796703296134e-14,0.875
8,28,0.2,0.0,2,-2.0214940832374852e-14,-1.3192780201620735e-14,-1.465938481715057e-13,-1.5116796703296134e-14,0.875
8,28,0.2,0.0,3,-2.0214940832374852e-14,-1.3192780201620735e-14,-1.465938481715057e-13,-1.5116796703296134e-14,0.875
8,28,0.2,0.0,4,-2.0214940832374852e-14,-1.3192780201620735e-14,-1.465938481715057e-13,-1.5116796703296134e-14,0.875
8,28,0.2,0.0,5,-2.0214940832374852e-14,-1.3192780201620735e-14,-1.465938481715057e-13,-1.5116796703296134e-14,0.875
8,28,0.2,0.0,6,-2.0214940832374852e-14,-1.3192780201620735e-14,-1.465938481715057e-13,-1.5116796703296134e-14,0.875
8,28,0.3,0.0,1,-8.264500195309667e-15,3.147204719056163e-15,1.6733281427150362e-14,-9.00612917575927e-15,0.875
8,28,0.3,0.0,2,-8.264500195309667e-15,3.147204719056163e-15,1.6733281427150362e-14,-9.00612917575927e-15,0.875
8,28,0.3,0.0,3,-8.264500195309667e-15,3.147204719056163e-15,1.6733281427150362e-14,-9.00612917575927e-15,0.875
8,28,0.3,0.0,4,-8.264500195309667e-15,3.147204719056163e-15,1.6733281427150362e-14,-9.00612917575927e-15,0.875
8,28,0.3,0.0,5,-8.264500195309667e-15,3.147204719056163e-15,1.6733281427150362e-14,-9.00612917575927e-15,0.875
8,28,0.3,0.0,6,-8.264500195309667e-15,3.147204719056163e-15,1.6733281427150362e-14,-9.00612917575927e-15,0.875
8,28,0.4,0.0,1,7.243095012654522e-15,1.8418322422775192e-14,-3.9790393202565614e-14,7.727152251391089e-15,0.875
8,28,0.4,0.0,2,7.243095012654522e-15,1.8418322422775192e-14,-3.9790393202565614e-14,7.727152251391089e-15,0.875
8,28,0.4,0.0,3,7.243095012654522e-15,1.8418322422775192e-14,-3.9790393202565614e-14,7.727152251391089e-15,0.875
8,28,0.4,0.0,4,7.243095012654522e-15,1.8418322422775192e-14,-3.9790393202565614e-14,7.727152251391089e-15,0.875
8,28,0.4,0.0,5,7.243095012654522e-15,1.8418322422775192e-14,-3.9790393202565614e-14,7.727152251391089e-15,0.875
8,28,0.4,0.0,6,7.243095012654522e-15,1.8418322422775192e-14,-3.9790393202565614e-14,7.727152251391089e-15,0.875
8,32,0.0,0.0,1,-1.8194334927557065e-14,1.7926771178622406e-14,-8.535394613318205e-15,-2.9407587476271146e-14,1.0
8,32,0.0,0.0,2,-1.8194334927557065e-14,1.7926771178622406e-14,-8.535394613318205e-15,-2.9407587476271146e-14,1.0
8,32,0.0,0.0,3,-1.8194334927557065e-14,1.7926771178622406e-14,-8.535394613318205e-15,-2.9407587476271146e-14,1.0
8,32,0.0,0.0,4,-1.8194334927557065e-14,1.7926771178622406e-14,-8.535394613318205e-15,-2.9407587476271146e-14,1.0
8,32,0.0,0.0,5,-1.8194334927557065e-14,1.7926771178622406e-14,-8.535394613318205e-15,-2.9407587476271146e-14,1.0
8,32,0.0,0.0,6,-1.8194334927557065e-14,1.7926771178622406e-14,-8.535394613318205e-15,-2.9407587476271146e-14,1.0
8,32,0.1,0.0,1,-4.012346010995316e-15,-1.5737411374061597e-15,-1.7230661342182428e-14,-8.535394613318206e-15,1.0
8,32,0.1,0.0,2,-4.012346010995316e-15,-1.5737411374061597e-15,-1.7230661342182428e-14,-8.535394613318206e-15,1.0
8,32,0.1,0.0,3,-4.012346010995316e-15,-1.5737411374061597e-15,-1.7230661342182428e-14,-8.535394613318206e-15,1.0
8,32,0.1,0.0,4,-4.012346010995316e-15,-1.5737411374061597e-15,-1.7230661342182428e-14,-8.535394613318206e-15,1.0
8,32,0.1,0.0,5,-4.012346010995316e-15,-1.5737411374061597e-15,-1.7230661342182428e-14,-8.535394613318206e-15,1.0
8,32,0.1,0.0,6,-4.012346010995316e-15,-1.5737411374061597e-15,-1.7230661342182428e-14,-8.535394613318206e-15,1.0
8,32,0.2,0.0,1,-7.771561172376097e-16,-1.480704447942571e-14,1.9593215938584765e-14,4.5101700152372367e-14,1.0
8,32,0.2,0.0,2,-7.771561172376097e-16,-1.480704447942571e-14,1.9593215938584765e-14,4.5101700152372367e-14,1.0
8,32,0.2,0.0,3,-7.771561172376097e-16,-1.480704447942571e-14,1.9593215938584765e-14,4.5101700152372367e-14,1.0
8,32,0.2,0.0,4,-7.771561172376097e-16,-1.480704447942571e-14,1.9593215938584765e-14,4.5101700152372367e-14,1.0
8,32,0.2,0.0,5,-7.771561172376097e-16,-1.480704447942571e-14,1.9593215938584765e-14,4.5101700152372367e-14,1.0
8,32,0.2,0.0,6,-7.771561172376097e-16,-1.480704447942571e-14,1.9593215938584765e-14,4.5101700152372367e-14,1.0
8,32,0.3,0.0,1,3.803624082365787e-15,8.174017018802718e-16,1.9095836023552692e-14,-7.669420654110583e-15,1.0
8,32,0.3,0.0,2,3.803624082365787e-15,8.174017018802718e-16,1.9095836023552692e-14,-7.669420654110583e-15,1.0
8,32,0.3,0.0,3,3.803624082365787e-15,8.174017018802718e-16,1.9095836023552692e-14,-7.669420654110583e-15,1.0
8,32,0.3,0.0,4,3.803624082365787e-15,8.174017018802718e-16,1.9095836023552692e-14,-7.669420654110583e-15,1.0
8,32,0.3,0.0,5,3.803624082365787e-15,8.174017018802718e-16,1.9095836023552692e-14,-7.669420654110583e-15,1.0
8,32,0.3,0.0,6,3.803624082365787e-15,8.174017018802718e-16,1.9095836023552692e-14,-7.669420654110583e-15,1.0
8,32,0.4,0.0,1,-4.722888746755417e-15,1.864008947194407e-14,1.5480949855373183e-14,-2.5761615063402135e-14,1.0
8,32,0.4,0.0,2,-4.722888746755417e-15,1.864008947194407e-14,1.5480949855373183e-14,-2.5761615063402135e-14,1.0
8,32,0.4,0.0,3,-4.722888746755417e-15,1.864008947194407e-14,1.5480949855373183e-14,-2.5761615063402135e-14,1.0
8,32,0.4,0.0,4,-4.722888746755417e-15,1.864008947194407e-14,1.5480949855373183e-14,-2.5761615063402135e-14,1.0
8,32,0.4,0.0,5,-4.722888746755417e-15,1.864008947194407e-14,1.5480949855373183e-14,-2.5761615063402135e-14,1.0
8,32,0.4,0.0,6,-4.722888746755417e-15,1.864008947194407e-14,1.5480949855373183e-14,-2.5761615063402135e-14,1.0
8,16,0.0,2.0,1,-17.319578152346566,-9.73655519427396,-0.2115178075870117,0.4927530268500532,0.5
8,16,0.0,2.0,2,-17.226417603683004,-9.75631214826051,1.4299308115503726,0.6730179380933151,0.5
8,16,0.0,2.0,3,-17.220902363458443,-9.717148230585744,0.3891352025505929,0.4728096682839395,0.5
8,16,0.0,2.0,4,-17.26360321755259,-9.796037403095838,-0.4484279054186891,0.2885843979962329,0.5
8,16,0.0,2.0,5,-17.19233797954279,-9.566372654592753,0.2384845776190663,0.167757432494076,0.5
8,16,0.0,2.0,6,-17.309481526687616,-9.768434803905754,1.3407134938813503,0.2188522729093021,0.5
8,16,0.1,2.0,1,-17.533806957698708,-9.753975043170978,-0.4609098134965246,-0.1277487139462815,0.5
8,16,0.1,2.0,2,-17.516735297999798,-9.86523251818184,1.261384770405797,-0.4110527883410553,0.5
8,16,0.1,2.0,3,-17.494282975026515,-9.664741845095785,2.2164033470079825,0.1421215979941992,0.5
8,16,0.1,2.0,4,-17.612510220388216,-9.910689435847893,0.8099799780299891,0.3068577998774157,0.5
8,16,0.1,2.0,5,-17.474981960787773,-9.827704411556777,0.7713312114645366,0.2143875912219774,0.5
8,16,0.1,2.0,6,-17.518653205199236,-9.881255503855025,1.3808489751811166,0.319570258860305,0.5
8,16,0.2,2.0,1,-18.307625317259316,-10.344632191756784,1.3535037588966543,-0.0030826830133308,0.5
8,16,0.2,2.0,2,-18.388966950588912,-10.160334443125269,0.1804036038828504,-0.1881371255545409,0.5
8,16,0.2,2.0,3,-18.329788655715653,-10.0126748241982,1.9587351043802272,-0.5820506011392356,0.5
8,16,0.2,2.0,4,-18.37538506591239,-10.20009223721909,1.1941456788678804,-0.5763801130824923,0.5
8,16,0.2,2.0,5,-18.29400975407811,-10.112921781486744,1.6698743782686498,0.150887556949668,0.5
8,16,0.2,2.0,6,-18.36491151196721,-10.079432490573492,0.812018629453244,1.441152782894499,0.5
8,16,0.3,2.0,1,-19.95219526339347,-11.165649525616896,0.8733349211596784,-3.359867558756753,0.5
8,16,0.3,2.0,2,-20.00376997794128,-11.382080138831832,0.4240441982745374,-1.1384883898485143,0.5
8,16,0.3,2.0,3,-19.84232187829785,-10.96543337684952,0.684634436148281,-2.8822758096652676,0.5
8,16,0.3,2.0,4,-19.8920820325828,-10.931409226903543,0.8109831301488744,-2.156251061523476,0.5
8,16,0.3,2.0,5,-19.840501827226273,-10.866596257028046,0.0056940917908992,-3.273717601218786,0.5
8,16,0.3,2.0,6,-19.914065457047545,-11.063855418116432,0.025620800551376,-3.9791715269153136,0.5
8,16,0.4,2.0,1,-22.27490501922516,-12.669872699492355,0.7408622117380274,-10.453648975615362,0.5
8,16,0.4,2.0,2,-22.420282170212467,-12.898420674859352,0.9233650623435944,-9.0559970459792,0.5
8,16,0.4,2.0,3,-22.440072377906976,-12.766903194993228,-0.2348155422133146,-10.804940023103834,0.5
8,16,0.4,2.0,4,-22.58062163950605,-12.946488623892105,0.2338643455225397,-8.344217935307984,0.5
8,16,0.4,2.0,5,-22.407331914595115,-12.578479719337126,0.3967514486810166,-8.98789832275063,0.5
8,16,0.4,2.0,6,-22.471269662965778,-12.636642580143008,0.6668732791243832,-7.565960537098251,0.5
8,18,0.0,2.0,1,-14.53244377947632,-8.667846979386198,1.142640655401379,-0.0165639339078548,0.5625
8,18,0.0,2.0,2,-14.537628215764247,-8.695377048438058,0.6327454023804322,0.0208133051189583,0.5625
8,18,0.0,2.0,3,-14.444324134137268,-8.761625503343444,0.4276888087068869,1.2112371258967962,0.5625
8,18,0.0,2.0,4,-14.50387250239802,-8.603227320891765,-0.0736145610008918,-0.2025890138339326,0.5625
8,18,0.0,2.0,5,-14.596986242998856,-8.877075964694882,0.035713900429874,0.9284784683387948,0.5625
8,18,0.0,2.0,6,-14.562485739078404,-8.918852782959803,2.0852939054023834,0.5573667339345609,0.5625
8,18,0.1,2.0,1,-14.775473827671595,-7.572036477927194,0.0080135166396161,0.4286462095454222,0.5625
8,18,0.1,2.0,2,-14.97297499272263,-7.936807767873566,1.3579830603950909,0.505254236070402,0.5625
8,18,0.1,2.0,3,-14.660077087750546,-7.458108414617155,2.198367340211421,0.2378975479784122,0.5625
8,18,0.1,2.0,4,-14.7577162691326,-7.762206053578359,1.1761535276160533,0.4138221842185382,0.5625
8,18,0.1,2.0,5,-14.805247704538488,-7.707677551702065,2.1670539494765353,1.2535306963499808,0.5625
8,18,0.1,2.0,6,-14.907079327634506,-7.942096077708095,2.065075031784744,1.1260535884209857,0.5625
8,18,0.2,2.0,1,-15.402471453904784,-7.434991019434956,0.7844783318402407,0.1172266736493932,0.5625
8,18,0.2,2.0,2,-15.330790922718773,-7.386265265885703,1.3523580311127756,0.963481015066469,0.5625
8,18,0.2,2.0,3,-15.345958078256592,-7.526019862282165,2.5212743377449884,1.0838172997308675,0.5625
8,18,0.2,2.0,4,-15.258269813502926,-7.421537832157602,1.2038321789991264,-0.0739372884180099,0.5625
8,18,0.2,2.0,5,-15.344322950504033,-7.472136739594633,1.56148776494642,0.3779080049002491,0.5625
8,18,0.2,2.0,6,-15.4173719967343,-7.548904929323022,0.320018510475723,-0.7073008802979829,0.5625
8,18,0.3,2.0,1,-16.485109966921662,-7.576404571960933,1.52163481970048,-3.4014199404326475,0.5625
8,18,0.3,2.0,2,-16.46663239837882,-7.539048577808157,0.3779495965374179,-3.8846284355483407,0.5625
8,18,0.3,2.0,3,-16.482415898907107,-7.427404777729538,0.6244180865612852,-2.5456604901690065,0.5625
8,18,0.3,2.0,4,-16.496174579535783,-7.475368988210849,1.6330268806146164,-1.6532353546154082,0.5625
8,18,0.3,2.0,5,-16.512299435237225,-7.641216082427445,0.2681336854954633,-4.541494135126689,0.5625
8,18,0.3,2.0,6,-16.452993581394683,-7.489940137538286,1.6765931016401037,-4.362953388206345,0.5625
8,18,0.4,2.0,1,-18.28679875702841,-8.083150467585577,1.9721067331966204,-9.806546529761343,0.5625
8,18,0.4,2.0,2,-18.35789310308969,-8.052736057708861,1.2572755918419631,-13.252727613478273,0.5625
8,18,0.4,2.0,3,-18.360408493214713,-8.083927410773498,0.9638012518028783,-11.165738665033096,0.5625
8,18,0.4,2.0,4,-18.327739279934768,-7.943033817005807,1.270993504064366,-12.41078193252583,0.5625
8,18,0.4,2.0,5,-18.358241388160035,-8.26921517070595,-0.3636576467793218,-11.579418270289828,0.5625
8,18,0.4,2.0,6,-18.345915024041886,-8.061993198650555,0.4947184516970032,-8.986959011259795,0.5625
8,21,0.0,2.0,1,-10.950489720599114,-5.511471621379158,1.2896348229497765,0.4822690497212492,0.65625
8,21,0.0,2.0,2,-10.968491446969008,-5.630524037150124,0.3520137360612781,0.4747216739281018,0.65625
8,21,0.0,2.0,3,-10.90766546515685,-5.406773783800679,1.9997965808173503,0.848185350506208,0.65625
8,21,0.0,2.0,4,-10.908055341757038,-5.222042846347328,0.4229881094093246,0.9481618659733544,0.65625
8,21,0.0,2.0,5,-10.921662061409553,-5.583272908638881,2.311299262858978,1.640788366804938,0.65625
8,21,0.0,2.0,6,-10.904321390479526,-5.399696745969683,2.0075357232882896,1.661513669055617,0.65625
8,21,0.1,2.0,1,-11.00537359079647,-1.9918628210423135,3.656617511959812,-0.3976581423980482,0.65625
8,21,0.1,2.0,2,-11.05601351218972,-2.021054654885842,4.936102081045968,-0.4102212427123785,0.65625
8,21,0.1,2.0,3,-11.128151516175135,-2.130277152188082,2.127312284012107,-0.090027122533937,0.65625
8,21,0.1,2.0,4,-11.041180312797977,-1.9975249554600425,5.032775076436859,-0.0181310249488436,0.65625
8,21,0.1,2.0,5,-11.109477840368376,-2.171784775612205,4.16719022400534,-0.3865011185522196,0.65625
8,21,0.1,2.0,6,-10.888831307244896,-1.913075901281541,3.3396523094049315,0.1737185517073107,0.65625
8,21,0.2,2.0,1,-11.28732303731762,-1.6163850550480034,3.4641185568941575,-1.8886325918550488,0.65625
8,21,0.2,2.0,2,-11.318595358897444,-1.6147008598558088,2.1750141510061862,-1.770078323838569,0.65625
8,21,0.2,2.0,3,-11.33269071531054,-1.6338514177101182,3.207348749180362,-2.006988661519979,0.65625
8,21,0.2,2.0,4,-11.30007225086428,-1.589669655169105,2.848570077781408,-1.7892953376048286,0.65625
8,21,0.2,2.0,5,-11.305128257622275,-1.5921016190775887,3.007649648142645,-2.127623916618199,0.65625
8,21,0.2,2.0,6,-11.326951161463452,-1.5466916257293826,2.613206531691025,-1.8054850117020116,0.65625
8,21,0.3,2.0,1,-11.88126908674158,-1.1844083460760857,2.5359152257221247,-5.684800768293247,0.65625
8,21,0.3,2.0,2,-11.85882037811313,-1.1535932172320915,1.7636025182837642,-5.770915156209337,0.65625
8,21,0.3,2.0,3,-11.81658044459003,-1.109611775690004,2.981566692983314,-5.943887069176155,0.65625
8,21,0.3,2.0,4,-11.893110536503308,-1.1444151596749803,1.699152888458904,-5.795711672335587,0.65625
8,21,0.3,2.0,5,-11.871393864511054,-1.1190127953556523,2.3745647273068893,-5.879884372210238,0.65625
8,21,0.3,2.0,6,-11.890353367821511,-1.0920753952776852,2.573665831675893,-5.5916540614159915,0.65625
8,21,0.4,2.0,1,-12.84582782846329,-0.5828727458444363,2.180733044740431,-15.580372286153084,0.65625
8,21,0.4,2.0,2,-12.840812962683874,-0.6129588532660396,2.1734023074823567,-15.534339014762002,0.65625
8,21,0.4,2.0,3,-12.86838273058288,-0.5619066931648149,2.3365902579020217,-15.078110816535943,0.65625
8,21,0.4,2.0,4,-12.879927495437608,-0.6220974819279501,1.731433517434036,-15.54641235008688,0.65625
8,21,0.4,2.0,5,-12.838617354083215,-0.6116036523848327,1.8657183843455043,-14.816105583562251,0.65625
8,21,0.4,2.0,6,-12.899653682581476,-0.5776250311614101,2.631583970123743,-15.908140482595025,0.65625
8,25,0.0,2.0,1,-6.750968377420342,1.4347040720657542,2.3939200871860544,-0.2225436271414712,0.78125
8,25,0.0,2.0,2,-6.765183865982576,1.4295732100822631,3.921067086894298,-0.2180467746080876,0.78125
8,25,0.0,2.0,3,-6.729847865206084,1.431572426608157,3.0984932407066523,-0.276299651306145,0.78125
8,25,0.0,2.0,4,-6.776268190401005,1.42859827836463,3.1829476940441195,-0.2650756800887299,0.78125
8,25,0.0,2.0,5,-6.749159525251407,1.4275703338136936,2.7830277901692786,-0.1306882872313704,0.78125
8,25,0.0,2.0,6,-6.767364891611885,1.451934783611667,4.476153654863816,-0.2799998936734494,0.78125
8,25,0.1,2.0,1,-6.853113911569165,1.4209772494421036,3.859947001929245,-0.8201282624904958,0.78125
8,25,0.1,2.0,2,-6.849450275112806,1.4185320971872848,3.738399565297429,-0.7837972160001613,0.78125
8,25,0.1,2.0,3,-6.832775305636249,1.4288271413764453,4.338847734772978,-1.027042142708457,0.78125
8,25,0.1,2.0,4,-6.849178620137204,1.4173374038790716,2.8541562738952435,-0.8371169896008668,0.78125
8,25,0.1,2.0,5,-6.82660125748815,1.4219526452908522,3.3652214257503843,-0.8775319329639129,0.78125
8,25,0.1,2.0,6,-6.8568704690376805,1.4314880112156367,3.534467761578348,-0.9982930124010464,0.78125
8,25,0.2,2.0,1,-7.143840221578034,1.409684096809108,3.897257131479656,-2.988056389498874,0.78125
8,25,0.2,2.0,2,-7.122777556358736,1.39911116132195,3.49315834328089,-2.918462402017833,0.78125
8,25,0.2,2.0,3,-7.117397112506214,1.4138347082554783,3.584480929925472,-3.127058152595141,0.78125
8,25,0.2,2.0,4,-7.143834116902644,1.4101044745970004,3.008956105419915,-2.9173613423651714,0.78125
8,25,0.2,2.0,5,-7.137030750627064,1.405655571250325,2.559376893893167,-3.0324558121844096,0.78125
8,25,0.2,2.0,6,-7.135921494496095,1.4147700572059474,1.8560997009498492,-3.060606774254982,0.78125
8,25,0.3,2.0,1,-7.73317259478122,1.4595399352293317,2.8659470428075715,-7.024585473549491,0.78125
8,25,0.3,2.0,2,-7.714680106810493,1.4587537138841769,2.7035747515880404,-7.319930997165892,0.78125
8,25,0.3,2.0,3,-7.647181044453728,1.4519723254132637,4.074307720810199,-7.4091694663001615,0.78125
8,25,0.3,2.0,4,-7.739105286191537,1.4551938681581986,2.7631904561302645,-7.329743121349608,0.78125
8,25,0.3,2.0,5,-7.699351975255337,1.4508021601728056,2.694657216234909,-7.199066901820108,0.78125
8,25,0.3,2.0,6,-7.723634405643558,1.4488716810502351,3.330170625752525,-7.610395296489683,0.78125
8,25,0.4,2.0,1,-8.309826151662438,0.4240343685198285,1.4286413703664782,-7.926575800322761,0.78125
8,25,0.4,2.0,2,-8.39297205650547,0.4259496427265558,1.4631439251134906,-7.615706253122615,0.78125
8,25,0.4,2.0,3,-8.326951636210646,0.4324834429124953,1.5874243320782755,-8.024218483095794,0.78125
8,25,0.4,2.0,4,-8.339151374992621,0.4359807442813534,1.6250109196879443,-7.492556392021589,0.78125
8,25,0.4,2.0,5,-8.360884300642828,0.4277211617128236,1.701903981412428,-7.478018806313713,0.78125
8,25,0.4,2.0,6,-8.363083636649492,0.4269785109552006,2.001210508661601,-7.567662915208587,0.78125
8,28,0.0,2.0,1,-4.872230628049726,1.3792903425968883,1.7150201548351889,-0.420946175262189,0.875
8,28,0.0,2.0,2,-4.859630488512773,1.372702727760599,1.3882309942435196,-0.5221658076200161,0.875
8,28,0.0,2.0,3,-4.853916753876865,1.3816795740148415,1.504958047913983,-0.4764832810816934,0.875
8,28,0.0,2.0,4,-4.875313316237777,1.38368630951825,1.333403274984983,-0.4105886047069876,0.875
8,28,0.0,2.0,5,-4.890226747874451,1.3818520614076717,1.4650531102399804,-0.368027618835627,0.875
8,28,0.0,2.0,6,-4.865121200014341,1.3809537063996942,1.75465187320741,-0.4408619527679791,0.875
8,28,0.1,2.0,1,-4.921273639552896,1.3568904592070024,1.1963192170026091,-0.631102668762064,0.875
8,28,0.1,2.0,2,-4.90242353350025,1.3516026295886998,1.387603653948847,-0.6722125825700846,0.875
8,28,0.1,2.0,3,-4.918260651883275,1.3649107318398248,1.2120456190034403,-0.6589429889050766,0.875
8,28,0.1,2.0,4,-4.917764713803526,1.3487271039573732,1.2991452348036148,-0.6440302836223705,0.875
8,28,0.1,2.0,5,-4.92066156707685,1.3558934286883493,1.1039561490664322,-0.6942228775243668,0.875
8,28,0.1,2.0,6,-4.922346811979234,1.366315458700362,1.3226374902426852,-0.758578557397344,0.875
8,28,0.2,2.0,1,-5.16001417174377,1.328575155346559,1.3468074063912892,-3.5252117964616616,0.875
8,28,0.2,2.0,2,-5.159746241842141,1.3225059538898658,1.2835886299002688,-3.532034715076107,0.875
8,28,0.2,2.0,3,-5.13774645851017,1.3348794612260355,1.3431039115333534,-3.7699131823696703,0.875
8,28,0.2,2.0,4,-5.1466997485076105,1.3287011654009515,1.3330886683431618,-3.487150006329574,0.875
8,28,0.2,2.0,5,-5.161196208476509,1.3323636992160428,1.363455045798717,-3.448960175251024,0.875
8,28,0.2,2.0,6,-5.159268476511161,1.3447359364636609,1.4944905579604797,-3.7793681911539254,0.875
8,28,0.3,2.0,1,-5.790833800626101,1.33686406388484,-0.0017709375009276,-3.0579644358683415,0.875
8,28,0.3,2.0,2,-5.831940330886406,1.3421494231435198,0.2792193555918547,-2.886119424943506,0.875
8,28,0.3,2.0,3,-5.814346371962034,1.3315203301913283,0.5237655575278259,-3.5781608155927502,0.875
8,28,0.3,2.0,4,-5.802202440651337,1.3326322524115342,0.5316504678303616,-3.3827116710802523,0.875
8,28,0.3,2.0,5,-5.832214212764095,1.3610642001100146,0.5866030941496176,-3.327196286939967,0.875
8,28,0.3,2.0,6,-5.776690177785108,1.3617832271856212,0.6669256015714305,-3.361369488009916,0.875
8,28,0.4,2.0,1,-5.819892838394623,1.31396517291283,2.200603049593573,-4.7979335075175396,0.875
8,28,0.4,2.0,2,-5.780350077327624,1.2921471287828583,1.5812160124167032,-4.597105542091226,0.875
8,28,0.4,2.0,3,-5.784792249735769,1.2959397700221842,2.0003720018644184,-4.942870990594435,0.875
8,28,0.4,2.0,4,-5.836790996269658,1.3055076526048837,2.3780726123072613,-5.063771783857037,0.875
8,28,0.4,2.0,5,-5.743303071788822,1.2893324431043336,1.7959523587775643,-4.558607865828489,0.875
8,28,0.4,2.0,6,-5.825169470093092,1.297811550528702,2.668317895637091,-4.3307203970767345,0.875
8,32,0.0,2.0,1,-3.5680796650331077,1.4225455990083475,1.591696991770009,0.4636327202357396,1.0
8,32,0.0,2.0,2,-3.5532447132010425,1.4225106840510218,0.914034268876538,0.3762275495904977,1.0
8,32,0.0,2.0,3,-3.526430142930707,1.4202444086839014,1.1127458906964331,0.4254941866086177,1.0
8,32,0.0,2.0,4,-3.5522238376213537,1.4218149327605565,1.0572283582526674,0.4670670340031291,1.0
8,32,0.0,2.0,5,-3.540203776592276,1.4134544279230887,1.3444581266925746,0.3208719951807623,1.0
8,32,0.0,2.0,6,-3.5476265371241418,1.4260608459550317,1.3115337132760785,0.2959666695064609,1.0
8,32,0.1,2.0,1,-3.4209323561665337,1.3729228004204923,0.5796806295640078,0.1461926838540694,1.0
8,32,0.1,2.0,2,-3.414317273344115,1.3745303373155031,0.6301991946856911,0.2894441666586322,1.0
8,32,0.1,2.0,3,-3.4113579481929635,1.3761329184021085,0.6301972494235685,0.1677683821742937,1.0
8,32,0.1,2.0,4,-3.4228882723489455,1.3702600314082325,0.5906443467479143,0.2851368124495489,1.0
8,32,0.1,2.0,5,-3.408942161775947,1.3690146473214797,0.6940075846568907,0.2675351520255296,1.0
8,32,0.1,2.0,6,-3.395878672672784,1.385287172621369,0.5561845853989896,0.1870482866343906,1.0
8,32,0.2,2.0,1,-3.1880244601367655,1.2743418002681228,0.3926947820469872,-1.161691134962648,1.0
8,32,0.2,2.0,2,-3.202045137243965,1.2733993137343351,0.3263367581172141,-0.8120614653166308,1.0
8,32,0.2,2.0,3,-3.198412779311143,1.2859869681149387,0.3645784542737069,-0.8969320569519054,1.0
8,32,0.2,2.0,4,-3.1991105478665984,1.2754252590343071,0.3999235418413331,-1.244859419622118,1.0
8,32,0.2,2.0,5,-3.196784099609829,1.2757880795868697,0.3235157311203794,-1.1383295406207057,1.0
8,32,0.2,2.0,6,-3.193666638897142,1.286494330950738,0.3637055865578633,-1.0866269413473235,1.0
8,32,0.3,2.0,1,-3.218076198450862,1.1683195928504415,0.4823214808371737,-0.0365188579243802,1.0
8,32,0.3,2.0,2,-3.21777057593978,1.1793838335587226,0.3988557854578387,-0.2956391406201263,1.0
8,32,0.3,2.0,3,-3.21957982915972,1.1934494732498575,0.5198039801117453,-0.109919496940241,1.0
8,32,0.3,2.0,4,-3.2082973467347755,1.1819876496134252,0.3752545653369168,-0.2089170015470013,1.0
8,32,0.3,2.0,5,-3.224010082648286,1.171751735528845,0.4794544806884246,-0.8284310440330227,1.0
8,32,0.3,2.0,6,-3.2250219000319347,1.1907914889521216,0.4862975289029691,-0.474863789609038,1.0
8,32,0.4,2.0,1,-2.920314255656011,1.0682918840041062,0.1810204801896556,1.4041697621439853,1.0
8,32,0.4,2.0,2,-2.9475744862666646,1.0645633666610128,0.1783476437127182,1.4033081572101822,1.0
8,32,0.4,2.0,3,-2.908897719275097,1.079542040602281,0.2543726068806676,1.3918945554043818,1.0
8,32,0.4,2.0,4,-2.933208809939869,1.0736357925623068,0.2333391297698073,1.4108077720222412,1.0
8,32,0.4,2.0,5,-2.911693600560015,1.0756180232218238,0.191304821357176,1.4055406272503643,1.0
8,32,0.4,2.0,6,-2.9236965702662743,1.0759785113459883,0.1874726455846389,1.3978611271804688,1.0
8,16,0.0,4.0,1,-14.883850243507336,-8.136784221825119,2.0491193940943937,-0.7524684782700768,0.5
8,16,0.0,4.0,2,-14.83467200394677,-8.172502383703819,-0.5209439959958081,1.3356668269385854,0.5
8,16,0.0,4.0,3,-14.722642865934642,-8.19844815073849,-0.7689895698877246,-0.2792679882730044,0.5
8,16,0.0,4.0,4,-14.987345300959484,-8.296744089314576,-1.0380424031762754,-0.7022151676263342,0.5
8,16,0.0,4.0,5,-14.869245623083208,-8.290293238946962,-0.2665955527009861,0.1676498368912585,0.5
8,16,0.0,4.0,6,-14.791115478472896,-7.95182357682597,-0.1291095631816231,0.0270663087060736,0.5
8,16,0.1,4.0,1,-14.9236209703675,-7.481575483487015,-1.9128396462108532,0.7540147215767968,0.5
8,16,0.1,4.0,2,-14.896410728001095,-7.518820035331626,-0.7983463172872408,0.3335649127974004,0.5
8,16,0.1,4.0,3,-14.936944272365134,-7.268170860387462,0.7702057796345954,1.9195007560118231,0.5
8,16,0.1,4.0,4,-14.909855158379628,-7.683840814959976,0.50245347348524,0.9304329386369122,0.5
8,16,0.1,4.0,5,-14.973389693834388,-7.570700840021146,1.0850156243026756,1.1314180916919143,0.5
8,16,0.1,4.0,6,-14.78808727804118,-7.403499080023037,0.5373508308022916,-0.6013227056139536,0.5
8,16,0.2,4.0,1,-15.230254497513338,-7.53118325313776,-0.4240954728740245,-1.0187328989479625,0.5
8,16,0.2,4.0,2,-15.229523326121068,-7.296719852502119,-1.4866356029830707,0.2572436911952108,0.5
8,16,0.2,4.0,3,-15.162139287508468,-7.38059424673263,-0.7773874548156352,-0.8801933391411003,0.5
8,16,0.2,4.0,4,-15.397908045558472,-7.805324161953126,-0.650944614182845,0.2109017921039832,0.5
8,16,0.2,4.0,5,-15.38015618373473,-8.169418346566745,-1.2329814030499466,0.2215858039999414,0.5
8,16,0.2,4.0,6,-15.357683320746576,-7.596300587820022,-0.0772627634969645,-0.0634678748131929,0.5
8,16,0.3,4.0,1,-16.20896946338332,-8.243358967679528,-0.8918058888823378,-2.572305800632149,0.5
8,16,0.3,4.0,2,-15.528274013855054,-7.099899997962797,-1.5661797364085015,-1.3272608438005014,0.5
8,16,0.3,4.0,3,-16.11195081219615,-8.09071767187163,-1.591503099353488,-0.4741582764099671,0.5
8,16,0.3,4.0,4,-15.98948962853905,-7.501258334444262,-1.0618243996921837,-2.5644144419082595,0.5
8,16,0.3,4.0,5,-16.108142819109144,-8.078457177017295,0.0002925355161573,-1.5833091692034948,0.5
8,16,0.3,4.0,6,-16.18214217709335,-7.773065080811827,-1.5983883947033957,-1.8986818639887484,0.5
8,16,0.4,4.0,1,-17.071140595786183,-8.744292954777858,0.3611706746144031,-7.194698337104088,0.5
8,16,0.4,4.0,2,-16.861762756771473,-8.1436096515155,-0.4674748941530781,-6.819692600676388,0.5
8,16,0.4,4.0,3,-16.89983331775813,-8.381041784347815,-2.0067222403057907,-6.671154742781495,0.5
8,16,0.4,4.0,4,-16.99570705820246,-8.47363321341588,-2.1304471085946024,-7.189486378664976,0.5
8,16,0.4,4.0,5,-16.98813589606982,-8.566516599751267,-1.1520479954380072,-5.267031113270511,0.5
8,16,0.4,4.0,6,-17.018713422569057,-8.935876143302927,-0.9097792978039336,-7.4713866153327855,0.5
8,18,0.0,4.0,1,-11.113040928337458,-5.972994040841373,0.0783898084905934,-0.7684287053731662,0.5625
8,18,0.0,4.0,2,-11.090672586060656,-6.153590259712313,0.1576116436076166,-0.1803133266143113,0.5625
8,18,0.0,4.0,3,-11.062793393754058,-6.147463422872135,-0.4133816946873422,-0.3526825605174627,0.5625
8,18,0.0,4.0,4,-11.071171838041858,-6.095216338868155,0.2278600377163982,-0.3890654073160067,0.5625
8,18,0.0,4.0,5,-11.14187204677516,-6.276940912712336,-2.3213692353124897,0.0092677716789611,0.5625
8,18,0.0,4.0,6,-11.137716994622073,-6.039578456365605,0.3073870018723771,-1.0882639285286908,0.5625
8,18,0.1,4.0,1,-11.0784777122154,-4.734462707378685,-0.4218333257092079,0.9786654797010004,0.5625
8,18,0.1,4.0,2,-11.1506804181798,-4.6912879153359475,0.2347696065254304,0.5218251400650941,0.5625
8,18,0.1,4.0,3,-11.158177524058086,-4.732170205518055,0.7135279606587753,0.7883852425815189,0.5625
8,18,0.1,4.0,4,-11.170743856169135,-4.851309247805785,-1.534144592128858,0.0571455018575903,0.5625
8,18,0.1,4.0,5,-10.866746614187267,-4.3117551274752515,-0.4869776364334898,-0.2727910586238511,0.5625
8,18,0.1,4.0,6,-11.196120136135198,-4.936544234116992,0.13970969992645,0.953486880521605,0.5625
8,18,0.2,4.0,1,-11.40132115200996,-4.504619857184212,0.0847266892942904,-0.1890523458169907,0.5625
8,18,0.2,4.0,2,-11.476208610335703,-4.719033781212492,0.1541420868263598,-0.5221397162215196,0.5625
8,18,0.2,4.0,3,-11.430080086203557,-4.492511882426172,-0.2324155693647973,-0.2945592595338584,0.5625
8,18,0.2,4.0,4,-11.341022646304328,-4.933233700404688,0.6229775464784663,-0.0548745270842574,0.5625
8,18,0.2,4.0,5,-11.34130453540806,-4.129860158142224,-1.0357142909856525,-0.5197911415282203,0.5625
8,18,0.2,4.0,6,-11.377433254008375,-4.730444557074163,-0.7537137845583589,0.7795682649934454,0.5625
8,18,0.3,4.0,1,-11.881776732708982,-4.892568272954117,-1.1030411821957595,-2.59900324174683,0.5625
8,18,0.3,4.0,2,-11.842466953485484,-4.524292145205621,0.4503465840775595,-1.3224186722207238,0.5625
8,18,0.3,4.0,3,-11.9492308788316,-4.880038315008191,0.4708499796083563,-3.240849690778538,0.5625
8,18,0.3,4.0,4,-11.97145139023552,-5.033208617461073,-1.0644719140589287,-1.316657166310759,0.5625
8,18,0.3,4.0,5,-11.888427523308598,-4.765502803000729,-3.383176970007445,-2.0334519870286605,0.5625
8,18,0.3,4.0,6,-11.674441706528928,-4.102350426937477,-0.5180387715950455,-2.6870755999651044,0.5625
8,18,0.4,4.0,1,-12.490362391032283,-5.034430980575922,0.156230478109309,-3.943941563109072,0.5625
8,18,0.4,4.0,2,-12.549010410394526,-4.731234622927948,-1.1661209721420245,-4.281706972860353,0.5625
8,18,0.4,4.0,3,-12.54649408160568,-4.639330546839181,0.1928065661946273,-4.710957285490543,0.5625
8,18,0.4,4.0,4,-12.397171276438584,-4.456311746257377,-1.43848885050318,-6.91229003910899,0.5625
8,18,0.4,4.0,5,-12.516879523149068,-5.16109259319296,0.4283668218926577,-5.3633138391592245,0.5625
8,18,0.4,4.0,6,-12.48819912719942,-4.923966636632354,-0.6161244364778371,-4.852263336540401,0.5625
8,21,0.0,4.0,1,-7.2903395997517295,-2.54527180915442,1.4915198127183826,-0.0960980930726177,0.65625
8,21,0.0,4.0,2,-7.342876631167718,-2.6772263779727568,-0.3038024514078367,0.6432019994840266,0.65625
8,21,0.0,4.0,3,-7.262333618621449,-2.463497737436364,-0.9943342293201782,0.2322766390295311,0.65625
8,21,0.0,4.0,4,-7.361502487990686,-2.5157596039128416,-0.1135134155473852,0.1551018791027874,0.65625
8,21,0.0,4.0,5,-7.319282106130828,-2.517599092401575,-0.3363044709036203,-0.0146986845427186,0.65625
8,21,0.0,4.0,6,-7.324697804209768,-2.4460968056893746,-0.0379017942331867,0.3357209116067612,0.65625
8,21,0.1,4.0,1,-7.270239034260692,-0.4273265657965273,1.4377776145728225,0.0926630141012657,0.65625
8,21,0.1,4.0,2,-7.280111968410893,-0.3964219112335346,1.1407980631791808,0.6773450385925708,0.65625
8,21,0.1,4.0,3,-7.314644517882468,-0.4712468902460688,2.849608152262024,-0.6183696495985742,0.65625
8,21,0.1,4.0,4,-7.292122805628237,-0.422030385851302,1.3406767176652288,-0.4252230820602307,0.65625
8,21,0.1,4.0,5,-7.2969291983040545,-0.3948009123281416,2.1332471283810444,0.1606589386538766,0.65625
8,21,0.1,4.0,6,-7.257105815387161,-0.4247593855158466,2.0130524513293944,0.5040421606260935,0.65625
8,21,0.2,4.0,1,-7.426811207974453,-0.3921129975558644,1.596309285818104,-1.0742352970946545,0.65625
8,21,0.2,4.0,2,-7.517269630627586,-0.4420949215035053,2.307293446440684,-0.436390071269494,0.65625
8,21,0.2,4.0,3,-7.431558761964487,-0.2847124109985609,0.3061021922679477,-1.2406449402258803,0.65625
8,21,0.2,4.0,4,-7.502068235991215,-0.3203417878311828,0.0692928680352549,-0.2605146130854521,0.65625
8,21,0.2,4.0,5,-7.53432038163478,-0.3876476221784456,2.4691887280447173,-0.4872996143893627,0.65625
8,21,0.2,4.0,6,-7.4299149700994365,-0.4036197862643251,0.4190143478112559,-1.592652344181782,0.65625
8,21,0.3,4.0,1,-7.736384100841169,-0.2136598183284859,1.6947700443109297,-3.5737687487239653,0.65625
8,21,0.3,4.0,2,-7.672073255527829,-0.2543546470234185,0.6294638162348848,-3.832640314249123,0.65625
8,21,0.3,4.0,3,-7.787169527208434,-0.4022274972028414,1.0124021849916982,-3.503431025639452,0.65625
8,21,0.3,4.0,4,-7.784547990366301,-0.1690232342003891,1.1527522652310966,-2.91973244454202,0.65625
8,21,0.3,4.0,5,-7.772686391617873,-0.2686156004004933,-0.2410586266040482,-3.673643875200363,0.65625
8,21,0.3,4.0,6,-7.724237291471686,-0.3111267146127358,0.5070702951550892,-3.8050764193639175,0.65625
8,21,0.4,4.0,1,-7.960512268972795,-0.0528395763693649,-0.5115224183495451,-6.333005934507948,0.65625
8,21,0.4,4.0,2,-8.018638516804723,-0.0318826126564364,-0.172546461818891,-6.296021658408419,0.65625
8,21,0.4,4.0,3,-8.012116784351125,-0.0753585422212785,0.7122736637126204,-6.6258923792751885,0.65625
8,21,0.4,4.0,4,-8.027507577136173,0.021210592518392,1.5955369963915926,-7.868598164281549,0.65625
8,21,0.4,4.0,5,-7.901327123874827,-0.1112681935136935,-0.3389103391953647,-7.280568611021169,0.65625
8,21,0.4,4.0,6,-8.02684576994894,-0.1067433148892053,0.3115421715129772,-6.012597151839074,0.65625
8,25,0.0,4.0,1,-4.514829999974576,1.851120590316473,2.7432449202078715,-0.7912308765399001,0.78125
8,25,0.0,4.0,2,-4.472873168631345,1.853064434464865,4.0223916320928215,-0.4386728827666767,0.78125
8,25,0.0,4.0,3,-4.490240026319982,1.8623957344462096,4.705304540306211,-0.5356026125285698,0.78125
8,25,0.0,4.0,4,-4.4800758462898,1.860821047633142,3.126085575293134,-0.2798566484136682,0.78125
8,25,0.0,4.0,5,-4.537134111056846,1.8385646500356387,2.348025783502316,-0.5568943126888775,0.78125
8,25,0.0,4.0,6,-4.528057538620297,1.882819633629407,3.031185523803726,-0.4977830442801814,0.78125
8,25,0.1,4.0,1,-4.523013937144015,1.8547359957438871,2.9063356460681744,-1.1101992153904576,0.78125
8,25,0.1,4.0,2,-4.481694868912551,1.8033123520419465,2.241996738596447,-0.989102985170746,0.78125
8,25,0.1,4.0,3,-4.508162238138473,1.872036165446629,3.4729292190645857,-0.8584816307413032,0.78125
8,25,0.1,4.0,4,-4.512426844713183,1.9220807830408515,3.5746176917433155,-0.8580812265763497,0.78125
8,25,0.1,4.0,5,-4.516489028615286,1.8804301255709104,1.9916977018392783,-1.0479637812707376,0.78125
8,25,0.1,4.0,6,-4.531106627115468,1.8752931314317545,2.749190647039867,-1.0927891495956086,0.78125
8,25,0.2,4.0,1,-4.522272093658593,1.837702767227539,2.529326283442809,-1.9475125954317627,0.78125
8,25,0.2,4.0,2,-4.493346980307924,1.815183418203955,2.4142446230608905,-1.830647964201009,0.78125
8,25,0.2,4.0,3,-4.486870163920256,1.8466642141521823,2.2187945636038284,-2.5873160923316165,0.78125
8,25,0.2,4.0,4,-4.502297491667455,1.799930463791401,3.064628535832953,-2.3212438755053655,0.78125
8,25,0.2,4.0,5,-4.5172874564379075,1.8326684996211269,2.1909141715201725,-2.1940113145266493,0.78125
8,25,0.2,4.0,6,-4.495787355799114,1.8218138127342616,1.709183964664453,-2.197174505292268,0.78125
8,25,0.3,4.0,1,-4.488591756355558,1.788384820584731,2.1158007091425324,-4.161549704139061,0.78125
8,25,0.3,4.0,2,-4.4332118242534,1.8714186899344136,1.7721759109624189,-4.1853892094084895,0.78125
8,25,0.3,4.0,3,-4.44260460550037,1.8792133645791815,1.580864564331846,-4.316732291799866,0.78125
8,25,0.3,4.0,4,-4.480327512193119,1.82695100339189,2.2375520779830396,-4.481897125497472,0.78125
8,25,0.3,4.0,5,-4.474622528170867,1.826093643012355,1.452734741607467,-3.4060358534405273,0.78125
8,25,0.3,4.0,6,-4.453580099235968,1.8458933830040247,2.603733054849209,-4.438347746236479,0.78125
8,25,0.4,4.0,1,-4.447940990285646,1.1485714702064145,0.8813744695081841,-3.0881729793036703,0.78125
8,25,0.4,4.0,2,-4.483436951719762,1.1749776658978888,0.5640683512924107,-3.0805448116315377,0.78125
8,25,0.4,4.0,3,-4.4513994273426025,1.1580234307720094,0.6210463531744843,-3.0869969437740092,0.78125
8,25,0.4,4.0,4,-4.445128284747998,1.116569138172752,0.6881472942557929,-2.457238558396938,0.78125
8,25,0.4,4.0,5,-4.451095838504252,1.1396248194537926,0.1098740750572666,-2.9366565422039335,0.78125
8,25,0.4,4.0,6,-4.437242857094462,1.162027610107553,0.6096604106307261,-3.163504161049165,0.78125
8,28,0.0,4.0,1,-3.110689447343209,2.1576711556180506,2.3204264814951547,-0.8370654823263536,0.875
8,28,0.0,4.0,2,-3.0913768660814687,2.1310717725359014,1.727129961985591,-0.7451459640272511,0.875
8,28,0.0,4.0,3,-3.1514596188266353,2.170146017262799,2.223062896878337,-0.7913779468698461,0.875
8,28,0.0,4.0,4,-3.102670788430016,2.0896107185553534,2.399846820558286,-0.6263733812434105,0.875
8,28,0.0,4.0,5,-3.125348626285279,2.157972830021067,2.3918177202668796,-1.1534425918560245,0.875
8,28,0.0,4.0,6,-3.113088969464475,2.140140476270741,1.8422927798136683,-0.9013181607022284,0.875
8,28,0.1,4.0,1,-3.127035002855795,2.111842443147259,2.2752251233949026,-1.2529562327730257,0.875
8,28,0.1,4.0,2,-3.1369107354831702,2.098564319733865,2.2177988018313974,-1.1780208043368394,0.875
8,28,0.1,4.0,3,-3.187014262670613,2.1092834714308655,2.5193041898697963,-1.5006020756700555,0.875
8,28,0.1,4.0,4,-3.141537363814602,2.1230320143566663,2.6826032149748347,-0.9032182704449084,0.875
8,28,0.1,4.0,5,-3.113404314143287,2.0922595075670563,2.0723118988247444,-0.8894988918433938,0.875
8,28,0.1,4.0,6,-3.14590450863831,2.125735818734395,1.886772852571429,-1.1188039784888006,0.875
8,28,0.2,4.0,1,-3.100742628340192,2.034387996072433,1.9199518541882576,-2.234471660565555,0.875
8,28,0.2,4.0,2,-3.0869950950902862,2.0859686520620406,2.444990435604111,-1.8304966234813556,0.875
8,28,0.2,4.0,3,-3.116923691455527,2.0745016693755742,2.064326465162398,-1.9432604536647091,0.875
8,28,0.2,4.0,4,-3.119077322866453,2.0348220860062183,1.716390521987271,-2.0457124266324485,0.875
8,28,0.2,4.0,5,-3.119117286370243,2.077975511944815,1.2757974224734938,-2.2226450118660783,0.875
8,28,0.2,4.0,6,-3.115630724015906,2.032129956742678,2.0961168548165405,-1.9927145313935324,0.875
8,28,0.3,4.0,1,-3.08057792533091,1.9559900327970672,1.1312908692370869,-1.6293335038429635,0.875
8,28,0.3,4.0,2,-3.077180982996987,1.9522808833822665,1.1554290570597894,-1.6689284336398096,0.875
8,28,0.3,4.0,3,-3.016127156821574,1.9407490224708333,1.1813179917063532,-2.3774572000838945,0.875
8,28,0.3,4.0,4,-3.084551438440685,2.024614485845861,1.559251531308515,-1.7076647336113182,0.875
8,28,0.3,4.0,5,-3.051109420963978,1.9408179132363583,1.3384201164125007,-1.7778163495785386,0.875
8,28,0.3,4.0,6,-3.073612384045615,2.0065615822383904,1.2233751792972274,-2.150674479036466,0.875
8,28,0.4,4.0,1,-3.049182283202651,1.8268095098205657,1.4712078585301591,-1.0452940465886456,0.875
8,28,0.4,4.0,2,-3.0586166238728216,1.8358882335913873,1.568795580456181,-0.8801234974803087,0.875
8,28,0.4,4.0,3,-3.0517533057725172,1.8302134932213328,1.8911171157012896,-0.9664533832740017,0.875
8,28,0.4,4.0,4,-3.0728278653328855,1.828245328788256,1.258254578563444,-0.9346105690783644,0.875
8,28,0.4,4.0,5,-3.08773322538602,1.835680682651887,1.8435451353895744,-1.078284768313949,0.875
8,28,0.4,4.0,6,-3.083059792963457,1.8100861211988128,1.0280135900199734,-1.0661935927678765,0.875
8,32,0.0,4.0,1,-1.9915565125010957,2.3106903895971813,2.1594260944349295,-0.6819765431843161,1.0
8,32,0.0,4.0,2,-2.0222965631520196,2.3441114242251304,2.0534785201700094,-0.8143176750417943,1.0
8,32,0.0,4.0,3,-2.043320303278487,2.372929242246884,2.1277346994156625,-0.5455295397962238,1.0
8,32,0.0,4.0,4,-1.9728041574874229,2.3537981467201448,2.0694869844449366,-0.6646215471975264,1.0
8,32,0.0,4.0,5,-2.057175579436784,2.3493745519146465,1.7649697838805205,-0.581334017203353,1.0
8,32,0.0,4.0,6,-1.9764507301547884,2.3574740740790743,1.8458899776444888,-0.6688786939571127,1.0
8,32,0.1,4.0,1,-2.0677339539724287,2.2865387574013636,1.6426586833824772,0.2558515698948457,1.0
8,32,0.1,4.0,2,-2.07107786317462,2.296476956338627,1.6712695097095964,0.1107237501844953,1.0
8,32,0.1,4.0,3,-2.0613316829326083,2.2775750376088153,1.8692038041117172,0.1054963542839516,1.0
8,32,0.1,4.0,4,-2.0284901115621,2.251572937227187,1.7061283297755878,0.1383363614136034,1.0
8,32,0.1,4.0,5,-2.077228749577359,2.2767506941648596,1.817206986361538,0.192800327694606,1.0
8,32,0.1,4.0,6,-2.056644941641042,2.298706794757733,1.8446450773603809,0.0816426676524098,1.0
8,32,0.2,4.0,1,-2.1373691825923498,2.176744118684833,1.2464538485128407,1.2316078632359928,1.0
8,32,0.2,4.0,2,-2.150161549140904,2.13477862554796,1.0576870223600885,1.3234538069319222,1.0
8,32,0.2,4.0,3,-2.1323451098132367,2.134081604205208,1.0568544875709505,1.2421431407737902,1.0
8,32,0.2,4.0,4,-2.1505536431118,2.140065803083863,0.9470390114444928,1.2964020369045504,1.0
8,32,0.2,4.0,5,-2.1413560709010033,2.1242982939580437,1.1598588672377843,1.3741899251788052,1.0
8,32,0.2,4.0,6,-2.135801407239847,2.1568902106541907,1.1432199470335516,1.4731218466264604,1.0
8,32,0.3,4.0,1,-2.144569790116673,1.9720463918745896,0.8297426539845267,1.5504789770976664,1.0
8,32,0.3,4.0,2,-2.142104416355764,1.966513834463703,0.8848560232047401,1.5983792066502018,1.0
8,32,0.3,4.0,3,-2.132674023070969,1.9695828237575277,0.8288328894880326,1.621919098946602,1.0
8,32,0.3,4.0,4,-2.146111957470835,1.97906748688047,0.7901633594026977,1.591871599993361,1.0
8,32,0.3,4.0,5,-2.146317296813959,1.9710177542019272,0.9910480445983336,1.5986650622768792,1.0
8,32,0.3,4.0,6,-2.1558021038817197,1.9772569550652497,1.0292394154101143,1.7157508425841062,1.0
8,32,0.4,4.0,1,-2.112735643893074,1.7882677339105022,0.5809342472279095,2.4667118117781337,1.0
8,32,0.4,4.0,2,-2.1127882939256124,1.7719418847053716,0.6851491114100846,2.53575856069359,1.0
8,32,0.4,4.0,3,-2.110362408615109,1.7816249478313542,0.5938523546587616,2.4719006365965477,1.0
8,32,0.4,4.0,4,-2.120988236208982,1.7905811505278542,0.7609424231334956,2.4732393500072467,1.0
8,32,0.4,4.0,5,-2.137648293871443,1.7970177572425854,0.5323281551732241,2.4920232261945836,1.0
8,32,0.4,4.0,6,-2.126937732247389,1.811136401694339,0.7741916763437724,2.499824455834466,1.0
8,16,0.0,6.0,1,-11.74389028358463,-5.783675636093721,-0.8824906696398844,-1.1971921231166025,0.5
8,16,0.0,6.0,2,-11.873800094772498,-6.462499944656159,-2.0396911668356235,-1.503742463349918,0.5
8,16,0.0,6.0,3,-11.83764554093817,-6.352123305105446,-4.255990469781383,0.35528164829272,0.5
8,16,0.0,6.0,4,-11.901353187757588,-6.138298554029152,-3.624976361441187,-1.8214733084833497,0.5
8,16,0.0,6.0,5,-11.769967794768046,-5.447779908126249,-4.047192510618438,-0.1458548022503297,0.5
8,16,0.0,6.0,6,-11.925816398768074,-6.990908526870726,-2.5764264431887973,-1.542838624644564,0.5
8,16,0.1,6.0,1,-11.739417759393636,-5.291103503041439,-3.608078593545893,0.6383500542664491,0.5
8,16,0.1,6.0,2,-11.670262786790785,-5.883288311549229,-1.2294708100956604,1.2853363609474728,0.5
8,16,0.1,6.0,3,-11.669416794162142,-5.49012624684634,-2.549415631582607,0.1390691902522761,0.5
8,16,0.1,6.0,4,-11.82451922839972,-5.923852196232754,-5.8475944068575645,-0.2380247882398295,0.5
8,16,0.1,6.0,5,-11.88437978160538,-5.614300067415918,-5.6116290564474145,0.6930237970986559,0.5
8,16,0.1,6.0,6,-11.82220155627854,-6.276898645765334,-2.309326941481741,1.6429638629143504,0.5
8,16,0.2,6.0,1,-11.85470850265088,-5.505338347941011,-2.909272988210856,-0.1370454927269922,0.5
8,16,0.2,6.0,2,-11.864984208688233,-5.619512835650117,-3.4840474979421954,-0.7097747290847641,0.5
8,16,0.2,6.0,3,-12.000018399619313,-6.063089626518055,-3.580681832594647,-1.4222026179418277,0.5
8,16,0.2,6.0,4,-11.910169884410156,-6.102225426813417,-6.0460639481225655,-1.445730685298517,0.5
8,16,0.2,6.0,5,-11.806495064924825,-6.391345712979968,-1.9557273369482435,-1.7117491500994135,0.5
8,16,0.2,6.0,6,-11.930222240881989,-5.603021265352777,-2.8656834933652187,1.206975719977282,0.5
8,16,0.3,6.0,1,-12.192531638097526,-5.954454955466918,-4.156642111703141,3.231212916720678,0.5
8,16,0.3,6.0,2,-12.112945062982936,-6.70403448420998,-3.274483546769543,-0.103100486361081,0.5
8,16,0.3,6.0,3,-12.276393404081782,-6.3852598340798705,-2.7918670309813343,4.219624913072192,0.5
8,16,0.3,6.0,4,-12.13576247361354,-5.583187028808021,-0.6265910855102478,-1.005242441590522,0.5
8,16,0.3,6.0,5,-12.132349176935856,-6.275373136096794,-2.862937627759872,-1.268645212515704,0.5
8,16,0.3,6.0,6,-12.130889540337844,-5.904848423157029,-2.2266864578971335,-2.622432076499856,0.5
8,16,0.4,6.0,1,-12.1966372070757,-4.936374132076061,-2.294318352120732,-3.683907100294312,0.5
8,16,0.4,6.0,2,-11.732760123409385,-5.760901489780016,13.874663499102429,-2.212524924954624,0.5
8,16,0.4,6.0,3,-12.109388777230762,-6.550111087203061,-7.228740876913426,-1.282513232736425,0.5
8,16,0.4,6.0,4,-12.005912657229777,-5.454728801335352,-0.3482547765525473,-2.94597300399747,0.5
8,16,0.4,6.0,5,-12.172677005326085,-5.2583725175465705,-2.433592312828998,-3.816080973686683,0.5
8,16,0.4,6.0,6,-11.87171433077906,-6.707268206499423,-2.309425120771132,-1.7257518009079291,0.5
8,18,0.0,6.0,1,-8.241222784905146,-4.771383121367658,-2.778392635535674,0.7545736683495259,0.5625
8,18,0.0,6.0,2,-8.332416374284685,-4.921397939281961,-1.2647052127207552,-0.8439820791774902,0.5625
8,18,0.0,6.0,3,-8.22737006401683,-4.959274418532475,-2.3718529167221396,-3.1147011942863796,0.5625
8,18,0.0,6.0,4,-8.381669405410335,-4.462448681499017,-0.3053998817118968,0.7271187356632528,0.5625
8,18,0.0,6.0,5,-8.163592201936703,-4.838091538452805,-2.307429726639355,0.0058023197011899,0.5625
8,18,0.0,6.0,6,-8.275936607765185,-4.860526346777905,-2.175576363216406,-0.9768231438278608,0.5625
8,18,0.1,6.0,1,-8.268615445355678,-3.94574080141622,-2.222538459967074,1.550264169779864,0.5625
8,18,0.1,6.0,2,-8.328123398534586,-3.432908504545656,-3.6872529468287767,1.117812552580831,0.5625
8,18,0.1,6.0,3,-8.178457988584826,-4.073967618583059,-1.9656872454610692,0.2039005057625103,0.5625
8,18,0.1,6.0,4,-8.607934477729067,-6.919858709102523,-12.648570226284315,-0.8427958817505287,0.5625
8,18,0.1,6.0,5,-8.270903547214063,-3.7997126387948192,-2.039929218809378,0.0628072632316412,0.5625
8,18,0.1,6.0,6,-8.208233528624092,-3.5893501015706972,-2.5780731194166657,-1.5544957568416835,0.5625
8,18,0.2,6.0,1,-8.276993607838746,-3.224921743615564,0.3401500806053,-0.5637736067354157,0.5625
8,18,0.2,6.0,2,-8.362133697779802,-3.5970005991084917,-1.4740026543424012,-0.4197163460492866,0.5625
8,18,0.2,6.0,3,-8.320860414382445,-3.2633009376721427,-0.7386977167711987,-0.2971332184443334,0.5625
8,18,0.2,6.0,4,-8.287371223178454,-3.583750471603222,-3.643842129816656,1.636072948434696,0.5625
8,18,0.2,6.0,5,-8.25181264640158,-3.639973488766034,-1.999622458598194,-0.5921185157592614,0.5625
8,18,0.2,6.0,6,-8.206445283874547,-3.68849883127256,-1.6307856118526396,0.1838673285771265,0.5625
8,18,0.3,6.0,1,-8.483401449924438,-3.858366072647725,-2.1797832898180647,-1.7892563661037535,0.5625
8,18,0.3,6.0,2,-8.443674599009972,-3.424285596064069,-1.668370333127169,-0.0319054392264675,0.5625
8,18,0.3,6.0,3,-8.356970716976704,-4.381585409452503,-0.3511476542258736,-1.46249918654242,0.5625
8,18,0.3,6.0,4,-8.501464385006637,-4.009594993034529,-1.3496268832181166,-3.0506174342948205,0.5625
8,18,0.3,6.0,5,-8.44734579974712,-4.003037896410933,-0.3058270312873598,-0.4189746398105806,0.5625
8,18,0.3,6.0,6,-8.492695392748555,-3.6963687380498063,-4.464526706149371,-0.9649474749329972,0.5625
8,18,0.4,6.0,1,-8.37109648899089,-2.969486577443508,-1.3925139996168614,-3.966103845831924,0.5625
8,18,0.4,6.0,2,-8.499827852406312,-3.592341116375825,-4.070343744718998,-3.2572207414151544,0.5625
8,18,0.4,6.0,3,-8.276044433202406,-3.511503926554703,-1.4187594247060893,-2.033078762286876,0.5625
8,18,0.4,6.0,4,-8.443286010639127,-2.973377573928098,-2.5605554169742666,-2.0169419445224555,0.5625
8,18,0.4,6.0,5,-8.53997227668297,-3.870199287026891,-3.398716541422664,-0.978286085707903,0.5625
8,18,0.4,6.0,6,-8.430256715495632,-4.089128408688349,-3.1899524039500875,-2.001703917947741,0.5625
8,21,0.0,6.0,1,-5.056853758546787,-1.642004118823813,-0.4660079789032578,-3.3385657060850704,0.65625
8,21,0.0,6.0,2,-4.985560757436251,-1.7614507065565357,-1.4831488191967903,-0.8597544333504995,0.65625
8,21,0.0,6.0,3,-5.069203455752202,-1.7619829506467894,-0.0676546085038761,-0.0804736830403488,0.65625
8,21,0.0,6.0,4,-4.995096446729079,-1.967772854709826,1.5909874407496682,-0.806275751397358,0.65625
8,21,0.0,6.0,5,-4.967770814228734,-1.9184175139000608,-0.6454629726859061,-1.4357631535957491,0.65625
8,21,0.0,6.0,6,-5.022627530507616,-1.6817290459168963,-0.0013875559880547,-2.014301947132565,0.65625
8,21,0.1,6.0,1,-5.00198625644518,-0.4663404058883763,-0.1790506245967322,0.3253399685035782,0.65625
8,21,0.1,6.0,2,-4.995481372810657,-0.4186853085774583,-0.6224520571366299,-0.3062910696814794,0.65625
8,21,0.1,6.0,3,-4.8984700433028845,-0.5382722263929326,0.0027642841781051,-0.401561545808316,0.65625
8,21,0.1,6.0,4,-4.902084166657948,-0.7978356584608266,-1.9005760749313183,-0.1571454771626267,0.65625
8,21,0.1,6.0,5,-4.938857398794362,-0.8716405258614046,1.139705358100584,-0.1032154532637534,0.65625
8,21,0.1,6.0,6,-4.947123968036921,-0.5042204982360898,-0.3872656759605345,0.1631758036822715,0.65625
8,21,0.2,6.0,1,-4.910547165895924,-0.4945990923622286,-1.0889416877281364,-1.5683600116610572,0.65625
8,21,0.2,6.0,2,-4.9254004006880026,-0.5273190484468442,-0.6296010036078729,-0.7995336790622773,0.65625
8,21,0.2,6.0,3,-4.995735671718221,-0.6035371115337061,-0.3817983203781387,-0.7018220355191482,0.65625
8,21,0.2,6.0,4,-4.957708531199996,-0.6682331656495135,-2.842913561009796,-0.995949791337605,0.65625
8,21,0.2,6.0,5,-4.795784267973599,-0.5106980662787951,0.3351674779663504,0.6696596108271095,0.65625
8,21,0.2,6.0,6,-4.891743444540152,-0.5521192554416228,0.4145798707417732,-1.5080410762384175,0.65625
8,21,0.3,6.0,1,-4.893018173330114,-0.4505664924888528,-1.5641355357612876,-0.7320471363390111,0.65625
8,21,0.3,6.0,2,-5.044508245897944,-0.6298440666127568,-0.059444236311373,-1.7185648084040994,0.65625
8,21,0.3,6.0,3,-5.013033710395701,-0.6064392290001572,-0.5391979033362672,-0.4123930305631658,0.65625
8,21,0.3,6.0,4,-4.972058807587301,-0.6729888728720739,-1.7581936224299486,-2.087334675373106,0.65625
8,21,0.3,6.0,5,-5.07062390607678,-0.361009128868434,-1.956682453291314,-2.35455897866202,0.65625
8,21,0.3,6.0,6,-4.977747567417312,-0.433050162221351,-1.5460621181668794,-1.0065403764400125,0.65625
8,21,0.4,6.0,1,-4.979763717206607,-0.1473820539367278,-0.4968898001120206,-2.9489415306251514,0.65625
8,21,0.4,6.0,2,-5.007425891016163,-0.6560858235302034,-1.8398144886859875,-3.730386749259053,0.65625
8,21,0.4,6.0,3,-4.975990148931711,-0.7244804348016024,-1.8593239735914628,-3.4330845921272313,0.65625
8,21,0.4,6.0,4,-5.174975275623592,-0.7912352939078167,-2.511840161050378,-3.1269264762267577,0.65625
8,21,0.4,6.0,5,-4.990677971785169,-0.6509249150857748,-0.8965835433178249,-3.609134174634859,0.65625
8,21,0.4,6.0,6,-5.042477346735227,-0.7274440868338683,0.2270210200975552,-4.17615259050204,0.65625
8,25,0.0,6.0,1,-2.7303302065910486,1.393496888907728,0.9739939559112292,-0.8936673078899275,0.78125
8,25,0.0,6.0,2,-2.8995403171881193,1.5531161784127814,2.1437603859244603,-0.7811536251752516,0.78125
8,25,0.0,6.0,3,-2.7771022940229035,1.5282649119186804,2.2410043892165143,-0.8950448999568452,0.78125
8,25,0.0,6.0,4,-2.71596468762374,1.4356014752739763,0.5407504793017714,-0.6686134512659556,0.78125
8,25,0.0,6.0,5,-2.755266097018116,1.5751039948309062,1.475621625075143,-0.9635014665592834,0.78125
8,25,0.0,6.0,6,-2.7627065637055095,1.6026329990787886,1.117301580343785,-0.5810742875513029,0.78125
8,25,0.1,6.0,1,-2.7910472688426564,1.3964940146179734,1.4038036073138396,-0.5632645642993811,0.78125
8,25,0.1,6.0,2,-2.7261706179155096,1.5107363385046455,0.7032085652517299,-0.8098974646607833,0.78125
8,25,0.1,6.0,3,-2.7772200340127036,1.1922535905077465,1.035451909214277,-1.084021642623258,0.78125
8,25,0.1,6.0,4,-2.7607535048722753,1.6341433566368468,0.8154014080481998,-0.6272964038330592,0.78125
8,25,0.1,6.0,5,-2.824227136636844,1.5353091557034708,1.5384501866586036,-0.4786244437309406,0.78125
8,25,0.1,6.0,6,-2.7426168688820907,1.5465700248498884,0.7936711586878346,-0.5566456126038846,0.78125
8,25,0.2,6.0,1,-2.6592843643460684,1.3450424505599283,1.485078473241479,-1.0640762089043887,0.78125
8,25,0.2,6.0,2,-2.774447735564487,1.5267910258890196,2.2756545920939493,-1.3136245196787475,0.78125
8,25,0.2,6.0,3,-2.688639181255877,1.4311472542288477,1.5168062838689038,-1.5504682592695258,0.78125
8,25,0.2,6.0,4,-2.697163344193025,1.5575459215851424,0.8908985818328045,-1.4689628187561543,0.78125
8,25,0.2,6.0,5,-2.7209947309535876,1.4421626460486117,0.5833660393305715,-1.2533001981163463,0.78125
8,25,0.2,6.0,6,-2.7244864999215666,1.4832611308784378,0.6078880574709198,-1.1785179076243832,0.78125
8,25,0.3,6.0,1,-2.65567809116412,1.3033541408341294,1.220810933456209,-2.093833954776614,0.78125
8,25,0.3,6.0,2,-2.6432107916737975,1.3236148861493473,1.243138501320446,-2.2118242583130394,0.78125
8,25,0.3,6.0,3,-2.553055894858928,1.2947294863224523,0.5516219586780944,-1.9652280694722783,0.78125
8,25,0.3,6.0,4,-2.604841319213551,1.33370971717288,1.3906486422843518,-2.126401562354351,0.78125
8,25,0.3,6.0,5,-2.678246403382876,1.334343204987088,0.2839333419422492,-1.9404749332681352,0.78125
8,25,0.3,6.0,6,-2.646348550813447,1.391154517295964,0.1721219575570029,-1.8865883368245968,0.78125
8,25,0.4,6.0,1,-2.6020990765319874,0.9550435421425238,0.1577326468156525,-0.9543662356029252,0.78125
8,25,0.4,6.0,2,-2.6085867369452154,1.0513405822837711,0.5335156965211818,-1.3456372841881066,0.78125
8,25,0.4,6.0,3,-2.5938026073413596,1.066905013647225,0.4311375112979448,-1.035335261987972,0.78125
8,25,0.4,6.0,4,-2.6052476886211227,0.9228751437002274,0.3833020312089303,-1.5866512741511534,0.78125
8,25,0.4,6.0,5,-2.5370183772470676,1.0297834587886772,0.8921041471216785,-0.7688574293476333,0.78125
8,25,0.4,6.0,6,-2.5663772478177407,0.9808461251246248,-0.9786199409553002,-1.51986319096291,0.78125
8,28,0.0,6.0,1,-1.8156642574308317,2.1765357560410914,1.774726357570384,-0.6603564312786159,0.875
8,28,0.0,6.0,2,-1.7883211808896504,2.1149546729175297,1.8217866713756323,-0.4016861525188387,0.875
8,28,0.0,6.0,3,-1.732203435057754,2.170729273936538,2.0371533907622963,-0.7622806688953633,0.875
8,28,0.0,6.0,4,-1.6878979556636549,2.079630986685479,1.8148276194818032,-0.5139338132063209,0.875
8,28,0.0,6.0,5,-1.7445441658228025,2.1238958781053165,1.249078910542535,-0.7995478178575308,0.875
8,28,0.0,6.0,6,-1.781001197607536,2.2738395774063767,1.5184371546342783,-0.2248794428577645,0.875
8,28,0.1,6.0,1,-1.7316635136087108,2.113042298697578,1.884397310807176,-0.8833683847112741,0.875
8,28,0.1,6.0,2,-1.7699458063572102,2.1687033083690985,1.8874397331095405,-0.374254140784917,0.875
8,28,0.1,6.0,3,-1.747847014199602,2.1381008287219494,1.5821214938539885,-1.154329474885694,0.875
8,28,0.1,6.0,4,-1.7935050736772986,2.155740074927562,1.6091502542846476,-1.2569303219394252,0.875
8,28,0.1,6.0,5,-1.8154475838227504,2.1068196940751607,1.7894865377488371,-0.2660822264751019,0.875
8,28,0.1,6.0,6,-1.7718813916972806,2.034727425971355,2.5897839649952132,-0.6478224238647173,0.875
8,28,0.2,6.0,1,-1.745497011564288,2.0005286452200033,0.758186856032513,-0.859704814373063,0.875
8,28,0.2,6.0,2,-1.7135749860640233,2.0410997587301254,1.647159111540938,-0.640907399878101,0.875
8,28,0.2,6.0,3,-1.7816905292475482,2.058693865481226,1.9199863870085636,-1.1995978555955222,0.875
8,28,0.2,6.0,4,-1.7549333599791344,2.0254144025326504,1.1491682501468543,-1.1264946133768707,0.875
8,28,0.2,6.0,5,-1.7916010154711788,2.00232329764236,0.8775964137798397,-1.5586494525894652,0.875
8,28,0.2,6.0,6,-1.6739279925018755,1.9352789937293853,1.7289615177599391,-1.1713228988342272,0.875
8,28,0.3,6.0,1,-1.7634330613027571,1.987632172811668,1.301369025973547,-0.659590307919917,0.875
8,28,0.3,6.0,2,-1.6728371469557692,1.9525706800265117,1.2268800882822837,-0.7576417223896723,0.875
8,28,0.3,6.0,3,-1.6728345528246524,1.9476522066203483,0.7932988998360204,-0.567102394415812,0.875
8,28,0.3,6.0,4,-1.7171427060971862,1.800863710451178,0.9814915316260968,-0.593073849172951,0.875
8,28,0.3,6.0,5,-1.7144728038894044,1.9026925818630296,1.0709084241930342,-0.5344511116976418,0.875
8,28,0.3,6.0,6,-1.739943048404437,1.886101301271865,1.3468788112787204,-1.0214901370457072,0.875
8,28,0.4,6.0,1,-1.7362998556671854,1.7171566928978046,0.7577826458869269,0.5590511012360124,0.875
8,28,0.4,6.0,2,-1.7240693914492788,1.7853504543982777,0.7525557741728154,0.3712488453857995,0.875
8,28,0.4,6.0,3,-1.718792575842599,1.8375590485569624,1.012298518181727,0.5500684711583741,0.875
8,28,0.4,6.0,4,-1.7701735082142,1.7950103184303536,1.2917065238263097,0.4145735690716455,0.875
8,28,0.4,6.0,5,-1.7601329204983265,1.8200437340219269,0.5323132693134631,0.4439751927742278,0.875
8,28,0.4,6.0,6,-1.780843607656634,1.8367532428764,1.2819603220209683,0.424161524235254,0.875
8,32,0.0,6.0,1,-1.0177484322310886,2.4317805633054403,2.780833652212126,-0.5297596321668846,1.0
8,32,0.0,6.0,2,-0.9991167661296804,2.299544290848633,2.2422811684033537,-0.6863414909499078,1.0
8,32,0.0,6.0,3,-1.0428245173670116,2.4131288508517628,1.8937511308281323,-0.6048784673005853,1.0
8,32,0.0,6.0,4,-1.0668599454608767,2.526708864283193,2.258575059167472,-0.6601253801336422,1.0
8,32,0.0,6.0,5,-1.0096893566297012,2.4019047757937613,2.194630460600304,-0.6883611657761758,1.0
8,32,0.0,6.0,6,-1.0129605569437865,2.439083145357074,2.292706122152945,-0.6557993132554707,1.0
8,32,0.1,6.0,1,-1.1157906201609509,2.4885503239264226,1.918942915898392,-0.1362982426934033,1.0
8,32,0.1,6.0,2,-1.1375006520618638,2.4990769888798097,1.9900348905363157,-0.263418238682136,1.0
8,32,0.1,6.0,3,-1.0288683014470226,2.376513241230132,1.7721478337929355,-0.2799962121855116,1.0
8,32,0.1,6.0,4,-1.032263774633429,2.3177746131132446,1.998353716055145,-0.0497402958689125,1.0
8,32,0.1,6.0,5,-1.1282571779701729,2.4252796578229945,2.010709744695138,0.0752805070815403,1.0
8,32,0.1,6.0,6,-1.1096500740892528,2.4942854828131664,1.8772826048330615,0.1460150554287196,1.0
8,32,0.2,6.0,1,-1.2011245866150424,2.3890033399056207,1.9500854148360425,1.2457901346326292,1.0
8,32,0.2,6.0,2,-1.1922678151126327,2.4385321058521012,1.8454942680803192,1.1903248086514402,1.0
8,32,0.2,6.0,3,-1.0976412524013868,2.34948618689795,1.7309348803633025,0.9285874070369295,1.0
8,32,0.2,6.0,4,-1.1671181795866974,2.3727578534595675,1.66457696075349,1.3524738399090763,1.0
8,32,0.2,6.0,5,-1.1541368870890605,2.4327880822843575,2.2982895986874796,1.042664652068926,1.0
8,32,0.2,6.0,6,-1.1972063260580146,2.33705007154536,1.976192006898282,1.1730827002869089,1.0
8,32,0.3,6.0,1,-1.2349497675544217,2.254110309114867,1.5156685529118552,1.781187280585219,1.0
8,32,0.3,6.0,2,-1.2588900463920705,2.2832067753739764,1.5150586962456096,1.9007856109100836,1.0
8,32,0.3,6.0,3,-1.2690742114508602,2.295252897916728,1.4769292180096874,1.982610354321622,1.0
8,32,0.3,6.0,4,-1.2813383143914148,2.310893325015111,1.4647554954906308,1.845012148966567,1.0
8,32,0.3,6.0,5,-1.2510147146319224,2.267654804073647,1.2203534848131443,1.9870610927532464,1.0
8,32,0.3,6.0,6,-1.2316919644502575,2.273106116473913,1.2785707094968946,2.181024796009035,1.0
8,32,0.4,6.0,1,-1.3309091336625571,2.118859514760209,1.2027027636473735,2.6570455385117504,1.0
8,32,0.4,6.0,2,-1.3135466791033497,2.1187793268563984,1.056232234059656,2.509822063883456,1.0
8,32,0.4,6.0,3,-1.269401395314986,2.068757992513958,1.3421151848197723,2.6938386051672847,1.0
8,32,0.4,6.0,4,-1.3401575427240746,2.0897513920698563,1.2445952548704269,2.7202126964308793,1.0
8,32,0.4,6.0,5,-1.3114345772996558,2.084551474333465,1.1828040724630442,2.717611963175685,1.0
8,32,0.4,6.0,6,-1.332505993157532,2.1181074897941996,1.267899581451609,2.6302156148344937,1.0
8,16,0.0,8.0,1,-9.823413831015936,-6.503497465085232,-0.0716398856865963,0.1688526611052316,0.5
8,16,0.0,8.0,2,-9.730605017914444,-5.419351530908225,-1.1547822807143715,-3.392673863355931,0.5
8,16,0.0,8.0,3,-9.65957886311013,-4.971166340562995,-4.42317327713045,-4.514492391627379,0.5
8,16,0.0,8.0,4,-9.827724248155183,-6.558471983567264,-0.0369626764724809,-2.2663581464802305,0.5
8,16,0.0,8.0,5,-9.678027565110993,-5.8958485892882635,-0.6014133777589551,-0.5633139072895873,0.5
8,16,0.0,8.0,6,-9.449008369633296,-5.191118275012001,-1.0524167086182563,-0.7416583832395489,0.5
8,16,0.1,8.0,1,-9.460294832680514,-4.684993414223452,-3.694456909495128,2.7787760494089944,0.5
8,16,0.1,8.0,2,-9.72467537182113,-5.098528383136558,-0.3306364315711291,-0.9910419398642883,0.5
8,16,0.1,8.0,3,-9.365066033133775,-5.125393868026888,-2.6667891661952865,1.0407654161066957,0.5
8,16,0.1,8.0,4,-9.739187646830484,-5.200518150493861,-1.8892951159845937,0.2519322489353154,0.5
8,16,0.1,8.0,5,-9.569308361991968,-2.9135148641659834,-5.063205320329095,1.9544507635444317,0.5
8,16,0.1,8.0,6,-9.622361055220514,-6.502824366055991,-3.1252157994292347,0.0590635154327237,0.5
8,16,0.2,8.0,1,-9.548585012615728,-5.195324619708211,0.966054952144858,-0.9380008495369816,0.5
8,16,0.2,8.0,2,-9.701212532926922,-5.406086408936749,-5.959795898438143,-0.8092333157148651,0.5
8,16,0.2,8.0,3,-9.606160914218227,-5.085580607650084,-4.037060490201774,-0.6563402779343381,0.5
8,16,0.2,8.0,4,-9.785835956003831,-5.374052694345557,-3.086398259264432,-1.0882403039812298,0.5
8,16,0.2,8.0,5,-9.761511633788103,-4.860569330719883,0.4149865272763867,-0.5786764670474532,0.5
8,16,0.2,8.0,6,-9.773610559610075,-5.41042786362361,-2.6464014210817832,0.3037552124678572,0.5
8,16,0.3,8.0,1,-9.583662307839097,-5.545889197497035,-3.821863540026173,-1.5049419776924589,0.5
8,16,0.3,8.0,2,-9.478345357786989,-5.3727193361192995,-6.081225297046489,1.0781554565255642,0.5
8,16,0.3,8.0,3,-9.442777838965094,-5.245616021742817,-1.802206903033421,-0.203945470154124,0.5
8,16,0.3,8.0,4,-9.718620518260844,-4.743314738564161,0.3860605851594755,-1.1532082490797744,0.5
8,16,0.3,8.0,5,-9.50164057593296,-3.866755849983322,-5.290410264732518,-1.35038260040278,0.5
8,16,0.3,8.0,6,-9.301276234620554,-5.908444730889319,-10.584252618703156,-2.4888125876767777,0.5
8,16,0.4,8.0,1,-9.38348869538381,-5.712207551846294,-5.156371011968954,-4.677807198542593,0.5
8,16,0.4,8.0,2,-9.429804546164233,-4.47921840900546,-3.638636331737836,-2.5311869137504353,0.5
8,16,0.4,8.0,3,-8.994942340386611,-3.621471816036639,-4.032949612716307,-2.190219651932895,0.5
8,16,0.4,8.0,4,-9.59787631841061,-4.558523975430711,-2.464989019255319,-2.791984257327691,0.5
8,16,0.4,8.0,5,-9.418229289035567,-4.154075994596434,-9.3557036856455,0.5992413770802735,0.5
8,16,0.4,8.0,6,-9.86109562250568,-4.324176913952742,-6.163684797882338,-6.19496904656817,0.5
8,18,0.0,8.0,1,-6.455970520829387,-3.853553220367597,-3.2856991211207585,1.3297387345181635,0.5625
8,18,0.0,8.0,2,-6.685946937196803,-4.95037897733965,-3.051302539987658,-2.0128734661946286,0.5625
8,18,0.0,8.0,3,-6.57179152036731,-3.7849861528706983,-4.366218524598547,-1.372843040711801,0.5625
8,18,0.0,8.0,4,-6.393569221305862,-3.765523394909444,-2.942654527657084,-4.083236826698461,0.5625
8,18,0.0,8.0,5,-6.545616932765628,-4.368071189691669,-1.4142734214001926,-2.688836070767114,0.5625
8,18,0.0,8.0,6,-6.380889120886543,-4.900910650150028,-1.657960595545688,1.1472269239606,0.5625
8,18,0.1,8.0,1,-6.431189795406359,-3.2080610767076947,-0.2102199637826292,0.4024505713269641,0.5625
8,18,0.1,8.0,2,-6.307781935457243,-2.926401395540606,-2.5320056107463413,0.1576864437429898,0.5625
8,18,0.1,8.0,3,-6.38997716131235,-3.7959367814349143,-2.0346547758058016,1.361738435392637,0.5625
8,18,0.1,8.0,4,-6.354522902797756,-2.9755191981500237,-1.829476154627366,1.2516679659503311,0.5625
8,18,0.1,8.0,5,-6.538212975286006,-5.20875490783642,-6.857558367359121,-0.3463595134925248,0.5625
8,18,0.1,8.0,6,-6.472752559893351,-2.785832321936601,-1.4846205851478698,0.7081896844728881,0.5625
8,18,0.2,8.0,1,-6.32734789987197,-3.761178899415936,-4.3983704259912795,-1.6536910614299718,0.5625
8,18,0.2,8.0,2,-6.411547247500818,-3.1478677106481823,-2.926808264456389,0.3396012606389212,0.5625
8,18,0.2,8.0,3,-6.444560532997815,-2.6757519353889863,0.308197164567409,-0.8244341357725048,0.5625
8,18,0.2,8.0,4,-6.243177819945916,-3.2943585590639204,-0.4873313276870604,0.2663094630321643,0.5625
8,18,0.2,8.0,5,-6.278392793457311,-3.164572254539909,-3.1310776943133813,1.3855277133674555,0.5625
8,18,0.2,8.0,6,-6.564442052347675,-4.349634667232765,-5.342698983733174,-1.7803590221065355,0.5625
8,18,0.3,8.0,1,-6.368571298068176,-3.3199619948208836,-4.352601972223644,-2.110154098558789,0.5625
8,18,0.3,8.0,2,-6.436861220882048,-4.311887726196941,-1.4565927326444694,0.626595958621585,0.5625
8,18,0.3,8.0,3,-6.3536714401333505,-3.860805057120527,-4.837800514702332,-2.104446076717644,0.5625
8,18,0.3,8.0,4,-6.426750748852645,-4.191525454558483,-2.727680565459893,-0.795430052219218,0.5625
8,18,0.3,8.0,5,-6.56446735741562,-4.316237514208512,-4.153627111075407,0.7236986646539629,0.5625
8,18,0.3,8.0,6,-6.396393784318131,-3.223924634325055,-4.898483548924062,-0.2796075250018964,0.5625
8,18,0.4,8.0,1,-6.25265597307404,-2.7699558583006265,-2.7487356311585422,-3.633889076700001,0.5625
8,18,0.4,8.0,2,-6.270276172318214,-1.9529318498969253,-3.5691995456663923,-1.798992723749743,0.5625
8,18,0.4,8.0,3,-6.321889390495405,-2.989831683154299,-3.631663826125302,-3.157596773539831,0.5625
8,18,0.4,8.0,4,-6.342604032236704,-3.4901021210751337,-3.611774492047779,-0.5709937041186749,0.5625
8,18,0.4,8.0,5,-6.21789214653108,-2.413055655163612,-1.7614511469541454,-3.575024761440706,0.5625
8,18,0.4,8.0,6,-6.207006013528188,-2.2123709334407167,-2.918989773931274,-0.1417959688763943,0.5625
8,21,0.0,8.0,1,-3.789686416009891,-1.8004282752424523,0.2136415923891009,-0.7777090678429538,0.65625
8,21,0.0,8.0,2,-3.725445297971748,-2.003159027400295,-1.8261897020795677,-0.1672120480241122,0.65625
8,21,0.0,8.0,3,-3.795210050565125,-2.151870775278829,-1.1922407628250489,-1.4835146168969988,0.65625
8,21,0.0,8.0,4,-3.7481444185434496,-1.742456554754245,0.1722564107289284,-1.4749442595313025,0.65625
8,21,0.0,8.0,5,-3.6915523145369433,-2.41263873832129,-1.8947271995044368,-0.2567857397857345,0.65625
8,21,0.0,8.0,6,-3.661369594665554,-1.8712972480217651,0.0700958277674359,-0.1615785150545572,0.65625
8,21,0.1,8.0,1,-3.584646288950674,-1.1066445070894757,-0.658035885108637,1.6128990259067286,0.65625
8,21,0.1,8.0,2,-3.625519614252255,-1.4505286408830695,-1.131039294295508,1.1862589344532328,0.65625
8,21,0.1,8.0,3,-3.633362409688432,-1.351437833491654,-1.818992703648284,0.7806293885381214,0.65625
8,21,0.1,8.0,4,-3.718346453833335,-1.5676843658055524,-0.2109108541026506,-0.1001106483327716,0.65625
8,21,0.1,8.0,5,-3.652659469818687,-0.4793123213900221,1.4704911506745142,1.1655098628257614,0.65625
8,21,0.1,8.0,6,-3.7050877043640633,-1.5253797813121508,-0.0365742860017094,-1.624695670366318,0.65625
8,21,0.2,8.0,1,-3.6140468486426855,-1.0356204095293458,-1.386158324221387,-0.8924895401238973,0.65625
8,21,0.2,8.0,2,-3.6480004401940738,-1.2875277494612802,4.111196303950201,0.5152955809865735,0.65625
8,21,0.2,8.0,3,-3.680894725629045,-1.2649437122117198,-0.0361491541722914,-1.0936556315580248,0.65625
8,21,0.2,8.0,4,-3.7276177570786664,-1.4731240672118346,-2.6369160206571265,-1.4186128715746735,0.65625
8,21,0.2,8.0,5,-3.74586236280362,-0.8796030307459111,1.0934507593944165,-1.485157649357952,0.65625
8,21,0.2,8.0,6,-3.680655653132789,-1.666913498555107,-0.2407970693064131,-1.064283310598934,0.65625
8,21,0.3,8.0,1,-3.5243626376424637,-1.286954917304037,-0.762110112353601,-1.9550202801404404,0.65625
8,21,0.3,8.0,2,-3.625733499265187,-1.1372891813735673,-2.8143342263527686,-1.4048837798615548,0.65625
8,21,0.3,8.0,3,-3.863329436702613,-0.315681476450762,-61.9273088606765,-2.8915100115532506,0.65625
8,21,0.3,8.0,4,-3.6335897694058494,-0.9726548948294744,-1.3167290623609091,-1.2681266470164985,0.65625
8,21,0.3,8.0,5,-3.636011588613612,-0.7947699306605912,-2.97350320444758,-2.1399130436627707,0.65625
8,21,0.3,8.0,6,-3.607834520359524,-0.8775830466810526,0.9440486871774996,-0.1409824323225477,0.65625
8,21,0.4,8.0,1,-3.5510344667025935,-1.074812077545673,-0.9393934308919316,-1.9686401761492016,0.65625
8,21,0.4,8.0,2,-3.5549180560612372,-0.7982398486260316,-2.2435330423149606,-4.1295930970997565,0.65625
8,21,0.4,8.0,3,-3.513804703729974,-0.862849145411731,-1.5985170611055697,-2.913965932851536,0.65625
8,21,0.4,8.0,4,-3.4778588561711414,-0.535834965582892,0.1835776180370377,-0.5378058574661019,0.65625
8,21,0.4,8.0,5,-3.604706946718397,-1.0283918870103563,-1.1960083578265313,-1.746698451944474,0.65625
8,21,0.4,8.0,6,-3.5646445717312516,-1.0561015145019883,-2.1901439725880336,-2.045772896255847,0.65625
8,25,0.0,8.0,1,-1.921902879187088,0.9813695805410534,0.9644407254666524,-1.6898190176021397,0.78125
8,25,0.0,8.0,2,-1.903533111850632,1.1191162356602216,-0.1035644224792146,0.0504264706039583,0.78125
8,25,0.0,8.0,3,-1.9766004271561184,0.93886057182577,0.1860179652908254,-0.7527117507766592,0.78125
8,25,0.0,8.0,4,-1.908234851834526,0.8835099745342495,-0.4346760004463708,-0.6125666632567739,0.78125
8,25,0.0,8.0,5,-1.9744422921893716,0.8972561208620814,1.8193108317015896,-1.3020570245343184,0.78125
8,25,0.0,8.0,6,-1.7867016943259173,1.033267623525114,0.720421457322753,0.0188147106781951,0.78125
8,25,0.1,8.0,1,-1.885300821658608,1.0772519974709147,2.59300141741919,-1.5237592704189653,0.78125
8,25,0.1,8.0,2,-1.9809124002933571,1.1434514314813082,0.9763591414364214,-0.1718878964183402,0.78125
8,25,0.1,8.0,3,-1.8708007485538605,0.7592460173837482,-0.1993466268305063,-0.7807722882054753,0.78125
8,25,0.1,8.0,4,-1.8927611180134591,0.950913472016343,0.674259360221965,-1.396663238253809,0.78125
8,25,0.1,8.0,5,-1.9724106964201673,1.0048983725121223,0.2945847830633551,-0.863988892210782,0.78125
8,25,0.1,8.0,6,-1.8484000001071237,0.7490954503556657,1.199594695547337,-0.6266239930660171,0.78125
8,25,0.2,8.0,1,-1.8409377578949784,0.8746620889448404,1.5126726620267843,-0.7343145949810914,0.78125
8,25,0.2,8.0,2,-1.8947479099585969,0.971389690926706,0.0036589653495907,-2.020017229395445,0.78125
8,25,0.2,8.0,3,-1.857285562955152,0.7943677938766596,1.1652660134185089,-1.1297700639136936,0.78125
8,25,0.2,8.0,4,-1.830890716286792,1.0966029490924991,-0.2912069221080169,-0.8350523964205065,0.78125
8,25,0.2,8.0,5,-1.80763855286409,1.0303883433839995,-1.1176864924809575,-0.8188061688413442,0.78125
8,25,0.2,8.0,6,-1.8581036886561528,0.9910615996327624,0.5716810335550904,-0.7451942037955821,0.78125
8,25,0.3,8.0,1,-1.7668180071271316,1.3701303111666152,1.375734369568243,-1.7080099029480098,0.78125
8,25,0.3,8.0,2,-1.786685808467189,0.8913237334243501,-0.2625715917323327,-0.0783078820111049,0.78125
8,25,0.3,8.0,3,-1.843851782313652,0.6854658272682976,-0.0316827023265787,-0.8506799590127965,0.78125
8,25,0.3,8.0,4,-1.82092583120676,1.204343867341955,0.8101247736109943,-1.6678616400321151,0.78125
8,25,0.3,8.0,5,-1.8375050582854169,0.8040667543170219,0.5150062989308921,-0.8461028513117366,0.78125
8,25,0.3,8.0,6,-1.851963725181814,0.9291293242078448,0.542209508900181,-1.633420553392665,0.78125
8,25,0.4,8.0,1,-1.7915013124259929,0.7540637456104109,0.7927656149434406,0.0542516289289887,0.78125
8,25,0.4,8.0,2,-1.7439102067245713,0.6020096629703124,0.3419750121241605,-0.5981040114357246,0.78125
8,25,0.4,8.0,3,-1.862703891295024,0.7193749899761521,-0.977235875003272,-0.8902113078009666,0.78125
8,25,0.4,8.0,4,-1.8453291988549403,0.7977621868598808,-0.3556627141345324,-0.647720133054974,0.78125
8,25,0.4,8.0,5,-1.8080565967920903,0.8139245754206132,-0.0251673974987693,-0.8847755795322886,0.78125
8,25,0.4,8.0,6,-1.8152700629488951,0.8366302641559364,-0.0885791447600737,-0.8168844157873487,0.78125
8,28,0.0,8.0,1,-1.1883464706772984,2.16212334661667,1.702570700632656,0.1573482911153553,0.875
8,28,0.0,8.0,2,-1.1653599745263543,2.014201939218242,1.3485719782516947,-0.340453110486045,0.875
8,28,0.0,8.0,3,-1.1308478002161335,1.7528598495420056,1.1940534156336382,0.0370915769957401,0.875
8,28,0.0,8.0,4,-1.1601382395943642,1.7513057916415355,1.170295671714262,-1.525196029172292,0.875
8,28,0.0,8.0,5,-1.1343414566712986,1.6873356352844624,1.1546969521936856,-1.2403095106926083,0.875
8,28,0.0,8.0,6,-1.2534604177494664,2.014995095280267,1.4025910813375937,-1.4704712175515202,0.875
8,28,0.1,8.0,1,-1.1466908204764965,1.8753495153512736,1.4690108159888655,-0.9523197019863574,0.875
8,28,0.1,8.0,2,-1.2124036178806017,1.9042628495437184,1.519832175300175,-1.2128473324985876,0.875
8,28,0.1,8.0,3,-1.1359688196177635,1.5782810893693495,2.1766023145978424,-0.1872459380670127,0.875
8,28,0.1,8.0,4,-1.115290334600909,1.6717613120735009,1.2084612451806411,-0.2969976833136463,0.875
8,28,0.1,8.0,5,-1.1221693697972308,1.955216325087062,1.2971947689084893,-0.2711641375079326,0.875
8,28,0.1,8.0,6,-1.125351597617084,2.0773052066438935,1.8656431977586976,-1.1299057578573586,0.875
8,28,0.2,8.0,1,-1.197215566297487,1.7260399016584422,1.3645794129715842,0.2749896760741454,0.875
8,28,0.2,8.0,2,-1.1335809958489602,1.8254119317791704,1.495182568818216,-0.268546453897389,0.875
8,28,0.2,8.0,3,-1.1983258345046883,1.6679689884998434,2.519250084651098,-0.4394187990017298,0.875
8,28,0.2,8.0,4,-1.1324582080473775,1.8728093325848905,1.0891102776299275,-0.6784994545942977,0.875
8,28,0.2,8.0,5,-1.2073977616566984,1.9052065472477664,0.6019475791803297,-0.764734964767311,0.875
8,28,0.2,8.0,6,-1.1624151156075786,1.8901413808547944,0.6344393497228735,-0.3112562761271847,0.875
8,28,0.3,8.0,1,-1.1002544225703237,1.5746190880903428,0.924946780452924,-0.0788666019070813,0.875
8,28,0.3,8.0,2,-1.1609815036417497,1.6125452576561656,1.3906098668138989,-0.1263228814784132,0.875
8,28,0.3,8.0,3,-1.1547831697579336,1.7299158136080606,1.2267896619688003,-0.4307210012687198,0.875
8,28,0.3,8.0,4,-1.1909973102968636,1.7154533148693345,1.231394246920019,-0.3588959868204533,0.875
8,28,0.3,8.0,5,-1.1148382638539758,1.723707213197687,1.3288457057238685,0.0885237835596319,0.875
8,28,0.3,8.0,6,-1.0557573641236444,1.5381398780669862,1.2150284870852155,-0.3531034432569032,0.875
8,28,0.4,8.0,1,-1.193321983930092,1.730854775946058,0.1558104260507375,0.6891570309226145,0.875
8,28,0.4,8.0,2,-1.1590299272719815,1.5628839050704395,0.9870632922824336,0.6241994081276772,0.875
8,28,0.4,8.0,3,-1.1237781700220233,1.623335535143119,0.5416323169659638,0.6863661245535735,0.875
8,28,0.4,8.0,4,-1.1543323534620336,1.6426449695494645,0.4275597162196912,0.6118400449980441,0.875
8,28,0.4,8.0,5,-1.1740166450106426,1.5330744864293588,0.7338793891276251,0.3677967876588951,0.875
8,28,0.4,8.0,6,-1.157627669382597,1.458626737827452,0.6986872033706577,0.3978127385922267,0.875
8,32,0.0,8.0,1,-0.6090074804070827,2.1066486350576765,2.5496042308321676,-0.5132486934210461,1.0
8,32,0.0,8.0,2,-0.6015333677404765,1.9877704636964215,1.9929947881485743,-0.3913755844790744,1.0
8,32,0.0,8.0,3,-0.5603898807113014,2.162708546983662,2.4162022833737837,-0.9647590865890582,1.0
8,32,0.0,8.0,4,-0.510578184523875,1.821179919760984,2.031391557129274,-0.3540441148215146,1.0
8,32,0.0,8.0,5,-0.5635490706342854,2.1782083080969854,2.545224987003506,-0.3597083847520871,1.0
8,32,0.0,8.0,6,-0.5548429314235397,2.068547793938363,2.252268098112921,-0.7403965322767726,1.0
8,32,0.1,8.0,1,-0.5158509543524242,1.903547828381092,2.038209604525437,-0.3522752314621705,1.0
8,32,0.1,8.0,2,-0.6416488879989052,2.180045361314323,2.1345475763939294,-0.3274142815143916,1.0
8,32,0.1,8.0,3,-0.5063511073725728,1.7929731166602896,2.3633944544111545,-0.2664240412208206,1.0
8,32,0.1,8.0,4,-0.6118538354409334,2.122645823941238,2.327396295547533,-0.2178888403225247,1.0
8,32,0.1,8.0,5,-0.6147268600537499,2.096316778057003,2.20838340849794,-0.3226769383447997,1.0
8,32,0.1,8.0,6,-0.5619108000470041,1.906835088810668,1.893258193556901,-0.1548433508871976,1.0
8,32,0.2,8.0,1,-0.6857020502831818,2.140425876986325,1.8783742285756913,0.8374955417647968,1.0
8,32,0.2,8.0,2,-0.6584043164487866,2.1410491815533015,2.2806930965642764,0.2251004838436852,1.0
8,32,0.2,8.0,3,-0.6241040901964507,1.9061039448753785,1.4682017282309707,0.5761636585465556,1.0
8,32,0.2,8.0,4,-0.6550006676759093,2.061653225008923,2.093900950911968,0.7841641801681283,1.0
8,32,0.2,8.0,5,-0.5210470585272756,1.81053543924921,1.9584757663085863,0.0361127887124183,1.0
8,32,0.2,8.0,6,-0.6187318024110148,1.970775955581234,1.5487351416766049,0.9075656189639796,1.0
8,32,0.3,8.0,1,-0.6625336110229785,1.953779738109544,1.7422459003695088,1.0231460779132693,1.0
8,32,0.3,8.0,2,-0.7110081698967294,1.9594507166557975,1.6563386386778916,1.5194698594306222,1.0
8,32,0.3,8.0,3,-0.6162332362326175,1.8913461359935924,1.8346608789767895,1.2450852632436078,1.0
8,32,0.3,8.0,4,-0.7104561033529315,2.0638061087709074,1.742421064623473,1.2038837870588537,1.0
8,32,0.3,8.0,5,-0.7115323020912182,1.8867150317161836,1.3516548202403942,1.2037746122041963,1.0
8,32,0.3,8.0,6,-0.6240607623786846,1.8752148446544568,1.6074821299452189,1.2632736215539269,1.0
8,32,0.4,8.0,1,-0.7502495209633684,1.9195467891972005,1.2518649455816773,2.1576640581765263,1.0
8,32,0.4,8.0,2,-0.7346558497469753,1.8386186123395545,1.1966961112441197,1.986011094296797,1.0
8,32,0.4,8.0,3,-0.711132676355472,1.769017499176443,1.1983959296802,1.8445665002223637,1.0
8,32,0.4,8.0,4,-0.7515277837273053,1.839753974419247,1.489619649167317,2.014674933854927,1.0
8,32,0.4,8.0,5,-0.8067419311899041,1.989472494347001,1.3370577154359635,2.107833943344819,1.0
8,32,0.4,8.0,6,-0.6738380378562318,1.7434491341826024,1.389202537439512,3.222133982902231,1.0
10,25,0.0,0.0,1,-9.228173780684302e-15,9.432454817215332e-15,-1.932320969899593e-13,4.991562718714705e-14,0.5
10,25,0.0,0.0,2,-9.228173780684302e-15,9.432454817215332e-15,-1.932320969899593e-13,4.991562718714705e-14,0.5
10,25,0.0,0.0,3,-9.228173780684302e-15,9.432454817215332e-15,-1.932320969899593e-13,4.991562718714705e-14,0.5
10,25,0.0,0.0,4,-9.228173780684302e-15,9.432454817215332e-15,-1.932320969899593e-13,4.991562718714705e-14,0.5
10,25,0.0,0.0,5,-9.228173780684302e-15,9.432454817215332e-15,-1.932320969899593e-13,4.991562718714705e-14,0.5
10,25,0.0,0.0,6,-9.228173780684302e-15,9.432454817215332e-15,-1.932320969899593e-13,4.991562718714705e-14,0.5
10,25,0.1,0.0,1,5.4587445674769704e-14,3.3297808954557697e-14,-5.868372454642669e-13,8.935074902183259e-14,0.5
10,25,0.1,0.0,2,5.4587445674769704e-14,3.3297808954557697e-14,-5.868372454642669e-13,8.935074902183259e-14,0.5
10,25,0.1,0.0,3,5.4587445674769704e-14,3.3297808954557697e-14,-5.868372454642669e-13,8.935074902183259e-14,0.5
10,25,0.1,0.0,4,5.4587445674769704e-14,3.3297808954557697e-14,-5.868372454642669e-13,8.935074902183259e-14,0.5
10,25,0.1,0.0,5,5.4587445674769704e-14,3.3297808954557697e-14,-5.868372454642669e-13,8.935074902183259e-14,0.5
10,25,0.1,0.0,6,5.4587445674769704e-14,3.3297808954557697e-14,-5.868372454642669e-13,8.935074902183259e-14,0.5
10,25,0.2,0.0,1,-4.2428283109074985e-14,-4.078515303262975e-14,-4.04511979468225e-13,-7.15161263542541e-13,0.5
10,25,0.2,0.0,2,-4.2428283109074985e-14,-4.078515303262975e-14,-4.04511979468225e-13,-7.15161263542541e-13,0.5
10,25,0.2,0.0,3,-4.2428283109074985e-14,-4.078515303262975e-14,-4.04511979468225e-13,-7.15161263542541e-13,0.5
10,25,0.2,0.0,4,-4.2428283109074985e-14,-4.078515303262975e-14,-4.04511979468225e-13,-7.15161263542541e-13,0.5
10,25,0.2,0.0,5,-4.2428283109074985e-14,-4.078515303262975e-14,-4.04511979468225e-13,-7.15161263542541e-13,0.5
10,25,0.2,0.0,6,-4.2428283109074985e-14,-4.078515303262975e-14,-4.04511979468225e-13,-7.15161263542541e-13,0.5
10,25,0.3,0.0,1,-2.1884716261411093e-14,-3.367084389083175e-14,-1.7983836642088137e-13,2.745537130977027e-13,0.5
10,25,0.3,0.0,2,-2.1884716261411093e-14,-3.367084389083175e-14,-1.7983836642088137e-13,2.745537130977027e-13,0.5
10,25,0.3,0.0,3,-2.1884716261411093e-14,-3.367084389083175e-14,-1.7983836642088137e-13,2.745537130977027e-13,0.5
10,25,0.3,0.0,4,-2.1884716261411093e-14,-3.367084389083175e-14,-1.7983836642088137e-13,2.745537130977027e-13,0.5
10,25,0.3,0.0,5,-2.1884716261411093e-14,-3.367084389083175e-14,-1.7983836642088137e-13,2.745537130977027e-13,0.5
10,25,0.3,0.0,6,-2.1884716261411093e-14,-3.367084389083175e-14,-1.7983836642088137e-13,2.745537130977027e-13,0.5
10,25,0.4,0.0,1,-5.729638985485508e-14,-1.9770851622524792e-14,-1.162447915703524e-13,-1.573852159708622e-13,0.5
10,25,0.4,0.0,2,-5.729638985485508e-14,-1.9770851622524792e-14,-1.162447915703524e-13,-1.573852159708622e-13,0.5
10,25,0.4,0.0,3,-5.729638985485508e-14,-1.9770851622524792e-14,-1.162447915703524e-13,-1.573852159708622e-13,0.5
10,25,0.4,0.0,4,-5.729638985485508e-14,-1.9770851622524792e-14,-1.162447915703524e-13,-1.573852159708622e-13,0.5
10,25,0.4,0.0,5,-5.729638985485508e-14,-1.9770851622524792e-14,-1.162447915703524e-13,-1.573852159708622e-13,0.5
10,25,0.4,0.0,6,-5.729638985485508e-14,-1.9770851622524792e-14,-1.162447915703524e-13,-1.573852159708622e-13,0.5
10,28,0.0,0.0,1,-6.1728400169158705e-15,3.110400825789838e-14,-4.8672177399566867e-14,1.4612311360906466e-13,0.56
10,28,0.0,0.0,2,-6.1728400169158705e-15,3.110400825789838e-14,-4.8672177399566867e-14,1.4612311360906466e-13,0.56
10,28,0.0,0.0,3,-6.1728400169158705e-15,3.110400825789838e-14,-4.8672177399566867e-14,1.4612311360906466e-13,0.56
10,28,0.0,0.0,4,-6.1728400169158705e-15,3.110400825789838e-14,-4.8672177399566867e-14,1.4612311360906466e-13,0.56
10,28,0.0,0.0,5,-6.1728400169158705e-15,3.110400825789838e-14,-4.8672177399566867e-14,1.4612311360906466e-13,0.56
10,28,0.0,0.0,6,-6.1728400169158705e-15,3.110400825789838e-14,-4.8672177399566867e-14,1.4612311360906466e-13,0.56
10,28,0.1,0.0,1,3.862687947275844e-14,1.846522934556561e-14,4.831690603168681e-14,4.7251091928046665e-14,0.56
10,28,0.1,0.0,2,3.862687947275844e-14,1.846522934556561e-14,4.831690603168681e-14,4.7251091928046665e-14,0.56
10,28,0.1,0.0,3,3.862687947275844e-14,1.846522934556561e-14,4.831690603168681e-14,4.7251091928046665e-14,0.56
10,28,0.1,0.0,4,3.862687947275844e-14,1.846522934556561e-14,4.831690603168681e-14,4.7251091928046665e-14,0.56
10,28,0.1,0.0,5,3.862687947275844e-14,1.846522934556561e-14,4.831690603168681e-14,4.7251091928046665e-14,0.56
10,28,0.1,0.0,6,3.862687947275844e-14,1.846522934556561e-14,4.831690603168681e-14,4.7251091928046665e-14,0.56
10,28,0.2,0.0,1,-2.4238389073616423e-14,1.008082506359642e-14,1.5841550293771432e-13,-4.2454928461665996e-14,0.56
10,28,0.2,0.0,2,-2.4238389073616423e-14,1.008082506359642e-14,1.5841550293771432e-13,-4.2454928461665996e-14,0.56
10,28,0.2,0.0,3,-2.4238389073616423e-14,1.008082506359642e-14,1.5841550293771432e-13,-4.2454928461665996e-14,0.56
10,28,0.2,0.0,4,-2.4238389073616423e-14,1.008082506359642e-14,1.5841550293771432e-13,-4.2454928461665996e-14,0.56
10,28,0.2,0.0,5,-2.4238389073616423e-14,1.008082506359642e-14,1.5841550293771432e-13,-4.2454928461665996e-14,0.56
10,28,0.2,0.0,6,-2.4238389073616423e-14,1.008082506359642e-14,1.5841550293771432e-13,-4.2454928461665996e-14,0.56
10,28,0.3,0.0,1,-5.099032307498419e-14,9.201528428093298e-15,-1.0508927061891882e-13,-1.7990942069445737e-13,0.56
10,28,0.3,0.0,2,-5.099032307498419e-14,9.201528428093298e-15,-1.0508927061891882e-13,-1.7990942069445737e-13,0.56
10,28,0.3,0.0,3,-5.099032307498419e-14,9.201528428093298e-15,-1.0508927061891882e-13,-1.7990942069445737e-13,0.56
10,28,0.3,0.0,4,-5.099032307498419e-14,9.201528428093298e-15,-1.0508927061891882e-13,-1.7990942069445737e-13,0.56
10,28,0.3,0.0,5,-5.099032307498419e-14,9.201528428093298e-15,-1.0508927061891882e-13,-1.7990942069445737e-13,0.56
10,28,0.3,0.0,6,-5.099032307498419e-14,9.201528428093298e-15,-1.0508927061891882e-13,-1.7990942069445737e-13,0.56
10,28,0.4,0.0,1,-8.881784197001248e-17,-2.4176216584237408e-14,-1.7539747432238077e-13,-2.469846549502109e-13,0.56
10,28,0.4,0.0,2,-8.881784197001248e-17,-2.4176216584237408e-14,-1.7539747432238077e-13,-2.469846549502109e-13,0.56
10,28,0.4,0.0,3,-8.881784197001248e-17,-2.4176216584237408e-14,-1.7539747432238077e-13,-2.469846549502109e-13,0.56
10,28,0.4,0.0,4,-8.881784197001248e-17,-2.4176216584237408e-14,-1.7539747432238077e-13,-2.469846549502109e-13,0.56
10,28,0.4,0.0,5,-8.881784197001248e-17,-2.4176216584237408e-14,-1.7539747432238077e-13,-2.469846549502109e-13,0.56
10,28,0.4,0.0,6,-8.881784197001248e-17,-2.4176216584237408e-14,-1.7539747432238077e-13,-2.469846549502109e-13,0.56
10,33,0.0,0.0,1,-1.7497114868092469e-15,-2.2302160118670144e-14,-3.783640067922534e-14,-1.886490963443066e-13,0.66
10,33,0.0,0.0,2,-1.7497114868092469e-15,-2.2302160118670144e-14,-3.783640067922534e-14,-1.886490963443066e-13,0.66
10,33,0.0,0.0,3,-1.7497114868092469e-15,-2.2302160118670144e-14,-3.783640067922534e-14,-1.886490963443066e-13,0.66
10,33,0.0,0.0,4,-1.7497114868092469e-15,-2.2302160118670144e-14,-3.783640067922534e-14,-1.886490963443066e-13,0.66
10,33,0.0,0.0,5,-1.7497114868092469e-15,-2.2302160118670144e-14,-3.783640067922534e-14,-1.886490963443066e-13,0.66
10,33,0.0,0.0,6,-1.7497114868092469e-15,-2.2302160118670144e-14,-3.783640067922534e-14,-1.886490963443066e-13,0.66
10,33,0.1,0.0,1,1.5631940186722206e-15,-1.5756285165480223e-14,1.5056400570756526e-13,-1.0093259561472224e-13,0.66
10,33,0.1,0.0,2,1.5631940186722206e-15,-1.5756285165480223e-14,1.5056400570756526e-13,-1.0093259561472224e-13,0.66
10,33,0.1,0.0,3,1.5631940186722206e-15,-1.5756285165480223e-14,1.5056400570756526e-13,-1.0093259561472224e-13,0.66
10,33,0.1,0.0,4,1.5631940186722206e-15,-1.5756285165480223e-14,1.5056400570756526e-13,-1.0093259561472224e-13,0.66
10,33,0.1,0.0,5,1.5631940186722206e-15,-1.5756285165480223e-14,1.5056400570756526e-13,-1.0093259561472224e-13,0.66
10,33,0.1,0.0,6,1.5631940186722206e-15,-1.5756285165480223e-14,1.5056400570756526e-13,-1.0093259561472224e-13,0.66
10,33,0.2,0.0,1,-1.3793410857942946e-14,1.7119639039719913e-14,-1.6051160400820668e-13,-3.4425795547576865e-14,0.66
10,33,0.2,0.0,2,-1.3793410857942946e-14,1.7119639039719913e-14,-1.6051160400820668e-13,-3.4425795547576865e-14,0.66
10,33,0.2,0.0,3,-1.3793410857942946e-14,1.7119639039719913e-14,-1.6051160400820668e-13,-3.4425795547576865e-14,0.66
10,33,0.2,0.0,4,-1.3793410857942946e-14,1.7119639039719913e-14,-1.6051160400820668e-13,-3.4425795547576865e-14,0.66
10,33,0.2,0.0,5,-1.3793410857942946e-14,1.7119639039719913e-14,-1.6051160400820668e-13,-3.4425795547576865e-14,0.66
10,33,0.2,0.0,6,-1.3793410857942946e-14,1.7119639039719913e-14,-1.6051160400820668e-13,-3.4425795547576865e-14,0.66
10,33,0.3,0.0,1,3.609557097661309e-14,-4.89164264649844e-14,4.973799150320701e-15,2.5721647034515627e-14,0.66
10,33,0.3,0.0,2,3.609557097661309e-14,-4.89164264649844e-14,4.973799150320701e-15,2.5721647034515627e-14,0.66
10,33,0.3,0.0,3,3.609557097661309e-14,-4.89164264649844e-14,4.973799150320701e-15,2.5721647034515627e-14,0.66
10,33,0.3,0.0,4,3.609557097661309e-14,-4.89164264649844e-14,4.973799150320701e-15,2.5721647034515627e-14,0.66
10,33,0.3,0.0,5,3.609557097661309e-14,-4.89164264649844e-14,4.973799150320701e-15,2.5721647034515627e-14,0.66
10,33,0.3,0.0,6,3.609557097661309e-14,-4.89164264649844e-14,4.973799150320701e-15,2.5721647034515627e-14,0.66
10,33,0.4,0.0,1,4.8743231673142875e-14,1.2092549184217204e-14,-1.2754242106893804e-14,8.533618256478804e-14,0.66
10,33,0.4,0.0,2,4.8743231673142875e-14,1.2092549184217204e-14,-1.2754242106893804e-14,8.533618256478804e-14,0.66
10,33,0.4,0.0,3,4.8743231673142875e-14,1.2092549184217204e-14,-1.2754242106893804e-14,8.533618256478804e-14,0.66
10,33,0.4,0.0,4,4.8743231673142875e-14,1.2092549184217204e-14,-1.2754242106893804e-14,8.533618256478804e-14,0.66
10,33,0.4,0.0,5,4.8743231673142875e-14,1.2092549184217204e-14,-1.2754242106893804e-14,8.533618256478804e-14,0.66
10,33,0.4,0.0,6,4.8743231673142875e-14,1.2092549184217204e-14,-1.2754242106893804e-14,8.533618256478804e-14,0.66
10,39,0.0,0.0,1,1.0458300891968977e-14,2.3634427748220335e-14,2.538946830554778e-13,1.0576428621789092e-13,0.78
10,39,0.0,0.0,2,1.0458300891968977e-14,2.3634427748220335e-14,2.538946830554778e-13,1.0576428621789092e-13,0.78
10,39,0.0,0.0,3,1.0458300891968977e-14,2.3634427748220335e-14,2.538946830554778e-13,1.0576428621789092e-13,0.78
10,39,0.0,0.0,4,1.0458300891968977e-14,2.3634427748220335e-14,2.538946830554778e-13,1.0576428621789092e-13,0.78
10,39,0.0,0.0,5,1.0458300891968977e-14,2.3634427748220335e-14,2.538946830554778e-13,1.0576428621789092e-13,0.78
10,39,0.0,0.0,6,1.0458300891968977e-14,2.3634427748220335e-14,2.538946830554778e-13,1.0576428621789092e-13,0.78
10,39,0.1,0.0,1,1.4921397450962108e-14,-4.3605119515177654e-14,9.07540709249588e-14,-3.90087961932295e-14,0.78
10,39,0.1,0.0,2,1.4921397450962108e-14,-4.3605119515177654e-14,9.07540709249588e-14,-3.90087961932295e-14,0.78
10,39,0.1,0.0,3,1.4921397450962108e-14,-4.3605119515177654e-14,9.07540709249588e-14,-3.90087961932295e-14,0.78
10,39,0.1,0.0,4,1.4921397450962108e-14,-4.3605119515177654e-14,9.07540709249588e-14,-3.90087961932295e-14,0.78
10,39,0.1,0.0,5,1.4921397450962108e-14,-4.3605119515177654e-14,9.07540709249588e-14,-3.90087961932295e-14,0.78
10,39,0.1,0.0,6,1.4921397450962108e-14,-4.3605119515177654e-14,9.07540709249588e-14,-3.90087961932295e-14,0.78
10,39,0.2,0.0,1,-1.6791013024430872e-14,-9.903189379656396e-16,1.1954881529163685e-13,-1.9397816686250735e-14,0.78
10,39,0.2,0.0,2,-1.6791013024430872e-14,-9.903189379656396e-16,1.1954881529163685e-13,-1.9397816686250735e-14,0.78
10,39,0.2,0.0,3,-1.6791013024430872e-14,-9.903189379656396e-16,1.1954881529163685e-13,-1.9397816686250735e-14,0.78
10,39,0.2,0.0,4,-1.6791013024430872e-14,-9.903189379656396e-16,1.1954881529163685e-13,-1.9397816686250735e-14,0.78
10,39,0.2,0.0,5,-1.6791013024430872e-14,-9.903189379656396e-16,1.1954881529163685e-13,-1.9397816686250735e-14,0.78
10,39,0.2,0.0,6,-1.6791013024430872e-14,-9.903189379656396e-16,1.1954881529163685e-13,-1.9397816686250735e-14,0.78
10,39,0.3,0.0,1,5.413447468072264e-15,-6.545874953189923e-15,-3.9506176108261574e-14,-1.5397461083921372e-13,0.78
10,39,0.3,0.0,2,5.413447468072264e-15,-6.545874953189923e-15,-3.9506176108261574e-14,-1.5397461083921372e-13,0.78
10,39,0.3,0.0,3,5.413447468072264e-15,-6.545874953189923e-15,-3.9506176108261574e-14,-1.5397461083921372e-13,0.78
10,39,0.3,0.0,4,5.413447468072264e-15,-6.545874953189923e-15,-3.9506176108261574e-14,-1.5397461083921372e-13,0.78
10,39,0.3,0.0,5,5.413447468072264e-15,-6.545874953189923e-15,-3.9506176108261574e-14,-1.5397461083921372e-13,0.78
10,39,0.3,0.0,6,5.413447468072264e-15,-6.545874953189923e-15,-3.9506176108261574e-14,-1.5397461083921372e-13,0.78
10,39,0.4,0.0,1,-2.3430146711689303e-14,3.4561242756581124e-14,1.8051338201985349e-13,-3.925748615074555e-15,0.78
10,39,0.4,0.0,2,-2.3430146711689303e-14,3.4561242756581124e-14,1.8051338201985349e-13,-3.925748615074555e-15,0.78
10,39,0.4,0.0,3,-2.3430146711689303e-14,3.4561242756581124e-14,1.8051338201985349e-13,-3.925748615074555e-15,0.78
10,39,0.4,0.0,4,-2.3430146711689303e-14,3.4561242756581124e-14,1.8051338201985349e-13,-3.925748615074555e-15,0.78
10,39,0.4,0.0,5,-2.3430146711689303e-14,3.4561242756581124e-14,1.8051338201985349e-13,-3.925748615074555e-15,0.78
10,39,0.4,0.0,6,-2.3430146711689303e-14,3.4561242756581124e-14,1.8051338201985349e-13,-3.925748615074555e-15,0.78
10,44,0.0,0.0,1,-1.8558488079634123e-14,-2.3483437416871315e-14,1.0194511901318041e-13,1.2196466059322124e-13,0.88
10,44,0.0,0.0,2,-1.8558488079634123e-14,-2.3483437416871315e-14,1.0194511901318041e-13,1.2196466059322124e-13,0.88
10,44,0.0,0.0,3,-1.8558488079634123e-14,-2.3483437416871315e-14,1.0194511901318041e-13,1.2196466059322124e-13,0.88
10,44,0.0,0.0,4,-1.8558488079634123e-14,-2.3483437416871315e-14,1.0194511901318041e-13,1.2196466059322124e-13,0.88
10,44,0.0,0.0,5,-1.8558488079634123e-14,-2.3483437416871315e-14,1.0194511901318041e-13,1.2196466059322124e-13,0.88
10,44,0.0,0.0,6,-1.8558488079634123e-14,-2.3483437416871315e-14,1.0194511901318041e-13,1.2196466059322124e-13,0.88
10,44,0.1,0.0,1,2.1240786907128494e-14,-2.4915070007125456e-14,6.933120744179179e-14,-2.4549251520511462e-14,0.88
10,44,0.1,0.0,2,2.1240786907128494e-14,-2.4915070007125456e-14,6.933120744179179e-14,-2.4549251520511462e-14,0.88
10,44,0.1,0.0,3,2.1240786907128494e-14,-2.4915070007125456e-14,6.933120744179179e-14,-2.4549251520511462e-14,0.88
10,44,0.1,0.0,4,2.1240786907128494e-14,-2.4915070007125456e-14,6.933120744179179e-14,-2.4549251520511462e-14,0.88
10,44,0.1,0.0,5,2.1240786907128494e-14,-2.4915070007125456e-14,6.933120744179179e-14,-2.4549251520511462e-14,0.88
10,44,0.1,0.0,6,2.1240786907128494e-14,-2.4915070007125456e-14,6.933120744179179e-14,-2.4549251520511462e-14,0.88
10,44,0.2,0.0,1,1.0178524689763436e-14,-1.2508327706939328e-14,-2.5721647034515627e-14,1.2192913345643322e-13,0.88
10,44,0.2,0.0,2,1.0178524689763436e-14,-1.2508327706939328e-14,-2.5721647034515627e-14,1.2192913345643322e-13,0.88
10,44,0.2,0.0,3,1.0178524689763436e-14,-1.2508327706939328e-14,-2.5721647034515627e-14,1.2192913345643322e-13,0.88
10,44,0.2,0.0,4,1.0178524689763436e-14,-1.2508327706939328e-14,-2.5721647034515627e-14,1.2192913345643322e-13,0.88
10,44,0.2,0.0,5,1.0178524689763436e-14,-1.2508327706939328e-14,-2.5721647034515627e-14,1.2192913345643322e-13,0.88
10,44,0.2,0.0,6,1.0178524689763436e-14,-1.2508327706939328e-14,-2.5721647034515627e-14,1.2192913345643322e-13,0.88
10,44,0.3,0.0,1,2.5486279753295097e-14,6.1278759844185516e-15,9.842793247116788e-14,3.5758063177127046e-14,0.88
10,44,0.3,0.0,2,2.5486279753295097e-14,6.1278759844185516e-15,9.842793247116788e-14,3.5758063177127046e-14,0.88
10,44,0.3,0.0,3,2.5486279753295097e-14,6.1278759844185516e-15,9.842793247116788e-14,3.5758063177127046e-14,0.88
10,44,0.3,0.0,4,2.5486279753295097e-14,6.1278759844185516e-15,9.842793247116788e-14,3.5758063177127046e-14,0.88
10,44,0.3,0.0,5,2.5486279753295097e-14,6.1278759844185516e-15,9.842793247116788e-14,3.5758063177127046e-14,0.88
10,44,0.3,0.0,6,2.5486279753295097e-14,6.1278759844185516e-15,9.842793247116788e-14,3.5758063177127046e-14,0.88
10,44,0.4,0.0,1,2.628564033102521e-14,5.880851361439455e-15,1.1702638857968852e-13,3.859135233597045e-14,0.88
10,44,0.4,0.0,2,2.628564033102521e-14,5.880851361439455e-15,1.1702638857968852e-13,3.859135233597045e-14,0.88
10,44,0.4,0.0,3,2.628564033102521e-14,5.880851361439455e-15,1.1702638857968852e-13,3.859135233597045e-14,0.88
10,44,0.4,0.0,4,2.628564033102521e-14,5.880851361439455e-15,1.1702638857968852e-13,3.859135233597045e-14,0.88
10,44,0.4,0.0,5,2.628564033102521e-14,5.880851361439455e-15,1.1702638857968852e-13,3.859135233597045e-14,0.88
10,44,0.4,0.0,6,2.628564033102521e-14,5.880851361439455e-15,1.1702638857968852e-13,3.859135233597045e-14,0.88
10,50,0.0,0.0,1,1.2434497875801754e-16,-2.1861956689406272e-14,-3.455014052633487e-14,9.045209026226077e-14,1.0
10,50,0.0,0.0,2,1.2434497875801754e-16,-2.1861956689406272e-14,-3.455014052633487e-14,9.045209026226077e-14,1.0
10,50,0.0,0.0,3,1.2434497875801754e-16,-2.1861956689406272e-14,-3.455014052633487e-14,9.045209026226077e-14,1.0
10,50,0.0,0.0,4,1.2434497875801754e-16,-2.1861956689406272e-14,-3.455014052633487e-14,9.045209026226077e-14,1.0
10,50,0.0,0.0,5,1.2434497875801754e-16,-2.1861956689406272e-14,-3.455014052633487e-14,9.045209026226077e-14,1.0
10,50,0.0,0.0,6,1.2434497875801754e-16,-2.1861956689406272e-14,-3.455014052633487e-14,9.045209026226077e-14,1.0
10,50,0.1,0.0,1,4.027889133340068e-15,-2.5650037649427307e-14,-5.329070518200751e-16,-1.232791646543774e-14,1.0
10,50,0.1,0.0,2,4.027889133340068e-15,-2.5650037649427307e-14,-5.329070518200751e-16,-1.232791646543774e-14,1.0
10,50,0.1,0.0,3,4.027889133340068e-15,-2.5650037649427307e-14,-5.329070518200751e-16,-1.232791646543774e-14,1.0
10,50,0.1,0.0,4,4.027889133340068e-15,-2.5650037649427307e-14,-5.329070518200751e-16,-1.232791646543774e-14,1.0
10,50,0.1,0.0,5,4.027889133340068e-15,-2.5650037649427307e-14,-5.329070518200751e-16,-1.232791646543774e-14,1.0
10,50,0.1,0.0,6,4.027889133340068e-15,-2.5650037649427307e-14,-5.329070518200751e-16,-1.232791646543774e-14,1.0
10,50,0.2,0.0,1,-1.3651302310790926e-14,-1.62980740014973e-14,-3.1938895972416504e-14,-4.1739944833807396e-14,1.0
10,50,0.2,0.0,2,-1.3651302310790926e-14,-1.62980740014973e-14,-3.1938895972416504e-14,-4.1739944833807396e-14,1.0
10,50,0.2,0.0,3,-1.3651302310790926e-14,-1.62980740014973e-14,-3.1938895972416504e-14,-4.1739944833807396e-14,1.0
10,50,0.2,0.0,4,-1.3651302310790926e-14,-1.62980740014973e-14,-3.1938895972416504e-14,-4.1739944833807396e-14,1.0
10,50,0.2,0.0,5,-1.3651302310790926e-14,-1.62980740014973e-14,-3.1938895972416504e-14,-4.1739944833807396e-14,1.0
10,50,0.2,0.0,6,-1.3651302310790926e-14,-1.62980740014973e-14,-3.1938895972416504e-14,-4.1739944833807396e-14,1.0
10,50,0.3,0.0,1,-4.656275365277907e-15,-3.1352698215414427e-15,9.617195928512957e-14,5.3406168376568526e-14,1.0
10,50,0.3,0.0,2,-4.656275365277907e-15,-3.1352698215414427e-15,9.617195928512957e-14,5.3406168376568526e-14,1.0
10,50,0.3,0.0,3,-4.656275365277907e-15,-3.1352698215414427e-15,9.617195928512957e-14,5.3406168376568526e-14,1.0
10,50,0.3,0.0,4,-4.656275365277907e-15,-3.1352698215414427e-15,9.617195928512957e-14,5.3406168376568526e-14,1.0
10,50,0.3,0.0,5,-4.656275365277907e-15,-3.1352698215414427e-15,9.617195928512957e-14,5.3406168376568526e-14,1.0
10,50,0.3,0.0,6,-4.656275365277907e-15,-3.1352698215414427e-15,9.617195928512957e-14,5.3406168376568526e-14,1.0
10,50,0.4,0.0,1,-1.6473489239388072e-14,-1.8530177392506182e-14,-3.516298363592796e-14,-2.3854251907096118e-14,1.0
10,50,0.4,0.0,2,-1.6473489239388072e-14,-1.8530177392506182e-14,-3.516298363592796e-14,-2.3854251907096118e-14,1.0
10,50,0.4,0.0,3,-1.6473489239388072e-14,-1.8530177392506182e-14,-3.516298363592796e-14,-2.3854251907096118e-14,1.0
10,50,0.4,0.0,4,-1.6473489239388072e-14,-1.8530177392506182e-14,-3.516298363592796e-14,-2.3854251907096118e-14,1.0
10,50,0.4,0.0,5,-1.6473489239388072e-14,-1.8530177392506182e-14,-3.516298363592796e-14,-2.3854251907096118e-14,1.0
10,50,0.4,0.0,6,-1.6473489239388072e-14,-1.8530177392506182e-14,-3.516298363592796e-14,-2.3854251907096118e-14,1.0
10,25,0.0,2.0,1,-25.55631809629383,-8.697706624929015,1.2792498343896417,1.22711470509335,0.5
10,25,0.0,2.0,2,-25.457740340925568,-8.649756109569688,1.7709153198753014,1.3537821930386211,0.5
10,25,0.0,2.0,3,-25.474353277598063,-8.617495412795638,1.4210000837986672,1.5325427945822916,0.5
10,25,0.0,2.0,4,-25.488290177279826,-8.619208821184214,1.0812327399793689,1.0788160898171129,0.5
10,25,0.0,2.0,5,-25.4441907641655,-8.578896824304362,0.917952897428336,1.4239132047396557,0.5
10,25,0.0,2.0,6,-25.459836127216043,-8.66646929077477,1.919290199630471,1.5742476814806827,0.5
10,25,0.1,2.0,1,-26.01019827841178,-8.900214802891469,1.1007313807048078,0.0776853970878394,0.5
10,25,0.1,2.0,2,-25.934296727908293,-8.847727651356129,1.840731439323217,-0.0709144657034444,0.5
10,25,0.1,2.0,3,-25.973842728111787,-8.934048233818505,1.1303121917185208,0.1259889413765552,0.5
10,25,0.1,2.0,4,-25.965057353071085,-8.880019651061406,1.5157030232271762,-0.2812506436437983,0.5
10,25,0.1,2.0,5,-25.92983779533832,-8.855419743889644,1.5622561018157977,0.2309121730138957,0.5
10,25,0.1,2.0,6,-25.90732668223351,-8.914672706208455,1.9202844522588052,0.3963577348843297,0.5
10,25,0.2,2.0,1,-27.458928927977656,-9.607884773476938,1.616341790741855,-4.079096237994005,0.5
10,25,0.2,2.0,2,-27.369327238852605,-9.585815720814022,1.2464999073166003,-4.1044007456982285,0.5
10,25,0.2,2.0,3,-27.418705382405893,-9.705052425196778,1.0617553936981363,-3.9598448928459016,0.5
10,25,0.2,2.0,4,-27.431896723671116,-9.572777595904958,1.6195818370679431,-4.200930666331667,0.5
10,25,0.2,2.0,5,-27.371588981086443,-9.611958952047283,1.2696734831763157,-3.5808945025640986,0.5
10,25,0.2,2.0,6,-27.403991418722637,-9.651716431686268,1.0871712467721104,-3.593330919413771,0.5
10,25,0.3,2.0,1,-30.16104766782223,-11.188933424518511,0.5774334822054593,-11.946343640801793,0.5
10,25,0.3,2.0,2,-30.052279572152145,-11.065048928232512,1.832997351059377,-11.81190729242999,0.5
10,25,0.3,2.0,3,-30.062386128109623,-11.165461745879387,1.969463779100048,-11.21753325506071,0.5
10,25,0.3,2.0,4,-30.101513822778855,-11.070656979032334,0.959529004534078,-11.595213539423892,0.5
10,25,0.3,2.0,5,-30.05307681616706,-11.070379375342576,0.6924512647945331,-11.397344042494485,0.5
10,25,0.3,2.0,6,-30.082525532206496,-11.138886670207755,1.1520808279413326,-10.980452377226664,0.5
10,25,0.4,2.0,1,-34.2915316516094,-16.37497237022419,0.3600938037970512,-27.401299354904047,0.5
10,25,0.4,2.0,2,-34.07769518494327,-16.55738297486733,-0.8612491618780143,-26.209894545377285,0.5
10,25,0.4,2.0,3,-33.80058233041243,-16.17134015109435,-0.326734001624489,-25.80543834250548,0.5
10,25,0.4,2.0,4,-34.19229528478953,-16.679363377061353,0.2080401607192299,-26.32736192829102,0.5
10,25,0.4,2.0,5,-34.1428311054912,-16.37502304053848,0.1560261579957058,-27.52490560204699,0.5
10,25,0.4,2.0,6,-34.0195733732525,-16.19556446000992,0.5347667638738195,-25.15272592283902,0.5
10,28,0.0,2.0,1,-21.70745823087793,-7.439607688165888,0.6934525011732957,0.5560252812228201,0.56
10,28,0.0,2.0,2,-21.631486034566812,-7.443314546413097,1.0877968886921623,0.3464638292524069,0.56
10,28,0.0,2.0,3,-21.745318947210745,-7.569261232276654,1.9651704470035631,0.478189888368936,0.56
10,28,0.0,2.0,4,-21.710140028538305,-7.503101984163811,0.5653422289572767,0.545276360616485,0.56
10,28,0.0,2.0,5,-21.715843453876086,-7.464303646077532,0.4976675010061492,0.4810265799364314,0.56
10,28,0.0,2.0,6,-21.703604328306664,-7.557965356244781,2.651564254483616,0.6537363723341585,0.56
10,28,0.1,2.0,1,-22.104755336282288,-7.630546527858226,0.4972526376311197,-0.8273712839476917,0.56
10,28,0.1,2.0,2,-22.139105040341104,-7.60368964933725,3.2852011204747003,-0.8615649359742694,0.56
10,28,0.1,2.0,3,-22.099106195099743,-7.708140957964689,1.846498086546027,-0.7060086295812511,0.56
10,28,0.1,2.0,4,-22.104576706298896,-7.6797004243234,1.780456618307684,-0.9532888199011416,0.56
10,28,0.1,2.0,5,-22.087376258076535,-7.612923948711602,1.277950964533986,-0.6381592470754186,0.56
10,28,0.1,2.0,6,-22.10025153230131,-7.707666872096148,0.2527566406854589,-0.7845595102495745,0.56
10,28,0.2,2.0,1,-23.346815745312853,-7.669746227878816,0.7366075547878032,-2.9622654470430105,0.56
10,28,0.2,2.0,2,-23.241619217029967,-7.468489586894431,1.2446048438920334,-2.7074238706874323,0.56
10,28,0.2,2.0,3,-23.25221244158792,-7.622558760968152,1.9253732415104572,-3.4653863747405724,0.56
10,28,0.2,2.0,4,-23.28837214505437,-7.702197755077421,2.1599893613756884,-3.4140877929894957,0.56
10,28,0.2,2.0,5,-23.22513224560958,-7.642941166896236,1.7699419666039289,-2.453438418720226,0.56
10,28,0.2,2.0,6,-23.305329289259156,-7.763897983525314,2.52823675062094,-2.618470237028403,0.56
10,28,0.3,2.0,1,-25.378774603087336,-8.425659760313241,1.5127960689509092,-13.054042026951942,0.56
10,28,0.3,2.0,2,-25.355598195786975,-8.329043091725204,1.6585208308119477,-12.939416908134836,0.56
10,28,0.3,2.0,3,-25.34931606288029,-8.284067131634027,1.0789911404648695,-14.847098886459213,0.56
10,28,0.3,2.0,4,-25.396130332033085,-8.416438847435439,1.182090332346508,-13.35542994685009,0.56
10,28,0.3,2.0,5,-25.30493869396264,-8.418486339452262,0.9535086364192148,-11.438161160285851,0.56
10,28,0.3,2.0,6,-25.30322657227144,-8.220026366098557,2.3147567195032783,-11.819047005602105,0.56
10,28,0.4,2.0,1,-28.28457649621267,-9.881180805208473,1.8866162903053951,-26.357858172536886,0.56
10,28,0.4,2.0,2,-28.10741938620548,-9.922628225650293,1.1878245465701895,-26.500636822694513,0.56
10,28,0.4,2.0,3,-28.20193881351728,-9.917711152089613,1.9277999953514715,-24.99259208741278,0.56
10,28,0.4,2.0,4,-28.356618516190657,-9.933770191747836,2.310338964421489,-26.105777158162272,0.56
10,28,0.4,2.0,5,-28.37716935538682,-10.349859672734851,3.177447991871746,-23.908914950752575,0.56
10,28,0.4,2.0,6,-28.320090301418627,-9.8538402446426,2.196088906886944,-26.020759571522035,0.56
10,33,0.0,2.0,1,-16.262490939682905,-4.569543127290969,3.3949618436728484,0.4586123907135845,0.66
10,33,0.0,2.0,2,-16.19375834120003,-4.485186032037695,2.54377638159005,0.240858045356311,0.66
10,33,0.0,2.0,3,-16.341145518951485,-4.5815221612349815,4.111915199897227,0.9184420800546124,0.66
10,33,0.0,2.0,4,-16.234800480391566,-4.542097350374521,4.019908508292147,-0.5633890379897291,0.66
10,33,0.0,2.0,5,-16.193740705318923,-4.436334017244564,1.4856561029973594,-0.3305492113759148,0.66
10,33,0.0,2.0,6,-16.297470147400713,-4.602636212563005,2.5998976749617526,0.2367051448083778,0.66
10,33,0.1,2.0,1,-16.535942379375044,-4.802536721796018,2.0161072066672294,-2.1128603133918236,0.66
10,33,0.1,2.0,2,-16.57471681033536,-4.647064718583876,1.882752822809182,-1.3818393783616172,0.66
10,33,0.1,2.0,3,-16.548265860835233,-4.595955165021999,3.2436388472691275,-0.5769486390733265,0.66
10,33,0.1,2.0,4,-16.64406073540525,-4.627903245027406,2.023246166058523,-0.99754341764988,0.66
10,33,0.1,2.0,5,-16.513561063992586,-4.679432820721965,1.3987167716332751,-0.3755895432498405,0.66
10,33,0.1,2.0,6,-16.53039179589855,-4.7239896576035685,1.544268833805648,-0.4972323637475113,0.66
10,33,0.2,2.0,1,-17.41313718151709,-3.310408017668658,3.73234857499569,-6.780130128815344,0.66
10,33,0.2,2.0,2,-17.375135569493,-3.4273587126944633,4.296530876563199,-8.555117226539107,0.66
10,33,0.2,2.0,3,-17.40532098900325,-3.361477823627277,4.063682741319572,-7.460366583531365,0.66
10,33,0.2,2.0,4,-17.333260306266425,-3.2796912710764397,3.939988475049762,-7.714362974567045,0.66
10,33,0.2,2.0,5,-17.241507806096962,-3.210418989120936,2.639856980379757,-8.159537154463893,0.66
10,33,0.2,2.0,6,-17.438110372891547,-3.2976493675045973,3.167441793843056,-6.030876005181791,0.66
10,33,0.3,2.0,1,-18.652031390868277,-3.249230790246187,1.5649190473101864,-7.894064278491686,0.66
10,33,0.3,2.0,2,-18.645782702580625,-3.2447602224823355,2.1162852607739056,-9.224677364148038,0.66
10,33,0.3,2.0,3,-18.715883858987475,-3.3727074090412428,2.6771166517625056,-11.397787441939276,0.66
10,33,0.3,2.0,4,-18.70992294100328,-3.338494939487279,3.014116394509925,-8.96759075272485,0.66
10,33,0.3,2.0,5,-18.628513002546136,-3.2373425837498395,2.2424378583768174,-9.93223129088167,0.66
10,33,0.3,2.0,6,-18.690628322395405,-3.3622102913466434,1.7458462820904892,-10.337263606360596,0.66
10,33,0.4,2.0,1,-20.547695984680004,-2.992091938304128,1.955893759516006,-17.48786115751696,0.66
10,33,0.4,2.0,2,-20.31375595502719,-3.071144185608133,2.5431392187569193,-15.122151212328845,0.66
10,33,0.4,2.0,3,-20.390066671801,-3.0455399920226727,2.3964675438861525,-16.619663598665106,0.66
10,33,0.4,2.0,4,-20.486602372559172,-3.0781367120957013,1.4467550091134531,-16.673128812917422,0.66
10,33,0.4,2.0,5,-20.415573407306535,-2.985690148700926,1.4193931379153422,-17.059098675433912,0.66
10,33,0.4,2.0,6,-20.458437103353088,-3.0159897527314223,1.634179137448222,-15.362130693016638,0.66
10,39,0.0,2.0,1,-10.897072173470384,-0.8653190936471983,2.706828493558197,-1.004854378061405,0.78
10,39,0.0,2.0,2,-10.90342268865238,-0.9439080193614892,2.554461055796556,-0.5653160324040701,0.78
10,39,0.0,2.0,3,-10.948312033874974,-0.950331657818004,2.5441630073648183,-0.7726317359265477,0.78
10,39,0.0,2.0,4,-10.887581588946002,-0.9716898090539916,2.377688040756278,-1.6630400853101008,0.78
10,39,0.0,2.0,5,-10.926537826953728,-0.8926210369313916,2.2980172129236727,-1.199472899971071,0.78
10,39,0.0,2.0,6,-10.909371931911997,-0.868783829177756,2.5914779205901564,-1.1116790585065583,0.78
10,39,0.1,2.0,1,-11.13858714341614,-1.0967757288183426,3.609874314173653,-2.3351155232849647,0.78
10,39,0.1,2.0,2,-11.110359493004044,-1.02079823807849,3.0306659444842468,-2.364588231587432,0.78
10,39,0.1,2.0,3,-11.083957377682944,-1.0122235945560305,3.053660033248911,-2.8055931198704904,0.78
10,39,0.1,2.0,4,-11.14929694103163,-0.879489514181023,2.738848486695834,-2.340143189833831,0.78
10,39,0.1,2.0,5,-11.082181942609992,-0.8867481958604081,2.4009888160894706,-2.514125048659077,0.78
10,39,0.1,2.0,6,-11.077755684014246,-0.9206334993718548,2.8724595035135865,-1.916822082386888,0.78
10,39,0.2,2.0,1,-11.687771012322326,0.3477290486710563,3.733946605823221,-4.745707078368665,0.78
10,39,0.2,2.0,2,-11.622343749156808,0.3426978314031514,2.8149865267489904,-3.3362083981610176,0.78
10,39,0.2,2.0,3,-11.620261924847089,0.3840607044087755,4.9040121885148285,-3.917775721197897,0.78
10,39,0.2,2.0,4,-11.662437891608054,0.3609030581747571,4.375687772030811,-3.8675708698892626,0.78
10,39,0.2,2.0,5,-11.69214887837703,0.2841160885549263,4.4429817320230205,-4.646899989612416,0.78
10,39,0.2,2.0,6,-11.606190827481509,0.2967221124839357,3.7433877095680783,-4.306085712183113,0.78
10,39,0.3,2.0,1,-12.314078819769248,1.6121697429401791,2.738896528597055,-11.454340090461244,0.78
10,39,0.3,2.0,2,-12.299957526485075,1.595566148832321,3.6158896027604177,-11.612027136892817,0.78
10,39,0.3,2.0,3,-12.318827462015474,1.6009624804244162,4.746827146149455,-10.70390082465855,0.78
10,39,0.3,2.0,4,-12.293283991459964,1.595990343341489,3.798377509164729,-11.026814732768898,0.78
10,39,0.3,2.0,5,-12.30134092530041,1.5965231380366525,3.4326015161826833,-11.4160496412543,0.78
10,39,0.3,2.0,6,-12.319745874480954,1.6122813149343798,4.410430060106059,-10.849163651004618,0.78
10,39,0.4,2.0,1,-13.014440267882748,1.0940201014592514,2.767342289379336,-15.880278017835971,0.78
10,39,0.4,2.0,2,-13.000625253595782,1.098944421314424,2.4138265498397034,-14.513616980531584,0.78
10,39,0.4,2.0,3,-12.922275684522058,1.0719858083058529,2.8356231609591576,-15.69908517103948,0.78
10,39,0.4,2.0,4,-13.053791973230243,1.0609492722106515,2.6578817110500284,-15.224372299543727,0.78
10,39,0.4,2.0,5,-13.029916925264274,1.1744274621170194,2.349248525162607,-15.283055741293683,0.78
10,39,0.4,2.0,6,-12.9760510524834,1.035701427465359,2.498531069450764,-14.934792848257548,0.78
10,44,0.0,2.0,1,-7.799498918497122,2.379043769236614,3.308180647620438,-0.4459170096704204,0.88
10,44,0.0,2.0,2,-7.8095318057987955,2.3680327654080964,3.819204082043385,-0.7173175050001019,0.88
10,44,0.0,2.0,3,-7.775872897530891,2.3631996193890563,3.648672805381683,-0.613805026822828,0.88
10,44,0.0,2.0,4,-7.789883751844949,2.3640549152957453,3.4017036588365612,-0.4307149021295758,0.88
10,44,0.0,2.0,5,-7.79772635921682,2.3618950248043804,3.798832353239195,-0.3965360218221728,0.88
10,44,0.0,2.0,6,-7.773627359786138,2.366133030740793,4.138264497864694,-0.3173095687671243,0.88
10,44,0.1,2.0,1,-7.7950213462379905,2.310101914167581,2.778678566874664,-1.879133203278291,0.88
10,44,0.1,2.0,2,-7.77690301584922,2.3039828115760708,3.0647822810769467,-1.91517023883295,0.88
10,44,0.1,2.0,3,-7.802424280777503,2.306471002751896,3.196919699341334,-1.9348597371097835,0.88
10,44,0.1,2.0,4,-7.794212759969938,2.3063003509416617,2.783817392903063,-1.8651278090501353,0.88
10,44,0.1,2.0,5,-7.785880908181117,2.3072658011051352,2.955770367015066,-1.6438479808981146,0.88
10,44,0.1,2.0,6,-7.763973652200313,2.295658527761685,3.1764407837465733,-1.9334992488756568,0.88
10,44,0.2,2.0,1,-8.051754441506011,2.1888271811857103,2.6148528115399943,-4.23946539355897,0.88
10,44,0.2,2.0,2,-8.075991719336812,2.180211590896719,3.0290431396151662,-4.102669697646228,0.88
10,44,0.2,2.0,3,-8.071373020728306,2.180301020822737,2.423652162844945,-3.971514207989151,0.88
10,44,0.2,2.0,4,-8.060247586368646,2.183212823122461,2.5939066280827823,-4.101795699819095,0.88
10,44,0.2,2.0,5,-8.050229317536559,2.1806657420447793,2.3556469821771544,-3.997061854729589,0.88
10,44,0.2,2.0,6,-8.057752800378092,2.182932763981923,2.413496592763406,-4.209668805424509,0.88
10,44,0.3,2.0,1,-8.663942102946972,2.0998147449688975,2.7494153519246107,-7.601269384254825,0.88
10,44,0.3,2.0,2,-8.624268895313035,2.08488130379268,3.47566215103314,-7.963601326081653,0.88
10,44,0.3,2.0,3,-8.653199171022276,2.096001308252083,2.327642884851235,-7.277680270894646,0.88
10,44,0.3,2.0,4,-8.648737378312493,2.08718160194501,2.8952171655146057,-7.180002082250489,0.88
10,44,0.3,2.0,5,-8.630916527890495,2.102426084143784,2.403046106818569,-7.683135443095415,0.88
10,44,0.3,2.0,6,-8.629009057351874,2.0897381808458824,1.387315175736172,-7.053017087699304,0.88
10,44,0.4,2.0,1,-8.723259177376827,1.6814608318530115,2.2562213619398648,-4.127714957700253,0.88
10,44,0.4,2.0,2,-8.632262824386103,1.680749214234612,2.145886871203065,-4.284931177893984,0.88
10,44,0.4,2.0,3,-8.691418899948877,1.6468160775547198,2.1205571595436163,-3.965779749428991,0.88
10,44,0.4,2.0,4,-8.680728907571169,1.6662207100517752,1.5210503429007058,-4.115922203953119,0.88
10,44,0.4,2.0,5,-8.64555098703822,1.68339753073711,2.3562324339511194,-4.243855776684439,0.88
10,44,0.4,2.0,6,-8.62902717774615,1.6606653756709833,1.4235211340335034,-4.29569111340537,0.88
10,50,0.0,2.0,1,-5.317861874692734,2.327287568290928,3.5967883264854934,-0.4600482428132766,1.0
10,50,0.0,2.0,2,-5.295900071770772,2.3204490674688416,3.9468115497599072,-0.4209868770032722,1.0
10,50,0.0,2.0,3,-5.316166747059796,2.3382542242500515,3.4686965286817406,-0.5383952167130853,1.0
10,50,0.0,2.0,4,-5.326899192595469,2.327742315519914,4.161646522750187,-0.5703584971482851,1.0
10,50,0.0,2.0,5,-5.334246752018627,2.3283899830014416,3.734146861877592,-0.4102551441050243,1.0
10,50,0.0,2.0,6,-5.30420825798285,2.3216921281661276,4.3193096154624655,-0.4404422478965479,1.0
10,50,0.1,2.0,1,-5.361939818646045,2.2553206186317354,2.765008578647381,-0.7465826753653012,1.0
10,50,0.1,2.0,2,-5.365108963102503,2.2495015282749997,3.1614268998045656,-0.6297663086960152,1.0
10,50,0.1,2.0,3,-5.3529780801163565,2.250964006805778,2.7582974813083,-0.6920078571377967,1.0
10,50,0.1,2.0,4,-5.3479858190065395,2.2553345367230344,3.099232834181595,-0.5451298717407183,1.0
10,50,0.1,2.0,5,-5.366465213419827,2.2516736396283177,2.0587453920260304,-0.4376369970536687,1.0
10,50,0.1,2.0,6,-5.362448296298936,2.250804587390167,2.5935873355055867,-0.5619797333402993,1.0
10,50,0.2,2.0,1,-5.205511859558646,2.0856689593108433,0.7136327076720376,1.4133287106329724,1.0
10,50,0.2,2.0,2,-5.185966758421787,2.0649627746645196,0.6719105452672316,-0.0469330093831264,1.0
10,50,0.2,2.0,3,-5.164994501497235,2.0736547706652013,0.8044614407917262,-0.3654806173182736,1.0
10,50,0.2,2.0,4,-5.200467417746394,2.076898932184538,0.6717986927977696,0.5638667697116371,1.0
10,50,0.2,2.0,5,-5.15379777435537,2.072409074479583,0.8869545314196519,0.2234943075516358,1.0
10,50,0.2,2.0,6,-5.184081731550085,2.068775542704187,0.7653634424934849,0.1866096833446219,1.0
10,50,0.3,2.0,1,-4.995224584374783,1.85104469103823,0.8992647771553154,2.3988347296272226,1.0
10,50,0.3,2.0,2,-4.9820672559221295,1.8406986199538224,0.6769259079032472,2.3845792800790866,1.0
10,50,0.3,2.0,3,-4.986408416137974,1.8502191415742053,0.6133236687934074,2.376863210620485,1.0
10,50,0.3,2.0,4,-4.967177069524038,1.8669157256472784,0.6174076099349024,2.393105518601371,1.0
10,50,0.3,2.0,5,-4.980433565237947,1.8517582133585837,0.8275210891215192,2.4264514163338213,1.0
10,50,0.3,2.0,6,-4.992263209247195,1.8447669772197488,0.7101304756511522,2.407296493307336,1.0
10,50,0.4,2.0,1,-4.600326531687246,1.6482092467946934,0.4202168746266775,2.273288122442483,1.0
10,50,0.4,2.0,2,-4.592422674855383,1.6384723648657666,0.3616389134985612,2.2624523255562834,1.0
10,50,0.4,2.0,3,-4.607665956559477,1.6478161551382429,0.3843580569841154,2.2778613935107748,1.0
10,50,0.4,2.0,4,-4.620472259585277,1.643374105996798,0.4215834167382818,2.253773238289833,1.0
10,50,0.4,2.0,5,-4.60819761495348,1.6410560238509615,0.4304595188810694,2.2831073643162165,1.0
10,50,0.4,2.0,6,-4.617491714791153,1.6413931597953937,0.4002444509531152,2.2846196811360793,1.0
10,25,0.0,4.0,1,-23.53179915844019,-8.341371342088575,-0.5349005900032658,2.0786641449611745,0.5
10,25,0.0,4.0,2,-23.533285901318195,-8.18053486680075,-0.5801621475524825,2.3742056837862835,0.5
10,25,0.0,4.0,3,-23.439191363144865,-8.467021244379932,1.5784695934363626,2.855066041401813,0.5
10,25,0.0,4.0,4,-23.66950243680086,-8.172722987999233,1.037680995744373,1.895075839702029,0.5
10,25,0.0,4.0,5,-23.472166583682252,-8.2805898509982,-0.5114471153467279,1.9865528436246631,0.5
10,25,0.0,4.0,6,-23.489963493878637,-8.421093859349076,-1.4509574659276503,2.741312170762776,0.5
10,25,0.1,4.0,1,-23.927343062929832,-8.276267742900261,-0.0364256739148709,0.6726280314677282,0.5
10,25,0.1,4.0,2,-23.26764283679677,-7.906747814105128,-0.3574747990059985,1.4289803308437845,0.5
10,25,0.1,4.0,3,-23.689094277158414,-8.140465654825917,-0.1341912818662776,1.803465308718269,0.5
10,25,0.1,4.0,4,-23.79785065497497,-8.47190934612505,1.121053222246411,1.4384208110100205,0.5
10,25,0.1,4.0,5,-23.786937598670665,-8.19632422123693,-0.1161772168690667,1.8270578478886512,0.5
10,25,0.1,4.0,6,-23.527781402451375,-8.029290937319354,-0.3374339788745025,0.6845160811843967,0.5
10,25,0.2,4.0,1,-24.326544786242657,-7.376599893318918,0.5447515718681305,-0.7178160099196795,0.5
10,25,0.2,4.0,2,-24.513568633717405,-9.0792422578743,-1.6958937323889316,-0.2618952929892966,0.5
10,25,0.2,4.0,3,-24.34303511504431,-8.802327884730058,-3.3760353495142112,-2.5664181122911907,0.5
10,25,0.2,4.0,4,-24.36432564006906,-9.078138921103257,1.2454636443229747,-2.1456073485628893,0.5
10,25,0.2,4.0,5,-24.57553679747613,-8.844494761288399,-2.092384339629067,-1.6184437702379229,0.5
10,25,0.2,4.0,6,-24.38436955973707,-8.544612422556828,-1.1457393678043832,-3.216766412701098,0.5
10,25,0.3,4.0,1,-25.347544233437475,-9.231502826734316,-1.9112495147754471,-7.8292482044978895,0.5
10,25,0.3,4.0,2,-25.25249724725724,-9.339541872102467,-2.672253184559689,-9.58909753716305,0.5
10,25,0.3,4.0,3,-25.042454682147785,-9.156315128593612,-3.0076472920675164,-9.56524782358051,0.5
10,25,0.3,4.0,4,-25.19429857034508,-9.15091076967838,-2.625355158289725,-8.210051623388967,0.5
10,25,0.3,4.0,5,-25.310607904887075,-8.793626218184176,-1.792496711381728,-10.608192338735408,0.5
10,25,0.3,4.0,6,-25.23467515808908,-9.341323515780488,1.6203569769976045,-6.4867049935127366,0.5
10,25,0.4,4.0,1,-26.41325865066215,-12.309564806679136,-3.888230748178412,-13.143096511883774,0.5
10,25,0.4,4.0,2,-26.639294604992177,-12.779354374231923,-4.56897004268326,-13.252137461062608,0.5
10,25,0.4,4.0,3,-26.394450542891445,-12.199536966417096,-4.793292184019069,-10.012061196515608,0.5
10,25,0.4,4.0,4,-26.32714573722793,-12.2612659364046,-3.710771221822509,-15.286110061804658,0.5
10,25,0.4,4.0,5,-26.286877290938538,-11.851045980438352,-3.530916900272284,-15.59323983761708,0.5
10,25,0.4,4.0,6,-26.26079175474697,-12.358586042945868,-4.1611119949195565,-13.748940540791768,0.5
10,28,0.0,4.0,1,-17.73860425948052,-6.609227853442469,-1.2605598558538411,1.8022018044312749,0.56
10,28,0.0,4.0,2,-17.720652146343546,-6.363445384295244,-0.9629615284803248,0.6274264128031419,0.56
10,28,0.0,4.0,3,-17.712827428702077,-6.537279853261938,-2.934225454640751,0.128522636270778,0.56
10,28,0.0,4.0,4,-17.752942235745113,-6.476508645210396,-0.9048381757571572,0.0494603423714832,0.56
10,28,0.0,4.0,5,-17.66737022674447,-6.826812324735885,-3.075633406085015,-2.3214901813166935,0.56
10,28,0.0,4.0,6,-17.67456358892712,-6.385089575570147,-1.508299997152363,-1.3232110078353596,0.56
10,28,0.1,4.0,1,-17.82032023350637,-6.745919268452515,3.689558131465182,-0.7537449958725035,0.56
10,28,0.1,4.0,2,-17.786115082198897,-6.355071306837056,-0.5554589444046666,-0.3828592142550276,0.56
10,28,0.1,4.0,3,-17.78470953774703,-6.539176355090578,-1.2145238879215892,-1.945567277362353,0.56
10,28,0.1,4.0,4,-17.78794128814274,-6.396975978789791,-0.2213341251511243,-0.2575386823754358,0.56
10,28,0.1,4.0,5,-17.815248428720487,-6.379298144195689,-2.1898586869584173,-0.4835374777107841,0.56
10,28,0.1,4.0,6,-17.848753437314848,-6.651099590749776,-0.2201728370134842,-0.4615532543747875,0.56
10,28,0.2,4.0,1,-18.111437170429525,-5.7630344999998195,0.7348544968667813,-0.4287256464431515,0.56
10,28,0.2,4.0,2,-18.099271307271987,-5.876121073306845,0.9677324648029622,-4.43287024680848,0.56
10,28,0.2,4.0,3,-18.338584834937137,-6.262762116308751,-2.0792929531383884,-1.406269886336642,0.56
10,28,0.2,4.0,4,-18.11342163022329,-5.441150421970263,-1.8235890906186485,-2.8591978500688886,0.56
10,28,0.2,4.0,5,-18.174124788921933,-5.817462846840082,-1.7428360397979912,-1.808262925660734,0.56
10,28,0.2,4.0,6,-18.09096613895731,-6.011911545866233,-0.0987635148478893,0.3391571344260729,0.56
10,28,0.3,4.0,1,-18.875291802936214,-5.9664261077980365,-2.707187478272731,-6.538400652661693,0.56
10,28,0.3,4.0,2,-18.716888139509305,-5.713014386907598,-0.4830964234533534,-5.981825776772341,0.56
10,28,0.3,4.0,3,-18.54992555246779,-5.5774740687926805,-1.5899922298221196,-6.589597297054833,0.56
10,28,0.3,4.0,4,-18.807316729606335,-6.378526419423741,-1.221507187086612,-5.731320481628122,0.56
10,28,0.3,4.0,5,-18.73687078289245,-5.820083615515847,2.2927237110215173,-2.85649902871867,0.56
10,28,0.3,4.0,6,-18.647080469634925,-6.018513740818312,-2.5690172774309885,-6.837231297847474,0.56
10,28,0.4,4.0,1,-19.42595899736233,-6.645509496499197,-4.325116297504652,-12.96194651178909,0.56
10,28,0.4,4.0,2,-19.394215716843625,-5.940751240479504,-1.4009725994245992,-12.867525638911795,0.56
10,28,0.4,4.0,3,-19.51517176267459,-6.599290889509635,-0.9930835933375842,-10.200982073157023,0.56
10,28,0.4,4.0,4,-19.605048655242065,-6.610926320687388,-2.810079706166235,-12.58813756907112,0.56
10,28,0.4,4.0,5,-19.417880708763484,-6.564532206094304,-2.2578368336574277,-13.145742915621208,0.56
10,28,0.4,4.0,6,-19.356341577264494,-6.2841803187139105,-1.0127714487826665,-13.194689115778152,0.56
10,33,0.0,4.0,1,-11.258310711021698,-2.7496256683057068,1.2261403883478743,-0.3597080434219752,0.66
10,33,0.0,4.0,2,-11.212331538394556,-2.9591034311147686,1.7941134302497133,0.1658988690500017,0.66
10,33,0.0,4.0,3,-11.258614852742012,-2.7539473608015412,-0.5270699567990487,0.0941348347988254,0.66
10,33,0.0,4.0,4,-11.188438511243028,-2.4796258831625573,0.2689175006682817,-1.2868238690410196,0.66
10,33,0.0,4.0,5,-11.151433964642871,-2.556845017504134,2.2153169370202788,0.0285788232316947,0.66
10,33,0.0,4.0,6,-11.091013804274024,-2.419189940070141,0.3189262516180241,-1.775307597352634,0.66
10,33,0.1,4.0,1,-11.16218787506623,-2.600085689424737,0.1507032957989236,-1.7094495303969737,0.66
10,33,0.1,4.0,2,-11.18235117304638,-2.528392776299946,0.4528684132338368,-1.1865725326351193,0.66
10,33,0.1,4.0,3,-11.183383111951311,-2.656554728018151,0.6606031984716367,-0.5889517102967579,0.66
10,33,0.1,4.0,4,-11.169085498716132,-2.831236138430659,-0.9872052530151192,-1.2876874757365584,0.66
10,33,0.1,4.0,5,-11.137553952104511,-2.845449366104793,2.248031761754786,-1.7675347563093962,0.66
10,33,0.1,4.0,6,-11.236725327954538,-2.7184396252265812,1.2242756888840312,-2.8974666248066905,0.66
10,33,0.2,4.0,1,-11.28647758446892,-1.398228736117463,1.896030853329075,-3.3519007375404657,0.66
10,33,0.2,4.0,2,-11.349606839572964,-1.6428091499866269,3.003871773973293,-3.4823218627594317,0.66
10,33,0.2,4.0,3,-11.340144226915177,-1.4998151723825726,1.6508825930062976,-2.9462475197791385,0.66
10,33,0.2,4.0,4,-11.348332820380236,-1.6665219555341544,0.9030022510170708,-3.252114855445349,0.66
10,33,0.2,4.0,5,-11.344693055876192,-1.3255124519015329,2.022143595319487,-2.79466408001601,0.66
10,33,0.2,4.0,6,-11.289842442314685,-1.3566461819062106,2.098707238668176,-2.5847083416664676,0.66
10,33,0.3,4.0,1,-11.749043600363445,-1.218078174671343,1.2497362831002758,-3.1669973024868243,0.66
10,33,0.3,4.0,2,-11.4846317116298,-1.0917309998315277,0.0195235420436017,-4.662662260024744,0.66
10,33,0.3,4.0,3,-11.533184521876615,-1.3475211212514835,-1.1205089663943784,-5.5421655219272,0.66
10,33,0.3,4.0,4,-11.49491567135173,-1.2973308278860602,-0.2011620878055543,-3.998019785444785,0.66
10,33,0.3,4.0,5,-11.500443777200964,-1.0484843894364952,0.3028515637251847,-7.496409435272417,0.66
10,33,0.3,4.0,6,-11.552432580206808,-1.2145290078601914,0.3137714481329408,-6.114618454492302,0.66
10,33,0.4,4.0,1,-11.936750751884269,-1.2221330197140154,1.492163136974159,-6.77414722768948,0.66
10,33,0.4,4.0,2,-11.871512333236408,-1.123567295921822,-0.584608464587908,-6.892144460248178,0.66
10,33,0.4,4.0,3,-11.80751641266221,-0.859415230493358,-1.4231373868210313,-6.090450309838519,0.66
10,33,0.4,4.0,4,-11.70135476991574,-0.9915846385555582,0.6948026765719438,-7.435081461518808,0.66
10,33,0.4,4.0,5,-11.814483457847931,-1.0468484348218543,-0.0740717877971464,-6.71744447920315,0.66
10,33,0.4,4.0,6,-11.711361993061796,-1.3849861662107863,-0.2272499732897077,-6.660714546423158,0.66
10,39,0.0,4.0,1,-6.8260973013336095,0.8487443656677556,1.755170593165212,-1.3702933536409907,0.78
10,39,0.0,4.0,2,-6.844683334601763,0.9107874362082696,4.125184614243464,-1.4610027639717962,0.78
10,39,0.0,4.0,3,-6.776263666633059,0.7716928360970041,2.48085804714323,-1.3524156551025044,0.78
10,39,0.0,4.0,4,-6.843015206657746,0.7559307034073759,2.1585353484362866,-0.9919674868712268,0.78
10,39,0.0,4.0,5,-6.732624286450236,0.7593777227067274,2.454729092924611,-1.6776502973373213,0.78
10,39,0.0,4.0,6,-6.54719956268319,0.727082352341237,2.662475004923885,-1.6361395330701751,0.78
10,39,0.1,4.0,1,-6.695004304305703,0.9020547560901973,2.0138741283076564,-1.4287098947530472,0.78
10,39,0.1,4.0,2,-6.726039875408441,0.9079564461502316,0.717079754647534,-2.2959231738187436,0.78
10,39,0.1,4.0,3,-6.7212861245185875,0.8183711842200502,1.7059068772575254,-1.4007512087691605,0.78
10,39,0.1,4.0,4,-6.741516739606324,0.9401873062753,3.0656177095206476,-2.1305022292846907,0.78
10,39,0.1,4.0,5,-6.808609191014358,0.7551239374093721,3.0974175639010846,-2.214271452813192,0.78
10,39,0.1,4.0,6,-6.6832682046626655,0.8423435598449869,2.3683465755048614,-2.342136064396366,0.78
10,39,0.2,4.0,1,-6.666014284604207,1.8386552993088965,1.587243370109086,-3.231985231965344,0.78
10,39,0.2,4.0,2,-6.813137640339538,1.8432708869121208,2.6556475478557737,-2.889566784875973,0.78
10,39,0.2,4.0,3,-6.713638967392089,1.9641002452709264,1.9090858750977873,-3.2215801998233786,0.78
10,39,0.2,4.0,4,-6.650827134954464,1.7311909636610756,2.743934118312479,-2.6051385072544164,0.78
10,39,0.2,4.0,5,-6.739430384208679,1.7544564359319366,2.9561172270644995,-2.5603588660669523,0.78
10,39,0.2,4.0,6,-6.8023207876664555,1.7385432607525124,1.1220175461653432,-3.3704147789626377,0.78
10,39,0.3,4.0,1,-6.64614661652719,2.39887999611041,3.1602792860775497,-4.73008129061738,0.78
10,39,0.3,4.0,2,-6.63292039821682,2.419218147907664,1.9833090210721744,-6.1778431750194915,0.78
10,39,0.3,4.0,3,-6.714828366901377,2.428354048467626,2.2720930869011027,-5.338555598434084,0.78
10,39,0.3,4.0,4,-6.647339319203158,2.359250671687652,1.2011262293770288,-4.139165495160482,0.78
10,39,0.3,4.0,5,-6.637951664153587,2.3324258589866833,2.7094217389877215,-4.878398408748152,0.78
10,39,0.3,4.0,6,-6.769146473523458,2.3041559610201183,2.0829787746764135,-6.104375398950994,0.78
10,39,0.4,4.0,1,-6.751183456670098,1.9515925561316785,0.1312776689757481,-4.677456000782895,0.78
10,39,0.4,4.0,2,-6.83673402526861,1.824540976767139,0.7373367654369813,-4.878660404956117,0.78
10,39,0.4,4.0,3,-6.771373985394537,1.9070936667427432,1.9960734271499168,-4.267062387920835,0.78
10,39,0.4,4.0,4,-6.780149571834971,2.0026588884508394,0.6895101950164084,-4.390361081017385,0.78
10,39,0.4,4.0,5,-6.82546510225571,1.8312101494202755,0.3198690306492998,-5.376075483399367,0.78
10,39,0.4,4.0,6,-6.8825842593483415,1.9473216345147144,0.6371855698842431,-5.319599925719189,0.78
10,44,0.0,4.0,1,-4.735211424204451,3.619332626996008,4.144310970360663,-1.1027255213006928,0.88
10,44,0.0,4.0,2,-4.580854535816085,3.435500232247507,4.126707243216385,-1.0906836152409702,0.88
10,44,0.0,4.0,3,-4.563160129461546,3.4736224937669404,3.637422966461392,-1.2786789322374932,0.88
10,44,0.0,4.0,4,-4.677796306074834,3.445062077030049,3.9163974764947342,-0.6764603961567045,0.88
10,44,0.0,4.0,5,-4.664026597248498,3.4963683167551083,4.869610541892563,-1.167723788159873,0.88
10,44,0.0,4.0,6,-4.588662076918245,3.4170859871708563,4.013384884987152,-1.0148980640805392,0.88
10,44,0.1,4.0,1,-4.666042544716893,3.4696080744865734,3.65505408092089,-1.961872856584487,0.88
10,44,0.1,4.0,2,-4.737767388218832,3.4491727429758696,4.36495943635929,-1.5941447886972449,0.88
10,44,0.1,4.0,3,-4.642401885594979,3.37778421962362,3.5284360110219923,-1.66301002183422,0.88
10,44,0.1,4.0,4,-4.613447958960007,3.363016406920414,3.4264171608548653,-1.4207927899174482,0.88
10,44,0.1,4.0,5,-4.608276538691679,3.388956447603826,4.6389062397646015,-1.402248943223417,0.88
10,44,0.1,4.0,6,-4.65883380149109,3.458853903323548,4.09816132710886,-1.562353709814521,0.88
10,44,0.2,4.0,1,-4.615301868405092,3.2425995254637625,3.7627389895699257,-2.9263746739295753,0.88
10,44,0.2,4.0,2,-4.651109121040035,3.2348113049544422,2.9064352655299057,-3.0405795693203035,0.88
10,44,0.2,4.0,3,-4.6060728453435065,3.1692157587139684,3.100531177617505,-2.5299638287793544,0.88
10,44,0.2,4.0,4,-4.581215308581179,3.208711350244387,3.2926583631095925,-2.6193672106697763,0.88
10,44,0.2,4.0,5,-4.650047523619088,3.2727815244625917,3.2822324631151885,-2.529847075486346,0.88
10,44,0.2,4.0,6,-4.567759919944206,3.2403005137657424,4.763184089764282,-2.6457403567266295,0.88
10,44,0.3,4.0,1,-4.604022500945275,3.0291292925483435,1.8897549490060193,-2.327674321485721,0.88
10,44,0.3,4.0,2,-4.54661876480383,2.936646444336347,2.2900823118059757,-2.3367821993870344,0.88
10,44,0.3,4.0,3,-4.530311984576577,3.0759848593093393,2.4842004771246233,-2.669010097356842,0.88
10,44,0.3,4.0,4,-4.582633377769538,3.0291394913022915,3.0916860751524857,-2.468909837559348,0.88
10,44,0.3,4.0,5,-4.551441744239125,3.052005578790825,2.387564798485802,-2.5316553140262408,0.88
10,44,0.3,4.0,6,-4.5548200889762125,3.017801987194237,2.3653123617837735,-2.635313196593307,0.88
10,44,0.4,4.0,1,-4.672908357319711,2.6027823755947472,1.4003128571629015,0.2428347596975723,0.88
10,44,0.4,4.0,2,-4.645684073912713,2.5719038255408626,1.0314902981348102,0.0566342481906317,0.88
10,44,0.4,4.0,3,-4.630725166505284,2.596189672963864,1.8863819703403837,0.0755916024082393,0.88
10,44,0.4,4.0,4,-4.615787270075739,2.5941917358385056,1.8101535475563413,0.2504549892564076,0.88
10,44,0.4,4.0,5,-4.641643706698842,2.6567211597308127,1.7483544648301366,0.2074217453940972,0.88
10,44,0.4,4.0,6,-4.68025923935025,2.6786242414969648,1.8235606902387065,0.3397047978743651,0.88
10,50,0.0,4.0,1,-3.1870381482432757,3.668367752917321,3.3337619394282383,-1.2002004809203546,1.0
10,50,0.0,4.0,2,-3.0498796327425715,3.598833293946015,3.2583466553893174,-1.0761625499199112,1.0
10,50,0.0,4.0,3,-3.139791436047419,3.666477215374935,3.772175520084157,-1.2059329022188865,1.0
10,50,0.0,4.0,4,-3.1345584810092033,3.7109786562517,4.043381223828551,-1.3364750001360242,1.0
10,50,0.0,4.0,5,-3.1868929158864434,3.7137934120880502,3.4543765735249052,-1.125911606720178,1.0
10,50,0.0,4.0,6,-3.136801896580485,3.663584898621312,4.101581282106009,-1.0228600835946455,1.0
10,50,0.1,4.0,1,-3.1686058352761615,3.626139419954722,3.5509918800666243,-0.5673814513632642,1.0
10,50,0.1,4.0,2,-3.125146924600886,3.6016587141190284,3.287309170304274,-1.5070978307676917,1.0
10,50,0.1,4.0,3,-3.167942909387944,3.6331396210666207,2.989126174369427,-1.2430584319659244,1.0
10,50,0.1,4.0,4,-3.123599202314118,3.615774639129504,3.175840011154499,-0.761460798623761,1.0
10,50,0.1,4.0,5,-3.164281796700925,3.658173882870801,3.0248717364267166,-1.253234806288678,1.0
10,50,0.1,4.0,6,-3.1161301169537854,3.5210918591620604,2.8023751643351047,-1.421284186293283,1.0
10,50,0.2,4.0,1,-3.2474924728700616,3.3794815374092257,1.6753117293458863,2.6961006971723274,1.0
10,50,0.2,4.0,2,-3.2512714511268626,3.404414507192032,2.305862904286227,2.6669065359477364,1.0
10,50,0.2,4.0,3,-3.2671341685804913,3.399328520091238,2.247206650168713,2.6389379461133644,1.0
10,50,0.2,4.0,4,-3.256191581495244,3.410764725848093,2.203708497448486,2.6679584427955496,1.0
10,50,0.2,4.0,5,-3.2147630733158508,3.4017403515845244,2.1067870487152187,2.672978026800421,1.0
10,50,0.2,4.0,6,-3.269678597523413,3.345966421857425,1.974973063485122,2.863123029424604,1.0
10,50,0.3,4.0,1,-3.3485932389061928,3.07293273078802,1.8304239045433777,3.8349349753857966,1.0
10,50,0.3,4.0,2,-3.327689190573323,3.065188563916688,1.0518190571800754,3.7708156386870897,1.0
10,50,0.3,4.0,3,-3.270222202804722,3.046550360817199,1.907653739524737,3.79716414239036,1.0
10,50,0.3,4.0,4,-3.3400322171118075,3.0547044012361626,1.6489236688445186,3.627777489298392,1.0
10,50,0.3,4.0,5,-3.3267214970679335,3.0979381251200016,1.5663085733925983,3.851572268134016,1.0
10,50,0.3,4.0,6,-3.2897108539343067,3.0322290968779426,1.540312883104331,3.662889198311086,1.0
10,50,0.4,4.0,1,-3.3215075157958003,2.7532651182642094,1.1078645241855911,3.9469461092728766,1.0
10,50,0.4,4.0,2,-3.323495834596014,2.7626074891598145,1.255443085792136,3.915283195711673,1.0
10,50,0.4,4.0,3,-3.3003794574545253,2.7504579771846345,1.0025627147307763,3.8865759675570177,1.0
10,50,0.4,4.0,4,-3.3038465974712894,2.777798106392395,1.4746541201956045,3.921925571853061,1.0
10,50,0.4,4.0,5,-3.3489907713255667,2.7701722518335656,0.976450258229,3.9675325305086937,1.0
10,50,0.4,4.0,6,-3.322690832759798,2.7505088476526742,1.0984392314216276,3.906454136595477,1.0
10,25,0.0,6.0,1,-18.903567196425172,-7.099599518244884,-2.921392844450388,-0.7049818644448897,0.5
10,25,0.0,6.0,2,-18.622424729387937,-7.570808858572872,-4.748077568644831,2.9326729268780296,0.5
10,25,0.0,6.0,3,-18.71182734041945,-7.508385325924829,-4.432485408398888,1.7150546946207317,0.5
10,25,0.0,6.0,4,-18.823025789204426,-7.672272213424542,-7.045767089373925,0.3628580675992442,0.5
10,25,0.0,6.0,5,-18.773927606142937,-7.592766920879202,-3.9664947783252074,-1.4128244137050805,0.5
10,25,0.0,6.0,6,-18.313774507606983,-7.306424897489663,-2.5818494193523,2.951256561127935,0.5
10,25,0.1,6.0,1,-19.363553308700045,-7.7429601409917455,-6.549646280456305,3.853998730098653,0.5
10,25,0.1,6.0,2,-18.787265440651964,-7.580692355885047,-5.501484009980667,1.432121785367955,0.5
10,25,0.1,6.0,3,-18.768336534634397,-7.580412161474058,-7.446340318386748,-0.6873021998071106,0.5
10,25,0.1,6.0,4,-18.68567143529804,-7.139400773322398,-3.7585881683865785,1.2708979852913422,0.5
10,25,0.1,6.0,5,-18.734605284506916,-7.120725242621871,-6.006212865488147,2.318785704173572,0.5
10,25,0.1,6.0,6,-18.493089235202515,-6.97343332043309,-3.4764712276509533,1.4019013182828677,0.5
10,25,0.2,6.0,1,-18.959076871130595,-6.975820575046107,-6.726709022649485,-0.4493240043923979,0.5
10,25,0.2,6.0,2,-19.05502732852853,-7.244182158995322,1.0253278683017657,-2.1425781463146687,0.5
10,25,0.2,6.0,3,-18.709564091923568,-6.829858778818665,-6.500202953692994,-0.3191592598527982,0.5
10,25,0.2,6.0,4,-18.62991902316196,-7.319681122640245,-3.2706507970522685,-0.3262771118692468,0.5
10,25,0.2,6.0,5,-18.50819994690313,-8.114933981281117,-2.7684908390489475,-1.2797207884251487,0.5
10,25,0.2,6.0,6,-18.7467504056537,-8.32463626347128,-6.006772685291365,1.4840288890863544,0.5
10,25,0.3,6.0,1,-18.839797915807672,-7.865036666136296,-9.490318399865926,-5.012047904908788,0.5
10,25,0.3,6.0,2,-18.936504830950177,-8.905410860701517,-3.4713997392202556,-5.259821832779418,0.5
10,25,0.3,6.0,3,-18.75098747819639,-8.353972458402609,-1.9207459864018428,-4.92014472425002,0.5
10,25,0.3,6.0,4,-18.59049447545109,-8.561638688513503,-3.400564254071658,-3.3131203627025743,0.5
10,25,0.3,6.0,5,-18.75122940544665,-7.573146609339619,-2.9951290122768723,-6.613079286717058,0.5
10,25,0.3,6.0,6,-18.49843712191061,-7.143809423346551,-6.196595793284129,-5.873539079478565,0.5
10,25,0.4,6.0,1,-18.885451276656237,-9.004635217758063,-2.6767578857984264,-6.476621484637607,0.5
10,25,0.4,6.0,2,-18.81927534786407,-8.079156714521476,-13.248477830158333,-6.403299439629976,0.5
10,25,0.4,6.0,3,-18.88051040041235,-8.460715886246643,-8.018380433187712,-2.213082405022848,0.5
10,25,0.4,6.0,4,-18.635338232651577,-9.357341210331208,-3.817999342465314,-5.043451748792264,0.5
10,25,0.4,6.0,5,-19.00608504015429,-9.454290165994314,-8.331770974812864,-6.0730572096496305,0.5
10,25,0.4,6.0,6,-19.043808614535983,-7.346912052374319,-4.936387648813929,-14.559140224274056,0.5
10,28,0.0,6.0,1,-13.113743792702133,-5.6398623649421085,-0.3837525546022585,-2.147696346230518,0.56
10,28,0.0,6.0,2,-13.193415701425817,-6.033440202056674,-3.5641176505044228,-1.5011543633312692,0.56
10,28,0.0,6.0,3,-13.230164176849012,-4.1906133651873905,-4.571354806639912,-8.299215050833748,0.56
10,28,0.0,6.0,4,-12.981529660871468,-5.388205317862116,-3.696749827241644,-1.040790305708258,0.56
10,28,0.0,6.0,5,-13.103466943061203,-5.979164948071599,-2.049320269742041,-0.7161595649350551,0.56
10,28,0.0,6.0,6,-13.151895916782298,-5.416332649383718,-2.276709714616244,-1.5925369857605491,0.56
10,28,0.1,6.0,1,-13.241259163669616,-6.228107848353508,-5.500275356806366,-2.3380402955695367,0.56
10,28,0.1,6.0,2,-13.04277073831468,-5.998317688807317,-2.599487169409408,-2.09027159326009,0.56
10,28,0.1,6.0,3,-13.061446488508784,-3.5447410854077632,-3.1595878299589493,-2.236612155579687,0.56
10,28,0.1,6.0,4,-13.24824617393016,-5.277523510249931,-3.0652012780058984,-1.6331445097018018,0.56
10,28,0.1,6.0,5,-13.0660661415554,-6.054932175994205,0.3052500136510385,-2.506077538219651,0.56
10,28,0.1,6.0,6,-13.090819696189548,-5.474235649605227,-4.046047943320787,2.2572878515925683,0.56
10,28,0.2,6.0,1,-13.147383322894338,-5.092454009328281,-2.435786993179427,-0.5274244862513287,0.56
10,28,0.2,6.0,2,-13.052221960597349,-5.1757057893637155,6.262849699143219,0.175936872592236,0.56
10,28,0.2,6.0,3,-12.908566007264474,-4.8719601115709725,-1.374898068507597,-1.3746894825648712,0.56
10,28,0.2,6.0,4,-13.043395297593513,-5.191505866541169,-2.846937853379167,1.0020515070550258,0.56
10,28,0.2,6.0,5,-12.916711164227827,-5.742851493959944,-2.851647817996409,-0.1537023175447101,0.56
10,28,0.2,6.0,6,-12.906407361500827,-5.201678566123788,-4.219616974821733,-0.3806376443728906,0.56
10,28,0.3,6.0,1,-12.877191968118035,-5.613116456370807,-4.989098688097532,-3.641514470620148,0.56
10,28,0.3,6.0,2,-12.82777327253674,-4.705972260039044,-0.9897422059107428,-3.213201729235265,0.56
10,28,0.3,6.0,3,-12.907615819378744,-5.591086570688434,-6.308731733908909,-4.0865113866965235,0.56
10,28,0.3,6.0,4,-12.71722462359546,-4.6865569534597045,-4.431086266302768,-1.3501612230960534,0.56
10,28,0.3,6.0,5,-13.05499172333345,-4.934009532629219,-7.785534941138347,-0.2018174710642687,0.56
10,28,0.3,6.0,6,-12.879084116543794,-5.330697199121715,-2.9779710331093727,-4.20345822850662,0.56
10,28,0.4,6.0,1,-12.74269623531965,-5.873119369418481,-6.068982217197485,-10.777543634642049,0.56
10,28,0.4,6.0,2,-12.940009284183528,-5.9510372039758215,-3.620303223087548,-4.9844698758855825,0.56
10,28,0.4,6.0,3,-13.175971146158904,-5.4566504509212175,-3.1132837861589744,-5.909790934936733,0.56
10,28,0.4,6.0,4,-13.00033254964542,-5.7981525066776545,-8.926610034244266,-7.064423651157346,0.56
10,28,0.4,6.0,5,-12.770707634670355,-5.371844683673322,-2.457073613505345,-2.9782981389915393,0.56
10,28,0.4,6.0,6,-12.672929015702524,-5.698363429176338,-6.191002697853726,-6.517793167919352,0.56
10,33,0.0,6.0,1,-7.392154158902955,-1.5337844945912325,-4.8812368968641975,0.3213245179110072,0.66
10,33,0.0,6.0,2,-7.293893219951277,-2.3268811086345993,0.5192549246674398,-1.1667424641121606,0.66
10,33,0.0,6.0,3,-7.475284857101665,-2.621482656581291,1.6491302178226,-1.4772626503042328,0.66
10,33,0.0,6.0,4,-7.60715895927134,-2.395943125099442,-0.3402274783220018,0.383707890656341,0.66
10,33,0.0,6.0,5,-7.347143443432175,-2.1922603467643107,0.7887813523956251,-1.7761297184648384,0.66
10,33,0.0,6.0,6,-7.102530921028615,-2.0553981403712895,-0.9065009539903623,0.9145865164687086,0.66
10,33,0.1,6.0,1,-7.569752163987308,-3.084305776040035,-0.0456954035774427,-1.093807912473883,0.66
10,33,0.1,6.0,2,-7.2938252959713825,-2.274909605929718,0.9812360356395652,-3.335257942213494,0.66
10,33,0.1,6.0,3,-7.368687220954124,-2.226639582949418,0.1405707501929347,-3.4845408473699706,0.66
10,33,0.1,6.0,4,-7.53803081214792,-2.279921206678656,2.1342525381485733,-0.1656143534413686,0.66
10,33,0.1,6.0,5,-7.185238164278367,-2.1057741797153433,0.2320724177125996,-0.0405234294380427,0.66
10,33,0.1,6.0,6,-7.436102358879333,-2.046729393476183,0.9523023947619892,-0.5445273876853686,0.66
10,33,0.2,6.0,1,-7.043519064295927,-1.5635802409791133,-1.00956732816922,-0.7317850406378599,0.66
10,33,0.2,6.0,2,-7.130782888547827,-1.4313081435264552,0.1632546568566193,-2.2863706795175096,0.66
10,33,0.2,6.0,3,-7.343564083701263,-1.1494040191121135,0.9813892861919709,-4.727816344877628,0.66
10,33,0.2,6.0,4,-7.036646343565638,-1.2996925379461668,-0.8533055631908194,-0.9592523260364644,0.66
10,33,0.2,6.0,5,-7.32291052306603,-1.227668169196728,-1.4670996939759626,-1.8025515109745216,0.66
10,33,0.2,6.0,6,-7.126326244338193,-1.668540055981066,-0.7770435885086165,-1.479448202020436,0.66
10,33,0.3,6.0,1,-7.364958997220725,-1.2945654175022523,-0.7464758616928377,-3.301837982621101,0.66
10,33,0.3,6.0,2,-7.209538606387445,-0.7134433003575748,-2.6393949997009303,-3.4408850613694155,0.66
10,33,0.3,6.0,3,-7.218019701321789,-1.3184269778247215,-3.5046532536741544,-3.3845935749466434,0.66
10,33,0.3,6.0,4,-7.30066835914147,-1.1694435522890738,-2.414412894970888,-3.600441003545665,0.66
10,33,0.3,6.0,5,-7.2004742297696085,-1.523032843492795,-4.172625258240052,-2.0537028296401543,0.66
10,33,0.3,6.0,6,-7.138346533948476,-1.0515155171426245,-0.5778851129204925,-2.6023288076767503,0.66
10,33,0.4,6.0,1,-7.151827745065981,-1.2533315703097736,-0.6945875202251273,-3.571869316104788,0.66
10,33,0.4,6.0,2,-7.087457125569175,-1.4417182676852185,-2.2514330542634347,-5.060750291448808,0.66
10,33,0.4,6.0,3,-6.998975915926695,-0.6975101428383617,-0.5522070991072215,-5.451879016894125,0.66
10,33,0.4,6.0,4,-7.15019257750536,-0.9167273772719732,-0.3694881812745038,-0.97113945944553,0.66
10,33,0.4,6.0,5,-7.177712511593455,-1.1616104862113137,0.5670394893486485,-2.8631978216528955,0.66
10,33,0.4,6.0,6,-7.272144289418428,-1.5508889180840604,0.3764583050318871,-2.735188230501688,0.66
10,39,0.0,6.0,1,-3.907100513899696,1.3432054479799016,2.0835459132234617,-1.127339157763626,0.78
10,39,0.0,6.0,2,-3.928631256857205,0.8831424521090444,0.020955480051384,-1.0302931601143617,0.78
10,39,0.0,6.0,3,-3.951157772373372,0.9209661681251824,0.9123240426037638,-1.4654568561512231,0.78
10,39,0.0,6.0,4,-4.124047988017918,1.100213695798139,3.596497053350501,-2.357785065766147,0.78
10,39,0.0,6.0,5,-4.001304012146853,1.2271709933565278,1.9302520525619804,-1.5454006577350907,0.78
10,39,0.0,6.0,6,-4.125133222225163,1.110255067256544,1.3234579770396575,-1.6882207009978096,0.78
10,39,0.1,6.0,1,-4.078482808106189,1.2279107154551234,3.3385644657482816,-1.7208602580148864,0.78
10,39,0.1,6.0,2,-3.91410829654442,1.319154001656187,1.5852035928537227,-2.0236355665937613,0.78
10,39,0.1,6.0,3,-3.959205274323016,0.8535653215121425,0.9511334357046084,-2.018202194828644,0.78
10,39,0.1,6.0,4,-3.957837486935516,1.1706132980279371,2.6025760508819453,-1.0481684622496412,0.78
10,39,0.1,6.0,5,-3.9983428273631447,1.0778532080089938,0.2971191073735962,-2.347718074621864,0.78
10,39,0.1,6.0,6,-3.9523133148595497,1.4501445430202533,1.4806967325690834,-0.3504809333654728,0.78
10,39,0.2,6.0,1,-3.817504330099573,1.6509173281186165,0.4566607828819025,-2.4252759606308287,0.78
10,39,0.2,6.0,2,-3.823219873399044,1.449551355536776,1.1495537452561686,-2.1151754920705805,0.78
10,39,0.2,6.0,3,-3.7582146921457498,1.6088824069527328,-0.2076410984640703,-2.9922748197607367,0.78
10,39,0.2,6.0,4,-3.9470817803919687,1.4398366634243525,0.769275156324853,-1.8316956902534092,0.78
10,39,0.2,6.0,5,-4.041366024322388,1.1893283466722742,1.3320654804422496,-4.887106395280033,0.78
10,39,0.2,6.0,6,-3.709642676375408,1.451285706466217,-0.5841906084199853,-1.2759399383088477,0.78
10,39,0.3,6.0,1,-3.9445549072021207,2.0249903914485547,1.3204407611948727,-2.6911115062639483,0.78
10,39,0.3,6.0,2,-3.815380295034667,1.876498697806385,-0.0397509752368489,-2.3804975111729454,0.78
10,39,0.3,6.0,3,-3.922409480959203,1.9754724129222268,1.489790583579966,-3.399200689046419,0.78
10,39,0.3,6.0,4,-3.8376478742187614,1.809879281179232,1.765771698108186,-2.46373141496061,0.78
10,39,0.3,6.0,5,-3.950321656570238,2.2791594707537968,1.5536917686856484,-1.9290193483206992,0.78
10,39,0.3,6.0,6,-3.7428899132133138,1.758985211307183,0.0183748791987159,-2.7795124889408536,0.78
10,39,0.4,6.0,1,-3.771111477736902,1.5573482873988136,0.4218303275003853,-1.429068434201134,0.78
10,39,0.4,6.0,2,-3.822972708759931,1.6801135514619616,0.5424029737875438,-0.9473990142488128,0.78
10,39,0.4,6.0,3,-3.724274392966372,1.413125552426543,0.6738046993345136,-0.4031285668443286,0.78
10,39,0.4,6.0,4,-3.9255769213026217,1.394362259541997,-0.5284487085132437,-2.2340102959008945,0.78
10,39,0.4,6.0,5,-3.718480098897504,1.27022092107845,0.7261135176236376,-1.716357961436065,0.78
10,39,0.4,6.0,6,-3.9637550253314258,1.3901719486865909,0.522719477608899,-1.822696373774087,0.78
10,44,0.0,6.0,1,-2.537907529108006,3.357804796869465,3.1454617772872084,-0.8551468053304749,0.88
10,44,0.0,6.0,2,-2.512570384225074,3.397981318661249,2.7887249123479947,-1.7324595732560824,0.88
10,44,0.0,6.0,3,-2.485203921412622,3.1569985700437155,3.485897370257831,-0.2092657429399884,0.88
10,44,0.0,6.0,4,-2.467050781066775,3.0980222188359017,2.945202371580508,-1.0544099013862258,0.88
10,44,0.0,6.0,5,-2.441523541172425,3.3045946056432003,3.2276755379835604,-0.8874964986187519,0.88
10,44,0.0,6.0,6,-2.596070154481371,3.3933933394239757,3.025181264389775,0.3850245885000822,0.88
10,44,0.1,6.0,1,-2.3757882703563737,3.3253099524947443,3.061603710314471,-1.850858427851433,0.88
10,44,0.1,6.0,2,-2.578131674394803,3.2377169492733673,2.3874314955037006,-1.837126289744451,0.88
10,44,0.1,6.0,3,-2.347528083034578,3.1618576160526226,2.9291001439205075,-1.4889235999121575,0.88
10,44,0.1,6.0,4,-2.4816623646211937,3.244350979761633,2.356457949868218,-0.1980083763735811,0.88
10,44,0.1,6.0,5,-2.3708401615793937,3.1310016384299346,2.920378568915652,-1.370263399127989,0.88
10,44,0.1,6.0,6,-2.5575032878204498,3.2822635145623216,3.3807757402089633,0.4006272044014089,0.88
10,44,0.2,6.0,1,-2.3516076185284973,2.898630291265713,1.2925938660122385,-1.186171451887518,0.88
10,44,0.2,6.0,2,-2.583139841527933,3.187934186689239,1.825353950064939,-1.1502272189641194,0.88
10,44,0.2,6.0,3,-2.4192965486158324,3.0509196028710064,1.9295954558392112,-0.9308280462252302,0.88
10,44,0.2,6.0,4,-2.3322492608477043,3.059736399933644,1.7274617124659404,-0.1474290032358481,0.88
10,44,0.2,6.0,5,-2.5480164197579,3.186597751887226,2.4401594123236556,-1.0249242157087957,0.88
10,44,0.2,6.0,6,-2.439112851691241,2.9259732501554234,2.1706137032616275,-0.6953980730609532,0.88
10,44,0.3,6.0,1,-2.542854447070931,3.1038347862333557,1.3486769158743623,-0.7723133185717672,0.88
10,44,0.3,6.0,2,-2.459396276598458,2.8912528203415775,2.001342305406369,0.2880952955629965,0.88
10,44,0.3,6.0,3,-2.4905154842446224,2.885668442150401,1.724433918004599,0.1448681572544422,0.88
10,44,0.3,6.0,4,-2.5505484750093537,2.9272956146091476,1.5471044026576082,-0.0909023358300602,0.88
10,44,0.3,6.0,5,-2.5753872093422565,2.980704370027835,2.3393890382958196,-0.1951210959050163,0.88
10,44,0.3,6.0,6,-2.4220305119831176,2.847162678027387,2.141300914115006,-0.3632655619162855,0.88
10,44,0.4,6.0,1,-2.5770041803505856,2.5179585986916098,1.4740934356183677,2.167766664532035,0.88
10,44,0.4,6.0,2,-2.46351123884316,2.617553649369032,1.6420458941058975,1.9008365561089924,0.88
10,44,0.4,6.0,3,-2.5119044112480924,2.4873024883486403,1.576233120123152,1.6804365431963446,0.88
10,44,0.4,6.0,4,-2.421572466390454,2.642049425981905,0.8253361002941755,1.2762097604554032,0.88
10,44,0.4,6.0,5,-2.614464630004832,2.53437066599391,0.5903819207926565,1.0854768505300894,0.88
10,44,0.4,6.0,6,-2.615327407315141,2.832435010131023,0.6061139629425529,2.1794148771390893,0.88
10,50,0.0,6.0,1,-1.4495428132665835,3.55863561629499,3.5117263926270916,-1.005118012438538,1.0
10,50,0.0,6.0,2,-1.515816767090327,3.595441463092052,3.056888523789406,-0.8460127283770376,1.0
10,50,0.0,6.0,3,-1.4784811931564477,3.518339879099059,2.9941452498726973,-0.4668740916663373,1.0
10,50,0.0,6.0,4,-1.43602004965947,3.509125501063661,2.9266695062876216,-1.0174845287598786,1.0
10,50,0.0,6.0,5,-1.4765892132637408,3.5733777685935735,3.3456810758925046,-1.087965572181303,1.0
10,50,0.0,6.0,6,-1.4169256567825577,3.4077264079084015,2.6442570243358823,-0.8091211356362406,1.0
10,50,0.1,6.0,1,-1.4783083749168813,3.5718060795678435,1.437954949706924,0.3340577520762348,1.0
10,50,0.1,6.0,2,-1.564056766254359,3.5049808860241782,2.8799436120813433,-0.4386165403143526,1.0
10,50,0.1,6.0,3,-1.5562824951490288,3.6096335366595382,2.9162319384579627,-0.4586909099949841,1.0
10,50,0.1,6.0,4,-1.5073255160031305,3.4614712059843784,2.9828958245780877,-0.1143355773161481,1.0
10,50,0.1,6.0,5,-1.5615684478761964,3.602953415044236,2.6333994917434875,-0.9790221710120748,1.0
10,50,0.1,6.0,6,-1.4868595632232189,3.471358238958841,3.624142054514434,-0.659542740884566,1.0
10,50,0.2,6.0,1,-1.7485347503676607,3.644587463358552,2.442666539513763,2.470811737720082,1.0
10,50,0.2,6.0,2,-1.6207366363239983,3.5116742918138035,2.77227567664991,2.021572924819118,1.0
10,50,0.2,6.0,3,-1.5984514877917413,3.3285805786607567,2.258306173728164,2.0681002651353873,1.0
10,50,0.2,6.0,4,-1.5573784664794317,3.260742259174483,2.619790249084565,1.9418794762758425,1.0
10,50,0.2,6.0,5,-1.607054888537499,3.3786476974385997,2.721604927530102,1.932896030508931,1.0
10,50,0.2,6.0,6,-1.7132054953920786,3.532135104540685,2.5173930805768236,1.8850790114617393,1.0
10,50,0.3,6.0,1,-1.7288333675136485,3.2588092885559163,2.2849735509914613,2.995108104226678,1.0
10,50,0.3,6.0,2,-1.8041462737962175,3.249317212644204,1.986513371687187,3.4401517997300544,1.0
10,50,0.3,6.0,3,-1.7950037170975162,3.322484831940747,2.2760007833444957,3.3639269696288765,1.0
10,50,0.3,6.0,4,-1.846858313324183,3.4437819169415462,1.9996074363128415,3.3466039250955504,1.0
10,50,0.3,6.0,5,-1.8212820393525095,3.371582462507011,1.76799890257022,3.2332391705004624,1.0
10,50,0.3,6.0,6,-1.789723983128484,3.2556882548157886,2.538360974362246,3.0805719763763113,1.0
10,50,0.4,6.0,1,-1.9597793428142345,3.148541336257371,1.586919053654353,3.9308563667463057,1.0
10,50,0.4,6.0,2,-1.852530853450954,2.9328992893984087,1.7475723984157063,3.795463964382933,1.0
10,50,0.4,6.0,3,-1.9678533812177044,3.0766632880686533,1.709410054984049,3.859463301078391,1.0
10,50,0.4,6.0,4,-1.904859796882418,3.061392975613652,1.7880276561429629,4.221233089834892,1.0
10,50,0.4,6.0,5,-1.9374680814588507,3.0920597441164785,1.827195567067322,4.0297700103760326,1.0
10,50,0.4,6.0,6,-1.91645297217664,3.044659792991682,1.4080225492805811,3.88446191783152,1.0
10,25,0.0,8.0,1,-15.00465737898457,-6.3437388453093515,-7.475426958366569,4.7523337051514245,0.5
10,25,0.0,8.0,2,-15.32756686624408,-7.28869052133656,-12.097025085586518,1.834289775621975,0.5
10,25,0.0,8.0,3,-15.01247903378163,-6.316230991487037,-7.2060475736817455,6.583702673176608,0.5
10,25,0.0,8.0,4,-15.224982745771646,-7.512427083778254,-3.2436566156161035,1.7890337730895052,0.5
10,25,0.0,8.0,5,-15.12459187147347,-8.25037522005386,-1.6512532315158268,2.748545204395737,0.5
10,25,0.0,8.0,6,-15.294711191996232,-7.1103738120293185,-7.56190767299789,1.0735093220470044,0.5
10,25,0.1,8.0,1,-15.077921355285344,-7.9269611368523005,-4.368762563626746,-1.8995441402809283,0.5
10,25,0.1,8.0,2,-15.264413101429662,-5.731709831108354,0.21943003116831,-0.9023883523368637,0.5
10,25,0.1,8.0,3,-15.061761874959553,-7.422906513219905,-5.115551802709274,4.9754332310747005,0.5
10,25,0.1,8.0,4,-14.857749089534522,-7.219920725284337,-2.4945781272335537,-0.8174115493873405,0.5
10,25,0.1,8.0,5,-15.330299893066684,-7.251749670341658,-5.594504813913161,-3.8347908249709386,0.5
10,25,0.1,8.0,6,-14.695350568493534,-5.774243453998794,-7.927609814924493,-0.0688612629687668,0.5
10,25,0.2,8.0,1,-14.82750095504402,-5.841298440910414,-7.806799000514024,-4.5312827599104875,0.5
10,25,0.2,8.0,2,-14.619009842475664,-6.565697939095948,-5.508992658738255,-0.4197220961030553,0.5
10,25,0.2,8.0,3,-14.830682766393982,-7.708766144108395,-10.301113506868855,-0.8464548598947751,0.5
10,25,0.2,8.0,4,-14.531234004369258,-8.46773228487586,-8.899096219609525,2.8645231311254915,0.5
10,25,0.2,8.0,5,-14.873836289864112,-8.515750229836943,-5.381505119847377,1.9282164212277888,0.5
10,25,0.2,8.0,6,-14.92886224430317,-6.561552799535991,-6.674448305898248,-1.267583331181727,0.5
10,25,0.3,8.0,1,-14.783878892178793,-6.301870697405031,-10.767303283295837,-0.461176373324138,0.5
10,25,0.3,8.0,2,-15.338162078952138,-8.047684165887102,-8.260878952915434,-8.40611281319688,0.5
10,25,0.3,8.0,3,-14.451998436953934,-7.359535124001608,-1.977398565935828,-4.667461378933295,0.5
10,25,0.3,8.0,4,-14.552714431652046,-7.706906647683946,-2.52655549189736,1.0514532137991104,0.5
10,25,0.3,8.0,5,-14.48519848955965,-4.910325029820965,-2.4613290501247893,-0.0119398346534444,0.5
10,25,0.3,8.0,6,-14.837949449642258,-6.839099515923709,-4.617695131466438,-0.6418487041396919,0.5
10,25,0.4,8.0,1,-14.428764776168345,-8.419981434787758,-21.28641271458383,-4.316944698972669,0.5
10,25,0.4,8.0,2,-14.386119724107454,-8.11476644957096,-10.344311322459031,-2.768283053679704,0.5
10,25,0.4,8.0,3,-14.350357531022643,-7.545773726113977,-8.834095298182396,-7.484157512659027,0.5
10,25,0.4,8.0,4,-13.992177340054836,-7.820479417047852,-13.36066584703338,-6.977196866277097,0.5
10,25,0.4,8.0,5,-14.55458807160536,-7.197833803971088,-6.084651055304496,-1.6806928356796924,0.5
10,25,0.4,8.0,6,-14.175143706034891,-8.150305607556403,-9.65187984801841,-1.0121877524749017,0.5
10,28,0.0,8.0,1,-10.278807517301493,-6.341356036014328,-3.5041783989310233,1.4713924202718531,0.56
10,28,0.0,8.0,2,-10.376593929582574,-5.075186201931617,-4.2278800941073555,-5.196646222725254,0.56
10,28,0.0,8.0,3,-10.168766088352442,-6.293262538887502,-0.7994311903498528,-0.3334723939688088,0.56
10,28,0.0,8.0,4,-10.296483456073704,-5.927703237613331,-4.836420151059454,-4.195571940272165,0.56
10,28,0.0,8.0,5,-10.132856741891535,-5.377318105362138,-8.464805061781266,-1.8800899815625016,0.56
10,28,0.0,8.0,6,-10.054032466288296,-3.968279628782105,-2.52746962016562,-0.7056610710430931,0.56
10,28,0.1,8.0,1,-10.196485413275266,-5.571210364800978,-1.4082760088933863,2.96992947319566,0.56
10,28,0.1,8.0,2,-10.067437426188755,-5.778060703441347,-2.449462622139851,-4.861549949353515,0.56
10,28,0.1,8.0,3,-10.100445468435648,-6.129416101179066,-3.014751837623469,2.684464403049213,0.56
10,28,0.1,8.0,4,-9.918214030589954,-4.304566564741521,-2.949313092450571,0.5227349784378497,0.56
10,28,0.1,8.0,5,-10.024899713599105,-5.647903467834948,-6.493069458164882,-0.3850845079029668,0.56
10,28,0.1,8.0,6,-10.08638667283663,-6.919795229851959,-1.483823159849225,-0.6800407172086927,0.56
10,28,0.2,8.0,1,-10.044480834530251,-5.718891231963547,-4.219587285184113,-0.9387700363993912,0.56
10,28,0.2,8.0,2,-9.92338721459706,-5.954579651556205,-6.24488956402504,1.4966254094493805,0.56
10,28,0.2,8.0,3,-10.078405344856655,-4.706367888759225,-7.460308520929641,7.492318807841781,0.56
10,28,0.2,8.0,4,-10.034825650100707,-4.848496246844474,-3.9643857350514535,-4.989423630928492,0.56
10,28,0.2,8.0,5,-9.704977272719486,-2.97427245659211,0.5396525454063871,-11.064653907549616,0.56
10,28,0.2,8.0,6,-10.016887621252131,-4.525687497283319,-1.9792595292608768,-4.3550764811961615,0.56
10,28,0.3,8.0,1,-9.56285849171962,-4.220813856304206,0.5796174024006089,13.866470242098554,0.56
10,28,0.3,8.0,2,-9.520870780550656,-6.40544422753532,-13.229966846424391,-1.6291889708572254,0.56
10,28,0.3,8.0,3,-9.43198808624472,-4.231592268271205,-7.0472422690222585,-2.0449069676879255,0.56
10,28,0.3,8.0,4,-9.673420594977356,-4.6942132108002586,1.323420983620108,-4.769950205049122,0.56
10,28,0.3,8.0,5,-9.5334893819962,-5.708921907158891,-6.1984253915401215,-1.6885130446637393,0.56
10,28,0.3,8.0,6,-9.7144368904797,-4.686241077544134,-4.3454486182059595,-1.0316316954827534,0.56
10,28,0.4,8.0,1,-9.859042295101544,-5.443330219215273,-7.592850863900479,-2.9283643474695515,0.56
10,28,0.4,8.0,2,-9.6449817162643,-3.874811572942815,-4.661206533912781,-5.029018414190811,0.56
10,28,0.4,8.0,3,-9.658837392397547,-6.269848132772898,-5.574237954105177,-5.585392530107223,0.56
10,28,0.4,8.0,4,-9.37472970974745,-5.772244989419876,-5.919640143759035,-4.388153891619663,0.56
10,28,0.4,8.0,5,-9.64348025988908,-4.840901390870349,-1.1075884681728356,-3.422851509761963,0.56
10,28,0.4,8.0,6,-9.4969322421679,-4.689012152012244,-5.29601231359803,-4.909982157704181,0.56
10,33,0.0,8.0,1,-5.533836293977027,-1.8944127167479696,-1.5734205065972555,1.216215380819376,0.66
10,33,0.0,8.0,2,-5.1594168733926535,-2.405766734498358,-1.9938835476152177,-1.563437274702102,0.66
10,33,0.0,8.0,3,-5.352293411788402,-1.1366109020102548,-0.5494328529771615,4.117892325000514,0.66
10,33,0.0,8.0,4,-5.405476128734064,-1.7725504222875643,0.3451284768887518,-1.2055881674746318,0.66
10,33,0.0,8.0,5,-5.2356791656401835,-2.8098645097219808,-1.3927234522954186,2.079617242468798,0.66
10,33,0.0,8.0,6,-5.491804626637647,-2.022462717083961,-1.8261577101230015,-3.511148957691087,0.66
10,33,0.1,8.0,1,-5.427075585125316,-2.5001512398561117,-0.7751105673028726,-1.622217069609907,0.66
10,33,0.1,8.0,2,-5.2972863611828895,-2.209026291217863,-3.8237993388076754,0.3272356921478222,0.66
10,33,0.1,8.0,3,-5.374629741643721,-3.02666587784204,0.3711416733207727,0.8649579076295213,0.66
10,33,0.1,8.0,4,-5.389455410909074,-2.347842331973248,-1.7178565271049884,-2.7235457710449436,0.66
10,33,0.1,8.0,5,-5.45286903830449,-3.248239403546336,-5.656499716889636,-0.3974302974276442,0.66
10,33,0.1,8.0,6,-5.442522278169558,-1.909148297823834,2.3014965156473353,-4.464699399629142,0.66
10,33,0.2,8.0,1,-5.354237415662318,-1.5503344342990473,1.3626766624874018,-22.462133541391463,0.66
10,33,0.2,8.0,2,-4.993860124952546,-1.83191588103318,-4.178837596179716,-1.8490739036056576,0.66
10,33,0.2,8.0,3,-5.264911493454961,-2.745820458741133,3.549036410797872,-0.2276182916261419,0.66
10,33,0.2,8.0,4,-5.281213250743055,-2.1451803633288167,-0.7382143810123606,-3.298725979651079,0.66
10,33,0.2,8.0,5,-5.27165665535776,-0.9731602928908696,-0.0099396177026516,-2.359630788160973,0.66
10,33,0.2,8.0,6,-5.139871711286782,-2.0021956703309307,-1.2996409963882605,-2.7148244835999957,0.66
10,33,0.3,8.0,1,-5.138570249596948,-1.7821934621825508,-2.0557103542726103,2.297422435279933,0.66
10,33,0.3,8.0,2,-5.11083275286517,-2.025975898426929,-3.6529724359738664,-3.247870756560133,0.66
10,33,0.3,8.0,3,-5.164457718120161,-2.287322343778902,-2.5808652396488667,-0.6958151796749362,0.66
10,33,0.3,8.0,4,-5.236376334780786,-2.790840043722151,-0.1788392668202483,-3.285846534068446,0.66
10,33,0.3,8.0,5,-5.003191993622368,-1.42954893881053,-3.1706122444002705,-4.852080468829155,0.66
10,33,0.3,8.0,6,-5.209641778019277,-2.3998548724594313,-1.4932465971752662,-2.4217864204002155,0.66
10,33,0.4,8.0,1,-4.949951627341861,-2.043183437151811,-0.788281961736181,-4.908958987869234,0.66
10,33,0.4,8.0,2,-4.9949844621617405,-1.7234693339013454,-2.669695838816557,-3.277456805940112,0.66
10,33,0.4,8.0,3,-5.131280950340679,-1.836150663709418,-3.814979391539339,-3.74961927379393,0.66
10,33,0.4,8.0,4,-5.187345085511811,-1.1980778051932248,-3.996238844724208,-4.8265265883694095,0.66
10,33,0.4,8.0,5,-5.081233437323419,-1.9679434897050785,-0.881064770180554,-0.3926699753502422,0.66
10,33,0.4,8.0,6,-4.943326585458804,-1.4948123395108115,-3.677200844639678,-2.78395148081627,0.66
10,39,0.0,8.0,1,-2.691988431293269,1.0745668551618404,4.4907345288258345,-1.8789926769719496,0.78
10,39,0.0,8.0,2,-2.65153975933232,0.9861924671727644,1.559795865966486,-1.1793559611070137,0.78
10,39,0.0,8.0,3,-2.755625563522486,0.7076214055855798,1.1488199731099404,1.9629145863406907,0.78
10,39,0.0,8.0,4,-2.8163568869865196,0.5957959803460908,0.0136540748697742,-0.6203021936409744,0.78
10,39,0.0,8.0,5,-2.8333088605391037,0.8118808049101401,-0.9009491948264368,-0.2455676542005236,0.78
10,39,0.0,8.0,6,-2.6702573276377137,0.3596633467323378,0.6545084594631739,0.6059537714595059,0.78
10,39,0.1,8.0,1,-2.5041936820534794,0.2864199366304531,-1.0332525248867144,-3.2214657344623747,0.78
10,39,0.1,8.0,2,-2.8061377747469356,0.5888900588836645,-0.0246384170431854,-0.3178924738237992,0.78
10,39,0.1,8.0,3,-2.4342291624055363,0.9350806939476964,-2.0922669140311205,0.144268802465601,0.78
10,39,0.1,8.0,4,-2.723124639056281,1.0197080747272074,-0.9769608625138068,-3.0878442862258755,0.78
10,39,0.1,8.0,5,-2.620072408307526,0.8188649390582203,-1.197440313007738,-1.5857273827254292,0.78
10,39,0.1,8.0,6,-2.679209379436157,0.9397295359760468,1.8841917280761071,1.1389099424766136,0.78
10,39,0.2,8.0,1,-2.470251457145938,0.9007914159115336,-2.0910635514967852,-3.938088109566483,0.78
10,39,0.2,8.0,2,-2.770107972478036,0.781811702521086,3.196518817015398,0.8273019512546362,0.78
10,39,0.2,8.0,3,-2.6081992147427067,1.4470657063689818,8.931993278979535,-0.5648149910022873,0.78
10,39,0.2,8.0,4,-2.6603443682592784,0.3813872907894408,-7.340461316950758,-1.6322032248753846,0.78
10,39,0.2,8.0,5,-2.620412729038786,1.3905375268892186,0.7612781413358021,-1.7736068671332652,0.78
10,39,0.2,8.0,6,-2.4314366459658316,0.9350469769504636,-1.397644955462055,0.9872477942756904,0.78
10,39,0.3,8.0,1,-2.6028654895106316,0.2140668810487521,-0.0668694342182716,-3.552156134231533,0.78
10,39,0.3,8.0,2,-2.711791499877122,1.3960980767684534,0.469231392424456,-1.2607697292234443,0.78
10,39,0.3,8.0,3,-2.350845558472469,1.0453345454333598,-0.6141671852023309,-1.525823512891907,0.78
10,39,0.3,8.0,4,-2.613406176356284,0.8930176604189256,-0.8770485575389694,-0.4372890730741372,0.78
10,39,0.3,8.0,5,-2.6069613184719516,1.096585908152503,0.5423715953546605,-1.342906947971968,0.78
10,39,0.3,8.0,6,-2.6494761078551874,1.136357490206941,-0.2540950902319145,-0.8997561650701172,0.78
10,39,0.4,8.0,1,-2.6283558317997335,1.3067709886678405,2.7085623947553015,-0.1135254067645511,0.78
10,39,0.4,8.0,2,-2.63712006231874,0.7783468518464484,1.6228201860573317,-0.8152227583258931,0.78
10,39,0.4,8.0,3,-2.4310435591835975,0.6707217630396113,-1.5348710042984088,-0.7056626529580494,0.78
10,39,0.4,8.0,4,-2.7878964030266595,1.313812963683162,1.3668084097315247,-0.987833669207727,0.78
10,39,0.4,8.0,5,-2.474891205893738,1.0084571528521171,-0.9783049422907062,-0.6881882273830169,0.78
10,39,0.4,8.0,6,-2.551642083518948,1.2546573347235253,-0.7127251587197294,-2.105231711601453,0.78
10,44,0.0,8.0,1,-1.5924829926415058,2.9918350047211115,3.0867117118632685,-2.1205781069603784,0.88
10,44,0.0,8.0,2,-1.6790518871902875,2.2087336595993237,3.721615741103122,-0.3433275396308152,0.88
10,44,0.0,8.0,3,-1.2778529254442883,2.368943260256343,1.1722831649404928,-1.3947043642702757,0.88
10,44,0.0,8.0,4,-1.7397238148003815,2.612071663318188,2.6548932890925,2.1010803197575267,0.88
10,44,0.0,8.0,5,-1.5756925580277243,2.706598594648325,1.1475351630040802,0.2909133993673169,0.88
10,44,0.0,8.0,6,-1.3135628160654302,2.4335311773952193,1.4247627320619576,-1.1456229267644162,0.88
10,44,0.1,8.0,1,-1.570158181548155,3.0142436860923896,1.1947132956982676,-0.5801054770031074,0.88
10,44,0.1,8.0,2,-1.662205297064189,2.449584549541617,2.882791758054188,-0.6207326792794421,0.88
10,44,0.1,8.0,3,-1.424973007843716,2.5891082728849852,2.5867231278826095,0.1377230648629374,0.88
10,44,0.1,8.0,4,-1.5987944196391324,2.6141778115042724,3.852426366677625,-0.926049007728724,0.88
10,44,0.1,8.0,5,-1.494663575580509,2.4329433016025255,2.981712225280161,0.348946222438444,0.88
10,44,0.1,8.0,6,-1.5540947482788643,2.6114544784200833,4.503391039910989,-0.6321742259010448,0.88
10,44,0.2,8.0,1,-1.4688262320271812,2.7018693809255447,2.18082054676261,-0.0383244761089945,0.88
10,44,0.2,8.0,2,-1.5315762751564956,2.997345037105533,2.583934185573549,0.1625177206471729,0.88
10,44,0.2,8.0,3,-1.522194441467634,2.59719774868227,2.664998005494323,-0.5130046922867295,0.88
10,44,0.2,8.0,4,-1.4736340773595298,2.598617947643078,1.8006502136927574,-0.2414935514104859,0.88
10,44,0.2,8.0,5,-1.5302561193084316,2.526668836075301,3.3363465728022463,1.119573946612819,0.88
10,44,0.2,8.0,6,-1.687818295243419,2.491650268853392,1.880980404825075,-0.0741767958035908,0.88
10,44,0.3,8.0,1,-1.4196609461755694,1.9723725342949243,2.3913715540703633,0.3026551320791241,0.88
10,44,0.3,8.0,2,-1.4763881834596624,2.680789370473231,1.5943863969551777,-0.2082411942317209,0.88
10,44,0.3,8.0,3,-1.5456958007716566,2.427445139380769,1.4255765751321663,0.407872609235387,0.88
10,44,0.3,8.0,4,-1.581902691518848,2.697802810117784,1.5367598762352863,-0.8441097375702282,0.88
10,44,0.3,8.0,5,-1.5131469542910785,2.5816124437768613,1.246468581988747,0.5129046855297797,0.88
10,44,0.3,8.0,6,-1.514785350815446,2.6018262413604063,2.455405602974535,0.4890948172048194,0.88
10,44,0.4,8.0,1,-1.528453409029778,2.422844024157578,0.901833279772417,1.320361574094384,0.88
10,44,0.4,8.0,2,-1.6348092011321622,1.687344070556796,0.5184760148752521,0.7991971539904708,0.88
10,44,0.4,8.0,3,-1.4898975565375898,2.4235173244488477,0.6231193845607776,2.2288426400077817,0.88
10,44,0.4,8.0,4,-1.5440915899675922,2.3241184696187647,1.1237237850807624,1.5430054829194453,0.88
10,44,0.4,8.0,5,-1.5095446099792067,1.9577663015869475,2.0740685755707435,1.6603308386100224,0.88
10,44,0.4,8.0,6,-1.5399424881504593,2.2309354143614337,1.5335795712350937,1.0141226424358991,0.88
10,50,0.0,8.0,1,-0.7101253238061533,2.66052411974964,2.3668768294968694,-0.316762556343476,1.0
10,50,0.0,8.0,2,-0.7384643453776712,2.678732161085299,3.0440574784956107,-1.3170781412774577,1.0
10,50,0.0,8.0,3,-0.7988316837913564,2.902725184404314,2.8463939185377383,-0.7428839480584515,1.0
10,50,0.0,8.0,4,-0.7797492147538005,2.9910604351592447,2.6979995541085793,-0.6909102973674923,1.0
10,50,0.0,8.0,5,-0.7649759781478658,2.9166289767105775,3.7327290973774794,-0.2113178314454122,1.0
10,50,0.0,8.0,6,-0.8700243685409846,3.211718369885238,3.865741305315809,-1.622634525853682,1.0
10,50,0.1,8.0,1,-0.8983648785235511,3.0560591476246395,3.7940819621959023,-0.4949471158080488,1.0
10,50,0.1,8.0,2,-0.7556615034704741,2.8611324588693883,2.7757053714162483,-0.5643823529170517,1.0
10,50,0.1,8.0,3,-0.962265852179058,3.014459964065169,2.9464458196217036,-0.639139874545805,1.0
10,50,0.1,8.0,4,-0.8876630707822912,3.1059097902696036,2.41305258389077,-0.3332206688409061,1.0
10,50,0.1,8.0,5,-0.7060746336680405,2.6084992823005084,2.9301931310037332,-0.9827930780367112,1.0
10,50,0.1,8.0,6,-0.870132462870853,2.984071361381611,3.5921322603496435,-0.5478461106697339,1.0
10,50,0.2,8.0,1,-0.8161156457935471,2.84219610024757,3.061691315621675,0.9559043928478952,1.0
10,50,0.2,8.0,2,-0.892661813374508,2.895220994894111,2.70732041400633,1.3918093872698858,1.0
10,50,0.2,8.0,3,-0.9193588282497036,3.0039351508722247,2.5362528757028477,1.220022744054846,1.0
10,50,0.2,8.0,4,-0.9379534242468588,2.810020640442983,2.7868796521605814,0.9127215413709202,1.0
10,50,0.2,8.0,5,-0.8410315971198061,3.097517638379385,2.88458685967248,0.85630035345573,1.0
10,50,0.2,8.0,6,-0.8078936835570165,2.6584285576621114,2.260083425616034,1.649132828462292,1.0
10,50,0.3,8.0,1,-1.1134750053357385,2.9857888055501247,2.4754146549230236,1.9778900707900384,1.0
10,50,0.3,8.0,2,-0.7720229237737182,2.3502605032647588,1.909853405618188,1.726259346678146,1.0
10,50,0.3,8.0,3,-0.8654770286233469,2.7156744986129104,1.9121578099294652,2.267824893146725,1.0
10,50,0.3,8.0,4,-0.8884522562510133,2.6717683025455754,2.3178716962856716,1.8245602123510112,1.0
10,50,0.3,8.0,5,-0.8782169582023048,2.5508528209326147,2.1053079871552223,1.5914480697570066,1.0
10,50,0.3,8.0,6,-0.8666656027342734,2.547952021423125,2.9450853011426217,2.594779935324564,1.0
10,50,0.4,8.0,1,-1.038449600975301,2.5623320381381234,1.7904384750411313,2.8838153008776404,1.0
10,50,0.4,8.0,2,-0.9559861362548508,2.522259160306981,1.9470549964141408,2.7645125638382195,1.0
10,50,0.4,8.0,3,-0.9675247472689456,2.4714081242729966,1.7009811629291114,2.9920108173374302,1.0
10,50,0.4,8.0,4,-0.911469065976486,2.4816094929960557,1.9417913490815493,3.0578406281506068,1.0
10,50,0.4,8.0,5,-1.2201667267115357,2.9910774003128653,1.5510156878170478,3.095492471211547,1.0
10,50,0.4,8.0,6,-0.9269500903014032,2.4200287912732827,2.110436179447293,2.517056966425958,1.0
12,36,0.0,0.0,1,-4.60698146298455e-14,1.0793144156195925e-13,-8.532907713743043e-13,1.0512479775570681e-13,0.5
12,36,0.0,0.0,2,-4.60698146298455e-14,1.0793144156195925e-13,-8.532907713743043e-13,1.0512479775570681e-13,0.5
12,36,0.0,0.0,3,-4.60698146298455e-14,1.0793144156195925e-13,-8.532907713743043e-13,1.0512479775570681e-13,0.5
12,36,0.0,0.0,4,-4.60698146298455e-14,1.0793144156195925e-13,-8.532907713743043e-13,1.0512479775570681e-13,0.5
12,36,0.0,0.0,5,-4.60698146298455e-14,1.0793144156195925e-13,-8.532907713743043e-13,1.0512479775570681e-13,0.5
12,36,0.0,0.0,6,-4.60698146298455e-14,1.0793144156195925e-13,-8.532907713743043e-13,1.0512479775570681e-13,0.5
12,36,0.1,0.0,1,-3.774758283725532e-15,3.4692249073486894e-14,8.725464795134032e-14,2.9377389410001346e-13,0.5
12,36,0.1,0.0,2,-3.774758283725532e-15,3.4692249073486894e-14,8.725464795134032e-14,2.9377389410001346e-13,0.5
12,36,0.1,0.0,3,-3.774758283725532e-15,3.4692249073486894e-14,8.725464795134032e-14,2.9377389410001346e-13,0.5
12,36,0.1,0.0,4,-3.774758283725532e-15,3.4692249073486894e-14,8.725464795134032e-14,2.9377389410001346e-13,0.5
12,36,0.1,0.0,5,-3.774758283725532e-15,3.4692249073486894e-14,8.725464795134032e-14,2.9377389410001346e-13,0.5
12,36,0.1,0.0,6,-3.774758283725532e-15,3.4692249073486894e-14,8.725464795134032e-14,2.9377389410001346e-13,0.5
12,36,0.2,0.0,1,-7.167599846980012e-14,8.299139153677971e-14,-1.5639045614079806e-13,-1.3812950783176349e-13,0.5
12,36,0.2,0.0,2,-7.167599846980012e-14,8.299139153677971e-14,-1.5639045614079806e-13,-1.3812950783176349e-13,0.5
12,36,0.2,0.0,3,-7.167599846980012e-14,8.299139153677971e-14,-1.5639045614079806e-13,-1.3812950783176349e-13,0.5
12,36,0.2,0.0,4,-7.167599846980012e-14,8.299139153677971e-14,-1.5639045614079806e-13,-1.3812950783176349e-13,0.5
12,36,0.2,0.0,5,-7.167599846980012e-14,8.299139153677971e-14,-1.5639045614079806e-13,-1.3812950783176349e-13,0.5
12,36,0.2,0.0,6,-7.167599846980012e-14,8.299139153677971e-14,-1.5639045614079806e-13,-1.3812950783176349e-13,0.5
12,36,0.3,0.0,1,-3.7934100305392356e-14,9.130474154517288e-14,-6.008349373587407e-13,1.3439915846902294e-13,0.5
12,36,0.3,0.0,2,-3.7934100305392356e-14,9.130474154517288e-14,-6.008349373587407e-13,1.3439915846902294e-13,0.5
12,36,0.3,0.0,3,-3.7934100305392356e-14,9.130474154517288e-14,-6.008349373587407e-13,1.3439915846902294e-13,0.5
12,36,0.3,0.0,4,-3.7934100305392356e-14,9.130474154517288e-14,-6.008349373587407e-13,1.3439915846902294e-13,0.5
12,36,0.3,0.0,5,-3.7934100305392356e-14,9.130474154517288e-14,-6.008349373587407e-13,1.3439915846902294e-13,0.5
12,36,0.3,0.0,6,-3.7934100305392356e-14,9.130474154517288e-14,-6.008349373587407e-13,1.3439915846902294e-13,0.5
12,36,0.4,0.0,1,-1.212807632100521e-13,7.329248319365434e-14,-3.54631879417866e-13,1.2182255204606917e-13,0.5
12,36,0.4,0.0,2,-1.212807632100521e-13,7.329248319365434e-14,-3.54631879417866e-13,1.2182255204606917e-13,0.5
12,36,0.4,0.0,3,-1.212807632100521e-13,7.329248319365434e-14,-3.54631879417866e-13,1.2182255204606917e-13,0.5
12,36,0.4,0.0,4,-1.212807632100521e-13,7.329248319365434e-14,-3.54631879417866e-13,1.2182255204606917e-13,0.5
12,36,0.4,0.0,5,-1.212807632100521e-13,7.329248319365434e-14,-3.54631879417866e-13,1.2182255204606917e-13,0.5
12,36,0.4,0.0,6,-1.212807632100521e-13,7.329248319365434e-14,-3.54631879417866e-13,1.2182255204606917e-13,0.5
12,40,0.0,0.0,1,-9.259260025373807e-14,3.9888092828732634e-14,2.021494083237485e-13,-2.4567015088905466e-13,0.5555555555555556
12,40,0.0,0.0,2,-9.259260025373807e-14,3.9888092828732634e-14,2.021494083237485e-13,-2.4567015088905466e-13,0.5555555555555556
12,40,0.0,0.0,3,-9.259260025373807e-14,3.9888092828732634e-14,2.021494083237485e-13,-2.4567015088905466e-13,0.5555555555555556
12,40,0.0,0.0,4,-9.259260025373807e-14,3.9888092828732634e-14,2.021494083237485e-13,-2.4567015088905466e-13,0.5555555555555556
12,40,0.0,0.0,5,-9.259260025373807e-14,3.9888092828732634e-14,2.021494083237485e-13,-2.4567015088905466e-13,0.5555555555555556
12,40,0.0,0.0,6,-9.259260025373807e-14,3.9888092828732634e-14,2.021494083237485e-13,-2.4567015088905466e-13,0.5555555555555556
12,40,0.1,0.0,1,-7.202238805348317e-14,6.074252212329159e-14,-1.7418955167158856e-13,2.1493917756743038e-13,0.5555555555555556
12,40,0.1,0.0,2,-7.202238805348317e-14,6.074252212329159e-14,-1.7418955167158856e-13,2.1493917756743038e-13,0.5555555555555556
12,40,0.1,0.0,3,-7.202238805348317e-14,6.074252212329159e-14,-1.7418955167158856e-13,2.1493917756743038e-13,0.5555555555555556
12,40,0.1,0.0,4,-7.202238805348317e-14,6.074252212329159e-14,-1.7418955167158856e-13,2.1493917756743038e-13,0.5555555555555556
12,40,0.1,0.0,5,-7.202238805348317e-14,6.074252212329159e-14,-1.7418955167158856e-13,2.1493917756743038e-13,0.5555555555555556
12,40,0.1,0.0,6,-7.202238805348317e-14,6.074252212329159e-14,-1.7418955167158856e-13,2.1493917756743038e-13,0.5555555555555556
12,40,0.2,0.0,1,-2.2852830738884223e-14,8.435030451892089e-14,2.373923280174495e-13,3.18927106945921e-13,0.5555555555555556
12,40,0.2,0.0,2,-2.2852830738884223e-14,8.435030451892089e-14,2.373923280174495e-13,3.18927106945921e-13,0.5555555555555556
12,40,0.2,0.0,3,-2.2852830738884223e-14,8.435030451892089e-14,2.373923280174495e-13,3.18927106945921e-13,0.5555555555555556
12,40,0.2,0.0,4,-2.2852830738884223e-14,8.435030451892089e-14,2.373923280174495e-13,3.18927106945921e-13,0.5555555555555556
12,40,0.2,0.0,5,-2.2852830738884223e-14,8.435030451892089e-14,2.373923280174495e-13,3.18927106945921e-13,0.5555555555555556
12,40,0.2,0.0,6,-2.2852830738884223e-14,8.435030451892089e-14,2.373923280174495e-13,3.18927106945921e-13,0.5555555555555556
12,40,0.3,0.0,1,3.822719918389339e-14,-8.713030297258227e-15,-2.159694645342825e-13,-2.9572788662335373e-13,0.5555555555555556
12,40,0.3,0.0,2,3.822719918389339e-14,-8.713030297258227e-15,-2.159694645342825e-13,-2.9572788662335373e-13,0.5555555555555556
12,40,0.3,0.0,3,3.822719918389339e-14,-8.713030297258227e-15,-2.159694645342825e-13,-2.9572788662335373e-13,0.5555555555555556
12,40,0.3,0.0,4,3.822719918389339e-14,-8.713030297258227e-15,-2.159694645342825e-13,-2.9572788662335373e-13,0.5555555555555556
12,40,0.3,0.0,5,3.822719918389339e-14,-8.713030297258227e-15,-2.159694645342825e-13,-2.9572788662335373e-13,0.5555555555555556
12,40,0.3,0.0,6,3.822719918389339e-14,-8.713030297258227e-15,-2.159694645342825e-13,-2.9572788662335373e-13,0.5555555555555556
12,40,0.4,0.0,1,-2.0827783941967936e-14,2.8244073746463983e-14,3.75592890122789e-13,7.57545137730631e-13,0.5555555555555556
12,40,0.4,0.0,2,-2.0827783941967936e-14,2.8244073746463983e-14,3.75592890122789e-13,7.57545137730631e-13,0.5555555555555556
12,40,0.4,0.0,3,-2.0827783941967936e-14,2.8244073746463983e-14,3.75592890122789e-13,7.57545137730631e-13,0.5555555555555556
12,40,0.4,0.0,4,-2.0827783941967936e-14,2.8244073746463983e-14,3.75592890122789e-13,7.57545137730631e-13,0.5555555555555556
12,40,0.4,0.0,5,-2.0827783941967936e-14,2.8244073746463983e-14,3.75592890122789e-13,7.57545137730631e-13,0.5555555555555556
12,40,0.4,0.0,6,-2.0827783941967936e-14,2.8244073746463983e-14,3.75592890122789e-13,7.57545137730631e-13,0.5555555555555556
12,48,0.0,0.0,1,2.3083757128006257e-14,-4.8130388563549784e-14,-3.678124471662159e-13,-7.972289495228326e-14,0.6666666666666666
12,48,0.0,0.0,2,2.3083757128006257e-14,-4.8130388563549784e-14,-3.678124471662159e-13,-7.972289495228326e-14,0.6666666666666666
12,48,0.0,0.0,3,2.3083757128006257e-14,-4.8130388563549784e-14,-3.678124471662159e-13,-7.972289495228326e-14,0.6666666666666666
12,48,0.0,0.0,4,2.3083757128006257e-14,-4.8130388563549784e-14,-3.678124471662159e-13,-7.972289495228326e-14,0.6666666666666666
12,48,0.0,0.0,5,2.3083757128006257e-14,-4.8130388563549784e-14,-3.678124471662159e-13,-7.972289495228326e-14,0.6666666666666666
12,48,0.0,0.0,6,2.3083757128006257e-14,-4.8130388563549784e-14,-3.678124471662159e-13,-7.972289495228326e-14,0.6666666666666666
12,48,0.1,0.0,1,3.2747138334343615e-14,-4.4835246626462325e-14,3.9364067561109563e-14,-1.9340973267389934e-13,0.6666666666666666
12,48,0.1,0.0,2,3.2747138334343615e-14,-4.4835246626462325e-14,3.9364067561109563e-14,-1.9340973267389934e-13,0.6666666666666666
12,48,0.1,0.0,3,3.2747138334343615e-14,-4.4835246626462325e-14,3.9364067561109563e-14,-1.9340973267389934e-13,0.6666666666666666
12,48,0.1,0.0,4,3.2747138334343615e-14,-4.4835246626462325e-14,3.9364067561109563e-14,-1.9340973267389934e-13,0.6666666666666666
12,48,0.1,0.0,5,3.2747138334343615e-14,-4.4835246626462325e-14,3.9364067561109563e-14,-1.9340973267389934e-13,0.6666666666666666
12,48,0.1,0.0,6,3.2747138334343615e-14,-4.4835246626462325e-14,3.9364067561109563e-14,-1.9340973267389934e-13,0.6666666666666666
12,48,0.2,0.0,1,7.439382443408251e-14,5.533351554731781e-15,-7.538858426414664e-14,-3.2869706956262243e-13,0.6666666666666666
12,48,0.2,0.0,2,7.439382443408251e-14,5.533351554731781e-15,-7.538858426414664e-14,-3.2869706956262243e-13,0.6666666666666666
12,48,0.2,0.0,3,7.439382443408251e-14,5.533351554731781e-15,-7.538858426414664e-14,-3.2869706956262243e-13,0.6666666666666666
12,48,0.2,0.0,4,7.439382443408251e-14,5.533351554731781e-15,-7.538858426414664e-14,-3.2869706956262243e-13,0.6666666666666666
12,48,0.2,0.0,5,7.439382443408251e-14,5.533351554731781e-15,-7.538858426414664e-14,-3.2869706956262243e-13,0.6666666666666666
12,48,0.2,0.0,6,7.439382443408251e-14,5.533351554731781e-15,-7.538858426414664e-14,-3.2869706956262243e-13,0.6666666666666666
12,48,0.3,0.0,1,2.6112445539183685e-15,1.403765992336048e-14,1.6974865957308796e-13,-1.9539925233402804e-15,0.6666666666666666
12,48,0.3,0.0,2,2.6112445539183685e-15,1.403765992336048e-14,1.6974865957308796e-13,-1.9539925233402804e-15,0.6666666666666666
12,48,0.3,0.0,3,2.6112445539183685e-15,1.403765992336048e-14,1.6974865957308796e-13,-1.9539925233402804e-15,0.6666666666666666
12,48,0.3,0.0,4,2.6112445539183685e-15,1.403765992336048e-14,1.6974865957308796e-13,-1.9539925233402804e-15,0.6666666666666666
12,48,0.3,0.0,5,2.6112445539183685e-15,1.403765992336048e-14,1.6974865957308796e-13,-1.9539925233402804e-15,0.6666666666666666
12,48,0.3,0.0,6,2.6112445539183685e-15,1.403765992336048e-14,1.6974865957308796e-13,-1.9539925233402804e-15,0.6666666666666666
12,48,0.4,0.0,1,-8.944844864799963e-14,2.62456723021387e-14,9.627854069549359e-14,9.524825372864145e-14,0.6666666666666666
12,48,0.4,0.0,2,-8.944844864799963e-14,2.62456723021387e-14,9.627854069549359e-14,9.524825372864145e-14,0.6666666666666666
12,48,0.4,0.0,3,-8.944844864799963e-14,2.62456723021387e-14,9.627854069549359e-14,9.524825372864145e-14,0.6666666666666666
12,48,0.4,0.0,4,-8.944844864799963e-14,2.62456723021387e-14,9.627854069549359e-14,9.524825372864145e-14,0.6666666666666666
12,48,0.4,0.0,5,-8.944844864799963e-14,2.62456723021387e-14,9.627854069549359e-14,9.524825372864145e-14,0.6666666666666666
12,48,0.4,0.0,6,-8.944844864799963e-14,2.62456723021387e-14,9.627854069549359e-14,9.524825372864145e-14,0.6666666666666666
12,56,0.0,0.0,1,-2.3483437416871312e-14,5.829114968491924e-14,6.046718681318455e-14,4.5261572267918395e-14,0.7777777777777778
12,56,0.0,0.0,2,-2.3483437416871312e-14,5.829114968491924e-14,6.046718681318455e-14,4.5261572267918395e-14,0.7777777777777778
12,56,0.0,0.0,3,-2.3483437416871312e-14,5.829114968491924e-14,6.046718681318455e-14,4.5261572267918395e-14,0.7777777777777778
12,56,0.0,0.0,4,-2.3483437416871312e-14,5.829114968491924e-14,6.046718681318455e-14,4.5261572267918395e-14,0.7777777777777778
12,56,0.0,0.0,5,-2.3483437416871312e-14,5.829114968491924e-14,6.046718681318455e-14,4.5261572267918395e-14,0.7777777777777778
12,56,0.0,0.0,6,-2.3483437416871312e-14,5.829114968491924e-14,6.046718681318455e-14,4.5261572267918395e-14,0.7777777777777778
12,56,0.1,0.0,1,5.6816773508217016e-14,-4.89874807385604e-14,2.519939812373196e-13,1.537969751552737e-13,0.7777777777777778
12,56,0.1,0.0,2,5.6816773508217016e-14,-4.89874807385604e-14,2.519939812373196e-13,1.537969751552737e-13,0.7777777777777778
12,56,0.1,0.0,3,5.6816773508217016e-14,-4.89874807385604e-14,2.519939812373196e-13,1.537969751552737e-13,0.7777777777777778
12,56,0.1,0.0,4,5.6816773508217016e-14,-4.89874807385604e-14,2.519939812373196e-13,1.537969751552737e-13,0.7777777777777778
12,56,0.1,0.0,5,5.6816773508217016e-14,-4.89874807385604e-14,2.519939812373196e-13,1.537969751552737e-13,0.7777777777777778
12,56,0.1,0.0,6,5.6816773508217016e-14,-4.89874807385604e-14,2.519939812373196e-13,1.537969751552737e-13,0.7777777777777778
12,56,0.2,0.0,1,3.2542857297812595e-14,2.3989699116100384e-14,6.430411758628907e-15,-9.013234603116872e-14,0.7777777777777778
12,56,0.2,0.0,2,3.2542857297812595e-14,2.3989699116100384e-14,6.430411758628907e-15,-9.013234603116872e-14,0.7777777777777778
12,56,0.2,0.0,3,3.2542857297812595e-14,2.3989699116100384e-14,6.430411758628907e-15,-9.013234603116872e-14,0.7777777777777778
12,56,0.2,0.0,4,3.2542857297812595e-14,2.3989699116100384e-14,6.430411758628907e-15,-9.013234603116872e-14,0.7777777777777778
12,56,0.2,0.0,5,3.2542857297812595e-14,2.3989699116100384e-14,6.430411758628907e-15,-9.013234603116872e-14,0.7777777777777778
12,56,0.2,0.0,6,3.2542857297812595e-14,2.3989699116100384e-14,6.430411758628907e-15,-9.013234603116872e-14,0.7777777777777778
12,56,0.3,0.0,1,5.500488953202876e-14,1.9438894938161863e-14,-3.9069192325769113e-13,-5.38591393706156e-14,0.7777777777777778
12,56,0.3,0.0,2,5.500488953202876e-14,1.9438894938161863e-14,-3.9069192325769113e-13,-5.38591393706156e-14,0.7777777777777778
12,56,0.3,0.0,3,5.500488953202876e-14,1.9438894938161863e-14,-3.9069192325769113e-13,-5.38591393706156e-14,0.7777777777777778
12,56,0.3,0.0,4,5.500488953202876e-14,1.9438894938161863e-14,-3.9069192325769113e-13,-5.38591393706156e-14,0.7777777777777778
12,56,0.3,0.0,5,5.500488953202876e-14,1.9438894938161863e-14,-3.9069192325769113e-13,-5.38591393706156e-14,0.7777777777777778
12,56,0.3,0.0,6,5.500488953202876e-14,1.9438894938161863e-14,-3.9069192325769113e-13,-5.38591393706156e-14,0.7777777777777778
12,56,0.4,0.0,1,1.687538997430239e-16,2.6365576388798223e-14,-1.3184120462028661e-13,1.950439809661475e-14,0.7777777777777778
12,56,0.4,0.0,2,1.687538997430239e-16,2.6365576388798223e-14,-1.3184120462028661e-13,1.950439809661475e-14,0.7777777777777778
12,56,0.4,0.0,3,1.687538997430239e-16,2.6365576388798223e-14,-1.3184120462028661e-13,1.950439809661475e-14,0.7777777777777778
12,56,0.4,0.0,4,1.687538997430239e-16,2.6365576388798223e-14,-1.3184120462028661e-13,1.950439809661475e-14,0.7777777777777778
12,56,0.4,0.0,5,1.687538997430239e-16,2.6365576388798223e-14,-1.3184120462028661e-13,1.950439809661475e-14,0.7777777777777778
12,56,0.4,0.0,6,1.687538997430239e-16,2.6365576388798223e-14,-1.3184120462028661e-13,1.950439809661475e-14,0.7777777777777778
12,64,0.0,0.0,1,1.3313794511304876e-14,3.988920305175725e-14,-1.4825474181634492e-13,-4.2099657093785935e-14,0.8888888888888888
12,64,0.0,0.0,2,1.3313794511304876e-14,3.988920305175725e-14,-1.4825474181634492e-13,-4.2099657093785935e-14,0.8888888888888888
12,64,0.0,0.0,3,1.3313794511304876e-14,3.988920305175725e-14,-1.4825474181634492e-13,-4.2099657093785935e-14,0.8888888888888888
12,64,0.0,0.0,4,1.3313794511304876e-14,3.988920305175725e-14,-1.4825474181634492e-13,-4.2099657093785935e-14,0.8888888888888888
12,64,0.0,0.0,5,1.3313794511304876e-14,3.988920305175725e-14,-1.4825474181634492e-13,-4.2099657093785935e-14,0.8888888888888888
12,64,0.0,0.0,6,1.3313794511304876e-14,3.988920305175725e-14,-1.4825474181634492e-13,-4.2099657093785935e-14,0.8888888888888888
12,64,0.1,0.0,1,2.2915003228263228e-15,4.1180392429396314e-14,2.05595540592185e-13,-1.537969751552737e-13,0.8888888888888888
12,64,0.1,0.0,2,2.2915003228263228e-15,4.1180392429396314e-14,2.05595540592185e-13,-1.537969751552737e-13,0.8888888888888888
12,64,0.1,0.0,3,2.2915003228263228e-15,4.1180392429396314e-14,2.05595540592185e-13,-1.537969751552737e-13,0.8888888888888888
12,64,0.1,0.0,4,2.2915003228263228e-15,4.1180392429396314e-14,2.05595540592185e-13,-1.537969751552737e-13,0.8888888888888888
12,64,0.1,0.0,5,2.2915003228263228e-15,4.1180392429396314e-14,2.05595540592185e-13,-1.537969751552737e-13,0.8888888888888888
12,64,0.1,0.0,6,2.2915003228263228e-15,4.1180392429396314e-14,2.05595540592185e-13,-1.537969751552737e-13,0.8888888888888888
12,64,0.2,0.0,1,1.6067147612375272e-14,-3.4312552799065095e-14,5.24060794759862e-13,4.106937012693379e-14,0.8888888888888888
12,64,0.2,0.0,2,1.6067147612375272e-14,-3.4312552799065095e-14,5.24060794759862e-13,4.106937012693379e-14,0.8888888888888888
12,64,0.2,0.0,3,1.6067147612375272e-14,-3.4312552799065095e-14,5.24060794759862e-13,4.106937012693379e-14,0.8888888888888888
12,64,0.2,0.0,4,1.6067147612375272e-14,-3.4312552799065095e-14,5.24060794759862e-13,4.106937012693379e-14,0.8888888888888888
12,64,0.2,0.0,5,1.6067147612375272e-14,-3.4312552799065095e-14,5.24060794759862e-13,4.106937012693379e-14,0.8888888888888888
12,64,0.2,0.0,6,1.6067147612375272e-14,-3.4312552799065095e-14,5.24060794759862e-13,4.106937012693379e-14,0.8888888888888888
12,64,0.3,0.0,1,1.1279865930191591e-14,-1.4650503032953563e-14,-5.247358103588341e-14,-2.6503244043851743e-14,0.8888888888888888
12,64,0.3,0.0,2,1.1279865930191591e-14,-1.4650503032953563e-14,-5.247358103588341e-14,-2.6503244043851743e-14,0.8888888888888888
12,64,0.3,0.0,3,1.1279865930191591e-14,-1.4650503032953563e-14,-5.247358103588341e-14,-2.6503244043851743e-14,0.8888888888888888
12,64,0.3,0.0,4,1.1279865930191591e-14,-1.4650503032953563e-14,-5.247358103588341e-14,-2.6503244043851743e-14,0.8888888888888888
12,64,0.3,0.0,5,1.1279865930191591e-14,-1.4650503032953563e-14,-5.247358103588341e-14,-2.6503244043851743e-14,0.8888888888888888
12,64,0.3,0.0,6,1.1279865930191591e-14,-1.4650503032953563e-14,-5.247358103588341e-14,-2.6503244043851743e-14,0.8888888888888888
12,64,0.4,0.0,1,3.5216274341109964e-14,-4.601097280954036e-14,2.6254554086335694e-14,-2.2000179455972105e-14,0.8888888888888888
12,64,0.4,0.0,2,3.5216274341109964e-14,-4.601097280954036e-14,2.6254554086335694e-14,-2.2000179455972105e-14,0.8888888888888888
12,64,0.4,0.0,3,3.5216274341109964e-14,-4.601097280954036e-14,2.6254554086335694e-14,-2.2000179455972105e-14,0.8888888888888888
12,64,0.4,0.0,4,3.5216274341109964e-14,-4.601097280954036e-14,2.6254554086335694e-14,-2.2000179455972105e-14,0.8888888888888888
12,64,0.4,0.0,5,3.5216274341109964e-14,-4.601097280954036e-14,2.6254554086335694e-14,-2.2000179455972105e-14,0.8888888888888888
12,64,0.4,0.0,6,3.5216274341109964e-14,-4.601097280954036e-14,2.6254554086335694e-14,-2.2000179455972105e-14,0.8888888888888888
12,72,0.0,0.0,1,-2.4540369736314462e-14,1.9643175974692895e-14,-1.4280132631938616e-13,-8.764544645600835e-14,1.0
12,72,0.0,0.0,2,-2.4540369736314462e-14,1.9643175974692895e-14,-1.4280132631938616e-13,-8.764544645600835e-14,1.0
12,72,0.0,0.0,3,-2.4540369736314462e-14,1.9643175974692895e-14,-1.4280132631938616e-13,-8.764544645600835e-14,1.0
12,72,0.0,0.0,4,-2.4540369736314462e-14,1.9643175974692895e-14,-1.4280132631938616e-13,-8.764544645600835e-14,1.0
12,72,0.0,0.0,5,-2.4540369736314462e-14,1.9643175974692895e-14,-1.4280132631938616e-13,-8.764544645600835e-14,1.0
12,72,0.0,0.0,6,-2.4540369736314462e-14,1.9643175974692895e-14,-1.4280132631938616e-13,-8.764544645600835e-14,1.0
12,72,0.1,0.0,1,-7.438494264988549e-15,-3.346878330034997e-14,-1.0313527809557857e-13,1.021938089706964e-13,1.0
12,72,0.1,0.0,2,-7.438494264988549e-15,-3.346878330034997e-14,-1.0313527809557857e-13,1.021938089706964e-13,1.0
12,72,0.1,0.0,3,-7.438494264988549e-15,-3.346878330034997e-14,-1.0313527809557857e-13,1.021938089706964e-13,1.0
12,72,0.1,0.0,4,-7.438494264988549e-15,-3.346878330034997e-14,-1.0313527809557857e-13,1.021938089706964e-13,1.0
12,72,0.1,0.0,5,-7.438494264988549e-15,-3.346878330034997e-14,-1.0313527809557857e-13,1.021938089706964e-13,1.0
12,72,0.1,0.0,6,-7.438494264988549e-15,-3.346878330034997e-14,-1.0313527809557857e-13,1.021938089706964e-13,1.0
12,72,0.2,0.0,1,-1.1017853296380051e-14,-4.0374370513518446e-14,-7.322142892007832e-14,7.425171588693046e-14,1.0
12,72,0.2,0.0,2,-1.1017853296380051e-14,-4.0374370513518446e-14,-7.322142892007832e-14,7.425171588693046e-14,1.0
12,72,0.2,0.0,3,-1.1017853296380051e-14,-4.0374370513518446e-14,-7.322142892007832e-14,7.425171588693046e-14,1.0
12,72,0.2,0.0,4,-1.1017853296380051e-14,-4.0374370513518446e-14,-7.322142892007832e-14,7.425171588693046e-14,1.0
12,72,0.2,0.0,5,-1.1017853296380051e-14,-4.0374370513518446e-14,-7.322142892007832e-14,7.425171588693046e-14,1.0
12,72,0.2,0.0,6,-1.1017853296380051e-14,-4.0374370513518446e-14,-7.322142892007832e-14,7.425171588693046e-14,1.0
12,72,0.3,0.0,1,-3.377298440909726e-14,-1.8936519019518982e-14,2.1707080577471065e-14,-2.720490499541484e-14,1.0
12,72,0.3,0.0,2,-3.377298440909726e-14,-1.8936519019518982e-14,2.1707080577471065e-14,-2.720490499541484e-14,1.0
12,72,0.3,0.0,3,-3.377298440909726e-14,-1.8936519019518982e-14,2.1707080577471065e-14,-2.720490499541484e-14,1.0
12,72,0.3,0.0,4,-3.377298440909726e-14,-1.8936519019518982e-14,2.1707080577471065e-14,-2.720490499541484e-14,1.0
12,72,0.3,0.0,5,-3.377298440909726e-14,-1.8936519019518982e-14,2.1707080577471065e-14,-2.720490499541484e-14,1.0
12,72,0.3,0.0,6,-3.377298440909726e-14,-1.8936519019518982e-14,2.1707080577471065e-14,-2.720490499541484e-14,1.0
12,72,0.4,0.0,1,-4.7153392301879645e-14,1.0885736756449662e-15,1.6285639503621497e-13,-7.240430477395423e-14,1.0
12,72,0.4,0.0,2,-4.7153392301879645e-14,1.0885736756449662e-15,1.6285639503621497e-13,-7.240430477395423e-14,1.0
12,72,0.4,0.0,3,-4.7153392301879645e-14,1.0885736756449662e-15,1.6285639503621497e-13,-7.240430477395423e-14,1.0
12,72,0.4,0.0,4,-4.7153392301879645e-14,1.0885736756449662e-15,1.6285639503621497e-13,-7.240430477395423e-14,1.0
12,72,0.4,0.0,5,-4.7153392301879645e-14,1.0885736756449662e-15,1.6285639503621497e-13,-7.240430477395423e-14,1.0
12,72,0.4,0.0,6,-4.7153392301879645e-14,1.0885736756449662e-15,1.6285639503621497e-13,-7.240430477395423e-14,1.0
12,36,0.0,2.0,1,-38.02026974160396,-18.6488111351434,2.8088519397235316,3.4420313952756016,0.5
12,36,0.0,2.0,2,-38.110085441931155,-18.474154857471685,0.2892702224831586,2.470679198663096,0.5
12,36,0.0,2.0,3,-38.16112167428271,-19.066921581023575,2.2155504999679243,3.0608303719486254,0.5
12,36,0.0,2.0,4,-37.97402013826208,-18.41870886199761,0.817979941450955,3.078130458615522,0.5
12,36,0.0,2.0,5,-38.00270040542195,-18.50032029022314,2.2260094819423166,2.42654481957248,0.5
12,36,0.0,2.0,6,-38.05366931988614,-18.27490418584194,3.201034389353726,1.1334623227405705,0.5
12,36,0.1,2.0,1,-38.67303489023467,-18.721917091009225,2.7199773740521236,1.0727549485120769,0.5
12,36,0.1,2.0,2,-38.586659272824605,-18.37927079073159,1.260069120611218,1.505224045354907,0.5
12,36,0.1,2.0,3,-38.717775332007264,-19.09336589424758,2.4507489772739017,-0.0821537660038297,0.5
12,36,0.1,2.0,4,-38.45805688854284,-18.24507656703966,2.27369069506123,1.6514887190853518,0.5
12,36,0.1,2.0,5,-38.69772356709367,-19.1382229637826,1.4277640476349682,0.7782180633747473,0.5
12,36,0.1,2.0,6,-38.61726201173446,-18.768289238399557,1.7581748999135631,0.32259447559186,0.5
12,36,0.2,2.0,1,-40.32253668540664,-17.95972146621208,2.5463827878675764,-4.877225506588404,0.5
12,36,0.2,2.0,2,-40.52275945938339,-18.754659725686174,2.6136319985575303,-5.146964670926354,0.5
12,36,0.2,2.0,3,-40.5144423514574,-18.61444733056755,3.379017187849719,-4.5809190688128725,0.5
12,36,0.2,2.0,4,-40.28207457265582,-18.041350850586475,1.488179418787879,-3.590591936574924,0.5
12,36,0.2,2.0,5,-40.4407357106676,-18.67152131042927,2.943524709547628,-4.89289590216241,0.5
12,36,0.2,2.0,6,-40.34909431184802,-18.08626050060339,3.1676584610484695,-4.578931514305985,0.5
12,36,0.3,2.0,1,-43.702210474122275,-18.762764695151553,2.620884700196915,-14.14124356325857,0.5
12,36,0.3,2.0,2,-43.69474434514846,-18.48227110658952,0.7382983084483401,-15.2584743583183,0.5
12,36,0.3,2.0,3,-43.657582681380106,-18.485409088992547,1.051005472591111,-14.313438546484765,0.5
12,36,0.3,2.0,4,-43.63214217172094,-18.44689305236082,1.979244096081891,-15.009179286812897,0.5
12,36,0.3,2.0,5,-43.69724180158191,-18.694658305164552,2.010108866470719,-15.495239412967692,0.5
12,36,0.3,2.0,6,-43.56270700529802,-18.155398429046897,1.650523558674119,-14.62516336686071,0.5
12,36,0.4,2.0,1,-48.948980002927726,-19.56873596286025,1.320933832859542,-33.62499888494053,0.5
12,36,0.4,2.0,2,-48.9480992381981,-19.730367315122685,-0.0050480381559918,-37.92958485992726,0.5
12,36,0.4,2.0,3,-48.97889901724909,-19.379657003924713,2.9715328536937617,-34.11667932482555,0.5
12,36,0.4,2.0,4,-48.9735596761528,-19.8267580249902,1.5781330936354117,-34.14532376620267,0.5
12,36,0.4,2.0,5,-49.13283165761069,-19.529731913396997,2.2514261180534403,-33.61735805060523,0.5
12,36,0.4,2.0,6,-48.75183742209539,-18.905875159493707,0.4842249455630467,-32.58164831282568,0.5
12,40,0.0,2.0,1,-31.287065865216324,-8.282684576685881,5.284843112600406,1.5873194838456872,0.5555555555555556
12,40,0.0,2.0,2,-31.347509738343145,-8.322789413507524,2.4325485719167546,1.5888663624556707,0.5555555555555556
12,40,0.0,2.0,3,-31.29887501361703,-8.338240030766334,4.335372543825465,1.5535582133698214,0.5555555555555556
12,40,0.0,2.0,4,-31.231161716772352,-8.163105393375258,3.052196546934423,1.8818342494834623,0.5555555555555556
12,40,0.0,2.0,5,-31.30165259469244,-8.235549566034017,3.4749354222963285,1.5578296435566854,0.5555555555555556
12,40,0.0,2.0,6,-31.29059759173042,-8.30433271043299,3.809023505998058,1.774430743936526,0.5555555555555556
12,40,0.1,2.0,1,-31.805749496949847,-8.432741114390376,2.902524702889969,-0.1970822391882886,0.5555555555555556
12,40,0.1,2.0,2,-31.73960565092039,-8.354348577231097,1.7444464411147595,-0.1314911231354319,0.5555555555555556
12,40,0.1,2.0,3,-31.801355827026576,-8.41807597676356,3.0331309027099045,-0.3203908657342218,0.5555555555555556
12,40,0.1,2.0,4,-31.78548989484103,-8.394168804976971,2.605551018360335,-0.2771055511441714,0.5555555555555556
12,40,0.1,2.0,5,-31.832638235598445,-8.533293708442622,3.2495309399372245,-0.2497519592933271,0.5555555555555556
12,40,0.1,2.0,6,-31.78476198899806,-8.433175808194164,2.9599677306325836,-0.0759405678693351,0.5555555555555556
12,40,0.2,2.0,1,-33.35782452583821,-8.705464021847417,3.6250617113121097,-5.549735663043201,0.5555555555555556
12,40,0.2,2.0,2,-33.398941157488146,-8.85212563482779,2.9631714248540613,-6.083833837959699,0.5555555555555556
12,40,0.2,2.0,3,-33.463480264587226,-8.78129368760751,3.124996417061082,-5.392656943346618,0.5555555555555556
12,40,0.2,2.0,4,-33.371775944257806,-8.67855966428275,3.9623766549112247,-4.8752852652277285,0.5555555555555556
12,40,0.2,2.0,5,-33.451441753401106,-8.765359003084892,2.999607393810783,-5.1499018563743775,0.5555555555555556
12,40,0.2,2.0,6,-33.35925123765354,-8.694985511053622,3.036041092471376,-5.1567441722607565,0.5555555555555556
12,40,0.3,2.0,1,-36.41433039458618,-9.62464495230194,2.6840662537075426,-16.508522152061804,0.5555555555555556
12,40,0.3,2.0,2,-36.50237913470159,-9.66237174815473,2.365928751096432,-15.481886045513257,0.5555555555555556
12,40,0.3,2.0,3,-36.43023239001553,-9.622724618562168,3.226821531350415,-16.182182311158805,0.5555555555555556
12,40,0.3,2.0,4,-36.40277680207735,-9.645086059426486,1.986257518599735,-16.557178000988653,0.5555555555555556
12,40,0.3,2.0,5,-36.55491469206585,-9.659165653384049,3.997311090310717,-15.628167753974749,0.5555555555555556
12,40,0.3,2.0,6,-36.49676808100768,-9.619489228957496,2.7060438882616777,-16.039350648494928,0.5555555555555556
12,40,0.4,2.0,1,-41.0208368214558,-11.954484525048864,2.304061726068812,-27.45830168238631,0.5555555555555556
12,40,0.4,2.0,2,-40.954624573603134,-11.96468016900835,2.031423156126076,-29.282368248190387,0.5555555555555556
12,40,0.4,2.0,3,-40.95235866830235,-11.82434630531668,1.492904943939028,-29.701687666057637,0.5555555555555556
12,40,0.4,2.0,4,-40.9319134429153,-11.892148564453816,0.5209838054515668,-29.19761121408509,0.5555555555555556
12,40,0.4,2.0,5,-40.95827350307062,-12.07166773481466,1.8054578310864833,-28.747921052330913,0.5555555555555556
12,40,0.4,2.0,6,-41.03731479720521,-11.89668434257311,1.436308610750448,-29.812643615494583,0.5555555555555556
12,48,0.0,2.0,1,-22.4119037554151,-3.823803539526267,3.891836944125231,0.011763210711145,0.6666666666666666
12,48,0.0,2.0,2,-22.48099191159071,-3.766874409525528,4.816963114974196,0.0389129949512692,0.6666666666666666
12,48,0.0,2.0,3,-22.343515203608018,-3.754148470933738,3.5891496876396176,0.3366372549029871,0.6666666666666666
12,48,0.0,2.0,4,-22.383105130091575,-3.806456270917676,3.406358680561098,0.2327067000864377,0.6666666666666666
12,48,0.0,2.0,5,-22.43595235416812,-3.788578793611778,3.757203622077114,-0.4180591205667079,0.6666666666666666
12,48,0.0,2.0,6,-22.47353449846222,-3.7457013511605,3.5775401948472023,0.5856346283691128,0.6666666666666666
12,48,0.1,2.0,1,-22.78303091356829,-3.8010867747056736,5.814359435555181,-1.39148664481603,0.6666666666666666
12,48,0.1,2.0,2,-22.937596558629537,-3.895082049455836,2.952230263307606,-1.2882399972143712,0.6666666666666666
12,48,0.1,2.0,3,-22.82647994513772,-3.944213171628701,4.543219021796402,-1.411467853373613,0.6666666666666666
12,48,0.1,2.0,4,-22.81228969126716,-3.854559776529966,5.173184929901932,-0.849464065920974,0.6666666666666666
12,48,0.1,2.0,5,-22.832077066530665,-3.8348646133491817,4.375276502119469,-0.8908206940678804,0.6666666666666666
12,48,0.1,2.0,6,-22.791656772713676,-3.9101536683903975,5.399826647757722,-1.187847430007664,0.6666666666666666
12,48,0.2,2.0,1,-24.079854628384417,-3.25717075145658,4.294824126041017,-7.891926725069615,0.6666666666666666
12,48,0.2,2.0,2,-24.03157510058159,-3.2144771444979185,2.7787528561149735,-6.937908210906301,0.6666666666666666
12,48,0.2,2.0,3,-24.00730307820387,-3.182502291771068,6.53037338156044,-7.315340324097525,0.6666666666666666
12,48,0.2,2.0,4,-24.04536678864603,-3.186994549677434,4.634152844817878,-7.652454827186891,0.6666666666666666
12,48,0.2,2.0,5,-23.995160322335884,-3.1282218662682784,7.290423614177835,-8.203639579586646,0.6666666666666666
12,48,0.2,2.0,6,-24.004505969642487,-3.246328820771103,3.9023983879381703,-6.5884312943857735,0.6666666666666666
12,48,0.3,2.0,1,-26.02661667125871,-3.2137647867867742,3.643824123947428,-17.036400261339605,0.6666666666666666
12,48,0.3,2.0,2,-25.9479883132258,-3.229000622235117,5.220950690999118,-18.21837492399189,0.6666666666666666
12,48,0.3,2.0,3,-25.96452153760459,-3.177629143737893,5.100012043599349,-18.991173077928643,0.6666666666666666
12,48,0.3,2.0,4,-26.039373069734975,-3.1189518856739817,4.527763317271043,-16.933648116817757,0.6666666666666666
12,48,0.3,2.0,5,-26.061875060262206,-3.2657699111779293,6.580823746077471,-19.065194846314604,0.6666666666666666
12,48,0.3,2.0,6,-25.91553412275453,-3.118757253326977,3.86954907526914,-17.140515601678835,0.6666666666666666
12,48,0.4,2.0,1,-28.240606415763715,-4.414911978742877,2.486113170688334,-25.45722991551912,0.6666666666666666
12,48,0.4,2.0,2,-28.257317554496517,-4.397577309547529,1.4214695827307025,-26.499495409022323,0.6666666666666666
12,48,0.4,2.0,3,-28.355381012158222,-4.559626061325053,2.117998723793437,-28.069074754184747,0.6666666666666666
12,48,0.4,2.0,4,-28.31518060816786,-4.514354913995204,2.6513194794194432,-24.58807424086145,0.6666666666666666
12,48,0.4,2.0,5,-28.233332757685595,-4.562487597120009,0.3353163092699113,-27.29143240313251,0.6666666666666666
12,48,0.4,2.0,6,-28.40315747984864,-4.534162454210433,2.2038677012119536,-27.007315643385567,0.6666666666666666
12,56,0.0,2.0,1,-15.703522158165274,-0.4332886298738476,4.8855282285082735,-1.266429622243176,0.7777777777777778
12,56,0.0,2.0,2,-15.755974189312749,-0.4693505459172577,4.308737755082167,-0.961278374218952,0.7777777777777778
12,56,0.0,2.0,3,-15.725785768491358,-0.3982179570993355,4.954055360704925,-0.5721115860029725,0.7777777777777778
12,56,0.0,2.0,4,-15.705992287756406,-0.356500749520254,5.019001840983134,-0.1458679850338383,0.7777777777777778
12,56,0.0,2.0,5,-15.702516217021572,-0.3884096678617493,4.8267092103244025,0.2519079913075498,0.7777777777777778
12,56,0.0,2.0,6,-15.685928196973824,-0.3758441549326827,5.010135547251134,-1.2206442846166217,0.7777777777777778
12,56,0.1,2.0,1,-15.987281573225228,-0.4676502545130819,4.709871723379132,-1.9035447000906125,0.7777777777777778
12,56,0.1,2.0,2,-16.05083526385516,-0.5935254666913803,4.181967705029057,-2.695405182378908,0.7777777777777778
12,56,0.1,2.0,3,-16.033223030536597,-0.434559435180345,5.133279345926013,-3.1720471040382296,0.7777777777777778
12,56,0.1,2.0,4,-15.992028235268418,-0.4730809543222399,5.0708160848027815,-2.6274160937856683,0.7777777777777778
12,56,0.1,2.0,5,-16.007449950076186,-0.4612601195855017,4.453122557574444,-2.3911160409879506,0.7777777777777778
12,56,0.1,2.0,6,-15.989019931774596,-0.490512919699689,4.946399946572763,-2.4851764686706233,0.7777777777777778
12,56,0.2,2.0,1,-16.9310485325836,0.2317389712990343,4.97943370972229,-4.686535677986413,0.7777777777777778
12,56,0.2,2.0,2,-16.904841579918056,0.263481243835023,5.24776255566585,-7.506626512076098,0.7777777777777778
12,56,0.2,2.0,3,-16.930456851864875,0.2353205343525633,4.103435191992936,-7.534587379216736,0.7777777777777778
12,56,0.2,2.0,4,-16.91347292005304,0.21432441294128,5.767549864193311,-6.706051470333994,0.7777777777777778
12,56,0.2,2.0,5,-16.937032898941162,0.3002477267476012,4.0330923127393215,-6.899003971805135,0.7777777777777778
12,56,0.2,2.0,6,-16.92525007455677,0.3427419698084457,6.577583698857481,-6.6734095500710255,0.7777777777777778
12,56,0.3,2.0,1,-17.852907202564005,1.8327953318602404,3.562164634575031,-15.32402135639116,0.7777777777777778
12,56,0.3,2.0,2,-17.89092290714847,1.8934450786271264,3.743899795016202,-14.479005878289296,0.7777777777777778
12,56,0.3,2.0,3,-17.863345119228672,1.858671835789184,1.4020521493956282,-13.43139821226046,0.7777777777777778
12,56,0.3,2.0,4,-17.824273037343534,1.8859966252647304,4.638699150860854,-15.09865551459095,0.7777777777777778
12,56,0.3,2.0,5,-17.889508973686112,1.8855419028577864,1.829939294969824,-14.61500443408109,0.7777777777777778
12,56,0.3,2.0,6,-17.84567783085149,1.8321210241118815,5.326673931049693,-14.708133816643825,0.7777777777777778
12,56,0.4,2.0,1,-18.9533807268867,0.7866107169872212,2.685137051236808,-20.606948544349056,0.7777777777777778
12,56,0.4,2.0,2,-19.038382354684764,0.7750844073795111,3.322938647733186,-20.45787275104961,0.7777777777777778
12,56,0.4,2.0,3,-18.904212558893732,0.783693363607214,3.699021527310505,-19.611654202530836,0.7777777777777778
12,56,0.4,2.0,4,-18.956016474529054,0.769210401280799,3.115111366091454,-19.93807476914003,0.7777777777777778
12,56,0.4,2.0,5,-18.67011251032209,0.9485736869477112,2.3573901915524527,-20.071758308929287,0.7777777777777778
12,56,0.4,2.0,6,-18.98608889589614,0.7799677144103188,1.2190746760838784,-20.84213048488072,0.7777777777777778
12,64,0.0,2.0,1,-11.126751246945403,3.635504772892188,5.31772666036203,-0.7457371568979368,0.8888888888888888
12,64,0.0,2.0,2,-11.131229523864832,3.597542338055342,5.094922032994617,-0.8806998176847805,0.8888888888888888
12,64,0.0,2.0,3,-11.098519480134849,3.634264415465047,5.783517652449061,-0.8782647806282544,0.8888888888888888
12,64,0.0,2.0,4,-11.145931229569133,3.643022497352789,5.749946259677989,-0.2007799094334277,0.8888888888888888
12,64,0.0,2.0,5,-11.159200847064508,3.613927575486264,6.685184309887964,-1.3397570980983082,0.8888888888888888
12,64,0.0,2.0,6,-11.124591731495444,3.633682129372313,6.842946402020428,-0.8849791605985903,0.8888888888888888
12,64,0.1,2.0,1,-11.125515784331627,3.506840164699807,5.18414996158945,-2.6315831072300373,0.8888888888888888
12,64,0.1,2.0,2,-11.14492578878121,3.46216837961387,5.074753252877772,-2.691588606883772,0.8888888888888888
12,64,0.1,2.0,3,-11.133787379175224,3.5030198683470437,5.870233414480435,-2.719712775029749,0.8888888888888888
12,64,0.1,2.0,4,-11.128119290077755,3.4804530036619625,5.5597896199986305,-2.8013518692281543,0.8888888888888888
12,64,0.1,2.0,5,-11.15047412677568,3.467313699241802,5.666683342073471,-2.112202721912645,0.8888888888888888
12,64,0.1,2.0,6,-11.142381505416775,3.482585956681227,4.659265225362455,-2.475392813965171,0.8888888888888888
12,64,0.2,2.0,1,-11.425338688397987,3.2309285773958067,3.3969286183330007,-7.3839430102582755,0.8888888888888888
12,64,0.2,2.0,2,-11.413421445848972,3.2205015306225517,4.2701845936706615,-7.826354316545223,0.8888888888888888
12,64,0.2,2.0,3,-11.37125713507329,3.208845723572852,5.0474154078486695,-7.566912886536121,0.8888888888888888
12,64,0.2,2.0,4,-11.35611711331703,3.206924944492255,4.371680232041022,-7.551171942390013,0.8888888888888888
12,64,0.2,2.0,5,-11.420054779951844,3.2068696708224387,4.040793183978428,-7.350753441067205,0.8888888888888888
12,64,0.2,2.0,6,-11.343078215622867,3.2085701753972167,4.812437503854173,-7.651773782397816,0.8888888888888888
12,64,0.3,2.0,1,-11.931097791460315,3.008390107503147,3.8949042005413146,-12.877097317416808,0.8888888888888888
12,64,0.3,2.0,2,-11.97055682264524,3.005727371492016,3.630130889950128,-12.24988816652132,0.8888888888888888
12,64,0.3,2.0,3,-11.952406580030598,3.0099794138213816,3.918410775133278,-13.110007898281973,0.8888888888888888
12,64,0.3,2.0,4,-11.958301700029027,2.9813184019102463,3.0385196303337727,-11.56329232465983,0.8888888888888888
12,64,0.3,2.0,5,-11.93836444181187,2.98713181913797,4.117296809514217,-11.89767513927258,0.8888888888888888
12,64,0.3,2.0,6,-11.912443217426738,2.9836089941535615,3.959006435737092,-11.909860409247385,0.8888888888888888
12,64,0.4,2.0,1,-11.85350663254988,2.161489062935062,3.1728947615284424,-1.2657228201785409,0.8888888888888888
12,64,0.4,2.0,2,-11.86003052600041,2.1885206331454516,3.246675694736294,-1.182948528261562,0.8888888888888888
12,64,0.4,2.0,3,-11.8486584465138,2.1819095321025146,1.6183770361832732,-1.2236883645671868,0.8888888888888888
12,64,0.4,2.0,4,-11.851089305935911,2.1857033138439004,2.837821211975627,-1.26147709548978,0.8888888888888888
12,64,0.4,2.0,5,-11.875846233036668,2.184525742563827,3.2145760306255555,-1.1739291499586468,0.8888888888888888
12,64,0.4,2.0,6,-11.83290920967564,2.170153085168706,2.5642232800351894,-1.2888728324559064,0.8888888888888888
12,72,0.0,2.0,1,-7.477355036850939,3.3818387067385927,3.127745133792941,-0.7440162513050513,1.0
12,72,0.0,2.0,2,-7.509735030636858,3.353944581670006,3.5212529316528376,-0.7501100716387409,1.0
12,72,0.0,2.0,3,-7.47367047648446,3.3737808320742295,3.2606585269330823,-0.8122840571336901,1.0
12,72,0.0,2.0,4,-7.469940215868002,3.3841941772131072,3.6345228426874057,-0.6413550946622283,1.0
12,72,0.0,2.0,5,-7.500374300464442,3.351769954106122,4.434099354815984,-0.6620521227349382,1.0
12,72,0.0,2.0,6,-7.481139290869959,3.3766192641038044,2.7845367694417225,-0.7430406186860441,1.0
12,72,0.1,2.0,1,-7.561369514623742,3.256160567522971,2.9456824153036534,-1.2085201829678711,1.0
12,72,0.1,2.0,2,-7.583974178061887,3.2227689377512405,2.8108678533642046,-1.1947602099288233,1.0
12,72,0.1,2.0,3,-7.608019738402577,3.242632391312145,3.74296286950649,-1.3430739377548406,1.0
12,72,0.1,2.0,4,-7.56667972441533,3.248164281649905,2.598634095720986,-1.2708434575551435,1.0
12,72,0.1,2.0,5,-7.601237203410648,3.229103600336771,2.840296124331176,-1.2468154208959916,1.0
12,72,0.1,2.0,6,-7.568754079534122,3.251390743415449,3.4235764875568764,-1.2610062716457449,1.0
12,72,0.2,2.0,1,-7.571522666318435,3.034187490382405,1.428492983278403,1.9668379884954823,1.0
12,72,0.2,2.0,2,-7.583687306595633,3.0189167179149514,1.0587579066150803,1.8268953124865817,1.0
12,72,0.2,2.0,3,-7.568189927740645,3.0340817880612088,1.2478707915368854,2.0650653538728756,1.0
12,72,0.2,2.0,4,-7.548815329156381,3.042813498947434,1.360523340500026,2.0631393954695127,1.0
12,72,0.2,2.0,5,-7.572801434396524,3.0295015824343285,0.9876350046370966,2.4713228285371467,1.0
12,72,0.2,2.0,6,-7.524824603669757,3.0403003327066296,1.2916777650791302,1.894577599587223,1.0
12,72,0.3,2.0,1,-7.145453658580418,2.6708810354302583,1.34872806443258,2.8719606519301295,1.0
12,72,0.3,2.0,2,-7.201955815130518,2.658416284506862,0.8291825468330465,2.9592885054840132,1.0
12,72,0.3,2.0,3,-7.192248730359711,2.67377088429003,1.1237766148134976,2.889699265206171,1.0
12,72,0.3,2.0,4,-7.194677414851751,2.6721416116266083,1.336252473005082,3.028862291689159,1.0
12,72,0.3,2.0,5,-7.181212119927855,2.6732119140762003,1.3020145860761114,3.2087805919768515,1.0
12,72,0.3,2.0,6,-7.151414917069505,2.677719852520204,1.2368218615463298,2.8362564042628344,1.0
12,72,0.4,2.0,1,-6.648511873103845,2.346312575497268,0.7437186957700993,3.330784672746687,1.0
12,72,0.4,2.0,2,-6.674320962279488,2.3273150348690077,0.6170104779521212,3.3228046798946194,1.0
12,72,0.4,2.0,3,-6.665484063663624,2.3361814981108835,0.6921297064071823,3.295599242283508,1.0
12,72,0.4,2.0,4,-6.638993206249114,2.337495925641575,0.6879020503978376,3.3387323249358176,1.0
12,72,0.4,2.0,5,-6.651466188375527,2.3313921668759923,0.7078777690919826,3.2926203971158485,1.0
12,72,0.4,2.0,6,-6.659898438440118,2.3383130577102276,0.6198913274847886,3.3267648972202286,1.0
12,36,0.0,4.0,1,-32.929143096966726,-13.756993091341622,0.506562685853719,3.5595143307991917,0.5
12,36,0.0,4.0,2,-33.27161460141719,-13.91256900262854,-4.893194967556708,5.389310404938874,0.5
12,36,0.0,4.0,3,-33.166845248825425,-14.037942902298504,-6.572364127519178,5.310714656290576,0.5
12,36,0.0,4.0,4,-33.10925946962822,-14.091733189810885,-0.627788139146422,1.6335857696758969,0.5
12,36,0.0,4.0,5,-33.06795071183471,-14.427766287024289,-0.5680954227190282,2.128487490622816,0.5
12,36,0.0,4.0,6,-33.153473350285346,-14.190179659889685,-0.1121011084597322,2.4096788499685404,0.5
12,36,0.1,4.0,1,-33.311820620248184,-13.196530894977045,0.2340812876892979,3.971527955471205,0.5
12,36,0.1,4.0,2,-33.54203440991547,-12.919808903373852,3.4794319436911016,0.3177156707291644,0.5
12,36,0.1,4.0,3,-33.56914213610213,-14.132585469761818,1.015655024230831,2.2778909403587493,0.5
12,36,0.1,4.0,4,-33.60059916157187,-14.222730774758588,-0.7992362267366817,2.8807569568743276,0.5
12,36,0.1,4.0,5,-33.3036244288014,-13.538083236915073,-4.818637205214974,3.0234873544993404,0.5
12,36,0.1,4.0,6,-33.582965531308346,-14.283953391783442,-0.2052350934652699,1.109579934708291,0.5
12,36,0.2,4.0,1,-34.32491016932475,-14.056937997311554,-2.1596110205060817,-2.316701501356635,0.5
12,36,0.2,4.0,2,-34.603171559821135,-13.537935325025757,-0.601825785638866,-1.3912615138556803,0.5
12,36,0.2,4.0,3,-34.63300121447615,-13.482330770369282,-0.891816984016182,-0.6651260206485301,0.5
12,36,0.2,4.0,4,-34.383777468049416,-13.204418923888149,-1.021237549749888,-2.6536246525092784,0.5
12,36,0.2,4.0,5,-34.61569725829757,-13.86648607303934,2.784639339701513,-2.1586625948744804,0.5
12,36,0.2,4.0,6,-34.36882681516018,-13.75638741258744,4.874108775887796,-1.9822314772068743,0.5
12,36,0.3,4.0,1,-35.012717808142476,-13.528791308035386,-2.7170007824765934,-7.742255242802315,0.5
12,36,0.3,4.0,2,-35.855017393555535,-13.303950714600656,-1.6780378360411334,-10.992815940677662,0.5
12,36,0.3,4.0,3,-35.515216549954786,-13.009282627529746,-3.723420480251181,-8.485892728141712,0.5
12,36,0.3,4.0,4,-35.94190589451919,-13.600476518377404,-2.4982377851614532,-9.35862319192185,0.5
12,36,0.3,4.0,5,-36.14613100765191,-14.382960176655144,0.259845158867163,-10.458640297262985,0.5
12,36,0.3,4.0,6,-35.77711932560008,-13.125670277871835,-4.751836529950893,-9.800570102544787,0.5
12,36,0.4,4.0,1,-37.23553884357039,-13.988560512645796,-3.601667058214885,-23.22831503298225,0.5
12,36,0.4,4.0,2,-37.25538175552718,-13.284049576003156,-1.9360583730941456,-20.952555819344216,0.5
12,36,0.4,4.0,3,-37.66007492338112,-14.3754646926845,-5.382380628900887,-21.1196049008861,0.5
12,36,0.4,4.0,4,-37.76128657962511,-14.87378692818435,-1.211255085712294,-17.790365527664427,0.5
12,36,0.4,4.0,5,-37.60538405676262,-13.959202770186556,0.09868932951476,-24.00541357407898,0.5
12,36,0.4,4.0,6,-37.473158166540415,-13.78450671643879,0.3982954975258872,-21.22138448414544,0.5
12,40,0.0,4.0,1,-25.967835698933744,-7.214618854637878,3.0777070228486263,2.790302181159091,0.5555555555555556
12,40,0.0,4.0,2,-26.062362771872262,-7.0728995824278895,-1.0579675608234926,1.9482763613219352,0.5555555555555556
12,40,0.0,4.0,3,-26.119517007237867,-6.795446964354431,3.372745409501566,2.0710695567642223,0.5555555555555556
12,40,0.0,4.0,4,-25.950228990280912,-7.258681057647974,3.2106850472200357,4.550691049939438,0.5555555555555556
12,40,0.0,4.0,5,-26.049573897595813,-7.025150251538966,1.8115214122870071,1.61210095360093,0.5555555555555556
12,40,0.0,4.0,6,-26.078128881597213,-7.0230323337385885,0.3872271224411118,2.4419793422304896,0.5555555555555556
12,40,0.1,4.0,1,-26.341449766880174,-6.933927545301581,2.7308167048991883,1.0129055721503877,0.5555555555555556
12,40,0.1,4.0,2,-26.224316178410294,-6.730669126353971,0.7468850872307777,1.613237538309057,0.5555555555555556
12,40,0.1,4.0,3,-26.28818141032503,-6.989230549457199,2.254646698862518,1.2977463200798898,0.5555555555555556
12,40,0.1,4.0,4,-26.36361859689331,-7.342562275469463,4.608261173531302,0.4218052054826021,0.5555555555555556
12,40,0.1,4.0,5,-26.142718351852626,-7.082697267064821,0.6385857941148426,0.3391064205134219,0.5555555555555556
12,40,0.1,4.0,6,-26.168167671135016,-7.136625409405696,3.9648335760497577,3.2542484661887436,0.5555555555555556
12,40,0.2,4.0,1,-26.968848803397815,-6.8511837507505335,0.9939362850904654,-5.206240837736519,0.5555555555555556
12,40,0.2,4.0,2,-26.89526530631955,-7.183408621867966,-5.158987765525715,-4.155410052358018,0.5555555555555556
12,40,0.2,4.0,3,-26.627584866206256,-6.9811924894338855,-0.2693967551537127,-5.581373394330663,0.5555555555555556
12,40,0.2,4.0,4,-26.52395052166788,-7.402032774594906,0.6746513862976786,-4.010553807692833,0.5555555555555556
12,40,0.2,4.0,5,-27.026883633751083,-7.344644910234324,0.0541888778635615,-4.366097213763775,0.5555555555555556
12,40,0.2,4.0,6,-26.77504853007292,-6.444994931289483,2.2731198766370397,-4.215068625392911,0.5555555555555556
12,40,0.3,4.0,1,-27.47971810353304,-7.17289311126991,1.93583884986433,-12.213359333874418,0.5555555555555556
12,40,0.3,4.0,2,-27.450247826186057,-6.69522656941395,-0.6793264476037087,-10.06347356977392,0.5555555555555556
12,40,0.3,4.0,3,-27.352183520837137,-7.1628127701931845,2.8253358576298027,-8.520931904197864,0.5555555555555556
12,40,0.3,4.0,4,-27.750581438985865,-7.460573669916471,-0.3282139666206986,-11.011391218151909,0.5555555555555556
12,40,0.3,4.0,5,-27.791107447879643,-7.556247469473521,1.8695076447129215,-9.68976541322498,0.5555555555555556
12,40,0.3,4.0,6,-27.80008332199059,-7.639528973819232,-1.0837380242206591,-8.50522152619083,0.5555555555555556
12,40,0.4,4.0,1,-28.09418818180176,-8.567944203853925,-0.7636219343703964,-11.262747519171858,0.5555555555555556
12,40,0.4,4.0,2,-28.154111219550337,-8.320233491940026,-4.298346597723906,-15.7135253243726,0.5555555555555556
12,40,0.4,4.0,3,-27.79900158364964,-7.4800956669039405,-0.7452651125209016,-13.521743274279276,0.5555555555555556
12,40,0.4,4.0,4,-28.34263636261237,-8.235755511369366,-3.35276276130885,-16.28374726772062,0.5555555555555556
12,40,0.4,4.0,5,-28.42431632234502,-7.771703495494253,-4.615093592890962,-11.65795250163979,0.5555555555555556
12,40,0.4,4.0,6,-28.468135469365667,-7.906766695363304,2.3170512024763785,-13.28887145979265,0.5555555555555556
12,48,0.0,4.0,1,-15.548835468026503,-2.1151927158870296,0.959654739932996,-2.146621967248273,0.6666666666666666
12,48,0.0,4.0,2,-15.456520646883462,-2.439255044654581,0.0963657228852856,-1.926786369780804,0.6666666666666666
12,48,0.0,4.0,3,-15.593358643408632,-2.503646903644489,2.5801017258583263,-1.502231690561969,0.6666666666666666
12,48,0.0,4.0,4,-15.526179899342122,-2.2202924127100645,2.549819460302131,-0.5635550194852794,0.6666666666666666
12,48,0.0,4.0,5,-15.551793565078793,-2.115918363396937,-0.2194967231798197,-0.0149978367666831,0.6666666666666666
12,48,0.0,4.0,6,-15.563334133302527,-2.313380538371706,0.1010114221734829,-2.0132682093357945,0.6666666666666666
12,48,0.1,4.0,1,-15.602344190681482,-2.3191875619350997,-0.5319170383292594,0.1000163110229506,0.6666666666666666
12,48,0.1,4.0,2,-15.627072116046827,-2.2235709490022284,1.0289400876338362,-1.0173766330926712,0.6666666666666666
12,48,0.1,4.0,3,-15.37628546544523,-2.173068725088897,-0.7137714552511347,-2.2141679711148297,0.6666666666666666
12,48,0.1,4.0,4,-15.691228217432007,-2.162157098997122,0.422472357084982,-2.6237492214318134,0.6666666666666666
12,48,0.1,4.0,5,-15.58895615010216,-2.1432933737702164,0.7487776345990741,-2.956990138238053,0.6666666666666666
12,48,0.1,4.0,6,-15.713838451581111,-2.2951703584136824,0.3158731707148723,-0.0639475583305878,0.6666666666666666
12,48,0.2,4.0,1,-15.5355039616839,-1.7116752321543598,2.5904046167680135,-5.016297808251676,0.6666666666666666
12,48,0.2,4.0,2,-15.727773600422283,-1.6220575617052375,0.0945020199300678,-4.781141349887516,0.6666666666666666
12,48,0.2,4.0,3,-15.471415142049494,-1.3578882045155152,2.287603288096141,-3.633545701282556,0.6666666666666666
12,48,0.2,4.0,4,-15.542072733281977,-1.311998811703424,2.7015393864620054,-3.779592500219637,0.6666666666666666
12,48,0.2,4.0,5,-15.427978711799572,-1.5967432317961336,2.2093796252523212,-2.8523462809996754,0.6666666666666666
12,48,0.2,4.0,6,-15.687264844856587,-1.4206392616702035,-0.172125968867434,-2.7333642765208124,0.6666666666666666
12,48,0.3,4.0,1,-15.217080440782166,-0.8052647799910797,0.7212177107292713,-6.003104932536571,0.6666666666666666
12,48,0.3,4.0,2,-15.566854273557434,-1.2021617958469746,3.76553518722368,-4.967517855499858,0.6666666666666666
12,48,0.3,4.0,3,-15.73241887844726,-1.1684703520892548,1.7934821822494442,-8.604750744515034,0.6666666666666666
12,48,0.3,4.0,4,-15.503911539351408,-0.8255023308526264,3.187659618385852,-7.670445157181004,0.6666666666666666
12,48,0.3,4.0,5,-15.492462137127024,-1.2905361189728386,-1.2028976644962852,-6.973547080089467,0.6666666666666666
12,48,0.3,4.0,6,-15.410101828223214,-0.7505965489636933,0.0117029069020124,-5.8915916410449345,0.6666666666666666
12,48,0.4,4.0,1,-16.25318986178555,-2.1342051743836827,-0.4229630231284817,-12.3458234020835,0.6666666666666666
12,48,0.4,4.0,2,-16.19895711082039,-1.823213053611023,-2.837118635684451,-11.254123699153784,0.6666666666666666
12,48,0.4,4.0,3,-16.14202433382721,-1.7430175859517203,-2.13721650603631,-9.57437147682981,0.6666666666666666
12,48,0.4,4.0,4,-16.107617307815115,-1.6891247779664251,2.0064886908257025,-8.771223188444939,0.6666666666666666
12,48,0.4,4.0,5,-16.298461640463557,-1.7664054993264435,-2.807640758437364,-11.847275843706598,0.6666666666666666
12,48,0.4,4.0,6,-16.202008680207218,-1.948088215365876,-0.4548755699504309,-10.971451880992126,0.6666666666666666
12,56,0.0,4.0,1,-9.595215166195844,1.462339176515859,3.5021621653965,-0.7750264165363488,0.7777777777777778
12,56,0.0,4.0,2,-9.576535706047348,1.3356274590589037,4.067987409901899,-2.130340207281177,0.7777777777777778
12,56,0.0,4.0,3,-9.549999708780048,1.734292918505043,3.366830313291061,-1.651659759865673,0.7777777777777778
12,56,0.0,4.0,4,-9.643059993221756,1.5800571742975849,5.051606185513397,-1.524765318586282,0.7777777777777778
12,56,0.0,4.0,5,-9.60154771528726,1.5944117442472143,2.1017432802927765,-2.727634130270413,0.7777777777777778
12,56,0.0,4.0,6,-9.518794958780358,1.6271415503593651,4.678921735309615,-1.2414589824395708,0.7777777777777778
12,56,0.1,4.0,1,-9.495416852659648,1.3977858277754005,2.077891687893436,-1.2916187257235037,0.7777777777777778
12,56,0.1,4.0,2,-9.577445464500368,1.4305118648684592,5.345927000546195,-2.388476939316227,0.7777777777777778
12,56,0.1,4.0,3,-9.654932709318397,1.4343226624265006,1.2271614501551464,-2.382862822129497,0.7777777777777778
12,56,0.1,4.0,4,-9.493912340504876,1.4348054945229525,2.913272112842571,-2.054170930934122,0.7777777777777778
12,56,0.1,4.0,5,-9.593060726268195,1.6841524892406106,3.814424578484245,-2.523692055501153,0.7777777777777778
12,56,0.1,4.0,6,-9.43520949880092,1.4718263670425331,0.7992364703440447,-2.905520594505194,0.7777777777777778
12,56,0.2,4.0,1,-9.384336601212931,2.1108545008535047,3.174483313989823,-3.6006457712592,0.7777777777777778
12,56,0.2,4.0,2,-9.336271616027796,2.071652600770834,4.954176307467646,-4.1978243254322765,0.7777777777777778
12,56,0.2,4.0,3,-9.402967928030831,2.1655736941444856,4.890195559564439,-3.837171292913014,0.7777777777777778
12,56,0.2,4.0,4,-9.468123499850003,2.25454222357295,3.337057156297534,-5.652127278263783,0.7777777777777778
12,56,0.2,4.0,5,-9.442665527551934,2.1876778393056404,3.540016416301211,-3.73824657664285,0.7777777777777778
12,56,0.2,4.0,6,-9.363862002808425,2.3124539262287636,2.0633324889538724,-4.208037524178317,0.7777777777777778
12,56,0.3,4.0,1,-9.493628295195762,3.0988191274900263,2.4610381885257775,-5.404125131269883,0.7777777777777778
12,56,0.3,4.0,2,-9.5078736928143,3.265807043493962,1.53604823602149,-4.948686244281151,0.7777777777777778
12,56,0.3,4.0,3,-9.19201676714336,3.1162978216564605,-0.4341318090295035,-5.872450285446834,0.7777777777777778
12,56,0.3,4.0,4,-9.454978393785469,3.180735923896692,2.209668014267452,-5.2154652413184746,0.7777777777777778
12,56,0.3,4.0,5,-9.319958155751928,2.9484464986603456,3.1172495407366325,-7.015089207563429,0.7777777777777778
12,56,0.3,4.0,6,-9.351748031997502,2.991955499623963,1.6856715299700902,-5.349096105076026,0.7777777777777778
12,56,0.4,4.0,1,-9.288079066724288,2.286928339131648,0.7631456015238605,-5.689227366328021,0.7777777777777778
12,56,0.4,4.0,2,-9.648040882434229,2.364039869258048,2.8796484756413725,-6.6554316842602175,0.7777777777777778
12,56,0.4,4.0,3,-9.621363478699584,2.348947354630512,-0.1926516152452342,-6.281085002095258,0.7777777777777778
12,56,0.4,4.0,4,-9.666096346070905,1.9757838917986423,1.161571301760554,-6.148376288851717,0.7777777777777778
12,56,0.4,4.0,5,-9.28529263495648,2.598018072948258,1.2215633189452455,-5.74219538351104,0.7777777777777778
12,56,0.4,4.0,6,-9.28848882037809,2.350808828620342,-0.6241742067293845,-5.422521250768128,0.7777777777777778
12,64,0.0,4.0,1,-6.265893630973491,5.116677950797309,6.122505217768216,-1.501341786025383,0.8888888888888888
12,64,0.0,4.0,2,-6.175975144323896,5.055581023006631,7.918902673645016,-2.4389133621383032,0.8888888888888888
12,64,0.0,4.0,3,-6.15724009907421,4.919879986095424,6.952592091165519,-1.7122170280418143,0.8888888888888888
12,64,0.0,4.0,4,-5.99030505127092,4.978944790016961,6.621807938385044,-1.9897638292048607,0.8888888888888888
12,64,0.0,4.0,5,-6.122464130627847,5.093838035136379,4.539984256528463,-1.95920787962149,0.8888888888888888
12,64,0.0,4.0,6,-6.248350699869578,4.990672089861827,4.864046896662867,-1.6209470527307268,0.8888888888888888
12,64,0.1,4.0,1,-6.119758669383605,4.689719588506152,5.40204496255132,-1.913540610035084,0.8888888888888888
12,64,0.1,4.0,2,-6.150371844418196,4.889414786063173,5.5828958341837875,-1.964475362245944,0.8888888888888888
12,64,0.1,4.0,3,-6.114102723930717,4.852991032702761,5.334244981905131,-1.7119064835716435,0.8888888888888888
12,64,0.1,4.0,4,-6.02163548927347,4.8234061897231,4.784605584525422,-1.3845413111924187,0.8888888888888888
12,64,0.1,4.0,5,-6.0248658960065145,4.796703411237258,4.546693134904579,-2.405700861409149,0.8888888888888888
12,64,0.1,4.0,6,-6.283465931659521,4.980563744542607,5.487045352754538,-2.1057140500591136,0.8888888888888888
12,64,0.2,4.0,1,-6.294974413369142,4.675537309894368,4.918472457935931,-4.481712993438604,0.8888888888888888
12,64,0.2,4.0,2,-6.254996522993941,4.558481432896825,5.585542758256603,-3.841410903929938,0.8888888888888888
12,64,0.2,4.0,3,-6.094149399556443,4.540379610573932,5.52615197903063,-3.113203244238236,0.8888888888888888
12,64,0.2,4.0,4,-6.093992187190224,4.508840676047211,5.730236599504824,-2.8601430740567997,0.8888888888888888
12,64,0.2,4.0,5,-6.183942894114938,4.5691952540628336,4.287606280593722,-3.3500409035726264,0.8888888888888888
12,64,0.2,4.0,6,-6.243697722728051,4.579001739724731,7.150148130393473,-3.069340846276901,0.8888888888888888
12,64,0.3,4.0,1,-6.147238844404037,4.231721870945072,3.3192943527348815,-3.530357302357506,0.8888888888888888
12,64,0.3,4.0,2,-6.211982172061629,4.315513744419455,3.5366274134617024,-3.365304776094953,0.8888888888888888
12,64,0.3,4.0,3,-5.957092650564266,4.127512054240623,4.361918829301689,-2.7623283302327604,0.8888888888888888
12,64,0.3,4.0,4,-6.139876359548597,4.295354511948105,2.8114837286016736,-3.824232859082674,0.8888888888888888
12,64,0.3,4.0,5,-6.268205666427586,4.330982653165194,3.427259986018824,-3.548876523664416,0.8888888888888888
12,64,0.3,4.0,6,-6.169887266606492,4.25212020256343,3.560378682698142,-3.963215982222553,0.8888888888888888
12,64,0.4,4.0,1,-6.444254731076299,3.7073747727845814,4.015136299415007,2.9986083873583644,0.8888888888888888
12,64,0.4,4.0,2,-6.596366856191901,3.620496518077057,1.9455381095212636,3.059677032508411,0.8888888888888888
12,64,0.4,4.0,3,-6.434676831016921,3.63217820211333,0.8290825607166596,2.780324833909382,0.8888888888888888
12,64,0.4,4.0,4,-6.324208612699885,3.601838773449007,2.207094708458103,3.0879220500092446,0.8888888888888888
12,64,0.4,4.0,5,-6.4098426095507275,3.6238878019710654,2.021327134904414,2.9799136037681753,0.8888888888888888
12,64,0.4,4.0,6,-6.441146358069628,3.6553541860426746,1.829833378043513,3.060463047525654,0.8888888888888888
12,72,0.0,4.0,1,-4.598756197696263,5.374264947069577,4.375866404017424,-0.7826850701521678,1.0
12,72,0.0,4.0,2,-4.495005316441281,5.230042734636948,3.883438606803373,-1.4854057237660554,1.0
12,72,0.0,4.0,3,-4.450414700520656,5.264810949615985,3.3207148639500175,-1.0034154093254009,1.0
12,72,0.0,4.0,4,-4.444565247492226,5.16433971234152,3.941027596538464,-1.766408296606422,1.0
12,72,0.0,4.0,5,-4.364823294266803,5.1242726417381075,3.9938389161630807,-1.4416064196205671,1.0
12,72,0.0,4.0,6,-4.587346045560217,5.32877477426253,4.375571950739699,-2.036730995318651,1.0
12,72,0.1,4.0,1,-4.472439108007147,5.152196688627413,3.2043633284592388,-1.632813898819696,1.0
12,72,0.1,4.0,2,-4.544503299858251,5.121896963791471,3.856563861988008,-1.294067470281779,1.0
12,72,0.1,4.0,3,-4.334636721926771,5.052888101944886,4.33337002733072,-1.3951828023663944,1.0
12,72,0.1,4.0,4,-4.4440270402606235,5.090611613449111,4.9096043427186675,-1.179533405770151,1.0
12,72,0.1,4.0,5,-4.450230360937132,5.0603214507207355,3.5962652900415923,-2.085490826844442,1.0
12,72,0.1,4.0,6,-4.357616311985201,5.073226572391041,4.417105628896718,-1.3520986005989646,1.0
12,72,0.2,4.0,1,-4.507582699173353,4.839611948393629,2.753462004601335,3.636611378704777,1.0
12,72,0.2,4.0,2,-4.50389877965572,4.833844513170394,2.2208676299525365,3.233119652499476,1.0
12,72,0.2,4.0,3,-4.58316182377577,4.906657320362706,2.6221867350279218,3.614910065722975,1.0
12,72,0.2,4.0,4,-4.561017465901593,4.805113636118183,2.5471090335300404,4.142005877678211,1.0
12,72,0.2,4.0,5,-4.523872451652838,4.75683200249007,2.9025922894373357,3.856989150881719,1.0
12,72,0.2,4.0,6,-4.48580248500905,4.798506494365357,3.013909210286872,3.878355021629063,1.0
12,72,0.3,4.0,1,-4.684562109333909,4.362809364372406,2.098340585746815,5.125930601492654,1.0
12,72,0.3,4.0,2,-4.635906326780482,4.32556727468736,1.8692093799951492,4.913500172509638,1.0
12,72,0.3,4.0,3,-4.70938057902327,4.408745337094671,2.6010857639169904,4.932823919898164,1.0
12,72,0.3,4.0,4,-4.666556868954892,4.384913783845852,2.612854626061236,5.023317686921141,1.0
12,72,0.3,4.0,5,-4.689829861401817,4.397614002460802,2.3798203354409546,4.934817857835528,1.0
12,72,0.3,4.0,6,-4.7087156207660374,4.376425005759643,2.6311087440650756,5.083889879485231,1.0
12,72,0.4,4.0,1,-4.730007109462443,3.911400002112495,1.506656522496589,5.615313643328427,1.0
12,72,0.4,4.0,2,-4.783164625647908,3.905142929280127,1.3752635724514242,5.631248869579951,1.0
12,72,0.4,4.0,3,-4.712536809826406,3.9208937885134914,2.022172531998364,5.505306834618504,1.0
12,72,0.4,4.0,4,-4.75744161433429,3.9103577467966266,1.7950767910099592,5.618605882575116,1.0
12,72,0.4,4.0,5,-4.774106848925516,3.9390488706548297,2.0545952339442293,5.504454641401711,1.0
12,72,0.4,4.0,6,-4.778298033727407,3.94802151452916,1.8982679690410336,5.699951527362198,1.0
12,36,0.0,6.0,1,-25.695094543766192,-12.052620301162786,-9.739175485808833,8.987817708400094,0.5
12,36,0.0,6.0,2,-26.085203381926306,-11.878639597005376,-3.884367476177566,0.0323506744507375,0.5
12,36,0.0,6.0,3,-25.819282945656244,-11.495077952003664,-4.094786536775142,2.1930871015556286,0.5
12,36,0.0,6.0,4,-25.63317201758674,-10.164336701490257,-3.9886778484213834,4.195605302620071,0.5
12,36,0.0,6.0,5,-25.448904895175417,-11.118899121835115,-7.133420543561343,3.6809929620704303,0.5
12,36,0.0,6.0,6,-25.719311146117615,-10.48459905254184,-7.807972330423036,1.001830400383673,0.5
12,36,0.1,6.0,1,-25.4556677631288,-10.754689349903163,-1.879046941351867,2.90143371805046,0.5
12,36,0.1,6.0,2,-25.84171386053929,-9.48757210655336,0.5391948675948004,4.441126476926303,0.5
12,36,0.1,6.0,3,-25.991308469577916,-11.844993364535071,-4.989477050977658,-0.8208139557044862,0.5
12,36,0.1,6.0,4,-25.906893519855466,-11.769193272498908,-5.102518694108799,5.481811846240406,0.5
12,36,0.1,6.0,5,-25.74300222658647,-12.424188138586691,-13.916391146697643,2.725117256416128,0.5
12,36,0.1,6.0,6,-26.110550514103146,-11.225385241048954,-6.664778674101481,1.7853067016160025,0.5
12,36,0.2,6.0,1,-26.11808903467652,-11.51908440746287,-4.619341023544398,-1.3396958409468418,0.5
12,36,0.2,6.0,2,-26.339734349209447,-11.21637786693133,-5.445365620986825,0.2782968882404007,0.5
12,36,0.2,6.0,3,-26.271363481074268,-9.478844312753274,-10.08051143951028,-5.8676938320579435,0.5
12,36,0.2,6.0,4,-25.94347984319368,-8.752787683710956,-6.760916930268342,1.626913569143038,0.5
12,36,0.2,6.0,5,-25.986353070954785,-9.762231217365358,-4.065072194265177,0.6758636287576992,0.5
12,36,0.2,6.0,6,-26.24336031264084,-8.70498206841568,-5.348757286801328,-6.221993221808871,0.5
12,36,0.3,6.0,1,-26.221029577514013,-11.281828390816733,-7.033181655364345,-4.401435531486054,0.5
12,36,0.3,6.0,2,-26.527620652058555,-10.86536041407,-9.483487372935269,-0.7254477197296109,0.5
12,36,0.3,6.0,3,-26.33129304978321,-10.17921747740393,-4.903253983846001,-6.281231933398144,0.5
12,36,0.3,6.0,4,-26.55566110967873,-11.702014513839355,-9.45926949330486,-6.247980417955711,0.5
12,36,0.3,6.0,5,-26.211713914064852,-11.35975226407297,-8.615082552433496,-5.780942947261176,0.5
12,36,0.3,6.0,6,-26.549425076183617,-11.87228513567921,-4.208671754352432,-4.72128301542363,0.5
12,36,0.4,6.0,1,-26.334653464946957,-8.552098073761963,-4.979513663601464,-5.484147584382265,0.5
12,36,0.4,6.0,2,-26.685946888503445,-8.68926904291485,-10.37103423793207,-14.573035013621377,0.5
12,36,0.4,6.0,3,-26.72358020434246,-10.869232296697444,-7.332557491907616,-8.73439531505768,0.5
12,36,0.4,6.0,4,-25.401862463250428,-9.992860541339368,-8.024778427320568,-2.9800905270308378,0.5
12,36,0.4,6.0,5,-26.187000952980338,-10.366513227067852,-1.585123794509288,-10.097558102694869,0.5
12,36,0.4,6.0,6,-26.57991138218157,-11.566259005452526,-6.1572164640865745,-10.698144724545056,0.5
12,40,0.0,6.0,1,-19.229482093938408,-7.061317467643208,-3.6535557928159625,4.3705405969480235,0.5555555555555556
12,40,0.0,6.0,2,-18.91950505521654,-7.361936316643403,1.1299872941955162,1.254639844820771,0.5555555555555556
12,40,0.0,6.0,3,-19.04224634542371,-5.8371623977416265,-0.597976870346676,-4.3910386848115674,0.5555555555555556
12,40,0.0,6.0,4,-18.98578444582506,-7.196914623155098,1.4996665229282211,1.805412750817816,0.5555555555555556
12,40,0.0,6.0,5,-18.907670894419653,-6.237268890162208,1.7954428151759458,2.173458473926533,0.5555555555555556
12,40,0.0,6.0,6,-19.330785297709536,-7.384724754791288,-2.5275310809812153,0.7396893382742818,0.5555555555555556
12,40,0.1,6.0,1,-19.214116784276303,-6.736623569267527,-0.685550061943297,2.1206163318846185,0.5555555555555556
12,40,0.1,6.0,2,-19.114841772868697,-6.606693539815628,-5.279661772670788,3.481695450842389,0.5555555555555556
12,40,0.1,6.0,3,-19.31136489679238,-6.574334999093158,-0.3459968786536285,-0.3842433138179429,0.5555555555555556
12,40,0.1,6.0,4,-19.147192945059537,-6.075918177613718,-3.430433376280656,-2.8906653333534686,0.5555555555555556
12,40,0.1,6.0,5,-18.853701396432413,-6.234991012318325,-4.481453963423023,3.1187015199135395,0.5555555555555556
12,40,0.1,6.0,6,-19.336405130609233,-7.21505236973168,-5.119822537260816,-0.7319180753666017,0.5555555555555556
12,40,0.2,6.0,1,-18.926584392370767,-6.285386238663966,6.363339516008354,-3.945558630175662,0.5555555555555556
12,40,0.2,6.0,2,-18.910433205810182,-6.775634957425439,-1.4437164075202868,-4.4634384714654285,0.5555555555555556
12,40,0.2,6.0,3,-19.37256967016387,-6.8498569621079834,-0.3337643770766514,0.9120291624457404,0.5555555555555556
12,40,0.2,6.0,4,-19.194107537533338,-5.48104529129004,-3.3458257491988848,-5.3904371727198725,0.5555555555555556
12,40,0.2,6.0,5,-18.95938333986222,-6.327347942195303,-4.184544802649926,-1.352109003130224,0.5555555555555556
12,40,0.2,6.0,6,-19.23954176866305,-6.233529408387655,0.799774458317291,0.0262277682115414,0.5555555555555556
12,40,0.3,6.0,1,-18.976994881931915,-6.424664109390342,-3.968146194921972,-1.119785866769358,0.5555555555555556
12,40,0.3,6.0,2,-19.52993373570551,-7.708027805451502,-14.879886458181144,-5.363162700270838,0.5555555555555556
12,40,0.3,6.0,3,-18.800769548876666,-6.386519057607332,-4.171455160376152,-4.2679877610740915,0.5555555555555556
12,40,0.3,6.0,4,-18.300000782602933,-6.1722828437038055,-7.096233708959204,-4.957417305832654,0.5555555555555556
12,40,0.3,6.0,5,-18.41507282223869,-6.818732179570903,-1.5910953111472848,-4.011276982129633,0.5555555555555556
12,40,0.3,6.0,6,-18.80924494206771,-6.317958693629207,-6.142067205068277,-5.308578839743602,0.5555555555555556
12,40,0.4,6.0,1,-18.339373685646027,-6.931972961985207,-10.915342050542572,-5.818368126988685,0.5555555555555556
12,40,0.4,6.0,2,-18.368963173589588,-7.170652407053453,-8.742115210119138,-6.900730409034109,0.5555555555555556
12,40,0.4,6.0,3,-18.458769737283255,-7.009517838138754,-5.7117197213839574,-13.462722740329587,0.5555555555555556
12,40,0.4,6.0,4,-19.104120965330747,-8.410063738487873,-7.7895366802267505,-6.7511725385605645,0.5555555555555556
12,40,0.4,6.0,5,-18.815324881652742,-7.525202399888907,1.082868846489593,-5.244934491904917,0.5555555555555556
12,40,0.4,6.0,6,-18.27670285153982,-7.164576699141042,-5.593952040349516,-9.006886001341263,0.5555555555555556
12,48,0.0,6.0,1,-9.681727037571315,-2.0493029335875534,-2.119014187306098,-4.909451365493854,0.6666666666666666
12,48,0.0,6.0,2,-10.141896821979856,-2.1906044743987088,-1.626079107967199,-1.9457371976372244,0.6666666666666666
12,48,0.0,6.0,3,-9.964757151007714,-2.527040249848191,1.3887446520326028,0.7363445291564326,0.6666666666666666
12,48,0.0,6.0,4,-9.962254596704216,-2.205559581194217,2.137440655756946,-5.393667171356885,0.6666666666666666
12,48,0.0,6.0,5,-9.853212731625996,-2.052786679442093,0.9786043182008332,-1.8794974345412503,0.6666666666666666
12,48,0.0,6.0,6,-9.956071266326695,-1.97852192396898,2.0086314025721848,-4.48529512977579,0.6666666666666666
12,48,0.1,6.0,1,-9.947539263990553,-2.4696977895175145,-2.5744256537231784,-4.840374919530352,0.6666666666666666
12,48,0.1,6.0,2,-10.11145936228419,-2.6678127551129167,0.6581370763474146,-3.3432516846318827,0.6666666666666666
12,48,0.1,6.0,3,-9.948652389767524,-1.8706588791250136,-2.2464107751102915,-0.4424669126498896,0.6666666666666666
12,48,0.1,6.0,4,-9.826356138906064,-2.497741329606213,-1.3431880665802616,-5.134743824306208,0.6666666666666666
12,48,0.1,6.0,5,-9.641698597952283,-1.893416351938502,1.7222220195456015,-3.181432372674116,0.6666666666666666
12,48,0.1,6.0,6,-10.04877822738932,-3.0002572839642063,0.9004375446444403,-3.8609071687095806,0.6666666666666666
12,48,0.2,6.0,1,-9.607816364711486,-2.028524956350221,-1.1536420802680116,-4.515493822859445,0.6666666666666666
12,48,0.2,6.0,2,-9.439370917522018,-2.0298753825999847,-0.4893796460298141,-1.4720885912591202,0.6666666666666666
12,48,0.2,6.0,3,-9.780663720972754,-1.5191177765496566,1.2129256409348197,-4.4419867002349225,0.6666666666666666
12,48,0.2,6.0,4,-9.67066026726604,-2.0121800460132016,-0.4149217617297456,-0.8850340015385283,0.6666666666666666
12,48,0.2,6.0,5,-9.38987648112717,-1.0917114122322245,-4.268964348311646,-3.5849060380208067,0.6666666666666666
12,48,0.2,6.0,6,-9.453819899669448,-1.6354703205641703,-4.817335632924147,-2.131130823687329,0.6666666666666666
12,48,0.3,6.0,1,-9.124730579995264,-1.1577236131941997,2.05921196647943,-5.189104066667573,0.6666666666666666
12,48,0.3,6.0,2,-9.754831411098015,-0.2274700935570525,-1.8414202681990817,-6.861985459725429,0.6666666666666666
12,48,0.3,6.0,3,-9.049197963591658,-0.6828878613408664,-1.3830318176457204,-4.542811125960237,0.6666666666666666
12,48,0.3,6.0,4,-9.565686413722007,-1.3536354721314812,4.610122478172357,-5.122792546631709,0.6666666666666666
12,48,0.3,6.0,5,-9.87352856037516,-1.45424962607413,-3.83412047108434,-3.563294869406512,0.6666666666666666
12,48,0.3,6.0,6,-9.493301177186884,-1.568643027672323,-1.2399433824040855,-5.879249147735424,0.6666666666666666
12,48,0.4,6.0,1,-9.372508263047008,-1.929246110811095,-2.2897258044099535,-4.271728675453676,0.6666666666666666
12,48,0.4,6.0,2,-9.57988358882078,-1.3150056783032245,-4.104220057080474,-3.857456528000657,0.6666666666666666
12,48,0.4,6.0,3,-9.46568608208077,-2.0681783849977657,-5.617715018188449,-5.578531700072185,0.6666666666666666
12,48,0.4,6.0,4,-9.365071417222053,-2.1664853014453325,-2.921680168832222,-3.4307610156382524,0.6666666666666666
12,48,0.4,6.0,5,-9.315354290022674,-0.8289116963862477,-2.309182235973852,-4.739327466709222,0.6666666666666666
12,48,0.4,6.0,6,-9.68614595592844,-1.717489303889946,-0.9229259630082568,-3.0386738574579586,0.6666666666666666
12,56,0.0,6.0,1,-5.456587931593824,1.2964145168396697,2.7257446305148996,-0.4672038635307483,0.7777777777777778
12,56,0.0,6.0,2,-5.159842883379935,1.921896102984623,1.04513331156767,-1.1722335186910535,0.7777777777777778
12,56,0.0,6.0,3,-5.345597417470043,1.8697236093700091,1.939637380522544,-2.913662992246343,0.7777777777777778
12,56,0.0,6.0,4,-5.751758775947365,1.9674924925600668,9.786092653425484,-1.9151057058950496,0.7777777777777778
12,56,0.0,6.0,5,-5.773908145190502,2.191611156837392,2.6995149086563437,-2.693680722557827,0.7777777777777778
12,56,0.0,6.0,6,-5.486426670479434,2.2074730198040085,1.366863402238618,-1.8805838301920816,0.7777777777777778
12,56,0.1,6.0,1,-5.415323946040944,1.6835144052408206,1.2836112541234823,-1.0712321773819675,0.7777777777777778
12,56,0.1,6.0,2,-5.459538867656711,1.7200669719669377,2.3500046284989096,-0.6031332755683029,0.7777777777777778
12,56,0.1,6.0,3,-5.285116389417172,1.75279612012432,3.7946858298339263,-1.4585923117308195,0.7777777777777778
12,56,0.1,6.0,4,-5.214288168799428,1.6306676971900178,2.345621371313152,-1.6791688652112735,0.7777777777777778
12,56,0.1,6.0,5,-5.721405295850914,1.7014246898519911,1.8330623269239432,-1.9349737544877963,0.7777777777777778
12,56,0.1,6.0,6,-5.414047092833459,1.5542029482472697,-1.3055925936921682,-3.037310651168976,0.7777777777777778
12,56,0.2,6.0,1,-5.133112605549111,1.8468720042352451,0.5282384951855832,-1.8988172134190149,0.7777777777777778
12,56,0.2,6.0,2,-5.35088187270715,1.4934968262896986,1.0913978131432225,-2.583411132152821,0.7777777777777778
12,56,0.2,6.0,3,-5.241113035516049,1.3779068564040908,1.9791576497127976,-3.143244169374912,0.7777777777777778
12,56,0.2,6.0,4,-5.200952705241219,2.245899617639192,-1.240568012150975,-3.879073355065136,0.7777777777777778
12,56,0.2,6.0,5,-5.488772700869195,1.7507300435366315,-2.518760281246717,-0.7467827240694987,0.7777777777777778
12,56,0.2,6.0,6,-5.470043405447155,1.65175170139912,2.152758758375298,-1.4581444822157283,0.7777777777777778
12,56,0.3,6.0,1,-4.980562418559628,1.9670175764777331,3.5713273097608154,-2.571160432161702,0.7777777777777778
12,56,0.3,6.0,2,-5.329209424817206,2.521836015049617,-0.5509143174626223,-2.151297248729462,0.7777777777777778
12,56,0.3,6.0,3,-5.196340774423544,2.2316718797799693,1.5195090320620452,-2.1601946334289344,0.7777777777777778
12,56,0.3,6.0,4,-4.949606194096715,2.003029573739788,1.0561106877249735,-1.704238187435582,0.7777777777777778
12,56,0.3,6.0,5,-4.832094806496775,2.0091453753107587,-0.4188372230306106,-3.0566857593707377,0.7777777777777778
12,56,0.3,6.0,6,-4.892820358215194,2.1885956437134633,1.023313552939156,-0.9782032725288892,0.7777777777777778
12,56,0.4,6.0,1,-5.075028415084414,1.7110421265961304,1.463184110305496,-1.546784863491236,0.7777777777777778
12,56,0.4,6.0,2,-5.2188944793638035,1.9287837353436097,0.4955483497150729,-2.4894599214344724,0.7777777777777778
12,56,0.4,6.0,3,-5.228865098890072,2.1085417163400044,0.9777020298421644,-1.715198114021434,0.7777777777777778
12,56,0.4,6.0,4,-5.19786600924228,2.2156984940738575,-0.2485706394996652,-1.324601306700529,0.7777777777777778
12,56,0.4,6.0,5,-5.093244171752396,1.7523697001443366,0.7477257189253864,-2.2101741746714723,0.7777777777777778
12,56,0.4,6.0,6,-5.060344492904093,1.8888792072888192,0.1179171478490737,-2.6304450216793036,0.7777777777777778
12,64,0.0,6.0,1,-3.1660711139704114,4.533440196997003,4.064420906811449,-0.0450406042875777,0.8888888888888888
12,64,0.0,6.0,2,-3.1933654553316897,4.563003316597748,3.6114952748886497,-1.119673118615697,0.8888888888888888
12,64,0.0,6.0,3,-3.2436961579613772,4.68072669593271,1.5389561369731686,-0.1669352778486941,0.8888888888888888
12,64,0.0,6.0,4,-3.0283809077373363,4.546596694943034,2.924426767424418,-0.6369636293639498,0.8888888888888888
12,64,0.0,6.0,5,-3.0407812239811656,3.981719605242097,3.5033288225839563,-0.0758623911222412,0.8888888888888888
12,64,0.0,6.0,6,-3.285072903652364,4.612126437998916,3.709428307071996,-1.606848008956736,0.8888888888888888
12,64,0.1,6.0,1,-3.1252295297514165,4.637480996320308,5.0374312516500925,0.0780029466842676,0.8888888888888888
12,64,0.1,6.0,2,-2.897488037931767,4.012669189853613,3.621374334583655,-0.8785881349321161,0.8888888888888888
12,64,0.1,6.0,3,-2.954569331109514,4.105031887661355,3.015769192647994,-2.3135835850449062,0.8888888888888888
12,64,0.1,6.0,4,-3.1456483470423597,4.175580602695314,3.602164394864701,-1.179228532622382,0.8888888888888888
12,64,0.1,6.0,5,-3.30655296424721,4.671008003310428,2.7703024321336684,-0.6788092133903378,0.8888888888888888
12,64,0.1,6.0,6,-2.96418953702391,4.10413024750544,3.30404527695976,-0.4298427235425784,0.8888888888888888
12,64,0.2,6.0,1,-2.864225360923959,3.9354869760077,1.842498351425243,-0.7192847279964804,0.8888888888888888
12,64,0.2,6.0,2,-3.015526056281464,4.111526662999472,7.00295789978743,-2.0349210366961916,0.8888888888888888
12,64,0.2,6.0,3,-3.1027492012222577,4.024894388413122,3.5370580746194604,-1.2577325166087103,0.8888888888888888
12,64,0.2,6.0,4,-3.2450860143881384,4.09900748651813,2.380601915515817,-4.843388204634661,0.8888888888888888
12,64,0.2,6.0,5,-3.036295435866694,3.9326956683143046,3.358297895706845,-0.1894137945194432,0.8888888888888888
12,64,0.2,6.0,6,-3.166549682035037,4.123212391780825,2.5842893753559304,-0.5337232192250253,0.8888888888888888
12,64,0.3,6.0,1,-2.940708084196937,3.824959396839092,1.5539583061678175,-1.1011131909805951,0.8888888888888888
12,64,0.3,6.0,2,-2.9420932759570313,3.676341464462974,3.765778432233488,-0.9251312500604412,0.8888888888888888
12,64,0.3,6.0,3,-3.321277642799206,4.004324493086687,3.88466354721717,-0.1818603789090598,0.8888888888888888
12,64,0.3,6.0,4,-2.906572450514328,3.844011123443931,1.780630966875001,-0.7482852349974125,0.8888888888888888
12,64,0.3,6.0,5,-2.853770245199543,3.6191537863583623,2.6702752822276214,0.6119749161788478,0.8888888888888888
12,64,0.3,6.0,6,-2.7322090586263412,3.553783535640156,3.828084885375456,-0.2924391569025045,0.8888888888888888
12,64,0.4,6.0,1,-3.449521806908842,3.5661098719086297,2.082203786498708,3.037250656986283,0.8888888888888888
12,64,0.4,6.0,2,-3.156230751126169,3.478881642192795,1.7840149071402729,3.154597982034864,0.8888888888888888
12,64,0.4,6.0,3,-3.3867903146185108,3.4835479966573457,0.1466358696108075,3.1333111943326797,0.8888888888888888
12,64,0.4,6.0,4,-3.2268704972958075,3.6066319100963016,1.789816961381007,3.1901499296888436,0.8888888888888888
12,64,0.4,6.0,5,-3.2923559441483645,3.255638239302125,2.2758840632612616,3.3661751322969793,0.8888888888888888
12,64,0.4,6.0,6,-3.2227635959641496,3.5155269386518384,3.0456408071361034,3.2365302170324517,0.8888888888888888
12,72,0.0,6.0,1,-1.9093811144149295,4.963191344566157,3.594970329079017,-1.7364473316899995,1.0
12,72,0.0,6.0,2,-1.8530261759056272,4.285700737828554,3.469478758759955,-0.8779610055888879,1.0
12,72,0.0,6.0,3,-2.0277823219519013,4.771727990128468,4.148647343318849,-1.620851314302768,1.0
12,72,0.0,6.0,4,-2.1777773920516346,5.014142636446254,3.949483084131795,-1.066632881005237,1.0
12,72,0.0,6.0,5,-1.9987924157812609,4.414134738882783,4.079345294049864,-0.4978092117015913,1.0
12,72,0.0,6.0,6,-1.9978238715705616,4.836821180702141,3.571328991130551,-1.543507591546685,1.0
12,72,0.1,6.0,1,-2.0082235941710387,4.8010930595319135,3.4549283555080192,-1.459246297127719,1.0
12,72,0.1,6.0,2,-2.0130543726884196,4.602723769156748,4.287334056063026,-1.1806810673319248,1.0
12,72,0.1,6.0,3,-2.175349649777405,4.7856156275645,3.859539842146768,-0.4920299096829952,1.0
12,72,0.1,6.0,4,-2.243874974001733,5.053553947358989,3.694608477472955,-1.2072531415833514,1.0
12,72,0.1,6.0,5,-1.9671500447089223,4.484257950861832,3.741258518207998,-0.2809106242283648,1.0
12,72,0.1,6.0,6,-1.9702868217116205,4.707996529968287,3.8427817622315823,-1.352056798754613,1.0
12,72,0.2,6.0,1,-2.225640243695106,4.619672190823554,3.149739598685835,3.17727321041482,1.0
12,72,0.2,6.0,2,-2.324826772892433,4.948684744366828,3.32173984617756,2.972036124101874,1.0
12,72,0.2,6.0,3,-2.245418283162755,4.59747892176568,4.844994725009962,2.662464426329753,1.0
12,72,0.2,6.0,4,-2.1262715137824584,4.50568175975502,3.2246968286132693,2.4917061209575793,1.0
12,72,0.2,6.0,5,-1.966261696798591,4.24323289288953,3.823749472090904,2.9863271319901785,1.0
12,72,0.2,6.0,6,-2.306950815778457,4.759437566266575,3.4787460881974583,2.245835150443187,1.0
12,72,0.3,6.0,1,-2.164239077752614,3.988267368861867,2.7867733867242444,4.262763215190166,1.0
12,72,0.3,6.0,2,-2.2472543807748933,4.155628594968455,3.5856043777796245,4.087435494617324,1.0
12,72,0.3,6.0,3,-2.4944996854278063,4.491967331982013,2.547792921615568,4.314700007511007,1.0
12,72,0.3,6.0,4,-2.4590325150583476,4.437286266384909,3.2851393592231517,3.994863245159393,1.0
12,72,0.3,6.0,5,-2.443886522706032,4.509066835778977,3.72015900027415,4.393142412027745,1.0
12,72,0.3,6.0,6,-2.442567830274098,4.599015374650303,3.334223026403106,4.510450262955007,1.0
12,72,0.4,6.0,1,-2.7755051332690712,4.349902447609923,3.349506999523289,5.332425941506993,1.0
12,72,0.4,6.0,2,-2.589486016025833,4.0673263438247735,1.7576559335109243,5.315926346234138,1.0
12,72,0.4,6.0,3,-2.6567989552860913,4.254825291206106,1.9993595683116123,5.40141332423578,1.0
12,72,0.4,6.0,4,-2.531411536056838,3.9234942312746015,1.7538759763715603,5.19804700054596,1.0
12,72,0.4,6.0,5,-2.5985301212941265,4.205992512459811,2.022078472727736,5.203929720238669,1.0
12,72,0.4,6.0,6,-2.5774420765812187,4.0890643624625564,2.2672687351925824,5.183128963119196,1.0
12,36,0.0,8.0,1,-20.770793396919856,-10.507276972859678,-14.616038206354878,3.766317716950854,0.5
12,36,0.0,8.0,2,-20.701171268510976,-11.138258195918208,-11.237540538577738,3.668866607698144,0.5
12,36,0.0,8.0,3,-21.025105208249755,-8.308997064399056,-7.9988343633885535,2.4362470684214035,0.5
12,36,0.0,8.0,4,-20.89650481580241,-11.153087516698056,-7.317939928315456,4.587060459296747,0.5
12,36,0.0,8.0,5,-20.68397977512431,-8.133461351370142,-3.5791225710279675,2.7686537438902734,0.5
12,36,0.0,8.0,6,-20.616207589759284,-6.932277876995639,-8.36351559032604,6.933090312124693,0.5
12,36,0.1,8.0,1,-20.26723632828108,-12.109852001369854,-11.317050132419846,1.6697197285836716,0.5
12,36,0.1,8.0,2,-20.77528923182686,-10.962156278898435,-9.86866684276321,-0.7611816092189159,0.5
12,36,0.1,8.0,3,-21.009440020943117,-11.165034761201513,-4.703652733393667,2.832762836021476,0.5
12,36,0.1,8.0,4,-20.248156234068222,-8.132326914122837,-18.187670090838417,3.4679487879107382,0.5
12,36,0.1,8.0,5,-20.614105718814496,-10.592913412931502,0.2143572595922989,6.045494295348812,0.5
12,36,0.1,8.0,6,-20.777909760557655,-11.032205976492042,-8.59429166067417,0.1895829870560056,0.5
12,36,0.2,8.0,1,-20.663490429674333,-6.79024584938131,-3.3033920782671813,-8.54500816929884,0.5
12,36,0.2,8.0,2,-20.457387331588087,-10.336327712121308,-14.816522762438003,-1.4670858254088546,0.5
12,36,0.2,8.0,3,-19.746480161765305,-7.952319469076531,-8.408182475275867,3.0590054473113275,0.5
12,36,0.2,8.0,4,-20.800693800074523,-13.21216268018587,-12.493679158991526,-3.3919382690483637,0.5
12,36,0.2,8.0,5,-20.541862112923305,-9.051177533682456,-5.996898000720792,0.3118491428008824,0.5
12,36,0.2,8.0,6,-20.85132196347734,-10.145875990730918,-11.226305039278364,6.813213671318648,0.5
12,36,0.3,8.0,1,-20.8146845776572,-7.98064133576199,-15.277846590613487,-6.597413457195191,0.5
12,36,0.3,8.0,2,-20.491058176997633,-9.589742091927878,-6.175833909118714,-8.486637121969917,0.5
12,36,0.3,8.0,3,-20.208615077940163,-12.077042707597547,-14.626073953155828,6.578387830025965,0.5
12,36,0.3,8.0,4,-19.898222640346724,-9.046898640992598,-9.51214420582244,-4.084613060205176,0.5
12,36,0.3,8.0,5,-19.940083483914787,-9.715584466618036,-6.673547924129276,-8.205231399025584,0.5
12,36,0.3,8.0,6,-20.64000210760753,-9.253364797532576,-9.903749625226276,-1.413489317675939,0.5
12,36,0.4,8.0,1,-19.531326895011393,-8.423088561908884,-6.5620059852379935,-9.91999713690664,0.5
12,36,0.4,8.0,2,-19.483759585618767,-7.753672635346639,-19.1758990678294,-9.537183004037942,0.5
12,36,0.4,8.0,3,-19.488910938407223,-6.231678141281951,-3.1067042355203496,-6.409656342752316,0.5
12,36,0.4,8.0,4,-20.63873494611388,-11.999737915789485,-5.9056037038763405,-11.055956391653543,0.5
12,36,0.4,8.0,5,-20.347132336455154,-9.56470341950254,-13.13315067046317,-11.600190373181489,0.5
12,36,0.4,8.0,6,-20.0817049345464,-8.485759573424525,-6.164851444633902,-3.829358925860052,0.5
12,40,0.0,8.0,1,-14.932760129456112,-6.310582161262502,-6.043846754564027,5.525053110549294,0.5555555555555556
12,40,0.0,8.0,2,-14.71234518403275,-7.133508431289512,-16.72069124251624,0.463103135996976,0.5555555555555556
12,40,0.0,8.0,3,-15.063788517096592,-7.998723043915286,-1.260136309408352,-0.9074493520219568,0.5555555555555556
12,40,0.0,8.0,4,-14.836061379935977,-6.973442142560552,-1.20316558198659,2.01684778299915,0.5555555555555556
12,40,0.0,8.0,5,-15.506832979521429,-5.559582222800073,1.1789615771550317,1.2014459876997667,0.5555555555555556
12,40,0.0,8.0,6,-14.96115566854462,-7.182940861603212,-13.542688189374257,-2.0618986416392233,0.5555555555555556
12,40,0.1,8.0,1,-14.845024384598958,-6.4278005597040675,3.523970409617472,3.1068486440861416,0.5555555555555556
12,40,0.1,8.0,2,-14.613894072463856,-4.797876736469296,-10.921112796807549,8.696374616345281,0.5555555555555556
12,40,0.1,8.0,3,-14.509896407064986,-8.114953094732538,2.258643540706604,-0.8458776372825092,0.5555555555555556
12,40,0.1,8.0,4,-14.639538679396598,-6.288274361055838,-3.338455150586578,2.888127271237974,0.5555555555555556
12,40,0.1,8.0,5,-14.62552031211565,-7.66068822376865,-10.432901835006554,-1.171992407026146,0.5555555555555556
12,40,0.1,8.0,6,-14.589952916052306,-6.525065629813307,-2.190044204505562,0.7959969956022359,0.5555555555555556
12,40,0.2,8.0,1,-14.160457605839571,-6.209929140102085,-10.47748630554318,-1.7257673765886878,0.5555555555555556
12,40,0.2,8.0,2,-14.49346730859916,-5.820862603434425,-6.360534769656026,-2.4704458554223274,0.5555555555555556
12,40,0.2,8.0,3,-14.64665761908546,-8.165779493156986,-6.693213582211007,-6.451403903564213,0.5555555555555556
12,40,0.2,8.0,4,-14.36828233961316,-8.215898055461071,-6.419253619983914,-6.023339281370413,0.5555555555555556
12,40,0.2,8.0,5,-14.43567361504669,-6.695543076855946,0.1689265549091253,-2.662754014961045,0.5555555555555556
12,40,0.2,8.0,6,-14.433971141520868,-5.979159098451604,-1.14710663151086,-0.2952667073949364,0.5555555555555556
12,40,0.3,8.0,1,-13.914512006528277,-5.130916616611683,-2.1799508053038528,-8.340356451907672,0.5555555555555556
12,40,0.3,8.0,2,-14.798915392290333,-8.421863814498392,-9.46597289900331,-6.265345469838927,0.5555555555555556
12,40,0.3,8.0,3,-13.92411495782876,-7.852421873971947,-3.978065958767948,-6.885505984998659,0.5555555555555556
12,40,0.3,8.0,4,-14.328136517478942,-8.052824378617675,-6.671946278422412,-1.6478619030945283,0.5555555555555556
12,40,0.3,8.0,5,-13.715100525152597,-6.335600103016304,-2.0160616822686417,3.220623135890716,0.5555555555555556
12,40,0.3,8.0,6,-13.800827259125992,-5.668760533243865,-1.0952450980394757,-4.98920068221546,0.5555555555555556
12,40,0.4,8.0,1,-14.056731250263898,-8.752856470782156,-0.0971238836031691,-7.411284364814309,0.5555555555555556
12,40,0.4,8.0,2,-13.470202394176814,-4.5140379994413875,-0.1711592011664059,0.9929138944547582,0.5555555555555556
12,40,0.4,8.0,3,-13.479109685994686,-8.065872546717053,-2.8142071232720496,4.315326158162979,0.5555555555555556
12,40,0.4,8.0,4,-12.907576249186416,-4.021103780067626,-7.712086977642484,-3.5902745680999586,0.5555555555555556
12,40,0.4,8.0,5,-14.383243997944383,-9.093974812171323,-3.5954806414811813,1.9651136333571289,0.5555555555555556
12,40,0.4,8.0,6,-13.430789783706306,-5.2974059007718015,-5.465236148814374,-9.326542186618562,0.5555555555555556
12,48,0.0,8.0,1,-7.161514887493735,-3.514011687729311,-1.6227365952579695,2.682722929983024,0.6666666666666666
12,48,0.0,8.0,2,-7.231610865465951,-4.074874194938704,5.7051755665558845,0.3218178803252954,0.6666666666666666
12,48,0.0,8.0,3,-6.997887520014521,-0.9341641265804392,-5.845211722550535,-2.320715272565594,0.6666666666666666
12,48,0.0,8.0,4,-6.888739161989596,-1.81450189585192,-0.4224884082312066,-2.8741769975436164,0.6666666666666666
12,48,0.0,8.0,5,-6.831830358500386,-2.7540994458550037,-2.6293734623895713,-0.9499218573191222,0.6666666666666666
12,48,0.0,8.0,6,-6.566805044378121,-3.5317063903166286,-6.371445061825911,0.3668175521081679,0.6666666666666666
12,48,0.1,8.0,1,-7.2178427816273345,-3.06634061721414,1.3536055878622009,1.7177890215241554,0.6666666666666666
12,48,0.1,8.0,2,-6.920317372541223,-3.4977247750310796,1.4438063827075829,-1.5744836402782876,0.6666666666666666
12,48,0.1,8.0,3,-7.314851850177037,-4.477546149639954,-2.969234530249598,-0.9410642394765116,0.6666666666666666
12,48,0.1,8.0,4,-7.262108566524181,-3.728595004232551,-4.271466466970115,-10.052532538022716,0.6666666666666666
12,48,0.1,8.0,5,-6.89118406853017,-2.928090481083827,1.6992179899675193,-4.3865412818914695,0.6666666666666666
12,48,0.1,8.0,6,-6.937225125293361,-2.1303014492692727,-0.8458363577198291,-4.052232749748102,0.6666666666666666
12,48,0.2,8.0,1,-6.957088851545473,-3.0352576078959475,-2.2751909148749125,-6.27007750574891,0.6666666666666666
12,48,0.2,8.0,2,-6.985196193948051,-1.439714684556812,-3.6541789561240408,-1.8966316931977671,0.6666666666666666
12,48,0.2,8.0,3,-6.993730438609276,-2.470146701026778,-0.7037321590723129,-3.2455185295062785,0.6666666666666666
12,48,0.2,8.0,4,-6.866154634241286,-1.9684720839119083,-0.4051286467133465,-0.9385462855029386,0.6666666666666666
12,48,0.2,8.0,5,-6.448679011514338,-1.5874064657167124,-0.518787820206003,0.9950755060646124,0.6666666666666666
12,48,0.2,8.0,6,-6.79619218070267,-7.178035306545903,-0.2149773687487483,-0.3243471725848105,0.6666666666666666
12,48,0.3,8.0,1,-7.074723578564703,-1.5168177424400553,-5.510091877581077,-2.9026781066152556,0.6666666666666666
12,48,0.3,8.0,2,-6.44879415535159,-0.4127375910141992,-6.986591321036758,-3.885458618426418,0.6666666666666666
12,48,0.3,8.0,3,-6.788063524046867,-2.645253664341289,1.1665591481684068,-1.091957953049985,0.6666666666666666
12,48,0.3,8.0,4,-6.477567270654944,-3.0605141186624336,-7.401715475384796,-1.0145244560564657,0.6666666666666666
12,48,0.3,8.0,5,-6.443363934482823,-2.3694906252640906,-5.58096693435138,-0.6051858954886783,0.6666666666666666
12,48,0.3,8.0,6,-6.880299932994836,-0.4409703419062283,3.750084274193484,-3.206957826252348,0.6666666666666666
12,48,0.4,8.0,1,-6.778837890860108,-1.7690056371710354,-1.751214986980648,-4.991880780407832,0.6666666666666666
12,48,0.4,8.0,2,-6.5237612741805835,-2.011038707834079,-3.0390783610051413,-0.2851048833296943,0.6666666666666666
12,48,0.4,8.0,3,-6.898800002946777,-1.6550180744596172,-5.837869106814981,-8.76739440918308,0.6666666666666666
12,48,0.4,8.0,4,-6.191402212889088,-1.9730510262271572,-6.994463183046821,-3.621787642344207,0.6666666666666666
12,48,0.4,8.0,5,-6.416207803037129,-2.650775998614233,-3.5396799955773988,-2.985354893814045,0.6666666666666666
12,48,0.4,8.0,6,-6.4898037287877175,-2.6169233013882964,-3.051334482590362,-3.3084992644341327,0.6666666666666666
12,56,0.0,8.0,1,-3.025915573245015,1.4697170765771896,0.771395470958429,0.2974909990209893,0.7777777777777778
12,56,0.0,8.0,2,-3.374709093866295,-0.1168005867994588,2.2446782468733937,0.4978719597268536,0.7777777777777778
12,56,0.0,8.0,3,-3.4152361653779777,0.921990650480857,0.5660301870901859,1.722351454316516,0.7777777777777778
12,56,0.0,8.0,4,-3.2440937109691306,0.8284794135932554,3.357087348512214,-2.7567265376566588,0.7777777777777778
12,56,0.0,8.0,5,-3.746494220022387,1.5040619711815726,1.5622356695978492,-0.8066522523312953,0.7777777777777778
12,56,0.0,8.0,6,-3.200242117800991,1.6745551842585606,-1.1079678907580766,-3.5333698803840456,0.7777777777777778
12,56,0.1,8.0,1,-3.687127787322608,1.2401120942909365,1.6440040836606122,-1.3733591305503137,0.7777777777777778
12,56,0.1,8.0,2,-4.584381687665716,-2.6071016285881536,-1.722296565774203,4.983579917199693,0.7777777777777778
12,56,0.1,8.0,3,-3.542815042671388,0.5920390000427883,-1.8634709877713107,0.0048060107906835,0.7777777777777778
12,56,0.1,8.0,4,-3.7439344630189058,1.1859178040348606,-1.180022527562013,-0.5196162636188033,0.7777777777777778
12,56,0.1,8.0,5,-3.6713571073968567,0.8273183583320272,2.3905476141431423,-2.412604660757514,0.7777777777777778
12,56,0.1,8.0,6,-3.3433777865216983,0.5952156529651249,-0.6892106936342339,-3.1519929098997914,0.7777777777777778
12,56,0.2,8.0,1,-3.3012542442515715,1.5329269068939395,-0.7242331696988163,-0.8695389308355871,0.7777777777777778
12,56,0.2,8.0,2,-3.295215869466189,1.259643474740853,-2.1059050744247374,-0.0419371964810805,0.7777777777777778
12,56,0.2,8.0,3,-3.6332246988537937,2.1758243143386684,-2.313498440653325,-2.3949759330881824,0.7777777777777778
12,56,0.2,8.0,4,-3.279607520996074,1.0495817090875623,0.4090715519779858,-2.395937993887582,0.7777777777777778
12,56,0.2,8.0,5,-3.42635861196054,0.8865003901754079,-1.7248290994625584,0.4243221266917938,0.7777777777777778
12,56,0.2,8.0,6,-3.8017510760804214,0.7365582579177163,1.007144475898776,-0.7969025958245604,0.7777777777777778
12,56,0.3,8.0,1,-3.284779869496254,1.5165078870881736,-1.78405195219239,-1.7728319718119352,0.7777777777777778
12,56,0.3,8.0,2,-3.573700579584203,2.1784757475406495,0.8564504801611266,-0.5524285828357949,0.7777777777777778
12,56,0.3,8.0,3,-3.1969426809995083,1.714438499220274,-0.978819156215865,-3.475232383651959,0.7777777777777778
12,56,0.3,8.0,4,-3.455212652631426,1.5695204031939014,-0.6652188216399534,-1.6452178474964634,0.7777777777777778
12,56,0.3,8.0,5,-3.3741604645634204,1.8601705254991707,2.7291836684751916,-2.905123068665902,0.7777777777777778
12,56,0.3,8.0,6,-3.274866130903648,1.9843575351606877,-1.4559740993169423,-0.6932842232548669,0.7777777777777778
12,56,0.4,8.0,1,-3.482533808894152,1.1063415994449477,-1.2529200721285156,-1.9397268809223016,0.7777777777777778
12,56,0.4,8.0,2,-3.2257928818594737,1.1866151780500922,0.1196590372645882,-1.2290436476074569,0.7777777777777778
12,56,0.4,8.0,3,-3.165343416248247,1.3141393601963791,-0.15550663543361,0.4008691987706795,0.7777777777777778
12,56,0.4,8.0,4,-3.5096590536719696,1.7649097855147466,-0.7896673086860909,-1.7562385007017045,0.7777777777777778
12,56,0.4,8.0,5,-3.493014290796262,1.5145550247995243,-0.6843235027026102,-1.7603837782955878,0.7777777777777778
12,56,0.4,8.0,6,-3.353791817172504,1.1214268891742587,-0.4645267640473385,-0.276151698923177,0.7777777777777778
12,64,0.0,8.0,1,-1.6802675860158196,3.2683865611639646,1.4249743568441902,-0.4722430307037575,0.8888888888888888
12,64,0.0,8.0,2,-1.7606991268277028,3.42863200671673,4.851153940440861,-2.4459845841579204,0.8888888888888888
12,64,0.0,8.0,3,-1.8769853404256516,3.004596433263375,2.6522589919851174,-1.5080229489879102,0.8888888888888888
12,64,0.0,8.0,4,-1.705266041178297,3.533052377847311,1.646873957051561,0.6910066325707993,0.8888888888888888
12,64,0.0,8.0,5,-2.003207062920539,3.2323272493889847,2.0555454612863073,0.5960414920674266,0.8888888888888888
12,64,0.0,8.0,6,-1.705772647313382,3.2316049832962235,3.1549329057437197,-1.4858652343580965,0.8888888888888888
12,64,0.1,8.0,1,-1.3138861213007575,3.238316164424026,1.7984462158462162,-0.9159665518713046,0.8888888888888888
12,64,0.1,8.0,2,-1.8301769816386184,3.383327405811768,2.238933265599592,0.368544303688765,0.8888888888888888
12,64,0.1,8.0,3,-1.650241699541414,3.2170834023848505,4.50839462809702,-1.6337427818889942,0.8888888888888888
12,64,0.1,8.0,4,-1.5964335918017416,3.1246052818094356,1.5517764894724828,-0.0241838336501591,0.8888888888888888
12,64,0.1,8.0,5,-1.4230942380767746,3.577165518061109,5.955283783228113,-2.2547110795715355,0.8888888888888888
12,64,0.1,8.0,6,-1.9230710604052017,3.1856440488111666,3.2080154014210533,-1.9085977309456383,0.8888888888888888
12,64,0.2,8.0,1,-1.5918096083646476,3.273767093510049,2.7286614601535604,0.6475391940824511,0.8888888888888888
12,64,0.2,8.0,2,-1.942605267034908,3.337597462178502,3.7154875194892414,0.1764368210092612,0.8888888888888888
12,64,0.2,8.0,3,-1.7561922702715598,2.93852969356708,0.5050426306603943,-0.2268133901666738,0.8888888888888888
12,64,0.2,8.0,4,-1.8315506226840896,3.1551980271291145,3.0702994597947355,-1.7189003753413945,0.8888888888888888
12,64,0.2,8.0,5,-1.668603236802611,2.8994950431301683,1.2806314402120738,-1.2842555421374118,0.8888888888888888
12,64,0.2,8.0,6,-1.757737679647,3.3573451858471075,0.3229520393122076,-1.1227926427435293,0.8888888888888888
12,64,0.3,8.0,1,-1.818196658322808,2.6462548364399305,2.9315273899059227,1.2504525379764249,0.8888888888888888
12,64,0.3,8.0,2,-1.8491440079998096,3.080871338056112,2.759959375618529,1.6273504766041142,0.8888888888888888
12,64,0.3,8.0,3,-1.84115650128399,3.263298894843176,3.0085046510256213,1.5948316635443447,0.8888888888888888
12,64,0.3,8.0,4,-2.064043542694733,3.8447255165729066,1.7765813696988098,0.6914061737492927,0.8888888888888888
12,64,0.3,8.0,5,-2.041726434843266,3.4223092540832893,2.48737393449369,0.9061173386046388,0.8888888888888888
12,64,0.3,8.0,6,-1.8488409754854305,3.1083083662005793,1.647530010810435,-0.0011695632292658,0.8888888888888888
12,64,0.4,8.0,1,-1.8634898362292585,2.8792496358579727,2.521884584295975,1.453376086162906,0.8888888888888888
12,64,0.4,8.0,2,-2.0250796889057683,3.1070472870426817,1.408184180362748,2.7427937363227906,0.8888888888888888
12,64,0.4,8.0,3,-1.6720435586917943,2.7394520984111237,2.370883898960894,3.2574674177697416,0.8888888888888888
12,64,0.4,8.0,4,-2.236707957367136,3.1799394347716743,-0.3942792204136295,3.0491283138149603,0.8888888888888888
12,64,0.4,8.0,5,-2.0711999184009304,3.282248356004549,1.492538341515549,3.275430931875038,0.8888888888888888
12,64,0.4,8.0,6,-1.7628404332194123,2.7154673114675725,0.8440207732215563,2.794069259991393,0.8888888888888888
12,72,0.0,8.0,1,-0.9838330044831856,3.688463114923978,3.2076841691865696,-1.5440972527825774,1.0
12,72,0.0,8.0,2,-0.9934604082702416,3.892339642884535,4.594010161348288,-1.0444389347252512,1.0
12,72,0.0,8.0,3,-0.9800845335466054,3.778735882172218,3.429201952694693,-1.0463448997754723,1.0
12,72,0.0,8.0,4,-1.010278972485736,3.888650775428831,3.788535857750088,-0.7811888310118854,1.0
12,72,0.0,8.0,5,-0.9629272058820548,3.522634385868706,3.8317862979758743,-2.166430048115309,1.0
12,72,0.0,8.0,6,-0.8072394729196557,3.313286946142014,3.1816557856785703,-0.1350849307217113,1.0
12,72,0.1,8.0,1,-0.8148037103145424,3.1957642330477807,4.201002407179323,0.2981302074993087,1.0
12,72,0.1,8.0,2,-1.059897225551178,4.095955572416334,4.680806809899257,0.3566452576172902,1.0
12,72,0.1,8.0,3,-0.892524468702927,3.446061868936483,2.9872684508094656,-0.1117120125406297,1.0
12,72,0.1,8.0,4,-0.9333801701714404,3.4825699263346572,3.3164150425022876,-1.233514149545621,1.0
12,72,0.1,8.0,5,-0.954924563524646,3.104945134466283,3.588284740695405,-0.0801392018899013,1.0
12,72,0.1,8.0,6,-1.0980682759044569,3.822602928260207,3.864564897780797,-0.9300913750001156,1.0
12,72,0.2,8.0,1,-1.1669948569690345,3.578078107867422,4.3797718163084856,0.615629485082059,1.0
12,72,0.2,8.0,2,-1.0447155801081245,3.370600769521322,3.145743475380371,0.9216765417020656,1.0
12,72,0.2,8.0,3,-0.9636468077979352,3.197429390817471,2.5333064301050014,1.224280199331338,1.0
12,72,0.2,8.0,4,-1.1212342341195465,3.663926247427362,3.557402973474814,1.7695988551409456,1.0
12,72,0.2,8.0,5,-1.156356244257482,3.742260130526312,3.497621214808217,2.2068698819888772,1.0
12,72,0.2,8.0,6,-0.9746142834020536,3.362460701237987,3.5692096323292275,1.4463030888559794,1.0
12,72,0.3,8.0,1,-1.0761075767025576,3.504527827700508,3.4637732468662876,2.0228586823141264,1.0
12,72,0.3,8.0,2,-1.2429613579467655,3.517855501785525,2.5255892698461913,2.2980086713655616,1.0
12,72,0.3,8.0,3,-1.1616153670627167,3.6056912634392497,3.3078538844992407,3.0481111329581165,1.0
12,72,0.3,8.0,4,-1.367639339155316,3.6327844092643127,2.4901824350862207,3.027142997214504,1.0
12,72,0.3,8.0,5,-0.9912481552549964,2.5894690199469785,2.443297339516232,1.2803622072235663,1.0
12,72,0.3,8.0,6,-1.06872079644926,3.3329604770902335,2.2200048399821135,2.3218971804105557,1.0
12,72,0.4,8.0,1,-1.3358448885034089,3.491566410750888,2.0152992495659108,2.995266400676271,1.0
12,72,0.4,8.0,2,-1.347274749402739,3.4167868181591827,3.760500437113991,4.754808866320554,1.0
12,72,0.4,8.0,3,-1.114963654544276,3.3255763051067837,2.6637237207761144,3.697155813985316,1.0
12,72,0.4,8.0,4,-1.415638748860821,2.9471028600013134,3.368524495943401,4.08274667075607,1.0
12,72,0.4,8.0,5,-1.1730245197665383,3.0312747724902707,1.9572951331434365,3.4530541819108413,1.0
12,72,0.4,8.0,6,-1.2294920092385002,3.0987744905093004,3.094866927470883,3.579278986730466,1.0
