U,nup,delta,seed,chi_son,chi_sext,chi_d,chi_dxy,n
0.0,4,0.0,1,5.304645611658998e-15,-2.7897684162780937e-14,-1.9433343823038742e-14,1.6644463585180347e-13,0.2222222222222222
0.0,4,0.0,2,5.304645611658998e-15,-2.7897684162780937e-14,-1.9433343823038742e-14,1.6644463585180347e-13,0.2222222222222222
0.0,4,0.0,3,5.304645611658998e-15,-2.7897684162780937e-14,-1.9433343823038742e-14,1.6644463585180347e-13,0.2222222222222222
0.0,4,0.0,4,5.304645611658998e-15,-2.7897684162780937e-14,-1.9433343823038742e-14,1.6644463585180347e-13,0.2222222222222222
0.0,4,0.0,5,5.304645611658998e-15,-2.7897684162780937e-14,-1.9433343823038742e-14,1.6644463585180347e-13,0.2222222222222222
0.0,4,0.0,6,5.304645611658998e-15,-2.7897684162780937e-14,-1.9433343823038742e-14,1.6644463585180347e-13,0.2222222222222222
0.0,4,0.1,1,-4.910738482521993e-14,-1.3786305430585346e-13,9.547918011776346e-14,-2.681233013390738e-13,0.2222222222222222
0.0,4,0.1,2,-4.910738482521993e-14,-1.3786305430585346e-13,9.547918011776346e-14,-2.681233013390738e-13,0.2222222222222222
0.0,4,0.1,3,-4.910738482521993e-14,-1.3786305430585346e-13,9.547918011776346e-14,-2.681233013390738e-13,0.2222222222222222
0.0,4,0.1,4,-4.910738482521993e-14,-1.3786305430585346e-13,9.547918011776346e-14,-2.681233013390738e-13,0.2222222222222222
0.0,4,0.1,5,-4.910738482521993e-14,-1.3786305430585346e-13,9.547918011776346e-14,-2.681233013390738e-13,0.2222222222222222
0.0,4,0.1,6,-4.910738482521993e-14,-1.3786305430585346e-13,9.547918011776346e-14,-2.681233013390738e-13,0.2222222222222222
0.0,4,0.2,1,6.554756737386924e-14,-2.442046564965494e-13,1.9586110511227165e-13,-1.1432632618380012e-13,0.2222222222222222
0.0,4,0.2,2,6.554756737386924e-14,-2.442046564965494e-13,1.9586110511227165e-13,-1.1432632618380012e-13,0.2222222222222222
0.0,4,0.2,3,6.554756737386924e-14,-2.442046564965494e-13,1.9586110511227165e-13,-1.1432632618380012e-13,0.2222222222222222
0.0,4,0.2,4,6.554756737386924e-14,-2.442046564965494e-13,1.9586110511227165e-13,-1.1432632618380012e-13,0.2222222222222222
0.0,4,0.2,5,6.554756737386924e-14,-2.442046564965494e-13,1.9586110511227165e-13,-1.1432632618380012e-13,0.2222222222222222
0.0,4,0.2,6,6.554756737386924e-14,-2.442046564965494e-13,1.9586110511227165e-13,-1.1432632618380012e-13,0.2222222222222222
0.0,4,0.3,1,7.0632388826652464e-15,-9.447553850350233e-14,-1.8809842572409255e-13,2.495781359357352e-13,0.2222222222222222
0.0,4,0.3,2,7.0632388826652464e-15,-9.447553850350233e-14,-1.8809842572409255e-13,2.495781359357352e-13,0.2222222222222222
0.0,4,0.3,3,7.0632388826652464e-15,-9.447553850350233e-14,-1.8809842572409255e-13,2.495781359357352e-13,0.2222222222222222
0.0,4,0.3,4,7.0632388826652464e-15,-9.447553850350233e-14,-1.8809842572409255e-13,2.495781359357352e-13,0.2222222222222222
0.0,4,0.3,5,7.0632388826652464e-15,-9.447553850350233e-14,-1.8809842572409255e-13,2.495781359357352e-13,0.2222222222222222
0.0,4,0.3,6,7.0632388826652464e-15,-9.447553850350233e-14,-1.8809842572409255e-13,2.495781359357352e-13,0.2222222222222222
0.0,4,0.4,1,1.1240119945910011e-13,-3.281996896475903e-13,6.533440455314123e-14,-2.953903788238677e-13,0.2222222222222222
0.0,4,0.4,2,1.1240119945910011e-13,-3.281996896475903e-13,6.533440455314123e-14,-2.953903788238677e-13,0.2222222222222222
0.0,4,0.4,3,1.1240119945910011e-13,-3.281996896475903e-13,6.533440455314123e-14,-2.953903788238677e-13,0.2222222222222222
0.0,4,0.4,4,1.1240119945910011e-13,-3.281996896475903e-13,6.533440455314123e-14,-2.953903788238677e-13,0.2222222222222222
0.0,4,0.4,5,1.1240119945910011e-13,-3.281996896475903e-13,6.533440455314123e-14,-2.953903788238677e-13,0.2222222222222222
0.0,4,0.4,6,1.1240119945910011e-13,-3.281996896475903e-13,6.533440455314123e-14,-2.953903788238677e-13,0.2222222222222222
0.0,6,0.0,1,-3.728573005901126e-14,6.974865129905084e-14,-9.952927371159602e-14,-6.44639897018351e-14,0.3333333333333333
0.0,6,0.0,2,-3.728573005901126e-14,6.974865129905084e-14,-9.952927371159602e-14,-6.44639897018351e-14,0.3333333333333333
0.0,6,0.0,3,-3.728573005901126e-14,6.974865129905084e-14,-9.952927371159602e-14,-6.44639897018351e-14,0.3333333333333333
0.0,6,0.0,4,-3.728573005901126e-14,6.974865129905084e-14,-9.952927371159602e-14,-6.44639897018351e-14,0.3333333333333333
0.0,6,0.0,5,-3.728573005901126e-14,6.974865129905084e-14,-9.952927371159602e-14,-6.44639897018351e-14,0.3333333333333333
0.0,6,0.0,6,-3.728573005901126e-14,6.974865129905084e-14,-9.952927371159602e-14,-6.44639897018351e-14,0.3333333333333333
0.0,6,0.1,1,2.5053292773691285e-14,4.6593839897468564e-14,2.7977620220553945e-14,1.476152533541608e-14,0.3333333333333333
0.0,6,0.1,2,2.5053292773691285e-14,4.6593839897468564e-14,2.7977620220553945e-14,1.476152533541608e-14,0.3333333333333333
0.0,6,0.1,3,2.5053292773691285e-14,4.6593839897468564e-14,2.7977620220553945e-14,1.476152533541608e-14,0.3333333333333333
0.0,6,0.1,4,2.5053292773691285e-14,4.6593839897468564e-14,2.7977620220553945e-14,1.476152533541608e-14,0.3333333333333333
0.0,6,0.1,5,2.5053292773691285e-14,4.6593839897468564e-14,2.7977620220553945e-14,1.476152533541608e-14,0.3333333333333333
0.0,6,0.1,6,2.5053292773691285e-14,4.6593839897468564e-14,2.7977620220553945e-14,1.476152533541608e-14,0.3333333333333333
0.0,6,0.2,1,1.0957901253050295e-14,-8.322231792590174e-14,-7.860379014346108e-14,7.075229291331199e-14,0.3333333333333333
0.0,6,0.2,2,1.0957901253050295e-14,-8.322231792590174e-14,-7.860379014346108e-14,7.075229291331199e-14,0.3333333333333333
0.0,6,0.2,3,1.0957901253050295e-14,-8.322231792590174e-14,-7.860379014346108e-14,7.075229291331199e-14,0.3333333333333333
0.0,6,0.2,4,1.0957901253050295e-14,-8.322231792590174e-14,-7.860379014346108e-14,7.075229291331199e-14,0.3333333333333333
0.0,6,0.2,5,1.0957901253050295e-14,-8.322231792590174e-14,-7.860379014346108e-14,7.075229291331199e-14,0.3333333333333333
0.0,6,0.2,6,1.0957901253050295e-14,-8.322231792590174e-14,-7.860379014346108e-14,7.075229291331199e-14,0.3333333333333333
0.0,6,0.3,1,2.400302179239589e-15,-3.518074720432196e-14,3.3292479884039497e-13,5.552003301545483e-14,0.3333333333333333
0.0,6,0.3,2,2.400302179239589e-15,-3.518074720432196e-14,3.3292479884039497e-13,5.552003301545483e-14,0.3333333333333333
0.0,6,0.3,3,2.400302179239589e-15,-3.518074720432196e-14,3.3292479884039497e-13,5.552003301545483e-14,0.3333333333333333
0.0,6,0.3,4,2.400302179239589e-15,-3.518074720432196e-14,3.3292479884039497e-13,5.552003301545483e-14,0.3333333333333333
0.0,6,0.3,5,2.400302179239589e-15,-3.518074720432196e-14,3.3292479884039497e-13,5.552003301545483e-14,0.3333333333333333
0.0,6,0.3,6,2.400302179239589e-15,-3.518074720432196e-14,3.3292479884039497e-13,5.552003301545483e-14,0.3333333333333333
0.0,6,0.4,1,2.440936341940869e-14,-3.570477247194504e-14,-2.8544278052322624e-13,3.744560217455729e-14,0.3333333333333333
0.0,6,0.4,2,2.440936341940869e-14,-3.570477247194504e-14,-2.8544278052322624e-13,3.744560217455729e-14,0.3333333333333333
0.0,6,0.4,3,2.440936341940869e-14,-3.570477247194504e-14,-2.8544278052322624e-13,3.744560217455729e-14,0.3333333333333333
0.0,6,0.4,4,2.440936341940869e-14,-3.570477247194504e-14,-2.8544278052322624e-13,3.744560217455729e-14,0.3333333333333333
0.0,6,0.4,5,2.440936341940869e-14,-3.570477247194504e-14,-2.8544278052322624e-13,3.744560217455729e-14,0.3333333333333333
0.0,6,0.4,6,2.440936341940869e-14,-3.570477247194504e-14,-2.8544278052322624e-13,3.744560217455729e-14,0.3333333333333333
0.0,8,0.0,1,1.5885071036336738e-14,3.1299407510232415e-14,-8.251177519014164e-14,1.3615775174002921e-14,0.4444444444444444
0.0,8,0.0,2,1.5885071036336738e-14,3.1299407510232415e-14,-8.251177519014164e-14,1.3615775174002921e-14,0.4444444444444444
0.0,8,0.0,3,1.5885071036336738e-14,3.1299407510232415e-14,-8.251177519014164e-14,1.3615775174002921e-14,0.4444444444444444
0.0,8,0.0,4,1.5885071036336738e-14,3.1299407510232415e-14,-8.251177519014164e-14,1.3615775174002921e-14,0.4444444444444444
0.0,8,0.0,5,1.5885071036336738e-14,3.1299407510232415e-14,-8.251177519014164e-14,1.3615775174002921e-14,0.4444444444444444
0.0,8,0.0,6,1.5885071036336738e-14,3.1299407510232415e-14,-8.251177519014164e-14,1.3615775174002921e-14,0.4444444444444444
0.0,8,0.1,1,-1.471267552233258e-14,-4.492406446843234e-14,-6.554756737386924e-15,-6.81232847909996e-15,0.4444444444444444
0.0,8,0.1,2,-1.471267552233258e-14,-4.492406446843234e-14,-6.554756737386924e-15,-6.81232847909996e-15,0.4444444444444444
0.0,8,0.1,3,-1.471267552233258e-14,-4.492406446843234e-14,-6.554756737386924e-15,-6.81232847909996e-15,0.4444444444444444
0.0,8,0.1,4,-1.471267552233258e-14,-4.492406446843234e-14,-6.554756737386924e-15,-6.81232847909996e-15,0.4444444444444444
0.0,8,0.1,5,-1.471267552233258e-14,-4.492406446843234e-14,-6.554756737386924e-15,-6.81232847909996e-15,0.4444444444444444
0.0,8,0.1,6,-1.471267552233258e-14,-4.492406446843234e-14,-6.554756737386924e-15,-6.81232847909996e-15,0.4444444444444444
0.0,8,0.2,1,-2.0572432646304152e-14,6.9011463210699735e-15,-5.480060849549773e-14,-2.0872192862952948e-15,0.4444444444444444
0.0,8,0.2,2,-2.0572432646304152e-14,6.9011463210699735e-15,-5.480060849549773e-14,-2.0872192862952948e-15,0.4444444444444444
0.0,8,0.2,3,-2.0572432646304152e-14,6.9011463210699735e-15,-5.480060849549773e-14,-2.0872192862952948e-15,0.4444444444444444
0.0,8,0.2,4,-2.0572432646304152e-14,6.9011463210699735e-15,-5.480060849549773e-14,-2.0872192862952948e-15,0.4444444444444444
0.0,8,0.2,5,-2.0572432646304152e-14,6.9011463210699735e-15,-5.480060849549773e-14,-2.0872192862952948e-15,0.4444444444444444
0.0,8,0.2,6,-2.0572432646304152e-14,6.9011463210699735e-15,-5.480060849549773e-14,-2.0872192862952948e-15,0.4444444444444444
0.0,8,0.3,1,2.8865798640254065e-17,3.109512647370139e-14,3.0174973630892055e-13,-1.0489387136658478e-14,0.4444444444444444
0.0,8,0.3,2,2.8865798640254065e-17,3.109512647370139e-14,3.0174973630892055e-13,-1.0489387136658478e-14,0.4444444444444444
0.0,8,0.3,3,2.8865798640254065e-17,3.109512647370139e-14,3.0174973630892055e-13,-1.0489387136658478e-14,0.4444444444444444
0.0,8,0.3,4,2.8865798640254065e-17,3.109512647370139e-14,3.0174973630892055e-13,-1.0489387136658478e-14,0.4444444444444444
0.0,8,0.3,5,2.8865798640254065e-17,3.109512647370139e-14,3.0174973630892055e-13,-1.0489387136658478e-14,0.4444444444444444
0.0,8,0.3,6,2.8865798640254065e-17,3.109512647370139e-14,3.0174973630892055e-13,-1.0489387136658478e-14,0.4444444444444444
0.0,8,0.4,1,2.9727331707363197e-14,2.3492319201068312e-14,-2.927968978383433e-13,-1.9117152305625496e-13,0.4444444444444444
0.0,8,0.4,2,2.9727331707363197e-14,2.3492319201068312e-14,-2.927968978383433e-13,-1.9117152305625496e-13,0.4444444444444444
0.0,8,0.4,3,2.9727331707363197e-14,2.3492319201068312e-14,-2.927968978383433e-13,-1.9117152305625496e-13,0.4444444444444444
0.0,8,0.4,4,2.9727331707363197e-14,2.3492319201068312e-14,-2.927968978383433e-13,-1.9117152305625496e-13,0.4444444444444444
0.0,8,0.4,5,2.9727331707363197e-14,2.3492319201068312e-14,-2.927968978383433e-13,-1.9117152305625496e-13,0.4444444444444444
0.0,8,0.4,6,2.9727331707363197e-14,2.3492319201068312e-14,-2.927968978383433e-13,-1.9117152305625496e-13,0.4444444444444444
0.0,10,0.0,1,-5.5000448639930254e-15,1.9872992140790302e-14,5.2384763193913383e-14,-1.4308554341369017e-14,0.5555555555555556
0.0,10,0.0,2,-5.5000448639930254e-15,1.9872992140790302e-14,5.2384763193913383e-14,-1.4308554341369017e-14,0.5555555555555556
0.0,10,0.0,3,-5.5000448639930254e-15,1.9872992140790302e-14,5.2384763193913383e-14,-1.4308554341369017e-14,0.5555555555555556
0.0,10,0.0,4,-5.5000448639930254e-15,1.9872992140790302e-14,5.2384763193913383e-14,-1.4308554341369017e-14,0.5555555555555556
0.0,10,0.0,5,-5.5000448639930254e-15,1.9872992140790302e-14,5.2384763193913383e-14,-1.4308554341369017e-14,0.5555555555555556
0.0,10,0.0,6,-5.5000448639930254e-15,1.9872992140790302e-14,5.2384763193913383e-14,-1.4308554341369017e-14,0.5555555555555556
0.0,10,0.1,1,-7.416289804496045e-15,4.809486142676179e-15,4.973799150320701e-15,2.247091401841317e-15,0.5555555555555556
0.0,10,0.1,2,-7.416289804496045e-15,4.809486142676179e-15,4.973799150320701e-15,2.247091401841317e-15,0.5555555555555556
0.0,10,0.1,3,-7.416289804496045e-15,4.809486142676179e-15,4.973799150320701e-15,2.247091401841317e-15,0.5555555555555556
0.0,10,0.1,4,-7.416289804496045e-15,4.809486142676179e-15,4.973799150320701e-15,2.247091401841317e-15,0.5555555555555556
0.0,10,0.1,5,-7.416289804496045e-15,4.809486142676179e-15,4.973799150320701e-15,2.247091401841317e-15,0.5555555555555556
0.0,10,0.1,6,-7.416289804496045e-15,4.809486142676179e-15,4.973799150320701e-15,2.247091401841317e-15,0.5555555555555556
0.0,10,0.2,1,-1.070477040343576e-14,-3.468336728928989e-15,2.646771690706378e-15,1.7497114868092466e-14,0.5555555555555556
0.0,10,0.2,2,-1.070477040343576e-14,-3.468336728928989e-15,2.646771690706378e-15,1.7497114868092466e-14,0.5555555555555556
0.0,10,0.2,3,-1.070477040343576e-14,-3.468336728928989e-15,2.646771690706378e-15,1.7497114868092466e-14,0.5555555555555556
0.0,10,0.2,4,-1.070477040343576e-14,-3.468336728928989e-15,2.646771690706378e-15,1.7497114868092466e-14,0.5555555555555556
0.0,10,0.2,5,-1.070477040343576e-14,-3.468336728928989e-15,2.646771690706378e-15,1.7497114868092466e-14,0.5555555555555556
0.0,10,0.2,6,-1.070477040343576e-14,-3.468336728928989e-15,2.646771690706378e-15,1.7497114868092466e-14,0.5555555555555556
0.0,10,0.3,1,5.890843368661081e-15,-6.652456363553938e-15,1.0878409284487135e-13,3.6113334545007095e-14,0.5555555555555556
0.0,10,0.3,2,5.890843368661081e-15,-6.652456363553938e-15,1.0878409284487135e-13,3.6113334545007095e-14,0.5555555555555556
0.0,10,0.3,3,5.890843368661081e-15,-6.652456363553938e-15,1.0878409284487135e-13,3.6113334545007095e-14,0.5555555555555556
0.0,10,0.3,4,5.890843368661081e-15,-6.652456363553938e-15,1.0878409284487135e-13,3.6113334545007095e-14,0.5555555555555556
0.0,10,0.3,5,5.890843368661081e-15,-6.652456363553938e-15,1.0878409284487135e-13,3.6113334545007095e-14,0.5555555555555556
0.0,10,0.3,6,5.890843368661081e-15,-6.652456363553938e-15,1.0878409284487135e-13,3.6113334545007095e-14,0.5555555555555556
0.0,10,0.4,1,1.8451906669270103e-15,3.774758283725532e-15,-1.6048495865561563e-13,1.000799443318101e-13,0.5555555555555556
0.0,10,0.4,2,1.8451906669270103e-15,3.774758283725532e-15,-1.6048495865561563e-13,1.000799443318101e-13,0.5555555555555556
0.0,10,0.4,3,1.8451906669270103e-15,3.774758283725532e-15,-1.6048495865561563e-13,1.000799443318101e-13,0.5555555555555556
0.0,10,0.4,4,1.8451906669270103e-15,3.774758283725532e-15,-1.6048495865561563e-13,1.000799443318101e-13,0.5555555555555556
0.0,10,0.4,5,1.8451906669270103e-15,3.774758283725532e-15,-1.6048495865561563e-13,1.000799443318101e-13,0.5555555555555556
0.0,10,0.4,6,1.8451906669270103e-15,3.774758283725532e-15,-1.6048495865561563e-13,1.000799443318101e-13,0.5555555555555556
0.0,12,0.0,1,-5.397904345727511e-15,1.9245716131877088e-14,5.1709747594941296e-14,-1.744382416291046e-14,0.6666666666666666
0.0,12,0.0,2,-5.397904345727511e-15,1.9245716131877088e-14,5.1709747594941296e-14,-1.744382416291046e-14,0.6666666666666666
0.0,12,0.0,3,-5.397904345727511e-15,1.9245716131877088e-14,5.1709747594941296e-14,-1.744382416291046e-14,0.6666666666666666
0.0,12,0.0,4,-5.397904345727511e-15,1.9245716131877088e-14,5.1709747594941296e-14,-1.744382416291046e-14,0.6666666666666666
0.0,12,0.0,5,-5.397904345727511e-15,1.9245716131877088e-14,5.1709747594941296e-14,-1.744382416291046e-14,0.6666666666666666
0.0,12,0.0,6,-5.397904345727511e-15,1.9245716131877088e-14,5.1709747594941296e-14,-1.744382416291046e-14,0.6666666666666666
0.0,12,0.1,1,-1.211697409075896e-14,1.343924971308752e-14,4.671818487622657e-15,3.2773783686934625e-15,0.6666666666666666
0.0,12,0.1,2,-1.211697409075896e-14,1.343924971308752e-14,4.671818487622657e-15,3.2773783686934625e-15,0.6666666666666666
0.0,12,0.1,3,-1.211697409075896e-14,1.343924971308752e-14,4.671818487622657e-15,3.2773783686934625e-15,0.6666666666666666
0.0,12,0.1,4,-1.211697409075896e-14,1.343924971308752e-14,4.671818487622657e-15,3.2773783686934625e-15,0.6666666666666666
0.0,12,0.1,5,-1.211697409075896e-14,1.343924971308752e-14,4.671818487622657e-15,3.2773783686934625e-15,0.6666666666666666
0.0,12,0.1,6,-1.211697409075896e-14,1.343924971308752e-14,4.671818487622657e-15,3.2773783686934625e-15,0.6666666666666666
0.0,12,0.2,1,1.5629719740672957e-14,6.845635169838716e-15,1.072031352578051e-14,6.616929226765933e-15,0.6666666666666666
0.0,12,0.2,2,1.5629719740672957e-14,6.845635169838716e-15,1.072031352578051e-14,6.616929226765933e-15,0.6666666666666666
0.0,12,0.2,3,1.5629719740672957e-14,6.845635169838716e-15,1.072031352578051e-14,6.616929226765933e-15,0.6666666666666666
0.0,12,0.2,4,1.5629719740672957e-14,6.845635169838716e-15,1.072031352578051e-14,6.616929226765933e-15,0.6666666666666666
0.0,12,0.2,5,1.5629719740672957e-14,6.845635169838716e-15,1.072031352578051e-14,6.616929226765933e-15,0.6666666666666666
0.0,12,0.2,6,1.5629719740672957e-14,6.845635169838716e-15,1.072031352578051e-14,6.616929226765933e-15,0.6666666666666666
0.0,12,0.3,1,1.774802527165775e-14,-2.0861090632706694e-15,-1.2434497875801836e-16,3.8822278725092475e-14,0.6666666666666666
0.0,12,0.3,2,1.774802527165775e-14,-2.0861090632706694e-15,-1.2434497875801836e-16,3.8822278725092475e-14,0.6666666666666666
0.0,12,0.3,3,1.774802527165775e-14,-2.0861090632706694e-15,-1.2434497875801836e-16,3.8822278725092475e-14,0.6666666666666666
0.0,12,0.3,4,1.774802527165775e-14,-2.0861090632706694e-15,-1.2434497875801836e-16,3.8822278725092475e-14,0.6666666666666666
0.0,12,0.3,5,1.774802527165775e-14,-2.0861090632706694e-15,-1.2434497875801836e-16,3.8822278725092475e-14,0.6666666666666666
0.0,12,0.3,6,1.774802527165775e-14,-2.0861090632706694e-15,-1.2434497875801836e-16,3.8822278725092475e-14,0.6666666666666666
0.0,12,0.4,1,-1.2716494524056544e-14,-4.979350265443827e-15,1.1746159600534159e-13,9.659828492658564e-14,0.6666666666666666
0.0,12,0.4,2,-1.2716494524056544e-14,-4.979350265443827e-15,1.1746159600534159e-13,9.659828492658564e-14,0.6666666666666666
0.0,12,0.4,3,-1.2716494524056544e-14,-4.979350265443827e-15,1.1746159600534159e-13,9.659828492658564e-14,0.6666666666666666
0.0,12,0.4,4,-1.2716494524056544e-14,-4.979350265443827e-15,1.1746159600534159e-13,9.659828492658564e-14,0.6666666666666666
0.0,12,0.4,5,-1.2716494524056544e-14,-4.979350265443827e-15,1.1746159600534159e-13,9.659828492658564e-14,0.6666666666666666
0.0,12,0.4,6,-1.2716494524056544e-14,-4.979350265443827e-15,1.1746159600534159e-13,9.659828492658564e-14,0.6666666666666666
0.0,14,0.0,1,5.706546346573305e-16,4.796718577892989e-15,4.3822723228004176e-14,-5.639932965095795e-15,0.7777777777777778
0.0,14,0.0,2,5.706546346573305e-16,4.796718577892989e-15,4.3822723228004176e-14,-5.639932965095795e-15,0.7777777777777778
0.0,14,0.0,3,5.706546346573305e-16,4.796718577892989e-15,4.3822723228004176e-14,-5.639932965095795e-15,0.7777777777777778
0.0,14,0.0,4,5.706546346573305e-16,4.796718577892989e-15,4.3822723228004176e-14,-5.639932965095795e-15,0.7777777777777778
0.0,14,0.0,5,5.706546346573305e-16,4.796718577892989e-15,4.3822723228004176e-14,-5.639932965095795e-15,0.7777777777777778
0.0,14,0.0,6,5.706546346573305e-16,4.796718577892989e-15,4.3822723228004176e-14,-5.639932965095795e-15,0.7777777777777778
0.0,14,0.1,1,5.941913627793838e-15,7.427392034742297e-16,2.5845992013273646e-15,4.067857162226574e-15,0.7777777777777778
0.0,14,0.1,2,5.941913627793838e-15,7.427392034742297e-16,2.5845992013273646e-15,4.067857162226574e-15,0.7777777777777778
0.0,14,0.1,3,5.941913627793838e-15,7.427392034742297e-16,2.5845992013273646e-15,4.067857162226574e-15,0.7777777777777778
0.0,14,0.1,4,5.941913627793838e-15,7.427392034742297e-16,2.5845992013273646e-15,4.067857162226574e-15,0.7777777777777778
0.0,14,0.1,5,5.941913627793838e-15,7.427392034742297e-16,2.5845992013273646e-15,4.067857162226574e-15,0.7777777777777778
0.0,14,0.1,6,5.941913627793838e-15,7.427392034742297e-16,2.5845992013273646e-15,4.067857162226574e-15,0.7777777777777778
0.0,14,0.2,1,1.2945200467129327e-15,2.876032745291468e-15,-2.4602542225693468e-14,3.6344260934129126e-14,0.7777777777777778
0.0,14,0.2,2,1.2945200467129327e-15,2.876032745291468e-15,-2.4602542225693468e-14,3.6344260934129126e-14,0.7777777777777778
0.0,14,0.2,3,1.2945200467129327e-15,2.876032745291468e-15,-2.4602542225693468e-14,3.6344260934129126e-14,0.7777777777777778
0.0,14,0.2,4,1.2945200467129327e-15,2.876032745291468e-15,-2.4602542225693468e-14,3.6344260934129126e-14,0.7777777777777778
0.0,14,0.2,5,1.2945200467129327e-15,2.876032745291468e-15,-2.4602542225693468e-14,3.6344260934129126e-14,0.7777777777777778
0.0,14,0.2,6,1.2945200467129327e-15,2.876032745291468e-15,-2.4602542225693468e-14,3.6344260934129126e-14,0.7777777777777778
0.0,14,0.3,1,1.5898393712632244e-15,-1.9195756095768956e-15,2.0294876890147866e-14,4.7961634663806766e-15,0.7777777777777778
0.0,14,0.3,2,1.5898393712632244e-15,-1.9195756095768956e-15,2.0294876890147866e-14,4.7961634663806766e-15,0.7777777777777778
0.0,14,0.3,3,1.5898393712632244e-15,-1.9195756095768956e-15,2.0294876890147866e-14,4.7961634663806766e-15,0.7777777777777778
0.0,14,0.3,4,1.5898393712632244e-15,-1.9195756095768956e-15,2.0294876890147866e-14,4.7961634663806766e-15,0.7777777777777778
0.0,14,0.3,5,1.5898393712632244e-15,-1.9195756095768956e-15,2.0294876890147866e-14,4.7961634663806766e-15,0.7777777777777778
0.0,14,0.3,6,1.5898393712632244e-15,-1.9195756095768956e-15,2.0294876890147866e-14,4.7961634663806766e-15,0.7777777777777778
0.0,14,0.4,1,-1.652455949852083e-14,8.796297024105116e-15,-1.2656542480726785e-13,4.0589753780295726e-15,0.7777777777777778
0.0,14,0.4,2,-1.652455949852083e-14,8.796297024105116e-15,-1.2656542480726785e-13,4.0589753780295726e-15,0.7777777777777778
0.0,14,0.4,3,-1.652455949852083e-14,8.796297024105116e-15,-1.2656542480726785e-13,4.0589753780295726e-15,0.7777777777777778
0.0,14,0.4,4,-1.652455949852083e-14,8.796297024105116e-15,-1.2656542480726785e-13,4.0589753780295726e-15,0.7777777777777778
0.0,14,0.4,5,-1.652455949852083e-14,8.796297024105116e-15,-1.2656542480726785e-13,4.0589753780295726e-15,0.7777777777777778
0.0,14,0.4,6,-1.652455949852083e-14,8.796297024105116e-15,-1.2656542480726785e-13,4.0589753780295726e-15,0.7777777777777778
0.0,16,0.0,1,1.2226886170196852e-14,3.502476086936213e-15,5.1025850211772196e-15,2.0659030042224914e-14,0.8888888888888888
0.0,16,0.0,2,1.2226886170196852e-14,3.502476086936213e-15,5.1025850211772196e-15,2.0659030042224914e-14,0.8888888888888888
0.0,16,0.0,3,1.2226886170196852e-14,3.502476086936213e-15,5.1025850211772196e-15,2.0659030042224914e-14,0.8888888888888888
0.0,16,0.0,4,1.2226886170196852e-14,3.502476086936213e-15,5.1025850211772196e-15,2.0659030042224914e-14,0.8888888888888888
0.0,16,0.0,5,1.2226886170196852e-14,3.502476086936213e-15,5.1025850211772196e-15,2.0659030042224914e-14,0.8888888888888888
0.0,16,0.0,6,1.2226886170196852e-14,3.502476086936213e-15,5.1025850211772196e-15,2.0659030042224914e-14,0.8888888888888888
0.0,16,0.1,1,-1.9562129693895255e-15,-3.955724636739433e-15,-2.2937207688755733e-14,-2.4567015088905467e-14,0.8888888888888888
0.0,16,0.1,2,-1.9562129693895255e-15,-3.955724636739433e-15,-2.2937207688755733e-14,-2.4567015088905467e-14,0.8888888888888888
0.0,16,0.1,3,-1.9562129693895255e-15,-3.955724636739433e-15,-2.2937207688755733e-14,-2.4567015088905467e-14,0.8888888888888888
0.0,16,0.1,4,-1.9562129693895255e-15,-3.955724636739433e-15,-2.2937207688755733e-14,-2.4567015088905467e-14,0.8888888888888888
0.0,16,0.1,5,-1.9562129693895255e-15,-3.955724636739433e-15,-2.2937207688755733e-14,-2.4567015088905467e-14,0.8888888888888888
0.0,16,0.1,6,-1.9562129693895255e-15,-3.955724636739433e-15,-2.2937207688755733e-14,-2.4567015088905467e-14,0.8888888888888888
0.0,16,0.2,1,2.4713564528155986e-15,-4.14668299697496e-15,-8.522071937022704e-15,-8.260059303211168e-16,0.8888888888888888
0.0,16,0.2,2,2.4713564528155986e-15,-4.14668299697496e-15,-8.522071937022704e-15,-8.260059303211168e-16,0.8888888888888888
0.0,16,0.2,3,2.4713564528155986e-15,-4.14668299697496e-15,-8.522071937022704e-15,-8.260059303211168e-16,0.8888888888888888
0.0,16,0.2,4,2.4713564528155986e-15,-4.14668299697496e-15,-8.522071937022704e-15,-8.260059303211168e-16,0.8888888888888888
0.0,16,0.2,5,2.4713564528155986e-15,-4.14668299697496e-15,-8.522071937022704e-15,-8.260059303211168e-16,0.8888888888888888
0.0,16,0.2,6,2.4713564528155986e-15,-4.14668299697496e-15,-8.522071937022704e-15,-8.260059303211168e-16,0.8888888888888888
0.0,16,0.3,1,3.339550858072471e-15,-1.5357159988127477e-15,3.694822225952521e-15,2.966515921798418e-15,0.8888888888888888
0.0,16,0.3,2,3.339550858072471e-15,-1.5357159988127477e-15,3.694822225952521e-15,2.966515921798418e-15,0.8888888888888888
0.0,16,0.3,3,3.339550858072471e-15,-1.5357159988127477e-15,3.694822225952521e-15,2.966515921798418e-15,0.8888888888888888
0.0,16,0.3,4,3.339550858072471e-15,-1.5357159988127477e-15,3.694822225952521e-15,2.966515921798418e-15,0.8888888888888888
0.0,16,0.3,5,3.339550858072471e-15,-1.5357159988127477e-15,3.694822225952521e-15,2.966515921798418e-15,0.8888888888888888
0.0,16,0.3,6,3.339550858072471e-15,-1.5357159988127477e-15,3.694822225952521e-15,2.966515921798418e-15,0.8888888888888888
0.0,16,0.4,1,7.01882996168024e-15,1.0260958749341853e-14,-4.521716334693338e-14,2.827071909905499e-14,0.8888888888888888
0.0,16,0.4,2,7.01882996168024e-15,1.0260958749341853e-14,-4.521716334693338e-14,2.827071909905499e-14,0.8888888888888888
0.0,16,0.4,3,7.01882996168024e-15,1.0260958749341853e-14,-4.521716334693338e-14,2.827071909905499e-14,0.8888888888888888
0.0,16,0.4,4,7.01882996168024e-15,1.0260958749341853e-14,-4.521716334693338e-14,2.827071909905499e-14,0.8888888888888888
0.0,16,0.4,5,7.01882996168024e-15,1.0260958749341853e-14,-4.521716334693338e-14,2.827071909905499e-14,0.8888888888888888
0.0,16,0.4,6,7.01882996168024e-15,1.0260958749341853e-14,-4.521716334693338e-14,2.827071909905499e-14,0.8888888888888888
0.0,18,0.0,1,-2.049471703458039e-15,8.842926391139373e-16,-5.195843755245732e-15,-1.776356839400251e-15,1.0
0.0,18,0.0,2,-2.049471703458039e-15,8.842926391139373e-16,-5.195843755245732e-15,-1.776356839400251e-15,1.0
0.0,18,0.0,3,-2.049471703458039e-15,8.842926391139373e-16,-5.195843755245732e-15,-1.776356839400251e-15,1.0
0.0,18,0.0,4,-2.049471703458039e-15,8.842926391139373e-16,-5.195843755245732e-15,-1.776356839400251e-15,1.0
0.0,18,0.0,5,-2.049471703458039e-15,8.842926391139373e-16,-5.195843755245732e-15,-1.776356839400251e-15,1.0
0.0,18,0.0,6,-2.049471703458039e-15,8.842926391139373e-16,-5.195843755245732e-15,-1.776356839400251e-15,1.0
0.0,18,0.1,1,-6.772360450213454e-17,-4.519717933249012e-15,2.19557705349871e-14,7.269740365245524e-15,1.0
0.0,18,0.1,2,-6.772360450213454e-17,-4.519717933249012e-15,2.19557705349871e-14,7.269740365245524e-15,1.0
0.0,18,0.1,3,-6.772360450213454e-17,-4.519717933249012e-15,2.19557705349871e-14,7.269740365245524e-15,1.0
0.0,18,0.1,4,-6.772360450213454e-17,-4.519717933249012e-15,2.19557705349871e-14,7.269740365245524e-15,1.0
0.0,18,0.1,5,-6.772360450213454e-17,-4.519717933249012e-15,2.19557705349871e-14,7.269740365245524e-15,1.0
0.0,18,0.1,6,-6.772360450213454e-17,-4.519717933249012e-15,2.19557705349871e-14,7.269740365245524e-15,1.0
0.0,18,0.2,1,-5.159206395433103e-15,-1.128819260287628e-15,-5.8553162318730766e-15,-1.034283769740796e-14,1.0
0.0,18,0.2,2,-5.159206395433103e-15,-1.128819260287628e-15,-5.8553162318730766e-15,-1.034283769740796e-14,1.0
0.0,18,0.2,3,-5.159206395433103e-15,-1.128819260287628e-15,-5.8553162318730766e-15,-1.034283769740796e-14,1.0
0.0,18,0.2,4,-5.159206395433103e-15,-1.128819260287628e-15,-5.8553162318730766e-15,-1.034283769740796e-14,1.0
0.0,18,0.2,5,-5.159206395433103e-15,-1.128819260287628e-15,-5.8553162318730766e-15,-1.034283769740796e-14,1.0
0.0,18,0.2,6,-5.159206395433103e-15,-1.128819260287628e-15,-5.8553162318730766e-15,-1.034283769740796e-14,1.0
0.0,18,0.3,1,6.556977183436175e-15,1.2020939799128883e-15,3.3972824553529796e-15,7.684963776455333e-15,1.0
0.0,18,0.3,2,6.556977183436175e-15,1.2020939799128883e-15,3.3972824553529796e-15,7.684963776455333e-15,1.0
0.0,18,0.3,3,6.556977183436175e-15,1.2020939799128883e-15,3.3972824553529796e-15,7.684963776455333e-15,1.0
0.0,18,0.3,4,6.556977183436175e-15,1.2020939799128883e-15,3.3972824553529796e-15,7.684963776455333e-15,1.0
0.0,18,0.3,5,6.556977183436175e-15,1.2020939799128883e-15,3.3972824553529796e-15,7.684963776455333e-15,1.0
0.0,18,0.3,6,6.556977183436175e-15,1.2020939799128883e-15,3.3972824553529796e-15,7.684963776455333e-15,1.0
0.0,18,0.4,1,-4.616307336391401e-15,3.666233983068423e-15,-1.1963763313360686e-14,-3.0053737276602988e-15,1.0
0.0,18,0.4,2,-4.616307336391401e-15,3.666233983068423e-15,-1.1963763313360686e-14,-3.0053737276602988e-15,1.0
0.0,18,0.4,3,-4.616307336391401e-15,3.666233983068423e-15,-1.1963763313360686e-14,-3.0053737276602988e-15,1.0
0.0,18,0.4,4,-4.616307336391401e-15,3.666233983068423e-15,-1.1963763313360686e-14,-3.0053737276602988e-15,1.0
0.0,18,0.4,5,-4.616307336391401e-15,3.666233983068423e-15,-1.1963763313360686e-14,-3.0053737276602988e-15,1.0
0.0,18,0.4,6,-4.616307336391401e-15,3.666233983068423e-15,-1.1963763313360686e-14,-3.0053737276602988e-15,1.0
2.0,4,0.0,1,-25.408532905110683,-54.366959889263,-0.3295860976230264,0.741214639225579,0.2222222222222222
2.0,4,0.0,2,-25.137336629786727,-51.091824798749066,-0.6391897193852831,1.1084028132433468,0.2222222222222222
2.0,4,0.0,3,-24.862199524784106,-49.13641790842975,-0.03262230064734718,0.7706428663676512,0.2222222222222222
2.0,4,0.0,4,-25.165858759923616,-53.375305674154696,-0.5145977898939919,1.1629311880110536,0.2222222222222222
2.0,4,0.0,5,-24.91960158567242,-51.571440954217906,-0.31505907838546143,0.6720198053541421,0.2222222222222222
2.0,4,0.0,6,-25.315306435636824,-55.442001671852815,-0.09335541966631566,0.7438308722780353,0.2222222222222222
2.0,4,0.1,1,-25.598433251966423,-54.56353188603896,-0.24085748370044158,0.43212884682848046,0.2222222222222222
2.0,4,0.1,2,-25.56370864026257,-52.209618467437295,-0.11265828386453251,0.35009484290503884,0.2222222222222222
2.0,4,0.1,3,-25.33293274752652,-50.79482265827613,0.05942573464008975,0.2094808831912184,0.2222222222222222
2.0,4,0.1,4,-25.31297594155466,-50.077821205312645,-0.12824349319309966,0.5471634563435361,0.2222222222222222
2.0,4,0.1,5,-25.582330887041476,-54.03565245838102,-0.4373918510803742,0.03454754764360171,0.2222222222222222
2.0,4,0.1,6,-25.758735931321826,-56.01876011026807,-0.11755785247235077,0.049297295179607306,0.2222222222222222
2.0,4,0.2,1,-26.202519486340044,-49.72861987616127,-0.23009292980144128,-1.8187232017869277,0.2222222222222222
2.0,4,0.2,2,-26.31198726318404,-50.33817115721318,-0.4066604713605092,-1.8660060861628835,0.2222222222222222
2.0,4,0.2,3,-26.059281142066517,-46.95339666164953,-0.25613485267893715,-1.9834761904363454,0.2222222222222222
2.0,4,0.2,4,-26.16904119451153,-49.755637797782924,-0.38565382343127086,-1.8382880116470048,0.2222222222222222
2.0,4,0.2,5,-26.481232276559183,-55.127397806396196,-0.2713784132324208,-2.148528677073704,0.2222222222222222
2.0,4,0.2,6,-26.45293253513332,-53.02578359663971,-0.15704161441302758,-2.18140428738219,0.2222222222222222
2.0,4,0.3,1,-27.925657799821884,-50.096303364346156,-0.5067609214180447,-6.400011242022492,0.2222222222222222
2.0,4,0.3,2,-27.998961848038356,-51.71122553072071,-0.6499743690677395,-6.431308616601195,0.2222222222222222
2.0,4,0.3,3,-27.908956454279036,-49.9638860548517,0.15470723831079064,-6.0795437518002045,0.2222222222222222
2.0,4,0.3,4,-28.064876558674406,-53.177973954150005,-0.5694396554271258,-5.629946737149731,0.2222222222222222
2.0,4,0.3,5,-28.04393709878439,-52.50476481576445,-0.507975685860531,-6.363196241837871,0.2222222222222222
2.0,4,0.3,6,-28.199846968264502,-51.78945494683012,0.03788674946436712,-6.538276739883509,0.2222222222222222
2.0,4,0.4,1,-31.048303892696858,-55.544919965637156,-0.05137004111569454,-13.161590123688494,0.2222222222222222
2.0,4,0.4,2,-31.054133225229315,-55.73085928062496,-0.7385027918063838,-12.777447696883739,0.2222222222222222
2.0,4,0.4,3,-30.847633911470876,-54.599360251405116,-0.7528164132542925,-13.150754505893838,0.2222222222222222
2.0,4,0.4,4,-30.771646328676677,-55.31126417644352,-0.7548281772864487,-12.41065748578597,0.2222222222222222
2.0,4,0.4,5,-30.92755923179235,-56.799532929748864,-0.23762189512601486,-13.708312741896341,0.2222222222222222
2.0,4,0.4,6,-30.992450062855262,-54.619257927711786,0.022103097322877525,-13.4462665223236,0.2222222222222222
2.0,6,0.0,1,-16.4278014463629,-14.993828354963966,-0.01370460854418094,-0.31439099686309485,0.3333333333333333
2.0,6,0.0,2,-16.432295528404012,-14.9986178559244,-0.4350788640972475,-0.31360986402477603,0.3333333333333333
2.0,6,0.0,3,-16.48230440074989,-14.844868975706737,0.13894468876193306,0.11435276662918141,0.3333333333333333
2.0,6,0.0,4,-16.361435383279876,-14.722204396345486,-0.21232259072902865,-0.4961346901316828,0.3333333333333333
2.0,6,0.0,5,-16.480559223456037,-15.246344249758545,-0.17195074869029373,-0.7157114706999546,0.3333333333333333
2.0,6,0.0,6,-16.422227486057608,-14.647318002606118,0.04934820954980239,-0.06386292759289214,0.3333333333333333
2.0,6,0.1,1,-16.749641323966962,-15.601923861386178,0.1397442353597,2.288016586166853,0.3333333333333333
2.0,6,0.1,2,-16.773472116141726,-15.969294271928495,-0.3830310156276623,0.6021418342738876,0.3333333333333333
2.0,6,0.1,3,-16.769176276994322,-15.778975068046213,-0.06568292125799524,1.7695219457381852,0.3333333333333333
2.0,6,0.1,4,-16.61437282379938,-15.456759449728219,-0.0308500816662717,1.5634566681574702,0.3333333333333333
2.0,6,0.1,5,-16.789451457326802,-15.511148631938909,-0.4127701585542131,2.7622149542725642,0.3333333333333333
2.0,6,0.1,6,-16.820199106384962,-16.030379747231187,-0.19840737991277196,1.0338377219556059,0.3333333333333333
2.0,6,0.2,1,-17.50281400605755,-16.139699558532904,-0.3595582496874463,-1.2512952666220856,0.3333333333333333
2.0,6,0.2,2,-17.45862484635,-15.70897066151208,-0.22411556134954008,-1.4375941740540288,0.3333333333333333
2.0,6,0.2,3,-17.41875902522843,-15.948009277335188,-0.10704619342143196,-2.271559113035999,0.3333333333333333
2.0,6,0.2,4,-17.33715541246835,-15.862519686215037,-0.11362541604961456,-0.8910101376733787,0.3333333333333333
2.0,6,0.2,5,-17.37143545591065,-15.532819489107592,0.06638970099212096,-1.2452084530561562,0.3333333333333333
2.0,6,0.2,6,-17.63474688702642,-16.60798464738408,0.15034211462054897,-0.516267886410231,0.3333333333333333
2.0,6,0.3,1,-18.833791162702166,-17.494267497657024,0.06719199978761815,-4.160975752284438,0.3333333333333333
2.0,6,0.3,2,-18.94487603954557,-17.967019942354348,-0.5513600410388827,-2.9913474426632822,0.3333333333333333
2.0,6,0.3,3,-18.872954867985197,-17.55287238861238,-0.07405284454713208,-3.298792760321293,0.3333333333333333
2.0,6,0.3,4,-18.846341091789924,-17.7144227962408,-0.24230193391276372,-3.5561651707687516,0.3333333333333333
2.0,6,0.3,5,-18.908242712298186,-17.63001589107032,0.07741801046138992,-3.2700894602037267,0.3333333333333333
2.0,6,0.3,6,-18.90297346441501,-17.758366503484982,0.005570843135488457,-4.072253619202582,0.3333333333333333
2.0,6,0.4,1,-21.064890450029136,-20.48608871450358,-0.1021697769005867,-6.603936456150723,0.3333333333333333
2.0,6,0.4,2,-21.14260612695615,-21.347894766059316,-0.4857591199495318,-6.536850175388639,0.3333333333333333
2.0,6,0.4,3,-21.109121540130225,-21.045703940938854,0.22234897669195944,-6.438721692563378,0.3333333333333333
2.0,6,0.4,4,-21.023558181778686,-20.847822577217233,-0.030994958351761692,-6.8628527651487685,0.3333333333333333
2.0,6,0.4,5,-21.16624469708561,-20.824952173353385,-0.26716432171031357,-7.02507379663472,0.3333333333333333
2.0,6,0.4,6,-21.1530429201262,-20.861685663599584,0.17106115682282033,-7.702457315087605,0.3333333333333333
2.0,8,0.0,1,-12.112940526096462,-11.711103538347519,0.10390447221905733,0.9846231395914302,0.4444444444444444
2.0,8,0.0,2,-11.99757762883242,-10.710554805669478,-0.019438623219244368,0.9112033442200804,0.4444444444444444
2.0,8,0.0,3,-12.023396953360356,-10.708146114160016,-0.0512144818974543,1.3885527771758364,0.4444444444444444
2.0,8,0.0,4,-12.027789771450665,-11.34018622861374,0.1557045092030318,1.5690402804402308,0.4444444444444444
2.0,8,0.0,5,-12.1683591904537,-11.62696482661129,0.19161638443851572,1.5455504621443281,0.4444444444444444
2.0,8,0.0,6,-12.046993138873441,-10.837399019583925,0.740380688144639,0.8470242369214089,0.4444444444444444
2.0,8,0.1,1,-12.27382861376727,-11.158028158107381,0.5720170724917873,2.3041152783912318,0.4444444444444444
2.0,8,0.1,2,-12.291180157711747,-11.62693661790927,0.014028316128276024,2.9771840816906256,0.4444444444444444
2.0,8,0.1,3,-12.276395434145574,-11.624753970281017,0.34285410932376215,4.444586663273999,0.4444444444444444
2.0,8,0.1,4,-12.289668185452747,-11.634493208102992,-0.33915481095258704,3.081717400859781,0.4444444444444444
2.0,8,0.1,5,-12.252084899704682,-11.043494897987276,-0.028494992268557784,3.5253261708566948,0.4444444444444444
2.0,8,0.1,6,-12.227885304161585,-11.337040021829058,0.10655963841644867,1.713863118631743,0.4444444444444444
2.0,8,0.2,1,-12.636939997490632,-10.749139282980982,0.6144868588574058,0.09892978467082829,0.4444444444444444
2.0,8,0.2,2,-12.739594140501111,-10.935639235688342,0.4357910297594412,0.09904320801663175,0.4444444444444444
2.0,8,0.2,3,-12.58845044282487,-10.61519478860961,0.31992557144999834,0.17268017506106276,0.4444444444444444
2.0,8,0.2,4,-12.629092887100182,-10.66884910017488,-0.0073276699990189485,0.8069900345638649,0.4444444444444444
2.0,8,0.2,5,-12.67094503825957,-10.143159126576354,-0.42381275034628774,0.9813971468767229,0.4444444444444444
2.0,8,0.2,6,-12.739463474494151,-11.048243894486152,0.14113994938850885,0.4430281146075773,0.4444444444444444
2.0,8,0.3,1,-13.504573234034762,-10.88865704927311,0.05691642059543724,-1.2603094223211895,0.4444444444444444
2.0,8,0.3,2,-13.450314053147727,-10.642015501678046,0.018979291400804545,-1.8568817164460785,0.4444444444444444
2.0,8,0.3,3,-13.504530446840027,-10.863163927918432,0.5965008658636344,-2.2515517213795393,0.4444444444444444
2.0,8,0.3,4,-13.434338900883272,-10.665024097656636,0.23417372086719818,-1.7267777941176383,0.4444444444444444
2.0,8,0.3,5,-13.514085130624187,-10.653777716410845,0.190487216796609,-1.3029404074733706,0.4444444444444444
2.0,8,0.3,6,-13.486385251651134,-10.6048272638071,0.5520267575718926,-1.1275933246587275,0.4444444444444444
2.0,8,0.4,1,-14.826845043286387,-11.261666762130199,0.2499842583980761,-3.177395092977922,0.4444444444444444
2.0,8,0.4,2,-14.844855715065545,-11.26738123322827,-0.21686274128459107,-2.3647141365997495,0.4444444444444444
2.0,8,0.4,3,-14.733587933094253,-10.661073235004176,0.6671947381478232,-3.629747675021516,0.4444444444444444
2.0,8,0.4,4,-14.726261819106593,-10.631731832803656,-0.16928854936194998,-3.7068793726979847,0.4444444444444444
2.0,8,0.4,5,-14.788634427888226,-10.602283510908851,0.23450363687214032,-4.601792919098129,0.4444444444444444
2.0,8,0.4,6,-14.940060568580833,-11.212415885212687,0.14832674510857455,-2.6269390943515964,0.4444444444444444
2.0,10,0.0,1,-8.588308493337014,-5.612326790222587,1.65094845533864,0.2944320683507232,0.5555555555555556
2.0,10,0.0,2,-8.606772836092754,-5.736223085885362,2.012217472317862,0.2697353765085102,0.5555555555555556
2.0,10,0.0,3,-8.538552545547295,-5.57257103614474,1.5941082029918086,0.3766806261767415,0.5555555555555556
2.0,10,0.0,4,-8.564540282039077,-5.617460667729918,0.4982012958212635,0.5293529956113284,0.5555555555555556
2.0,10,0.0,5,-8.580117714966521,-5.692500327047677,1.9380604198118,0.1956560460584405,0.5555555555555556
2.0,10,0.0,6,-8.5900411606134,-5.621557099320549,1.878142436776535,0.2768224596611828,0.5555555555555556
2.0,10,0.1,1,-8.652728719786978,-5.364219808289723,0.47871770570127953,-0.0005573129112629582,0.5555555555555556
2.0,10,0.1,2,-8.588958498589168,-5.36043099301822,-0.37537252020708045,0.12260804307004551,0.5555555555555556
2.0,10,0.1,3,-8.571839289466922,-5.169143874855318,0.081074980260654,-0.010502295972416554,0.5555555555555556
2.0,10,0.1,4,-8.558010194002678,-5.228389964388974,-0.19508323084238527,0.06281209377761643,0.5555555555555556
2.0,10,0.1,5,-8.669504170877081,-5.361899928444826,-0.13836211554088312,-0.04365650691638194,0.5555555555555556
2.0,10,0.1,6,-8.597365503166136,-5.270834231128684,0.6295674171342365,-0.05533216825070392,0.5555555555555556
2.0,10,0.2,1,-8.90956759038771,-4.641563229135992,2.165870099600157,-0.8468512223635862,0.5555555555555556
2.0,10,0.2,2,-8.882413670986015,-4.619993527144958,2.7255491265133682,-0.7119301708904648,0.5555555555555556
2.0,10,0.2,3,-8.860179673528672,-4.628739680924476,2.346945505780719,-1.1178939296720798,0.5555555555555556
2.0,10,0.2,4,-8.814766325646215,-4.491178850106779,2.8688479380625713,-1.0976580638441678,0.5555555555555556
2.0,10,0.2,5,-8.922388490113937,-4.704528475957751,3.189809821122121,-0.9640367773879286,0.5555555555555556
2.0,10,0.2,6,-8.881457461198382,-4.736711473762751,4.988692468998977,-0.7546473161365773,0.5555555555555556
2.0,10,0.3,1,-9.343201645322582,-3.9024440793325494,5.018666659358658,-2.922204643640989,0.5555555555555556
2.0,10,0.3,2,-9.402380683461306,-3.9088842068204053,3.911435210905322,-2.725200238635016,0.5555555555555556
2.0,10,0.3,3,-9.400649973448704,-4.000413646250909,4.857937674807937,-2.8975288260233363,0.5555555555555556
2.0,10,0.3,4,-9.354577313138364,-3.8441265658691535,4.7354675828113635,-2.811664167581232,0.5555555555555556
2.0,10,0.3,5,-9.444893814349703,-3.8291473858467313,4.866766548234775,-3.3612878458919075,0.5555555555555556
2.0,10,0.3,6,-9.412588688489858,-3.8967867478703484,4.671295333250342,-2.862050659497843,0.5555555555555556
2.0,10,0.4,1,-10.17482213400658,-3.100759362306224,0.02428237464063281,-6.253432059211535,0.5555555555555556
2.0,10,0.4,2,-10.248384491755802,-3.1406098329454215,-0.22347002677665256,-6.501150260973171,0.5555555555555556
2.0,10,0.4,3,-10.155823570680585,-3.14977090842588,-0.045433662380719206,-6.581766997122484,0.5555555555555556
2.0,10,0.4,4,-10.125251608295414,-3.107689029038543,-0.20386828226696246,-6.920546347383447,0.5555555555555556
2.0,10,0.4,5,-10.285008631160249,-3.190170302574388,-0.06811376146847326,-7.186837241976723,0.5555555555555556
2.0,10,0.4,6,-10.18088243577071,-3.085136669283912,0.4143313287022483,-7.297880445497711,0.5555555555555556
2.0,12,0.0,1,-5.602088634929691,-1.2310531765869352,0.9387365466623592,0.22821072495341094,0.6666666666666666
2.0,12,0.0,2,-5.675717578317739,-1.5084669190961812,0.7952314329518961,0.169532034989262,0.6666666666666666
2.0,12,0.0,3,-5.641768662432101,-1.27875598635733,0.9806726233205232,0.10728662532733076,0.6666666666666666
2.0,12,0.0,4,-5.600283821223476,-1.2818967424927814,0.9859974217619882,0.12543171003217338,0.6666666666666666
2.0,12,0.0,5,-5.624938804207423,-1.2359837921966645,0.6547096811697422,0.06943006787018885,0.6666666666666666
2.0,12,0.0,6,-5.66976837252264,-1.341482658815576,0.91252655158168,0.05155794956269797,0.6666666666666666
2.0,12,0.1,1,-5.759355469830626,-1.2559094268400308,1.8054279520879248,-0.2381245201394308,0.6666666666666666
2.0,12,0.1,2,-5.702913656245887,-1.1897482235877868,1.463406469434433,-0.11508766599817369,0.6666666666666666
2.0,12,0.1,3,-5.7400723294486244,-1.248407759325709,0.9632477709049769,-0.15552121357513055,0.6666666666666666
2.0,12,0.1,4,-5.70371606503541,-1.1913158591353716,1.2069168454792762,-0.21816754876029218,0.6666666666666666
2.0,12,0.1,5,-5.7101014224301565,-1.2219149099134814,1.2638904067980001,-0.3175858010068753,0.6666666666666666
2.0,12,0.1,6,-5.769661371581168,-1.343614428470808,1.442013669772317,-0.20999800903365387,0.6666666666666666
2.0,12,0.2,1,-5.9787118912719,-1.065275247976312,4.271269847075642,-1.2459820305674918,0.6666666666666666
2.0,12,0.2,2,-5.992226642018773,-1.0461188381505813,2.842797528948101,-1.1260243236651761,0.6666666666666666
2.0,12,0.2,3,-5.992826026690607,-1.115676769905614,3.6737981449770274,-1.1698761381802982,0.6666666666666666
2.0,12,0.2,4,-5.95989891470839,-1.0418158313134847,3.6160170989083937,-1.0800110045549103,0.6666666666666666
2.0,12,0.2,5,-6.042535875583115,-1.104439646148815,3.783076329221764,-1.3069736395726195,0.6666666666666666
2.0,12,0.2,6,-5.998498899292696,-1.0193271947178864,4.290192887023279,-1.2362906457680878,0.6666666666666666
2.0,12,0.3,1,-6.419578697809461,-0.8007343994005021,0.6867889709866652,-3.32203405331592,0.6666666666666666
2.0,12,0.3,2,-6.44318696212143,-0.7799433174609777,0.8035195577043904,-3.3594470293684053,0.6666666666666666
2.0,12,0.3,3,-6.422671676834469,-0.779090348162095,0.6908922521766181,-3.466651281544876,0.6666666666666666
2.0,12,0.3,4,-6.41750861363459,-0.7922762153116815,0.4068375339328495,-3.1292183906715723,0.6666666666666666
2.0,12,0.3,5,-6.484568600709222,-0.8210831766321711,0.2713784975169761,-3.587508125054397,0.6666666666666666
2.0,12,0.3,6,-6.462696600272542,-0.8111968908390261,0.6683246743571961,-3.3275110679028344,0.6666666666666666
2.0,12,0.4,1,-7.243479573101183,-0.3947031415608686,1.923241514827772,-6.898556948842179,0.6666666666666666
2.0,12,0.4,2,-7.31920852785238,-0.42079085997998555,0.9680477431190825,-6.195251982400054,0.6666666666666666
2.0,12,0.4,3,-7.267266172018483,-0.4805601597936019,2.8746451543624416,-6.647418075177134,0.6666666666666666
2.0,12,0.4,4,-7.257334647635593,-0.4967083085764126,2.9895080020411795,-7.177967136390381,0.6666666666666666
2.0,12,0.4,5,-7.368097972300411,-0.4525956595663773,1.664874213442742,-6.710518687155624,0.6666666666666666
2.0,12,0.4,6,-7.359722405479204,-0.40563037974734417,2.199894036057495,-7.285055138658484,0.6666666666666666
2.0,14,0.0,1,-3.479862751403016,0.6684806662177276,0.22960666466214952,-0.06464758171857572,0.7777777777777778
2.0,14,0.0,2,-3.4714212601031216,0.670885040354534,0.3198612109567951,-0.02789651842814314,0.7777777777777778
2.0,14,0.0,3,-3.488920027062337,0.6748033292073901,0.2563350154924545,-0.051485188851902654,0.7777777777777778
2.0,14,0.0,4,-3.5090304546606546,0.6786066546859804,0.17112397224203385,-0.034541759805651634,0.7777777777777778
2.0,14,0.0,5,-3.49557378009447,0.6768650799334852,0.25698779559289636,-0.11666263258240177,0.7777777777777778
2.0,14,0.0,6,-3.4980036966324826,0.6844176864503124,0.2617009642102814,-0.07027413673630181,0.7777777777777778
2.0,14,0.1,1,-3.5677439722255686,0.6715748309780889,0.27966370145481434,-0.4344550274688729,0.7777777777777778
2.0,14,0.1,2,-3.588948468694756,0.678433984977161,0.2949102818865554,-0.3422582177848281,0.7777777777777778
2.0,14,0.1,3,-3.5555564653011955,0.6784463511076014,0.2831598357045313,-0.3825266858562724,0.7777777777777778
2.0,14,0.1,4,-3.550648061128811,0.6891183342296916,0.1928862078442677,-0.3392154852170447,0.7777777777777778
2.0,14,0.1,5,-3.6038451169101307,0.6780082741321788,0.26880557327854165,-0.4081911292990271,0.7777777777777778
2.0,14,0.1,6,-3.5747092754010255,0.6914905309322081,0.398733844150847,-0.36700371869576776,0.7777777777777778
2.0,14,0.2,1,-3.879446877252628,0.7018758190480249,0.27794299662240796,-1.2599785698631998,0.7777777777777778
2.0,14,0.2,2,-3.8776272726992547,0.7161944752707358,0.199914461578832,-1.1516332696883667,0.7777777777777778
2.0,14,0.2,3,-3.855016368599607,0.7059258478457698,0.27636142814799086,-1.1810211546675937,0.7777777777777778
2.0,14,0.2,4,-3.86682469389205,0.7058119486971706,0.18275939878541356,-1.2560722740966284,0.7777777777777778
2.0,14,0.2,5,-3.875234575671508,0.7119048918343445,0.2352736737000765,-1.2413986259804186,0.7777777777777778
2.0,14,0.2,6,-3.8727157182245278,0.7222200339337841,0.30701873781945943,-1.2163885281128899,0.7777777777777778
2.0,14,0.3,1,-4.41337009651385,0.7787379865176258,1.384439129251622,-2.795465641777027,0.7777777777777778
2.0,14,0.3,2,-4.394952820599594,0.7781667033102313,1.418529661526026,-2.8048848129444055,0.7777777777777778
2.0,14,0.3,3,-4.418043826065,0.7862833208452045,1.5452016679127227,-2.4130835979337695,0.7777777777777778
2.0,14,0.3,4,-4.434855543574292,0.7757736815047864,1.0096090736580765,-2.854895665382459,0.7777777777777778
2.0,14,0.3,5,-4.415819879321727,0.784924577396059,1.292653469794288,-2.970989375814956,0.7777777777777778
2.0,14,0.3,6,-4.450751284439576,0.7921975364845184,1.8292225861486966,-2.570835418776755,0.7777777777777778
2.0,14,0.4,1,-4.940383146374879,0.9174298258590383,1.3378912383631512,-2.828354671174795,0.7777777777777778
2.0,14,0.4,2,-4.9988811874091805,0.9311030078865503,1.488747215742853,-3.3051307494344115,0.7777777777777778
2.0,14,0.4,3,-5.026507508571558,0.9306145322379245,1.0173369429224612,-3.056990257589426,0.7777777777777778
2.0,14,0.4,4,-4.985274694767003,0.9305056410358923,1.0069963975933665,-2.7746053973134615,0.7777777777777778
2.0,14,0.4,5,-4.973288125461895,0.9381039713104625,0.8876366076389584,-3.46440910605761,0.7777777777777778
2.0,14,0.4,6,-5.038943011829067,0.9392998818463105,1.4718080357723693,-2.8378102433647174,0.7777777777777778
2.0,16,0.0,1,-2.536407685381329,0.660971468733651,0.6621768512438354,0.4162281788548706,0.8888888888888888
2.0,16,0.0,2,-2.542601757075206,0.6676362363749951,0.6700236399220056,0.5342817003961058,0.8888888888888888
2.0,16,0.0,3,-2.5305097651968564,0.6708786238825615,0.6382810795221177,0.7099776658879188,0.8888888888888888
2.0,16,0.0,4,-2.5243549492792785,0.6679551977311456,0.6109512095648094,0.4999204891328629,0.8888888888888888
2.0,16,0.0,5,-2.550064114456984,0.6632405105876276,0.43576359971694834,0.44640170968479465,0.8888888888888888
2.0,16,0.0,6,-2.5412470088480514,0.6782935056298126,0.6006504526720519,0.49394907044170805,0.8888888888888888
2.0,16,0.1,1,-2.502385525833529,0.6552193787500159,0.4228366434761529,-1.9828914719845536,0.8888888888888888
2.0,16,0.1,2,-2.4959897302646303,0.6586557192119428,0.3403342010928466,-2.506213348828827,0.8888888888888888
2.0,16,0.1,3,-2.4985687000216297,0.6609232765898212,0.36433554377794575,-2.152712713306567,0.8888888888888888
2.0,16,0.1,4,-2.5180951611359155,0.6620426490062516,0.4501988271973801,-2.1451737706930842,0.8888888888888888
2.0,16,0.1,5,-2.5098852741581767,0.6665225005257659,0.38636979970686824,-2.1326035122707134,0.8888888888888888
2.0,16,0.1,6,-2.494732516823407,0.6634655996360476,0.44499093993812,-2.59065381242562,0.8888888888888888
2.0,16,0.2,1,-2.72012688644075,0.6673824268821514,0.42134315134617245,-2.5885653695454427,0.8888888888888888
2.0,16,0.2,2,-2.7920183054655454,0.6792643129253367,0.3521863451323055,-2.2288222360008354,0.8888888888888888
2.0,16,0.2,3,-2.7103848813110973,0.6827463755080236,0.36578531356050187,-2.7609523708459074,0.8888888888888888
2.0,16,0.2,4,-2.741135096172854,0.6822123725495969,0.36807127161798814,-2.049036317984534,0.8888888888888888
2.0,16,0.2,5,-2.702553649573846,0.6732533237598142,0.3049998026020741,-2.940580605243866,0.8888888888888888
2.0,16,0.2,6,-2.705245623274961,0.6883821503879199,0.34321140078378604,-2.264982864564733,0.8888888888888888
2.0,16,0.3,1,-3.135008433419399,0.7262497052687371,1.2972370264960922,-1.108459750623389,0.8888888888888888
2.0,16,0.3,2,-3.149500233652953,0.7269549746222415,1.424743132563259,-0.7600711159735083,0.8888888888888888
2.0,16,0.3,3,-3.129271940919314,0.7319839296833177,1.5274162056891074,-1.0659218272024662,0.8888888888888888
2.0,16,0.3,4,-3.114302669577059,0.7447521819894516,1.4234960379567876,-0.7961703347179314,0.8888888888888888
2.0,16,0.3,5,-3.127958924350778,0.722804095802743,1.8165875612563696,-1.1892269130296818,0.8888888888888888
2.0,16,0.3,6,-3.067953146024486,0.7561195665454069,3.1514654661846997,-1.102742928239862,0.8888888888888888
2.0,16,0.4,1,-3.0466286375247913,0.7655101152092495,1.0564074283933524,-3.8361289877054405,0.8888888888888888
2.0,16,0.4,2,-3.0847861696404317,0.7636119592752602,0.8898151152506205,-3.963189803301158,0.8888888888888888
2.0,16,0.4,3,-3.030077924882098,0.7578462859965474,0.8083904890709448,-4.002149840645169,0.8888888888888888
2.0,16,0.4,4,-3.0751306272149894,0.7591507618848837,1.1106943880390143,-3.6450656751387123,0.8888888888888888
2.0,16,0.4,5,-3.0570150234865037,0.7649428717677186,0.9879284068289749,-3.9690120835357887,0.8888888888888888
2.0,16,0.4,6,-3.0548933091117534,0.7613334862969483,0.2714773175999191,-4.153637862982752,0.8888888888888888
2.0,18,0.0,1,-2.0263482383973495,0.7245861106144306,0.3510773419536644,1.9072045351557627,1.0
2.0,18,0.0,2,-2.0115540880715344,0.7254780144409426,0.39076857681812976,1.8037799585436673,1.0
2.0,18,0.0,3,-1.9979011302226877,0.7262899070126794,0.6319641729646858,2.0595837667296886,1.0
2.0,18,0.0,4,-2.001585268868284,0.7285043693271069,0.5908186002417727,1.7704076826601913,1.0
2.0,18,0.0,5,-2.0061180845092355,0.7230203717268896,0.565840493581022,1.6769277154445454,1.0
2.0,18,0.0,6,-2.0001814664262896,0.7377346993456394,0.7042847245661051,2.187196212292113,1.0
2.0,18,0.1,1,-1.8685535874751076,0.6813733543459637,0.13388873162572204,1.165470645875849,1.0
2.0,18,0.1,2,-1.8632734180622184,0.6875102114688492,0.04721868343009455,1.2187899530146804,1.0
2.0,18,0.1,3,-1.8720443004199858,0.6843284730818537,0.09127199539127843,1.092015298814238,1.0
2.0,18,0.1,4,-1.88240243996603,0.6821701788114704,0.09397057187579538,1.187037632743158,1.0
2.0,18,0.1,5,-1.8803371480606323,0.6855345823838362,0.04869150264073098,1.1200674539768092,1.0
2.0,18,0.1,6,-1.870768670496826,0.6942818643600608,0.15417459608533313,1.1902889658607356,1.0
2.0,18,0.2,1,-1.8126287516274058,0.6581779165902281,0.1259517787867645,0.32963325624755446,1.0
2.0,18,0.2,2,-1.8342216561510547,0.6587517227566735,0.12842980882867844,0.45047706303599344,1.0
2.0,18,0.2,3,-1.8132663422778474,0.6616389946510652,0.11459709126221693,0.4025568288590214,1.0
2.0,18,0.2,4,-1.824450795212313,0.6577785344402318,0.11030092835870212,0.26248831345989804,1.0
2.0,18,0.2,5,-1.8327131366717304,0.6583068173246506,0.09831613195101255,0.5220037329559571,1.0
2.0,18,0.2,6,-1.8092741841727353,0.6670553315322809,0.1262494351184985,0.5992868670565249,1.0
2.0,18,0.3,1,-1.8436588724737262,0.6292642972916728,0.3693017441855152,-0.45017132091712925,1.0
2.0,18,0.3,2,-1.8404750503857386,0.644471409308896,0.2476296165311333,-0.2448912793343565,1.0
2.0,18,0.3,3,-1.8418723832908008,0.6461870203912209,0.15694883685891572,-0.35058301730128855,1.0
2.0,18,0.3,4,-1.8141720340971972,0.6267102930706111,0.5944024796793876,-0.3219439492769066,1.0
2.0,18,0.3,5,-1.8357523085034806,0.6415047493766476,0.2125685174943393,-0.2987999646249203,1.0
2.0,18,0.3,6,-1.8201296050295546,0.6489288772339152,0.21879199033084157,-0.2630675474157794,1.0
2.0,18,0.4,1,-1.645952183113127,0.6125668574989762,0.035477448632259066,0.7350638525173798,1.0
2.0,18,0.4,2,-1.6459325696658642,0.619078836141463,0.08675432597560209,0.7421974521130007,1.0
2.0,18,0.4,3,-1.6483404113643005,0.6150911025243015,0.060679495710300256,0.7599496336585034,1.0
2.0,18,0.4,4,-1.639715175556328,0.6167703191487118,0.05132989278202886,0.7285269116053099,1.0
2.0,18,0.4,5,-1.6500994269237914,0.612787136974005,0.07621363165515169,0.7181818880146519,1.0
2.0,18,0.4,6,-1.6531454835198773,0.6215749822325651,0.018210017352290254,0.7427160652889839,1.0
4.0,4,0.0,1,-29.1022096012314,-43.52917368736721,-1.724637061708787,1.2456454694648984,0.2222222222222222
4.0,4,0.0,2,-29.20676694177156,-45.62948332558655,-2.2046713400616413,2.1868982635884557,0.2222222222222222
4.0,4,0.0,3,-28.965658235422115,-40.51359229232207,-0.9632563576832851,1.6716592993303643,0.2222222222222222
4.0,4,0.0,4,-28.952669047730893,-42.93255459852784,-1.7494882547772501,2.1582145332760434,0.2222222222222222
4.0,4,0.0,5,-28.778221882330662,-40.12629111039183,-1.609619297576939,1.4705961776373635,0.2222222222222222
4.0,4,0.0,6,-29.18356154764873,-44.89411798274919,-1.0235848799304126,1.5952393455897433,0.2222222222222222
4.0,4,0.1,1,-29.354822448315282,-43.47273207359372,-1.5893115617208067,0.3351567611043155,0.2222222222222222
4.0,4,0.1,2,-29.509132376948948,-45.160364079981505,-0.9531696887195981,0.7894348357185144,0.2222222222222222
4.0,4,0.1,3,-29.164512163382643,-41.77884287242256,-0.047059259719545166,0.5594113317792713,0.2222222222222222
4.0,4,0.1,4,-29.201699351300825,-43.74339600301779,-0.9060835770464145,1.0003317688483286,0.2222222222222222
4.0,4,0.1,5,-29.30477040937418,-43.77708161460062,-1.1780148426144936,0.6172723391863773,0.2222222222222222
4.0,4,0.1,6,-29.388109803927307,-43.520879909430505,-1.2090269838181325,0.9139202287869675,0.2222222222222222
4.0,4,0.2,1,-30.268043829434696,-42.47534052551367,-1.2062399690538708,-1.7383715922175629,0.2222222222222222
4.0,4,0.2,2,-30.35177947521306,-42.680154495467114,-0.8871462359390371,-2.1569982674184054,0.2222222222222222
4.0,4,0.2,3,-30.35316308914645,-43.54447562465971,-1.6040583786667206,-2.867538415252942,0.2222222222222222
4.0,4,0.2,4,-30.41639612917295,-42.46487720526723,-1.3300001124401226,-2.489305645878902,0.2222222222222222
4.0,4,0.2,5,-30.247295387853228,-43.59477317408478,-0.8221648284893941,-2.5745449173633963,0.2222222222222222
4.0,4,0.2,6,-30.57348434389521,-46.57175550042996,-1.9896601567322967,-2.9157693922123116,0.2222222222222222
4.0,4,0.3,1,-32.21352059609258,-44.08272487699359,-1.8547306180794183,-7.171972008689968,0.2222222222222222
4.0,4,0.3,2,-32.38202206444318,-42.63897539331897,-2.490790346908148,-8.077398450158373,0.2222222222222222
4.0,4,0.3,3,-31.837696900367064,-41.78582846238968,-1.9808787060102713,-8.113096400975795,0.2222222222222222
4.0,4,0.3,4,-32.00812632388474,-45.88787240023151,-2.4028627458085055,-6.940005801346757,0.2222222222222222
4.0,4,0.3,5,-32.15310527644725,-42.71715389904845,-1.6575977533840196,-8.720248693349507,0.2222222222222222
4.0,4,0.3,6,-32.15890922898315,-43.46931312740175,-1.7707154641119225,-8.495442907284035,0.2222222222222222
4.0,4,0.4,1,-34.90212362671126,-45.56545532635664,-1.5160332683937667,-16.14122490362401,0.2222222222222222
4.0,4,0.4,2,-35.17085741198842,-46.02424341017979,-2.903683659261131,-16.568968405686796,0.2222222222222222
4.0,4,0.4,3,-34.46701275710848,-43.90470979748703,-0.9025224417280124,-16.761183067276498,0.2222222222222222
4.0,4,0.4,4,-34.76759564225149,-44.71454896692634,-2.1906620979891236,-16.783903946938736,0.2222222222222222
4.0,4,0.4,5,-34.709506374332236,-44.802599846770406,-2.263808164992276,-17.757804754050138,0.2222222222222222
4.0,4,0.4,6,-35.08112165010216,-41.83715416406623,-1.6831777258109795,-18.431184867851574,0.2222222222222222
4.0,6,0.0,1,-17.611941127463215,-14.055420522439032,-1.7455388645094303,-0.076681782008663,0.3333333333333333
4.0,6,0.0,2,-17.602218081799855,-13.832776461438456,-1.890897471771538,0.2996796081274683,0.3333333333333333
4.0,6,0.0,3,-17.504140267475428,-13.790863894857832,-1.9170816135190005,0.09964309980474262,0.3333333333333333
4.0,6,0.0,4,-17.444925195096097,-13.86517272663649,-0.8225856653135631,0.17706622121277948,0.3333333333333333
4.0,6,0.0,5,-17.545635009932184,-13.69339868350529,-1.9733689297589945,-0.5593764425748542,0.3333333333333333
4.0,6,0.0,6,-17.63161890548472,-13.916612101466669,-0.4197865168515239,0.9881581082994781,0.3333333333333333
4.0,6,0.1,1,-17.806710335903727,-14.431443025257153,-0.6280430249400281,1.0658527158683302,0.3333333333333333
4.0,6,0.1,2,-17.84335403311955,-14.187442850790314,-2.16135234261433,0.4272299012567048,0.3333333333333333
4.0,6,0.1,3,-17.82037385238899,-13.93668863957646,-1.8827534554452825,0.3157187879625941,0.3333333333333333
4.0,6,0.1,4,-17.60294407336293,-14.067713500533102,-2.48054032571516,1.18353782303155,0.3333333333333333
4.0,6,0.1,5,-17.801447978988,-13.237785539566028,-0.8770501297716782,0.9808818319272803,0.3333333333333333
4.0,6,0.1,6,-17.844749797868953,-14.206396887549825,-1.820694309211381,-0.2850433274254059,0.3333333333333333
4.0,6,0.2,1,-18.545524421166203,-14.712926013747165,-1.4480889314878476,-0.2987546402373336,0.3333333333333333
4.0,6,0.2,2,-18.587697505430647,-14.750737223056067,-1.36815956780401,-1.0440856467413966,0.3333333333333333
4.0,6,0.2,3,-18.365601203268625,-14.605950296227235,-0.5999931091588154,-0.6973184319322077,0.3333333333333333
4.0,6,0.2,4,-18.389607632254403,-14.486548068077601,-0.9429384115753425,-1.4115278369363815,0.3333333333333333
4.0,6,0.2,5,-18.362799018371245,-14.475133864470985,-0.8426428526002747,-2.3883318690399022,0.3333333333333333
4.0,6,0.2,6,-18.495632134023072,-14.575615558551466,-1.9616645243553634,-1.4118150769501792,0.3333333333333333
4.0,6,0.3,1,-19.580365570691143,-16.00206011015871,-2.2656000191135113,-4.1625939832558965,0.3333333333333333
4.0,6,0.3,2,-19.767559202121713,-16.71352654927803,-1.9749616466347704,-4.67221652188577,0.3333333333333333
4.0,6,0.3,3,-19.659522673123675,-15.872568594119107,-2.3241352279197693,-4.079054186165815,0.3333333333333333
4.0,6,0.3,4,-19.607195440363352,-16.213444691589608,-2.318934838860786,-2.129124676606793,0.3333333333333333
4.0,6,0.3,5,-19.732903005727337,-16.081160663183617,-1.1811772116762598,-2.8414580630696915,0.3333333333333333
4.0,6,0.3,6,-19.595223167945488,-15.189663465525976,-2.162306451797756,-3.596702563128565,0.3333333333333333
4.0,6,0.4,1,-21.25434690886265,-18.301319311631392,-2.5884159253474777,-9.040888282128597,0.3333333333333333
4.0,6,0.4,2,-21.369146616240517,-16.408627224358092,-1.1315124021171556,-7.445821750423589,0.3333333333333333
4.0,6,0.4,3,-21.12651409559133,-16.92717484645789,-1.3009380984558054,-7.633433911006913,0.3333333333333333
4.0,6,0.4,4,-21.0117026651967,-18.068972734313892,-3.055803746865233,-7.783273470205595,0.3333333333333333
4.0,6,0.4,5,-21.18674083181599,-18.096055112822878,-1.4768472925932083,-8.30086703464188,0.3333333333333333
4.0,6,0.4,6,-21.14125937375244,-18.212019258534234,-0.6752668705877132,-7.032619506580164,0.3333333333333333
4.0,8,0.0,1,-10.788689081716623,-8.088109809731506,-1.0143726630529017,1.2237424150934308,0.4444444444444444
4.0,8,0.0,2,-10.869701163916456,-7.702264294284032,0.09312303337364769,1.1921142330116805,0.4444444444444444
4.0,8,0.0,3,-10.679868344887524,-7.7621090436857285,-1.3106861320529402,0.8443453196387608,0.4444444444444444
4.0,8,0.0,4,-10.438985010077662,-7.518748384167632,-1.2680939620493574,1.6634117646222026,0.4444444444444444
4.0,8,0.0,5,-10.776038698739132,-8.156578658909858,-1.4068346875010955,1.0616952519119374,0.4444444444444444
4.0,8,0.0,6,-10.571138324697802,-7.5596832536090535,-2.209102065460197,1.2530450256727492,0.4444444444444444
4.0,8,0.1,1,-10.725894336518905,-8.203748987945733,-1.6545061596436965,1.5842142856928834,0.4444444444444444
4.0,8,0.1,2,-10.85695422232229,-7.864568632542012,-2.046334717830821,2.23508807298472,0.4444444444444444
4.0,8,0.1,3,-10.704569123781578,-7.712605229645433,-1.2258008657733535,1.6865537996014943,0.4444444444444444
4.0,8,0.1,4,-10.73605174751135,-7.759988448440376,-0.8678171300979749,1.3873976548600493,0.4444444444444444
4.0,8,0.1,5,-10.794022696732208,-7.511800183098027,-1.2999551620851542,1.3795105374870988,0.4444444444444444
4.0,8,0.1,6,-10.761950355967413,-7.876780805870494,-0.8093379526208752,2.382415732369018,0.4444444444444444
4.0,8,0.2,1,-11.225600163467119,-8.088271151459487,-1.834701685895893,-0.49112763798552506,0.4444444444444444
4.0,8,0.2,2,-11.282307265122387,-7.723923014569593,-0.8098703711922244,0.052038776605305516,0.4444444444444444
4.0,8,0.2,3,-11.099039772430814,-7.841945750595831,-0.6223432609462022,0.012446772699174869,0.4444444444444444
4.0,8,0.2,4,-11.1746695622705,-7.872048579533145,-0.48479388192318396,0.2552784645697327,0.4444444444444444
4.0,8,0.2,5,-11.147426100972883,-7.809047063573908,-0.7057320168842296,0.5828463101766785,0.4444444444444444
4.0,8,0.2,6,-11.272268781293425,-7.710513132026671,-1.436766067857722,-0.15895197682291975,0.4444444444444444
4.0,8,0.3,1,-11.777582081419562,-8.013760293075725,-2.0665870772502233,-1.3218381613049908,0.4444444444444444
4.0,8,0.3,2,-11.891824637571192,-8.084706585308444,-1.5775171413017937,-1.6595264118768913,0.4444444444444444
4.0,8,0.3,3,-11.847060907371462,-7.481970208646127,-1.5992871868452727,-1.6441709900970043,0.4444444444444444
4.0,8,0.3,4,-11.856099302747769,-8.013087863183486,-2.0536995016963235,-0.842879697940667,0.4444444444444444
4.0,8,0.3,5,-11.997832317354181,-7.574356113930351,-0.0856066905457081,-1.3688955574802162,0.4444444444444444
4.0,8,0.3,6,-11.818242084390167,-7.7358275142946695,0.32262436025127206,-0.9372797613358138,0.4444444444444444
4.0,8,0.4,1,-12.71856652163828,-7.541620065744911,-1.736651982591722,-3.497568783187617,0.4444444444444444
4.0,8,0.4,2,-12.69555225972017,-7.561929303229041,0.40692439723127355,-4.509757526915054,0.4444444444444444
4.0,8,0.4,3,-12.672705169107848,-7.271871977961704,-1.8154280390853579,-3.3209058511224967,0.4444444444444444
4.0,8,0.4,4,-12.672566868746358,-7.150479680718523,-1.3288908880851626,-3.9331466522210574,0.4444444444444444
4.0,8,0.4,5,-12.779579388159613,-8.346622850526938,-2.223254125803062,-3.54906765706154,0.4444444444444444
4.0,8,0.4,6,-12.695458913723652,-7.799212826833343,-1.0053726721279959,-2.812843946295159,0.4444444444444444
4.0,10,0.0,1,-6.521997433403925,-2.9686539049676197,0.2140546971732266,0.7054540156046178,0.5555555555555556
4.0,10,0.0,2,-6.503172006857374,-3.1936900953418386,-0.05142750382669157,0.7192223190185724,0.5555555555555556
4.0,10,0.0,3,-6.423089828338121,-3.102360511534803,0.5906592191605957,0.6106518879264815,0.5555555555555556
4.0,10,0.0,4,-6.479373997621138,-3.1310171275073984,0.5859944123176974,0.34262754413351026,0.5555555555555556
4.0,10,0.0,5,-6.542758194875402,-3.2612285209412777,0.7293859736765625,0.7588236944029836,0.5555555555555556
4.0,10,0.0,6,-6.473146275187503,-3.0075677821987945,-0.1838512083098521,0.8380711490949633,0.5555555555555556
4.0,10,0.1,1,-6.541063773946917,-3.1294045897596305,-0.7995832994208996,0.32619520691606335,0.5555555555555556
4.0,10,0.1,2,-6.63262328869227,-3.0832523993598797,-1.575929986261194,0.4840375555136772,0.5555555555555556
4.0,10,0.1,3,-6.555050997589122,-3.0791727636133235,0.09032898562155323,0.42907488292114176,0.5555555555555556
4.0,10,0.1,4,-6.557735364842275,-3.0789053679979315,0.06009346275389667,0.650700637593242,0.5555555555555556
4.0,10,0.1,5,-6.591915076114439,-2.862627539352279,-4.14239422862198,-0.5581209604975604,0.5555555555555556
4.0,10,0.1,6,-6.53349014406704,-3.1183580546896694,-0.5630463252647646,0.3364516389279012,0.5555555555555556
4.0,10,0.2,1,-6.80533133973565,-2.9997563943401078,0.33393272064404333,-0.36747158527232693,0.5555555555555556
4.0,10,0.2,2,-6.790958755211006,-2.9450243269091856,0.9053753810877627,-0.6183919882823091,0.5555555555555556
4.0,10,0.2,3,-6.759866734570686,-2.785108045789509,0.9251052465435036,0.04751733941780123,0.5555555555555556
4.0,10,0.2,4,-6.766312484121185,-2.8261973731292005,0.5514598764952906,-0.8545799081531065,0.5555555555555556
4.0,10,0.2,5,-6.847980942855618,-3.0592247547700886,0.6914087089400003,-0.33421502214010673,0.5555555555555556
4.0,10,0.2,6,-6.7735203660507795,-2.903099131764134,1.8490547880607089,0.08127025855820488,0.5555555555555556
4.0,10,0.3,1,-7.030232362999394,-2.681581707715842,0.6532032014859543,-1.4245456769060028,0.5555555555555556
4.0,10,0.3,2,-7.1073848883772275,-2.5440561506910835,0.8416801227872922,-1.5026001595109049,0.5555555555555556
4.0,10,0.3,3,-7.037319457509179,-2.458027998428064,-0.4131196596170166,-1.6237123472935742,0.5555555555555556
4.0,10,0.3,4,-7.048640864116706,-2.6177044286137368,0.5814505609415509,-1.9611595680388412,0.5555555555555556
4.0,10,0.3,5,-7.112553235640016,-2.4836226425382235,-0.23383256674521027,-2.134073101027842,0.5555555555555556
4.0,10,0.3,6,-7.111075096800325,-2.4634034282918615,1.1846234157441167,-1.8659691694322382,0.5555555555555556
4.0,10,0.4,1,-7.45717057990431,-2.309722410598146,-0.7868554198702167,-3.595433886041801,0.5555555555555556
4.0,10,0.4,2,-7.438543300317463,-2.20302396173807,-0.473847667101703,-5.008122669578607,0.5555555555555556
4.0,10,0.4,3,-7.41420653318863,-2.152835702252863,-0.5026127536845595,-3.70155844928392,0.5555555555555556
4.0,10,0.4,4,-7.456995159115086,-2.117997612848152,-0.8740080723673082,-3.6988718975365216,0.5555555555555556
4.0,10,0.4,5,-7.524347820558414,-2.449803242963262,0.18694068769973418,-4.522102139296194,0.5555555555555556
4.0,10,0.4,6,-7.46891629533156,-2.230888811169891,-0.9745943390023821,-3.882254907255004,0.5555555555555556
4.0,12,0.0,1,-4.093734523860417,-0.3403746787734281,0.7795075187773606,-0.034949326747895325,0.6666666666666666
4.0,12,0.0,2,-4.0166791580117875,-0.258821748272869,1.1597657629034006,0.14032647530153958,0.6666666666666666
4.0,12,0.0,3,-4.032399878686934,-0.24864074802738984,0.6990006356422426,-0.17271522748407475,0.6666666666666666
4.0,12,0.0,4,-4.055990796013072,-0.3302053050789608,0.7137228017594123,0.2272316276419085,0.6666666666666666
4.0,12,0.0,5,-4.070049088981696,-0.2844255460862805,0.2340726750643245,0.09344317544990069,0.6666666666666666
4.0,12,0.0,6,-4.067153409346792,-0.32556084175891004,0.5523961352331037,-0.11814495136380057,0.6666666666666666
4.0,12,0.1,1,-4.065835117571187,-0.2346503880861377,0.5245670645031931,-0.2436464364467994,0.6666666666666666
4.0,12,0.1,2,-4.105459291822946,-0.23372153163427747,0.3017880754619422,-0.28113547867925814,0.6666666666666666
4.0,12,0.1,3,-4.069416353174984,-0.199941872344764,0.6652311215573965,-0.17453222692341,0.6666666666666666
4.0,12,0.1,4,-4.075107943323175,-0.24672727233019548,1.6643204153148907,-0.08648989807998977,0.6666666666666666
4.0,12,0.1,5,-4.0794026773025065,-0.27269863869513367,0.7528672317588946,-0.1545914567191655,0.6666666666666666
4.0,12,0.1,6,-4.110682743894239,-0.1718150262789659,0.9973625592558275,-0.41463232826287566,0.6666666666666666
4.0,12,0.2,1,-4.135622611700866,-0.1598525429616203,1.427308569214551,-1.1425750599182822,0.6666666666666666
4.0,12,0.2,2,-4.25598778748806,-0.3109207371042896,1.7634895152648036,-0.9810919090980654,0.6666666666666666
4.0,12,0.2,3,-4.148218714775663,-0.26304030541897927,0.6919590110372795,-0.9239126245235767,0.6666666666666666
4.0,12,0.2,4,-4.184271513748329,-0.13113554175492803,1.019515111130413,-0.8166659626973626,0.6666666666666666
4.0,12,0.2,5,-4.190542784202924,-0.15161908279981356,1.3639413998394674,-0.7737291752297584,0.6666666666666666
4.0,12,0.2,6,-4.193417502501599,-0.18838389134103287,1.8276642429585621,-0.9934610461372861,0.6666666666666666
4.0,12,0.3,1,-4.245939052084628,-0.17279013971862633,0.2411628317051817,-2.173878607501747,0.6666666666666666
4.0,12,0.3,2,-4.260940458772973,-0.05114373354055417,-0.2648196375843104,-2.2527437583284993,0.6666666666666666
4.0,12,0.3,3,-4.241159809230884,-0.13944086799271613,0.2967922213017159,-2.3673460947911145,0.6666666666666666
4.0,12,0.3,4,-4.244584426097154,-0.06302872138796714,0.4511986993533722,-2.4765610773608207,0.6666666666666666
4.0,12,0.3,5,-4.280116157575113,-0.2106479649403082,0.5258525403783715,-2.7072177623549556,0.6666666666666666
4.0,12,0.3,6,-4.290633891255136,-0.12406310696544853,0.6418201459017816,-1.8768904575186276,0.6666666666666666
4.0,12,0.4,1,-4.421590626256103,0.035289664135006955,0.49298999762290185,-4.176511758038584,0.6666666666666666
4.0,12,0.4,2,-4.342416608147049,0.018431413782983984,0.5595499096151402,-3.5218338477677364,0.6666666666666666
4.0,12,0.4,3,-4.32229276013298,0.045744567771259556,0.2595027156816925,-4.9185226747121735,0.6666666666666666
4.0,12,0.4,4,-4.319106619223965,0.06083810949996802,0.2875373626264731,-3.88176882937386,0.6666666666666666
4.0,12,0.4,5,-4.323603701478029,0.03729049690966783,0.9974221519315728,-4.109280241034968,0.6666666666666666
4.0,12,0.4,6,-4.359722697879782,0.05747624907554092,2.0341928884774534,-3.729945985695264,0.6666666666666666
4.0,14,0.0,1,-2.5876261416895696,0.9544241251194391,0.6009449916847514,-0.24335590537528748,0.7777777777777778
4.0,14,0.0,2,-2.5717884628486205,0.9530473838608653,0.4698999034304692,-0.3417730060369699,0.7777777777777778
4.0,14,0.0,3,-2.561591832061346,0.9294935997450857,0.23258094760803996,-0.22045779989780545,0.7777777777777778
4.0,14,0.0,4,-2.58386028421679,0.9467767223196958,0.16194321401775608,-0.4215954457947486,0.7777777777777778
4.0,14,0.0,5,-2.5732255501438903,0.9472535855922409,0.5628640928463786,-0.1186168417585705,0.7777777777777778
4.0,14,0.0,6,-2.582332484319103,0.9383635924346528,0.5343260679040037,-0.37921117543567623,0.7777777777777778
4.0,14,0.1,1,-2.570930421477043,0.9357882066587223,0.6235626545462217,-0.5106089810962221,0.7777777777777778
4.0,14,0.1,2,-2.573715400706527,0.9377079404702346,0.3143042412558999,-0.2081428680492284,0.7777777777777778
4.0,14,0.1,3,-2.5673600526856024,0.9642749914164934,0.48677562354989573,-0.5884451777238049,0.7777777777777778
4.0,14,0.1,4,-2.5842508842004066,0.9693649138651939,0.5403838262599555,-0.5346002782702964,0.7777777777777778
4.0,14,0.1,5,-2.589962428914176,0.9475241249147439,0.49261937161751507,-0.5835313309594996,0.7777777777777778
4.0,14,0.1,6,-2.6046644259075036,0.9988764790192851,0.5156309589654545,-0.31052211363031235,0.7777777777777778
4.0,14,0.2,1,-2.596746569348759,0.9983391421752031,0.5944692925371373,-1.1949261127707398,0.7777777777777778
4.0,14,0.2,2,-2.5617115526026937,0.966443902315528,0.6295729678100421,-1.2063094481661238,0.7777777777777778
4.0,14,0.2,3,-2.589481120355683,0.9709181798049024,0.3683360414357498,-1.0826443006050332,0.7777777777777778
4.0,14,0.2,4,-2.5697627311315734,0.9748515553429797,0.7727475778627231,-1.4192076388534318,0.7777777777777778
4.0,14,0.2,5,-2.5744341103816355,0.9769988358963811,0.20402999234499805,-1.1659086427271306,0.7777777777777778
4.0,14,0.2,6,-2.5792777146562886,1.0012976184502547,0.46535747089997237,-1.0930309856087486,0.7777777777777778
4.0,14,0.3,1,-2.5913930294923624,1.0677911134713047,0.7633706904801497,-2.1014531588352314,0.7777777777777778
4.0,14,0.3,2,-2.5578211123046346,1.0280491225402208,1.0842827550234844,-2.4150765501131604,0.7777777777777778
4.0,14,0.3,3,-2.5603343225013893,1.0515016688399759,1.155640614265352,-1.6656734557441673,0.7777777777777778
4.0,14,0.3,4,-2.55598072481945,1.0597588314325552,0.9527752192156299,-1.8294393842681687,0.7777777777777778
4.0,14,0.3,5,-2.5383636673826584,1.0639371666924677,1.0699522528462762,-2.085761423272939,0.7777777777777778
4.0,14,0.3,6,-2.5528136129606596,1.0612688646751576,1.0999477678970304,-2.0112261219294716,0.7777777777777778
4.0,14,0.4,1,-2.5881641095170638,1.0805814502945832,1.0253915538243175,-2.0721619040212933,0.7777777777777778
4.0,14,0.4,2,-2.550533383671726,1.0617478037982448,0.8114134085103256,-2.0569866845076303,0.7777777777777778
4.0,14,0.4,3,-2.5780736786119007,1.085861708516434,0.8276408916519811,-2.001724619952685,0.7777777777777778
4.0,14,0.4,4,-2.57502046675742,1.074650709809889,1.0892245463056884,-1.5968884564788746,0.7777777777777778
4.0,14,0.4,5,-2.550064624853465,1.0756039962668236,0.7561123883224463,-2.201547221553882,0.7777777777777778
4.0,14,0.4,6,-2.5621210886452,1.1019018673084056,0.9228743378468536,-1.8987131260228154,0.7777777777777778
4.0,16,0.0,1,-1.6753250493027108,1.1088020937969147,0.710097903914666,-0.16891273581354888,0.8888888888888888
4.0,16,0.0,2,-1.6692472686848543,1.1315531791866333,0.7691918150318002,-0.23745615643199214,0.8888888888888888
4.0,16,0.0,3,-1.678225578826624,1.105202192394017,0.7385012497927168,-0.10466235903228138,0.8888888888888888
4.0,16,0.0,4,-1.6795254374210244,1.1152460312700292,0.8734820030812047,-0.17238631182696276,0.8888888888888888
4.0,16,0.0,5,-1.6856860635792252,1.1372983982585667,0.7417170326688849,-0.29616670090725933,0.8888888888888888
4.0,16,0.0,6,-1.6778783482602482,1.139379796591124,0.8888462002398427,-0.12279265043670581,0.8888888888888888
4.0,16,0.1,1,-1.6934986485770884,1.1191852724914955,0.7990272211461635,-0.41719467375853403,0.8888888888888888
4.0,16,0.1,2,-1.6931898100790899,1.1131521446287889,0.6169708870546271,-0.0877062934365052,0.8888888888888888
4.0,16,0.1,3,-1.6698248056566594,1.1096649867964563,0.7569380679664077,-0.26256772373098625,0.8888888888888888
4.0,16,0.1,4,-1.6849311407619645,1.1091963787245356,0.8290290327799237,-0.6628081764466609,0.8888888888888888
4.0,16,0.1,5,-1.6774328414837558,1.1028647212787541,0.6731169811385034,-0.5741430043610871,0.8888888888888888
4.0,16,0.1,6,-1.6827079866255779,1.1375007475639147,0.808359006103289,-0.4257672374959636,0.8888888888888888
4.0,16,0.2,1,-1.68997721384348,1.1068797949947182,0.6852240148109214,-1.1226197047090032,0.8888888888888888
4.0,16,0.2,2,-1.6742841896949443,1.1122428801156499,0.7272251673075317,-0.9428723051962347,0.8888888888888888
4.0,16,0.2,3,-1.669250514151385,1.1108360098498966,0.6024088059849578,-0.9218669083281823,0.8888888888888888
4.0,16,0.2,4,-1.670169656842124,1.104395559342835,0.769534665587811,-1.0392155394357234,0.8888888888888888
4.0,16,0.2,5,-1.6712535725793085,1.1103511038181757,0.8389049177117096,-1.0960879248615434,0.8888888888888888
4.0,16,0.2,6,-1.6510013139318673,1.139301636280269,0.8531698691173029,-1.0483111323934322,0.8888888888888888
4.0,16,0.3,1,-1.6720161937312874,1.1184645021117305,0.7934224665376673,-0.7716243008545288,0.8888888888888888
4.0,16,0.3,2,-1.6310275001746894,1.1411557170031383,1.5335244478507186,-0.6949658149103811,0.8888888888888888
4.0,16,0.3,3,-1.6744618319183444,1.1148774893053623,0.9212366289781293,-0.7307483695289818,0.8888888888888888
4.0,16,0.3,4,-1.6481932857787769,1.1223737883869995,0.9839400273813969,-0.6565109875340157,0.8888888888888888
4.0,16,0.3,5,-1.680063146793233,1.1492328024801264,0.832430144703974,-0.6204699585079884,0.8888888888888888
4.0,16,0.3,6,-1.671210964651801,1.1327172541495607,1.4170751451571488,-0.7894062636680845,0.8888888888888888
4.0,16,0.4,1,-1.6487245299207705,1.0565295997796589,0.6683311656741009,-0.48382283271654425,0.8888888888888888
4.0,16,0.4,2,-1.6621100072087316,1.1002443234111545,0.7997981881466886,-0.2967958026595794,0.8888888888888888
4.0,16,0.4,3,-1.662281111840787,1.0841010885323137,0.7299288138412727,-0.607525450474393,0.8888888888888888
4.0,16,0.4,4,-1.6425669894827721,1.0537726744643496,0.583807035372341,-0.5375988501569077,0.8888888888888888
4.0,16,0.4,5,-1.6487849161804617,1.078634492491649,0.6234094788774328,-0.46567451759071493,0.8888888888888888
4.0,16,0.4,6,-1.6607399888512113,1.104633606175676,0.9991144827669032,-0.5233199984488186,0.8888888888888888
4.0,18,0.0,1,-1.1323357428440617,1.2847243010696938,1.0260810597500165,0.15318388726599547,1.0
4.0,18,0.0,2,-1.1365182231198907,1.2817316033994055,0.9217749875677445,0.2377285432619265,1.0
4.0,18,0.0,3,-1.1287951946661967,1.2817172227731837,0.6086410936923324,0.210634372250166,1.0
4.0,18,0.0,4,-1.1377205228582394,1.2936389465484737,0.9571008285040058,0.22322656553267892,1.0
4.0,18,0.0,5,-1.126123148571898,1.2745386166217412,0.9407464010000703,0.09850993368113554,1.0
4.0,18,0.0,6,-1.1252873541373245,1.2900226999599194,0.9324747323034674,0.11954903011624426,1.0
4.0,18,0.1,1,-1.2045870662556684,1.2367005349727749,0.6495113462633239,1.512776719490816,1.0
4.0,18,0.1,2,-1.1935921200903206,1.2233061412461523,0.5436303120160177,1.551623613837636,1.0
4.0,18,0.1,3,-1.2010394747892177,1.209175638174337,0.46581233567814395,1.5286597335730314,1.0
4.0,18,0.1,4,-1.1977187057051808,1.2172850194239508,0.7135302640885193,1.3953269548010456,1.0
4.0,18,0.1,5,-1.2008707705893529,1.215535018872939,0.5607324210185107,1.577107809679651,1.0
4.0,18,0.1,6,-1.2049761305602593,1.2279005648573782,0.6372979658639093,1.5295372324302685,1.0
4.0,18,0.2,1,-1.2155005099283849,1.1600136951252242,0.4707918085408885,0.9914858472806017,1.0
4.0,18,0.2,2,-1.2036228157756297,1.1641954673081314,0.4551339760376685,0.9636499363487511,1.0
4.0,18,0.2,3,-1.2101015642966637,1.1406383906760027,0.49524704069519965,1.0081137904891038,1.0
4.0,18,0.2,4,-1.2189288501404243,1.1646890975137478,0.428664158166181,1.0083508839682913,1.0
4.0,18,0.2,5,-1.2187909690585845,1.1679495301651723,0.4923159389384145,0.8970227201123023,1.0
4.0,18,0.2,6,-1.2163036341256248,1.1700761317433561,0.5863796333674266,1.0676808656896604,1.0
4.0,18,0.3,1,-1.198336103345764,1.0941991753651414,0.42732441412049127,0.849669512668842,1.0
4.0,18,0.3,2,-1.1964084832310018,1.09375231389263,0.4350752346950129,0.9260459239661525,1.0
4.0,18,0.3,3,-1.1891565514553761,1.1017510445042238,0.41247630448481887,0.9157123675592018,1.0
4.0,18,0.3,4,-1.201971846090378,1.1186296959711641,0.4590870509254158,0.901642773973679,1.0
4.0,18,0.3,5,-1.2046023281331408,1.1015464028180548,0.39688299136931365,0.9298692703704958,1.0
4.0,18,0.3,6,-1.1968278876544143,1.1001385749166304,0.35931718732616835,0.8686078546988625,1.0
4.0,18,0.4,1,-1.172163070133633,1.0286939039220204,0.28125831654175304,1.3755133233368837,1.0
4.0,18,0.4,2,-1.169411781623791,1.0486714467193525,0.3311609299767169,1.4241332420613377,1.0
4.0,18,0.4,3,-1.1695884630060096,1.0265955879059756,0.24205677296510503,1.3636148768556957,1.0
4.0,18,0.4,4,-1.1721697003510083,1.029482875257452,0.275793925773533,1.3966828207223234,1.0
4.0,18,0.4,5,-1.1695932356133927,1.042198987327486,0.2895502787210454,1.3988524143548577,1.0
4.0,18,0.4,6,-1.173192125313005,1.0402815095397528,0.25748041822879036,1.3850890073107784,1.0
6.0,4,0.0,1,-29.32381102508655,-39.61515960260158,-1.9620613577948713,1.0177416796693957,0.2222222222222222
6.0,4,0.0,2,-29.254531114953657,-36.75965923541865,-2.8161930177847627,3.0276696918829846,0.2222222222222222
6.0,4,0.0,3,-29.26257834916479,-37.43311793724807,-2.8412941707764126,2.113869848076426,0.2222222222222222
6.0,4,0.0,4,-29.048200784042525,-38.8710419726693,-1.0621052703423164,3.581184123042769,0.2222222222222222
6.0,4,0.0,5,-29.264811371791353,-37.967839061402984,-3.8531176489593166,4.105070655467868,0.2222222222222222
6.0,4,0.0,6,-29.18780871750107,-36.77553400495473,-4.443484576166396,0.9795885899230472,0.2222222222222222
6.0,4,0.1,1,-29.512307800769385,-38.370915050602605,-3.144812668845632,1.144047991611572,0.2222222222222222
6.0,4,0.1,2,-29.428422158556504,-37.414805835927936,-2.8978441611936967,0.22128357665369283,0.2222222222222222
6.0,4,0.1,3,-29.12852132273003,-34.53330741482503,-3.873852416743614,-1.1426904891942036,0.2222222222222222
6.0,4,0.1,4,-29.36999837441457,-37.08435202961625,-7.805995801507878,0.026483140487696222,0.2222222222222222
6.0,4,0.1,5,-29.21473372637878,-35.36642337068007,-2.9842689507458457,-1.0232758422439339,0.2222222222222222
6.0,4,0.1,6,-29.372768725663274,-36.06837696346817,-1.7596109669801137,1.5312825516830588,0.2222222222222222
6.0,4,0.2,1,-30.181941757566687,-34.5837117073808,-4.632882839171064,-1.7658508648258018,0.2222222222222222
6.0,4,0.2,2,-30.52306837852704,-36.84042468030211,-4.629784310779661,-1.8876749487905768,0.2222222222222222
6.0,4,0.2,3,-30.123406230314355,-38.417248962711966,-4.222688559304826,-2.456272568815054,0.2222222222222222
6.0,4,0.2,4,-30.352845298533794,-35.84381310581777,-4.601479339772753,-1.2168232829197587,0.2222222222222222
6.0,4,0.2,5,-30.560803053114405,-36.29297061939089,-1.3697178325096933,-3.3773836619512907,0.2222222222222222
6.0,4,0.2,6,-30.44611039976005,-39.18059441915322,-5.3790487597665155,-3.3586353319393725,0.2222222222222222
6.0,4,0.3,1,-32.03927705481312,-35.47035075125599,-3.7077328319460063,-9.631282721240938,0.2222222222222222
6.0,4,0.3,2,-31.883828506617448,-35.8323105702515,-1.550337998319852,-7.770243348452131,0.2222222222222222
6.0,4,0.3,3,-31.60222557129224,-38.56634499157889,-3.7759855472979837,-9.019044890654865,0.2222222222222222
6.0,4,0.3,4,-31.890713987190573,-37.929553370372574,-5.764737934128822,-6.159542134836382,0.2222222222222222
6.0,4,0.3,5,-31.899935354969557,-37.3420845252654,-2.869302150720212,-11.439507425005369,0.2222222222222222
6.0,4,0.3,6,-31.789176180168134,-35.915514833158376,-3.508918837587095,-9.749806130186187,0.2222222222222222
6.0,4,0.4,1,-33.62310373121036,-33.76499955263095,-6.992178813490726,-18.08002639347456,0.2222222222222222
6.0,4,0.4,2,-33.86526595472792,-37.05481342319787,-5.180255029174414,-16.854393739887957,0.2222222222222222
6.0,4,0.4,3,-33.70024938279791,-35.908876409077926,-4.1619487291655455,-16.726152043637917,0.2222222222222222
6.0,4,0.4,4,-33.74154603905533,-36.1223923274256,-2.16431477750182,-13.9845611001912,0.2222222222222222
6.0,4,0.4,5,-33.62516946437874,-33.03505757468727,-6.378728604197713,-19.389376122303464,0.2222222222222222
6.0,4,0.4,6,-33.45219551193501,-35.33766546448632,-4.6952783863992575,-18.050254302983,0.2222222222222222
6.0,6,0.0,1,-16.51004708843768,-11.543669347179645,-1.500281911644246,0.808797635436572,0.3333333333333333
6.0,6,0.0,2,-16.433411541580988,-11.473807630799385,-4.2200550030220665,-0.5474693437219176,0.3333333333333333
6.0,6,0.0,3,-16.48504310909066,-11.214654299183541,-2.9128254806297265,0.06336220676028292,0.3333333333333333
6.0,6,0.0,4,-16.31104437456533,-11.076374571774812,-5.272425342612721,0.49956934114769636,0.3333333333333333
6.0,6,0.0,5,-16.41386920880796,-12.489884728928235,-1.8007768486249176,0.6503882298954871,0.3333333333333333
6.0,6,0.0,6,-16.385034214174738,-11.037444679502833,-2.048243501783679,0.9396365816617728,0.3333333333333333
6.0,6,0.1,1,-16.843134682150115,-12.659351952813921,-4.198148903984324,0.1908401449851346,0.3333333333333333
6.0,6,0.1,2,-16.530067088925584,-12.508670043032472,-5.5646658994302465,-0.8529175290041543,0.3333333333333333
6.0,6,0.1,3,-16.459791247243295,-12.426941657971318,-4.878344124861831,0.23093299282981983,0.3333333333333333
6.0,6,0.1,4,-16.5077773294624,-11.745742603705551,-1.9956655740238325,0.3466410004614521,0.3333333333333333
6.0,6,0.1,5,-16.811861601888758,-13.083385607709141,-0.8798011321185204,1.123559724491786,0.3333333333333333
6.0,6,0.1,6,-16.517561723883475,-10.734165990105206,-3.2131055950174954,-0.6134209061078281,0.3333333333333333
6.0,6,0.2,1,-17.191030718668674,-11.89292544941517,-4.30455925929622,-1.4142379856306602,0.3333333333333333
6.0,6,0.2,2,-17.192768481460867,-12.323625245823436,-4.671665661253639,0.2728760257302337,0.3333333333333333
6.0,6,0.2,3,-16.775736751924605,-11.773927172520724,-1.8318507799473243,0.24204406257162003,0.3333333333333333
6.0,6,0.2,4,-17.026254854435756,-12.33754925904728,-2.998443472389585,-1.792596472163514,0.3333333333333333
6.0,6,0.2,5,-17.147101844041934,-11.721481758150393,-1.9818976618637207,-1.5152439269218836,0.3333333333333333
6.0,6,0.2,6,-16.890246781003476,-12.216630039262196,-3.7838015196597694,-1.0458974875041338,0.3333333333333333
6.0,6,0.3,1,-17.593230832946485,-11.583226749997575,-2.6431690316846304,-3.105295253662125,0.3333333333333333
6.0,6,0.3,2,-17.73837631704589,-12.800245405518416,-4.260990702428655,-3.7141124056173993,0.3333333333333333
6.0,6,0.3,3,-17.587215277242723,-11.748010785076357,-3.532946662741319,-3.982705817558177,0.3333333333333333
6.0,6,0.3,4,-17.697955213060805,-13.016430908241606,-3.8452024377399168,-2.170168298228888,0.3333333333333333
6.0,6,0.3,5,-17.805926453028643,-11.798708228695975,-3.701188957345135,-3.34862106383993,0.3333333333333333
6.0,6,0.3,6,-17.80242534676046,-12.322941330272753,-2.7022227728125623,-4.209498746212516,0.3333333333333333
6.0,6,0.4,1,-18.399519358149966,-13.304341097955405,-5.979626151021377,-8.432315388375088,0.3333333333333333
6.0,6,0.4,2,-18.622336121907637,-12.940485761713031,-6.233127458282971,-6.635256341229001,0.3333333333333333
6.0,6,0.4,3,-18.49824677542818,-11.375679142166327,-5.891456749782895,-10.60705713163016,0.3333333333333333
6.0,6,0.4,4,-18.333661944959367,-12.354766257548508,-4.885641867622515,-6.1198813563381504,0.3333333333333333
6.0,6,0.4,5,-18.664657914659,-11.16392072013904,-2.02932006507941,-7.644989669691502,0.3333333333333333
6.0,6,0.4,6,-18.505731641918704,-13.813529696150681,-6.199577150341158,-8.548031574732018,0.3333333333333333
6.0,8,0.0,1,-8.970327642656972,-5.720999077378795,-4.7974786171072115,1.5952674026661258,0.4444444444444444
6.0,8,0.0,2,-8.829718477075213,-5.829636561323909,-3.616347921233428,1.7215913609247437,0.4444444444444444
6.0,8,0.0,3,-8.872602211646097,-6.020170563173137,-2.259297715815383,1.7391339387571592,0.4444444444444444
6.0,8,0.0,4,-8.869141301224962,-5.477725734442482,-4.019969478901183,1.5199318294159305,0.4444444444444444
6.0,8,0.0,5,-9.022044238955763,-5.301556343679392,-3.4787952250268583,1.842470081879954,0.4444444444444444
6.0,8,0.0,6,-8.924424105877037,-5.75827221444373,-2.0290872020802877,1.1791219813490177,0.4444444444444444
6.0,8,0.1,1,-9.041921845031757,-5.859024546280496,-1.145133343606871,1.7372408159058932,0.4444444444444444
6.0,8,0.1,2,-8.858845984974824,-5.46601697304583,-2.8935045146826766,0.558561267039891,0.4444444444444444
6.0,8,0.1,3,-8.901247993688596,-6.010157499258597,-4.497976713729221,-0.3811629375118207,0.4444444444444444
6.0,8,0.1,4,-9.102367891142112,-6.0291912499450095,-1.2606619345002574,0.510648385831769,0.4444444444444444
6.0,8,0.1,5,-9.070338778287274,-5.779041568631648,-1.8532493435820339,1.8091822359566145,0.4444444444444444
6.0,8,0.1,6,-9.005373565312372,-5.414250449607089,-3.633087253451248,1.4085394226848773,0.4444444444444444
6.0,8,0.2,1,-9.244243759182638,-5.418275490321224,-2.663714841683887,0.6362522627235598,0.4444444444444444
6.0,8,0.2,2,-9.339790190116315,-6.157568321142025,-2.5290475743413108,-0.49361649345473707,0.4444444444444444
6.0,8,0.2,3,-9.192975620505237,-5.67532312515488,-3.080842702518689,0.41660152878814216,0.4444444444444444
6.0,8,0.2,4,-9.217237089352386,-6.008061785935782,-4.6032967290159545,0.5354140361029324,0.4444444444444444
6.0,8,0.2,5,-9.302388503038015,-5.893938149224819,-3.4298045841849096,1.142821041707175,0.4444444444444444
6.0,8,0.2,6,-9.280437649824359,-5.905653790154171,-3.5364345699428847,0.03376487762169191,0.4444444444444444
6.0,8,0.3,1,-9.60290783787175,-5.3688198169699195,-3.6585960820186303,-0.8195682020420604,0.4444444444444444
6.0,8,0.3,2,-9.613311757608274,-5.841355583096749,-2.631449330937768,-1.7069799991582493,0.4444444444444444
6.0,8,0.3,3,-9.63550456935767,-6.357959822248054,-3.1793085052765035,-0.8204433161754862,0.4444444444444444
6.0,8,0.3,4,-9.62011566826203,-6.150680708557815,-4.216583010525084,-2.2325535860770187,0.4444444444444444
6.0,8,0.3,5,-9.626376011970928,-6.027101957059134,-3.1902931499462683,-1.1467169888902968,0.4444444444444444
6.0,8,0.3,6,-9.493187573915726,-5.928098742504448,-3.358316574361987,-0.27202154483262564,0.4444444444444444
6.0,8,0.4,1,-10.082918713414095,-5.150192130063248,-2.9554419917755523,-3.380660783614619,0.4444444444444444
6.0,8,0.4,2,-9.94830472314391,-4.856669515896458,-4.292104408142734,-4.353851247325682,0.4444444444444444
6.0,8,0.4,3,-9.820365241413885,-5.260416623219842,-3.0697861554920323,-2.6280463609128373,0.4444444444444444
6.0,8,0.4,4,-10.070260587945523,-5.08845103565003,-2.6326233867419413,-4.238927120710214,0.4444444444444444
6.0,8,0.4,5,-10.110780629987081,-5.0176040890933,-2.402799236219555,-1.681173959928668,0.4444444444444444
6.0,8,0.4,6,-9.996289264447924,-5.345587512744329,-2.724792552596314,-1.6410353574960586,0.4444444444444444
6.0,10,0.0,1,-4.961025721755473,-2.2699358745065905,-1.5682367725335464,-0.07411483833121883,0.5555555555555556
6.0,10,0.0,2,-4.953252288758461,-2.3475382225533323,-1.6741945607846849,2.143992290938487,0.5555555555555556
6.0,10,0.0,3,-4.922330261060802,-2.7666476403413305,-0.18390751616611123,1.840787973020964,0.5555555555555556
6.0,10,0.0,4,-4.839766827815889,-1.2988145636199957,-1.2730646816281015,1.2339165099305849,0.5555555555555556
6.0,10,0.0,5,-4.9351882256283846,-2.3676380230360694,-0.9712928385908596,0.7185628974915761,0.5555555555555556
6.0,10,0.0,6,-4.893682964061993,-2.518817329529132,-0.9223571850176941,0.5963624408708069,0.5555555555555556
6.0,10,0.1,1,-4.982491637039503,-2.193310796656598,0.4296340626951764,1.1391724824519542,0.5555555555555556
6.0,10,0.1,2,-4.8968065633058995,-2.2863054062587653,-0.9850857296529462,1.1875084209242128,0.5555555555555556
6.0,10,0.1,3,-4.928357300071717,-2.1129071860893993,-0.4234089174777978,-0.05954649776275063,0.5555555555555556
6.0,10,0.1,4,-4.923622458461746,-2.46659611037592,-1.1870638339032165,0.4238685364612541,0.5555555555555556
6.0,10,0.1,5,-4.980308523299463,-2.1448865510362074,-1.0997241529454225,0.3285787660388877,0.5555555555555556
6.0,10,0.1,6,-4.9500688381412985,-2.4223316593354767,-1.3262806131156724,0.9005059063904559,0.5555555555555556
6.0,10,0.2,1,-5.039053555449392,-1.9309710516163523,-0.7616730781876093,-0.31872931432445445,0.5555555555555556
6.0,10,0.2,2,-5.080254642911385,-2.27059736453843,-0.4802166434581189,-0.17000814410378026,0.5555555555555556
6.0,10,0.2,3,-4.997624413401317,-2.5139203157147194,-1.1977430047435758,0.06534730952706277,0.5555555555555556
6.0,10,0.2,4,-4.967152742692845,-2.2916494997622854,-0.894529293317533,0.30564081702552665,0.5555555555555556
6.0,10,0.2,5,-5.0204607014783384,-2.3898413196793618,-0.8643706477043717,-0.16395695381286907,0.5555555555555556
6.0,10,0.2,6,-5.006184650486786,-2.117672404832594,-1.0390002614363607,-0.3662437313587712,0.5555555555555556
6.0,10,0.3,1,-5.180922915114346,-1.767242213861677,-1.8938550324170662,-1.1327788451781475,0.5555555555555556
6.0,10,0.3,2,-5.116390065989641,-1.7398649956904726,-0.7350697206377541,-0.8815451619022807,0.5555555555555556
6.0,10,0.3,3,-5.216534654536825,-2.4325417597096255,-2.494490526661452,-4.113203417936983,0.5555555555555556
6.0,10,0.3,4,-5.063421053689664,-1.8667727162776042,-1.2567851263119239,0.009628307771457779,0.5555555555555556
6.0,10,0.3,5,-5.193332089088605,-2.3033064654785056,-0.16931740818769558,0.29126728208502534,0.5555555555555556
6.0,10,0.3,6,-5.041527379617994,-2.0846068850183315,-1.791541938543972,-0.09979403655981693,0.5555555555555556
6.0,10,0.4,1,-5.130602809895614,-1.781295318957899,-0.042882755190694136,-2.4460716908345637,0.5555555555555556
6.0,10,0.4,2,-5.247288889995146,-1.7548711770309615,-1.115204768375906,-2.792625205943368,0.5555555555555556
6.0,10,0.4,3,-5.414837387425412,-2.208711542804212,-1.039886058425047,2.0536096246166524,0.5555555555555556
6.0,10,0.4,4,-5.208875678098503,-1.839829895404847,-1.1632835927109353,-3.0825233626280877,0.5555555555555556
6.0,10,0.4,5,-5.147590871327021,-1.9212153083308081,-1.7191657737237596,-2.351903382067513,0.5555555555555556
6.0,10,0.4,6,-5.233850134604198,-1.9555165103904302,-1.657054236101868,-2.392242743977073,0.5555555555555556
6.0,12,0.0,1,-2.8532127205979885,-0.28931406274787985,-0.4706018239948847,0.30298357123050257,0.6666666666666666
6.0,12,0.0,2,-2.8749757791359714,-0.3859100973677183,0.5352744330900572,-0.013155222578441927,0.6666666666666666
6.0,12,0.0,3,-2.837574540996821,-0.29324683932822726,-0.38185663112341295,0.3761601736622547,0.6666666666666666
6.0,12,0.0,4,-2.8469339816590287,-0.24473097950049144,0.34173551479182246,0.6460135446925053,0.6666666666666666
6.0,12,0.0,5,-2.8687503311553177,-0.2996311789764139,-0.32299402500121555,-0.1606729050933168,0.6666666666666666
6.0,12,0.0,6,-2.7839321849350025,0.10726846988884856,0.4332904244709506,-0.6461010181260581,0.6666666666666666
6.0,12,0.1,1,-2.8452995415015665,-0.2903921112936347,-0.41786910421407625,0.21762649239157766,0.6666666666666666
6.0,12,0.1,2,-2.888201258621849,-0.2953375187502304,-0.34270713740667297,-0.5844935240990086,0.6666666666666666
6.0,12,0.1,3,-2.848143933090772,-0.26595976858372744,-0.5849028523090208,-0.38482099181246665,0.6666666666666666
6.0,12,0.1,4,-2.8379799819574414,-0.2419771606004319,-0.01111249599808516,-0.21439221450004897,0.6666666666666666
6.0,12,0.1,5,-2.894339088706812,-0.31071180193205283,-0.3795729298660523,-0.001104017109042399,0.6666666666666666
6.0,12,0.1,6,-2.833911741485228,-0.2874664580993482,-0.060858736297546165,-0.09501556930343433,0.6666666666666666
6.0,12,0.2,1,-2.791932931715056,-0.25606775873270465,0.6421065953393376,-0.48557889666119874,0.6666666666666666
6.0,12,0.2,2,-2.724522229962762,0.5834296920260674,-2.8828302843231564,-0.5653688036517872,0.6666666666666666
6.0,12,0.2,3,-2.8467775811791967,0.09351613131021386,-1.1021602296273703,-0.6581176712441688,0.6666666666666666
6.0,12,0.2,4,-2.778359734403586,-0.07328266886261656,-2.125743348303954,-0.378596083801592,0.6666666666666666
6.0,12,0.2,5,-2.7986478027605215,-0.20316851000881336,0.8509999898077197,-0.9740773489653062,0.6666666666666666
6.0,12,0.2,6,-2.8190845747818147,-0.34133562758835545,0.09839877578298331,-0.8756013748393798,0.6666666666666666
6.0,12,0.3,1,-2.7330510509714636,-0.1362537738221241,-0.00015515605833356095,-1.140345458191123,0.6666666666666666
6.0,12,0.3,2,-2.769896244494586,-0.219418632974744,-0.0897152221867574,-0.9662166490457521,0.6666666666666666
6.0,12,0.3,3,-2.767793290661467,-0.16950721829710053,-0.7034169509720009,-1.3170738870503242,0.6666666666666666
6.0,12,0.3,4,-2.7107709078884845,-0.12663583576652698,0.5249710332993812,-1.1390495159236838,0.6666666666666666
6.0,12,0.3,5,-2.7824682078236394,-0.1257538784185025,-0.793701284803962,-1.8265120473034535,0.6666666666666666
6.0,12,0.3,6,-2.763521357908907,-0.11282344462175034,0.33138782992610294,-1.3507936364815243,0.6666666666666666
6.0,12,0.4,1,-2.6836706688392256,-0.16208583115986286,0.45192944139230845,-1.7722622864150577,0.6666666666666666
6.0,12,0.4,2,-2.77269899311308,-0.122043142953847,-0.4000142177325216,-2.1407991484251108,0.6666666666666666
6.0,12,0.4,3,-2.712315172406629,-0.1368459176610532,-0.8380184008204038,-2.340602366620183,0.6666666666666666
6.0,12,0.4,4,-2.717029372990911,-0.2604016349891905,-0.28027262503955797,-1.6179909899328648,0.6666666666666666
6.0,12,0.4,5,-2.7114714634824058,-0.2214661189896577,0.509444889360474,-2.4649606898674783,0.6666666666666666
6.0,12,0.4,6,-2.6729479369592473,-0.08876713549081483,0.08485174004712963,-2.2081700754678724,0.6666666666666666
6.0,14,0.0,1,-1.6765520782263015,0.7985625897541324,0.37559977732969496,-0.7721623069025101,0.7777777777777778
6.0,14,0.0,2,-1.73083570973644,0.8352519742176057,0.49717442240404974,-0.6259313495108036,0.7777777777777778
6.0,14,0.0,3,-1.682251459122454,0.761896918543339,0.33887609052295664,-0.4132707832911643,0.7777777777777778
6.0,14,0.0,4,-1.6985895809144693,0.8366183017294844,0.6682112976320302,-0.6601930754567509,0.7777777777777778
6.0,14,0.0,5,-1.7021047570123873,0.8511115610880455,0.8557124436874665,-0.6057055961376665,0.7777777777777778
6.0,14,0.0,6,-1.6777274608331425,0.8058210805708204,0.2249528297962789,-0.4142388039931503,0.7777777777777778
6.0,14,0.1,1,-1.6980962770114438,0.7902867511897446,0.2350559981439738,-0.8606048209792329,0.7777777777777778
6.0,14,0.1,2,-1.6981408634948614,0.8359896904221115,0.4451800022859567,-0.5516815905864835,0.7777777777777778
6.0,14,0.1,3,-1.662579298426887,0.7680024794216193,0.19548284793118068,-0.6000042378423526,0.7777777777777778
6.0,14,0.1,4,-1.629198409766245,0.7457921759088213,0.6577507984765688,-0.4688313080129779,0.7777777777777778
6.0,14,0.1,5,-1.6705835392038964,0.8325801222758106,0.30825389527007097,-0.8672848436360703,0.7777777777777778
6.0,14,0.1,6,-1.6974334325310572,0.8489315160433681,0.33603125604368983,-0.6563793119996764,0.7777777777777778
6.0,14,0.2,1,-1.6519157500439619,0.8148666173589495,0.45728043513329303,-0.8961190597450577,0.7777777777777778
6.0,14,0.2,2,-1.6217904240875822,0.8498136227669606,0.32956783993849087,-1.1631220877388002,0.7777777777777778
6.0,14,0.2,3,-1.6299180640390585,0.7784614245236201,0.42330657918803316,-1.034958132017304,0.7777777777777778
6.0,14,0.2,4,-1.6358861057459095,0.8294840949798757,0.41852577908038124,-0.7649658625742545,0.7777777777777778
6.0,14,0.2,5,-1.6305651681654882,0.8247217087658321,0.20612438484303755,-1.1110358971403833,0.7777777777777778
6.0,14,0.2,6,-1.6372366252632737,0.8853896022225631,0.5833248837261987,-1.142191034629898,0.7777777777777778
6.0,14,0.3,1,-1.563359394963684,0.8220072093371098,-0.13906921352708873,-1.2535421659970343,0.7777777777777778
6.0,14,0.3,2,-1.5625119204811924,0.7534206175706262,0.49507889039367503,-1.0900239641708425,0.7777777777777778
6.0,14,0.3,3,-1.560459890466437,0.8390488521490056,0.6582728382383425,-1.0166619507518067,0.7777777777777778
6.0,14,0.3,4,-1.581645683359071,0.7973611423475706,0.1037603932691074,-1.3176053310833395,0.7777777777777778
6.0,14,0.3,5,-1.5558215591885804,0.7747090416149398,0.48928547341285145,-1.0344208487135202,0.7777777777777778
6.0,14,0.3,6,-1.5262167067671117,0.8306544988718212,0.38818931878460355,-1.2959538875798846,0.7777777777777778
6.0,14,0.4,1,-1.5237220987878453,0.8277749694733736,0.6006354369135061,-1.239113495578879,0.7777777777777778
6.0,14,0.4,2,-1.5635315846317526,0.7956595229047851,0.1450502453846739,-1.230352350615737,0.7777777777777778
6.0,14,0.4,3,-1.53616374387721,0.8141316948541537,0.6952431111399753,-0.9845833045516411,0.7777777777777778
6.0,14,0.4,4,-1.5343833796877582,0.7981222089026792,0.3647554909047611,-1.3788309012041098,0.7777777777777778
6.0,14,0.4,5,-1.5311455418261932,0.8255086944731799,0.637919183410829,-1.0083203032410073,0.7777777777777778
6.0,14,0.4,6,-1.533888291563059,0.8304580311618611,0.42130226209895094,-1.0203923087939075,0.7777777777777778
6.0,16,0.0,1,-1.0098023497497632,1.264505606957994,1.0068675409526056,-0.3792783416328631,0.8888888888888888
6.0,16,0.0,2,-0.9931463586475152,1.2226534453082056,1.1835307123048509,-0.2551760554893846,0.8888888888888888
6.0,16,0.0,3,-1.0178083563574927,1.2347321257999528,0.6620826199407204,-0.2891940549335401,0.8888888888888888
6.0,16,0.0,4,-1.0116785343613217,1.2307580321787277,0.7626016099542599,-0.04658959643258525,0.8888888888888888
6.0,16,0.0,5,-1.0199041733226182,1.2621589808221523,0.8394820628352475,-0.3805904357925217,0.8888888888888888
6.0,16,0.0,6,-0.9941908160450085,1.2719016151901879,1.1751424345345,-0.4036064581704366,0.8888888888888888
6.0,16,0.1,1,-1.0142235384090745,1.1604023440426756,0.6807158025953649,-0.33126767828279063,0.8888888888888888
6.0,16,0.1,2,-1.0309143466904718,1.2527747160743143,0.685151548054618,-0.44456863424617216,0.8888888888888888
6.0,16,0.1,3,-1.000782606414863,1.2381377495880563,0.7955632764739073,-0.10970976653547834,0.8888888888888888
6.0,16,0.1,4,-1.026578593179337,1.2032740995702451,0.8376652741345529,-0.2602708183794297,0.8888888888888888
6.0,16,0.1,5,-1.004666318466382,1.2869140280903255,1.0045219295804058,-0.19103421667366574,0.8888888888888888
6.0,16,0.1,6,-1.01896773624156,1.1613242976060136,0.5716590605169871,0.2549849663356228,0.8888888888888888
6.0,16,0.2,1,-1.009882123326711,1.23022887301611,0.913959414177915,-0.3610299227826954,0.8888888888888888
6.0,16,0.2,2,-0.9965913008611871,1.1873705701042159,0.8111984639043989,-0.19742987306736598,0.8888888888888888
6.0,16,0.2,3,-0.9995244313004203,1.138065224778144,0.8067148155609821,-0.628396654445817,0.8888888888888888
6.0,16,0.2,4,-0.9890416312193956,1.2004241601539887,0.9299666434799674,-0.5478388117610212,0.8888888888888888
6.0,16,0.2,5,-1.0048335892358904,1.16025926364571,0.6613786951556435,-0.4321410661134893,0.8888888888888888
6.0,16,0.2,6,-0.9940254092879197,1.220686451481075,0.8031255986270691,-0.3909561512357985,0.8888888888888888
6.0,16,0.3,1,-0.975076555416098,1.1592091905384996,1.249206754591928,-0.0548960764495378,0.8888888888888888
6.0,16,0.3,2,-0.9951679049829852,1.2083148191525557,0.8837932863130264,-0.2331156630093692,0.8888888888888888
6.0,16,0.3,3,-0.9756825970884933,1.1512928976591157,1.351554877814348,-0.14873206095966038,0.8888888888888888
6.0,16,0.3,4,-0.9851005685701233,1.1354501673663382,0.9075384672685185,-0.2039701631537584,0.8888888888888888
6.0,16,0.3,5,-0.9905652040551782,1.1378071978295483,0.7423546896726537,-0.4004577644451751,0.8888888888888888
6.0,16,0.3,6,-0.9778474188905124,1.1390624729044927,0.8447899948296762,-0.2777303171768541,0.8888888888888888
6.0,16,0.4,1,-0.9967119847039034,1.1090383397170132,0.6001585580395997,0.4173202146449112,0.8888888888888888
6.0,16,0.4,2,-0.9967349248203833,1.0620112399527488,0.5231076469161409,0.4849367327651765,0.8888888888888888
6.0,16,0.4,3,-1.0000011874219439,1.1396435055915841,0.4417916061585999,0.40683340291947356,0.8888888888888888
6.0,16,0.4,4,-0.9765491473780493,1.0569674018370612,0.5502116485066284,0.40709272635868315,0.8888888888888888
6.0,16,0.4,5,-0.9880779602429847,1.035744033314072,0.5252423574031762,0.5610442383146486,0.8888888888888888
6.0,16,0.4,6,-1.0024405280987918,1.1061154706531133,0.8160266596099872,0.47918906441976733,0.8888888888888888
6.0,18,0.0,1,-0.6474879049270081,1.4439484306422865,1.328024968979426,0.09869470414039662,1.0
6.0,18,0.0,2,-0.6477056206064564,1.4474100708256312,1.3203589129824942,-0.18414020152528812,1.0
6.0,18,0.0,3,-0.6157022013953254,1.3980769539446858,1.364486392064709,-0.20135892758023027,1.0
6.0,18,0.0,4,-0.6232852589578333,1.407555958571951,1.2971103436863038,-0.1312505414103645,1.0
6.0,18,0.0,5,-0.5797794649688348,1.3644733769709632,1.399053130173695,-0.17900445917450541,1.0
6.0,18,0.0,6,-0.6209721616923477,1.429390831473977,1.485245246550448,-0.24561811961420288,1.0
6.0,18,0.1,1,-0.655842124026207,1.389300486504947,1.0057664824522878,0.43054957635118346,1.0
6.0,18,0.1,2,-0.6581132487793966,1.4057322421046639,1.208536449402444,0.6917391973506188,1.0
6.0,18,0.1,3,-0.6966076868704771,1.4359583809961627,1.1228495651901516,0.6669640372537506,1.0
6.0,18,0.1,4,-0.6748805429899527,1.4252698410687823,1.071713838262911,0.7483489859400059,1.0
6.0,18,0.1,5,-0.6441726738530799,1.4051948784978205,1.2653951819962763,0.717710316086223,1.0
6.0,18,0.1,6,-0.6864293593922508,1.4130240142198502,1.1230951163230523,0.7246683527398597,1.0
6.0,18,0.2,1,-0.7094330068996473,1.3340907767209589,1.0160204668818917,0.8348245915920127,1.0
6.0,18,0.2,2,-0.7066289271874119,1.3957455923240487,0.9890666529656678,1.0524313472249607,1.0
6.0,18,0.2,3,-0.7047324462813044,1.371816103048863,1.010024106681256,0.9628952809239401,1.0
6.0,18,0.2,4,-0.6891424951082348,1.3479479499985019,0.8858209278124681,0.8509966957355637,1.0
6.0,18,0.2,5,-0.724295464910504,1.3912366693712133,0.9213028444098608,1.0400607971209204,1.0
6.0,18,0.2,6,-0.7146178515541506,1.348358021775939,0.7740458078177563,1.109202598990723,1.0
6.0,18,0.3,1,-0.7412619948392127,1.2766044007833448,0.937408350983113,1.2664904579981442,1.0
6.0,18,0.3,2,-0.7379971235631266,1.304075511925948,0.8597739533818374,1.1262558720101008,1.0
6.0,18,0.3,3,-0.7448558856908097,1.303200982176358,0.7823569659568225,1.235894891145873,1.0
6.0,18,0.3,4,-0.7517580185376171,1.305172159288339,0.8896075253631508,1.1759841725688547,1.0
6.0,18,0.3,5,-0.741849867455494,1.2991657973483943,0.8102266811185832,1.1909674147700104,1.0
6.0,18,0.3,6,-0.732593812214199,1.2937411030239943,0.7290134058159892,1.1948358114771467,1.0
6.0,18,0.4,1,-0.7677016810371284,1.2100213670125013,0.6822501764790078,1.6577228769494616,1.0
6.0,18,0.4,2,-0.7533034785950065,1.2139157144296795,0.5729774171627267,1.5988350074066375,1.0
6.0,18,0.4,3,-0.7601892104691972,1.2360174818624625,0.6113026518021767,1.5204200229148763,1.0
6.0,18,0.4,4,-0.7688412470618156,1.217956932696083,0.5661173428211739,1.5851487302988516,1.0
6.0,18,0.4,5,-0.7655690311684877,1.2247365766375775,0.4664479316675586,1.547831452904265,1.0
6.0,18,0.4,6,-0.7689455585990612,1.2073897124538617,0.5769641940325897,1.635490310000316,1.0
8.0,4,0.0,1,-28.011838435038545,-34.390873507561516,-3.639688939570173,2.5049461642626403,0.2222222222222222
8.0,4,0.0,2,-28.166367517388274,-34.48742786000348,-7.11806124702202,1.1763938115550987,0.2222222222222222
8.0,4,0.0,3,-28.01623813703934,-31.283008247565306,-6.082811015167038,3.21987335614604,0.2222222222222222
8.0,4,0.0,4,-27.88912636318521,-35.42388226116875,-4.577629136199123,2.117407876836553,0.2222222222222222
8.0,4,0.0,5,-28.158319935981815,-34.622070925416914,-12.431299524492903,2.2530501634871163,0.2222222222222222
8.0,4,0.0,6,-27.942198072960387,-26.572535846651213,-4.244578295759603,4.938906581566775,0.2222222222222222
8.0,4,0.1,1,-29.05204979331912,-32.605788105727754,-0.43269202514072164,0.10627205199608217,0.2222222222222222
8.0,4,0.1,2,-27.884339985346617,-29.63100610751285,-3.9271152389097908,-0.19019458297295594,0.2222222222222222
8.0,4,0.1,3,-28.206370322052607,-31.539472677665646,-0.4128532098128794,-1.0975836357767161,0.2222222222222222
8.0,4,0.1,4,-28.052346655320683,-32.752741591136655,-1.4315894806806693,2.2614559284232416,0.2222222222222222
8.0,4,0.1,5,-28.403545602364584,-34.04343249128391,-7.927610302491486,-3.687552352235104,0.2222222222222222
8.0,4,0.1,6,-29.007500202073697,-36.70741133930051,-7.5244651192901255,-2.075411908262038,0.2222222222222222
8.0,4,0.2,1,-28.955857007100974,-33.42824142588253,-4.37633405693379,4.0256427945825095,0.2222222222222222
8.0,4,0.2,2,-28.99514530375029,-30.55020507437183,-5.70012520562697,-1.5128481432483118,0.2222222222222222
8.0,4,0.2,3,-28.419700618331866,-35.258425826407866,-7.243978685084575,-6.497660825949751,0.2222222222222222
8.0,4,0.2,4,-29.166408261275556,-32.64376075781196,-3.683133826666566,-1.3783985893542106,0.2222222222222222
8.0,4,0.2,5,-28.487368916202477,-27.71659812101377,-3.222584037846918,-3.8221771648279743,0.2222222222222222
8.0,4,0.2,6,-28.506432407826907,-30.053228657517412,-6.813647229138536,-3.387525961408902,0.2222222222222222
8.0,4,0.3,1,-30.07095905738845,-29.38225210810135,-6.953261106217335,-10.407724007400025,0.2222222222222222
8.0,4,0.3,2,-30.397031812166915,-29.15689909422399,-2.330365981756866,-4.206929941944966,0.2222222222222222
8.0,4,0.3,3,-30.006215001076196,-27.13748452034642,-3.115850113949782,-5.829265774740561,0.2222222222222222
8.0,4,0.3,4,-30.142569689958787,-32.844922530305425,-8.052012162977551,-12.200256472550805,0.2222222222222222
8.0,4,0.3,5,-30.16120995688568,-30.363410164711333,-4.78894790607487,-7.808824405743726,0.2222222222222222
8.0,4,0.3,6,-30.20686203357826,-32.25492695081239,-10.645718438922117,-8.42996381659285,0.2222222222222222
8.0,4,0.4,1,-31.291160724998633,-30.86413499253132,-4.516014468815156,-13.64083010768058,0.2222222222222222
8.0,4,0.4,2,-31.69508249179821,-29.48742981190217,-5.202759811555838,-15.919699953937862,0.2222222222222222
8.0,4,0.4,3,-31.488823432508177,-28.42826814740842,-6.236152185129056,-15.564322594212637,0.2222222222222222
8.0,4,0.4,4,-31.432641462456292,-33.14059830444705,-3.2796529947822464,-14.292142235793023,0.2222222222222222
8.0,4,0.4,5,-32.17037071180934,-27.908766889158585,-7.056490482780741,-14.808469012052829,0.2222222222222222
8.0,4,0.4,6,-31.6477653110868,-37.141931521573206,-5.001206964543387,-18.00865632913106,0.2222222222222222
8.0,6,0.0,1,-15.035474829150122,-9.526083784428867,-5.930535603127387,-0.060918645395652414,0.3333333333333333
8.0,6,0.0,2,-15.127714453355214,-9.61758574003586,-5.288414369169909,1.5049856856430899,0.3333333333333333
8.0,6,0.0,3,-14.694964582544765,-8.774171478860138,-5.004147243037833,-0.7122911847035803,0.3333333333333333
8.0,6,0.0,4,-14.961234384635492,-7.737379894463251,-8.371051021405089,-0.41924923539264947,0.3333333333333333
8.0,6,0.0,5,-14.968727594685413,-9.717596835566196,-7.8447369767465345,0.8064010517981901,0.3333333333333333
8.0,6,0.0,6,-14.882009803671497,-9.203439466974286,-5.914719126229919,0.824107548777452,0.3333333333333333
8.0,6,0.1,1,-15.1897173466108,-9.278227521754246,-4.193515742544356,-1.2685185381288338,0.3333333333333333
8.0,6,0.1,2,-14.798311372535858,-9.859339200990295,-5.816684696784188,0.12522184356533658,0.3333333333333333
8.0,6,0.1,3,-15.043616250644135,-8.856703029062212,-4.115426577985142,5.911488056084306,0.3333333333333333
8.0,6,0.1,4,-15.07793644576538,-9.58607716511055,-4.678339254260228,-0.23321182875731808,0.3333333333333333
8.0,6,0.1,5,-15.091184569236969,-9.00032030770015,-5.207890326453945,2.3504000061530865,0.3333333333333333
8.0,6,0.1,6,-14.958241051125952,-9.728774662034855,-4.597632841853047,1.4090462977867992,0.3333333333333333
8.0,6,0.2,1,-15.3610163741385,-10.277316375611676,-2.2849614866672687,0.8514939105348794,0.3333333333333333
8.0,6,0.2,2,-15.383005929615061,-6.879130866673468,-8.61706542518415,3.215101763062126,0.3333333333333333
8.0,6,0.2,3,-15.257814679887844,-8.057408830374367,-8.36100861100496,-7.186228323460523,0.3333333333333333
8.0,6,0.2,4,-15.383179949222944,-10.42499844977193,-4.587075758363415,-0.19084008656356177,0.3333333333333333
8.0,6,0.2,5,-15.260390778654141,-8.964629459228084,-2.4624805565815238,-3.7098003710526344,0.3333333333333333
8.0,6,0.2,6,-15.20977572656152,-10.318086500052129,-5.2931315320035734,1.365725015039668,0.3333333333333333
8.0,6,0.3,1,-15.701403057499167,-9.235164732651178,-3.7536368765232466,1.8673456376662916,0.3333333333333333
8.0,6,0.3,2,-16.311464322169655,-8.986577888954761,-8.672681363132224,0.5212599379880667,0.3333333333333333
8.0,6,0.3,3,-15.75379386134592,-9.131577827510403,-4.485328977803556,-5.53740231543377,0.3333333333333333
8.0,6,0.3,4,-15.796918162411567,-9.11098459008591,-4.72066612227467,-1.1415835426286853,0.3333333333333333
8.0,6,0.3,5,-16.05823466877582,-8.660166193602855,-6.144716712578166,-4.403065240794389,0.3333333333333333
8.0,6,0.3,6,-16.02400947308348,-12.0353195307018,-7.354419041938314,-4.3121881054657,0.3333333333333333
8.0,6,0.4,1,-16.03503477148164,-10.762371309834084,-6.029955607081078,-5.317829080092247,0.3333333333333333
8.0,6,0.4,2,-16.625116977421875,-8.159404027896816,-7.457811561280538,-3.851999406958759,0.3333333333333333
8.0,6,0.4,3,-16.372005571241328,-10.365580428267227,-7.022942013311503,-4.891095064087855,0.3333333333333333
8.0,6,0.4,4,-16.11970103257989,-9.985263185921157,-8.667898459262853,-4.787489535780886,0.3333333333333333
8.0,6,0.4,5,-15.815327472580174,-8.664112094868434,-5.429131078447147,-1.6511447167098088,0.3333333333333333
8.0,6,0.4,6,-15.77404695323784,-10.1336880690489,-4.411328022376791,-3.6328926680100424,0.3333333333333333
8.0,8,0.0,1,-7.7658285344264755,-4.614647160588328,-6.910266044971172,0.5276982994254305,0.4444444444444444
8.0,8,0.0,2,-7.820202538567398,-4.493463882545131,-2.2531326392713673,2.0609941372958445,0.4444444444444444
8.0,8,0.0,3,-7.536414941395989,-4.157285967148323,-5.362736337047529,2.5213234106813345,0.4444444444444444
8.0,8,0.0,4,-7.485743006609648,-4.707284021355261,-4.7831911127260245,2.7382811467808628,0.4444444444444444
8.0,8,0.0,5,-7.734103660657124,-6.173625732264585,0.4604865266643678,2.9642640022559923,0.4444444444444444
8.0,8,0.0,6,-7.664011130037878,-5.2383187854363005,-2.9986994093609507,0.8484117800802717,0.4444444444444444
8.0,8,0.1,1,-7.713120229588704,-4.079452252813321,-4.205815011610204,0.9582268384318258,0.4444444444444444
8.0,8,0.1,2,-7.856219846457097,-4.2922129232669715,-3.7738053639794495,3.643916651352062,0.4444444444444444
8.0,8,0.1,3,-7.731623220746137,-5.458119839458488,-5.243103501316054,1.0826988862488505,0.4444444444444444
8.0,8,0.1,4,-7.674304988144925,-4.188509146997967,-4.997478845567848,1.2348828418352655,0.4444444444444444
8.0,8,0.1,5,-7.7582870579428,-4.7690706902958135,-2.964105285802945,0.5027293827733392,0.4444444444444444
8.0,8,0.1,6,-7.722372080556786,-3.833871739502624,-4.711457012196498,1.8547715125079745,0.4444444444444444
8.0,8,0.2,1,-7.824005903224235,-5.320512733122631,-5.7237905583098305,0.19365566866420042,0.4444444444444444
8.0,8,0.2,2,-7.89408443327716,-4.422157333852645,-3.036335330174995,1.1240742041016745,0.4444444444444444
8.0,8,0.2,3,-7.7265083261108085,-4.746897559070283,-4.448531586082917,0.5582530297198836,0.4444444444444444
8.0,8,0.2,4,-7.705802052499668,-3.891751120275179,-3.8159141732441832,0.39969844521315867,0.4444444444444444
8.0,8,0.2,5,-7.716665365325272,-4.1442828094791855,-3.4061455735935757,-1.3087759540292216,0.4444444444444444
8.0,8,0.2,6,-7.7339086571355535,-3.9215985460441574,-4.178331404201898,0.3407734564721645,0.4444444444444444
8.0,8,0.3,1,-7.9120768793033305,-1.7372294312956715,-18.574444494800755,0.42874124078349823,0.4444444444444444
8.0,8,0.3,2,-7.9378413134782715,-3.3092347300734573,-1.642376826073494,0.6113589536918299,0.4444444444444444
8.0,8,0.3,3,-7.824289728083073,-4.5567371417527625,-4.216791918978119,0.1448366409846436,0.4444444444444444
8.0,8,0.3,4,-7.930105644457543,-4.501321779286877,-4.075114786118162,0.5015614385918186,0.4444444444444444
8.0,8,0.3,5,-8.02859318567435,-5.155088292641331,-3.4878422818297907,-0.6809079988835423,0.4444444444444444
8.0,8,0.3,6,-7.908367100904336,-4.269505390654848,-6.282864005241812,0.06892270283816293,0.4444444444444444
8.0,8,0.4,1,-8.129064282701389,-4.767159869840501,-3.8084725276072846,-3.0828037075814225,0.4444444444444444
8.0,8,0.4,2,-8.086093844008477,-7.105579838514058,0.3609931947870345,-0.3988631246969206,0.4444444444444444
8.0,8,0.4,3,-8.223822802095775,-5.394862959905311,-3.6611888943857025,-1.800439748362934,0.4444444444444444
8.0,8,0.4,4,-8.033732739371823,-4.244014668052977,-6.108348324040227,-4.6753107256730315,0.4444444444444444
8.0,8,0.4,5,-8.11032845386558,-4.302819364143053,-3.941082371250604,-0.931674236572586,0.4444444444444444
8.0,8,0.4,6,-8.048793474755712,-3.9381560514706813,-3.3770915962354593,-1.4130559856987115,0.4444444444444444
8.0,10,0.0,1,-4.013816184002827,-2.0953016092485512,-2.327601533925238,1.3425428764404823,0.5555555555555556
8.0,10,0.0,2,-4.019980043316727,-2.39582252898355,-2.852212974813411,0.1508903959323031,0.5555555555555556
8.0,10,0.0,3,-3.927847416340113,-2.530218607288463,-1.3962745846121059,1.0425366093816244,0.5555555555555556
8.0,10,0.0,4,-3.9246208411562646,-2.014019425066246,0.16169297117656845,1.3141546634318684,0.5555555555555556
8.0,10,0.0,5,-3.92601275706237,-1.905367102275735,-1.7358313052396201,1.1780979873458521,0.5555555555555556
8.0,10,0.0,6,-3.9354827580820007,-2.206529351694992,-1.2208436341377813,0.8201360884881488,0.5555555555555556
8.0,10,0.1,1,-3.992805465910621,-2.4627329427156073,-1.23224527502719,0.557109929921882,0.5555555555555556
8.0,10,0.1,2,-3.9664550430845082,-2.2526479779868347,-2.5848087466080476,0.11702059399127787,0.5555555555555556
8.0,10,0.1,3,-3.9421848504286023,-2.345229520727461,-2.5367418113850766,0.7781437588872095,0.5555555555555556
8.0,10,0.1,4,-3.919214923274646,-2.3441041808656533,-0.8180606822068672,0.09827144977018479,0.5555555555555556
8.0,10,0.1,5,-3.9709578015042815,-1.8380548536592531,-1.167457968389729,0.21413912369454188,0.5555555555555556
8.0,10,0.1,6,-3.855156719159372,-1.6290135801653503,-1.840870573856235,-0.40151445324282353,0.5555555555555556
8.0,10,0.2,1,-4.058000639147346,-1.9447629639448223,-3.280694238531973,0.45464631461920907,0.5555555555555556
8.0,10,0.2,2,-4.003111396581668,-2.2184404768751436,-0.24000375854263406,-0.04342924217417492,0.5555555555555556
8.0,10,0.2,3,-3.896124721505582,-1.974172821545268,-1.5493002550151889,-0.19102062315319102,0.5555555555555556
8.0,10,0.2,4,-3.9673060416970762,-2.057422698317533,-1.6332642755282691,0.5249366338467025,0.5555555555555556
8.0,10,0.2,5,-4.079691990570639,-2.102568354193361,0.6935080782250527,0.6074413195437927,0.5555555555555556
8.0,10,0.2,6,-3.9067420690207313,-1.8853868048670264,-1.3982680437407837,-1.383057879844306,0.5555555555555556
8.0,10,0.3,1,-4.007180061798,-1.7997062742163163,-0.6324514478071579,-0.28249891590859016,0.5555555555555556
8.0,10,0.3,2,-3.997979147344219,-2.4831666522734053,-2.3488348152671836,-0.2995459646982952,0.5555555555555556
8.0,10,0.3,3,-4.0179617365707845,-2.1184557104677046,-2.66017582077098,-0.8999013400319734,0.5555555555555556
8.0,10,0.3,4,-3.9811905407971784,-1.4750637332791137,-0.5436491635419347,-0.8297563925985287,0.5555555555555556
8.0,10,0.3,5,-3.832388382295517,-1.9487327514970705,-2.3441460574483903,-0.18459738660666614,0.5555555555555556
8.0,10,0.3,6,-3.96939899130532,-1.8118143882485072,-2.730493535223254,0.011876676328527536,0.5555555555555556
8.0,10,0.4,1,-4.040713828917232,-1.9523043276512653,-1.3476180312663986,-1.0047615405229464,0.5555555555555556
8.0,10,0.4,2,-3.983528985514554,-1.6551028514507884,-1.1368042505181069,-1.173403516861924,0.5555555555555556
8.0,10,0.4,3,-3.876526471672176,-2.11104056114367,-1.7803577416584233,-1.448708909896278,0.5555555555555556
8.0,10,0.4,4,-3.9232734296397624,-1.838933034816892,-1.0446680737421934,-1.2606554671638617,0.5555555555555556
8.0,10,0.4,5,-3.983732942545113,-2.248161336933726,-1.6226551347502838,-1.9260289558020722,0.5555555555555556
8.0,10,0.4,6,-3.9696730085207106,-1.8358134064999316,-3.8590240702980196,-1.3512409034306625,0.5555555555555556
8.0,12,0.0,1,-2.1735032338268545,-0.5744185441629679,0.554692621052182,0.06463588735338974,0.6666666666666666
8.0,12,0.0,2,-2.143788569626218,-0.4642109781494856,-1.462455733725107,0.3689802868847067,0.6666666666666666
8.0,12,0.0,3,-2.1694560176791766,-0.5380218852922789,-0.39783666796509254,0.04576703623063296,0.6666666666666666
8.0,12,0.0,4,-2.1000019755051076,-0.39169736602522176,0.5583801389472951,0.06090660073499421,0.6666666666666666
8.0,12,0.0,5,-2.165457343630105,-0.7278638963740403,-0.7284438751430551,-0.41461605189876477,0.6666666666666666
8.0,12,0.0,6,-2.133464031312419,-0.687306503528494,0.09911919610415776,-0.5387932629823247,0.6666666666666666
8.0,12,0.1,1,-2.146944871596895,-0.445414581137541,0.028255880846498826,-0.9855705152785003,0.6666666666666666
8.0,12,0.1,2,-2.209835505411374,-0.7122845405103695,-0.6947505009401634,-0.4190288593447381,0.6666666666666666
8.0,12,0.1,3,-2.1156150444936634,-0.5350207884084097,-0.5537749613990627,-1.0209787774153816,0.6666666666666666
8.0,12,0.1,4,-2.1381571594534785,-0.7094431941259269,0.01356845400028761,0.21461388864315367,0.6666666666666666
8.0,12,0.1,5,-2.1820094337556872,-0.36542143505458374,-0.09689386018160509,-0.18174393458015617,0.6666666666666666
8.0,12,0.1,6,-2.1122652926943877,-0.4245410301829772,-0.4637385685712213,-0.25084224415740874,0.6666666666666666
8.0,12,0.2,1,-2.139350925226379,-0.46584515927678877,-0.06968182690932795,-0.7095915794406524,0.6666666666666666
8.0,12,0.2,2,-2.1579726795792267,-0.41654046192792926,-0.6217507633008234,-1.6464517141494106,0.6666666666666666
8.0,12,0.2,3,-2.116176577402057,-0.38652535444929975,-0.1859723041305595,-1.6494553863890336,0.6666666666666666
8.0,12,0.2,4,-2.0944061708812898,-0.3826529545256828,-0.38733796392690945,-1.5315661835747658,0.6666666666666666
8.0,12,0.2,5,-2.144288070420458,-0.5207354709254325,-0.30987422757969124,-1.0169466850754092,0.6666666666666666
8.0,12,0.2,6,-2.1257994566518628,-0.35827876547370674,-0.7118428018328153,-0.8660826845633988,0.6666666666666666
8.0,12,0.3,1,-2.0652994974845003,-0.6075839418352661,-0.34464668014926503,-1.2644306324554426,0.6666666666666666
8.0,12,0.3,2,-2.0972507092166617,-0.4476208909958476,-0.8854703997080486,-1.7699432133823663,0.6666666666666666
8.0,12,0.3,3,-2.045620828414097,-0.5756715620504353,-0.3393915929649422,-1.0215824008778995,0.6666666666666666
8.0,12,0.3,4,-2.0749770114662267,-0.6306641642148668,-0.286204724177974,-1.2947355630696111,0.6666666666666666
8.0,12,0.3,5,-2.0216169927353627,-0.47981202726595207,-1.5168679891926116,-1.6144786046683985,0.6666666666666666
8.0,12,0.3,6,-1.9744589377803112,-0.5162171404090916,0.24841436214654994,-0.7688124248047067,0.6666666666666666
8.0,12,0.4,1,-1.9786324151693073,-0.4575999699069181,-0.5515218609331114,-1.2917922699986406,0.6666666666666666
8.0,12,0.4,2,-1.9177536366453574,-0.4681692490463334,-1.0931641914354675,-1.3593130382537761,0.6666666666666666
8.0,12,0.4,3,-1.9551159846876847,-0.4875804565635476,-0.693662591744885,-1.5127379526777307,0.6666666666666666
8.0,12,0.4,4,-1.9829560488080056,-0.44989809667141856,-0.19148374908600957,-1.4248775178515938,0.6666666666666666
8.0,12,0.4,5,-1.9894740827492818,-0.3616499694973381,-1.1180821067165232,-1.292825633307052,0.6666666666666666
8.0,12,0.4,6,-1.9532808763351703,-0.42651035716207186,-1.458503039409469,-0.30507839002517995,0.6666666666666666
8.0,14,0.0,1,-1.2030626336389802,0.558976252716505,0.19794189536207257,-0.2810473084549546,0.7777777777777778
8.0,14,0.0,2,-1.2209955139877078,0.6010116949750627,0.33364881750106,-0.6158600546885941,0.7777777777777778
8.0,14,0.0,3,-1.2433203229523682,0.47666148359051314,0.10548173112578155,-0.41229098481015913,0.7777777777777778
8.0,14,0.0,4,-1.2265533151063537,0.5482639153733514,0.07526921449531718,-0.5154439156298309,0.7777777777777778
8.0,14,0.0,5,-1.2095576047214742,0.4577690116741563,0.4939702434719786,-0.45844135518773116,0.7777777777777778
8.0,14,0.0,6,-1.215145854334839,0.4477376135966405,0.15754089112248287,-0.30799242661782317,0.7777777777777778
8.0,14,0.1,1,-1.1461770357232854,0.6150148477006775,0.5434788629184757,-0.3483754234493161,0.7777777777777778
8.0,14,0.1,2,-1.2113968934024713,0.46444242419539233,0.60252116815009,-0.7066852157449046,0.7777777777777778
8.0,14,0.1,3,-1.190737665339593,0.4906476570242468,0.6318670441409242,-0.6669511666588568,0.7777777777777778
8.0,14,0.1,4,-1.2082363045656754,0.5872462205669361,0.20946895638745167,-0.40383060645378743,0.7777777777777778
8.0,14,0.1,5,-1.2177223295486244,0.5354171304640751,0.17620027599421845,-0.34223599596901566,0.7777777777777778
8.0,14,0.1,6,-1.1702129295097212,0.5381183736363024,-0.11236632202278227,-0.5995367241681214,0.7777777777777778
8.0,14,0.2,1,-1.1688529293876795,0.491115840277945,-0.24892798705794714,-1.1381457227100695,0.7777777777777778
8.0,14,0.2,2,-1.1613637502115355,0.6145154626342155,0.21802705679304885,-0.5239046998433455,0.7777777777777778
8.0,14,0.2,3,-1.1296094703758535,0.6647154207222143,0.25173840791643926,-0.5239133423282119,0.7777777777777778
8.0,14,0.2,4,-1.149657528583097,0.5707247381709376,0.4788437336719461,-0.7050143961821101,0.7777777777777778
8.0,14,0.2,5,-1.155530673201723,0.588740044998884,-0.05826769458878054,-1.2781720954396376,0.7777777777777778
8.0,14,0.2,6,-1.1684769280570833,0.5991630733174416,-0.11433774926537721,-0.7006550657039265,0.7777777777777778
8.0,14,0.3,1,-1.1552274701048617,0.6222392255759843,0.15439325267840343,-0.8222137751649855,0.7777777777777778
8.0,14,0.3,2,-1.1423259058842412,0.39780011149662176,-0.24830015093735902,-1.2940675093439196,0.7777777777777778
8.0,14,0.3,3,-1.1369685591018537,0.6259529710766935,0.5547115709137207,-1.1523041048400213,0.7777777777777778
8.0,14,0.3,4,-1.1211564652649575,0.6331221874609023,0.6043605860530559,-0.571905997558571,0.7777777777777778
8.0,14,0.3,5,-1.1071047716344167,0.5028810743082215,0.12325099722359387,-1.023455773938083,0.7777777777777778
8.0,14,0.3,6,-1.103617574484898,0.5249865994022336,0.3312757111074579,-0.8175111709531203,0.7777777777777778
8.0,14,0.4,1,-1.1378923763928175,0.5235031714737524,0.282737177656875,-0.8840111138897335,0.7777777777777778
8.0,14,0.4,2,-1.084866019233678,0.43524839553087913,0.42247550693516145,-0.9438058824178317,0.7777777777777778
8.0,14,0.4,3,-1.1127365197902823,0.6001671051945514,0.0034255186198275276,-0.8240870381971204,0.7777777777777778
8.0,14,0.4,4,-1.078860307579049,0.5160312379073343,0.03621750396222144,-0.8825986950268991,0.7777777777777778
8.0,14,0.4,5,-1.1259495046949115,0.6239274139566907,0.3680663959807164,-0.8858113645221378,0.7777777777777778
8.0,14,0.4,6,-1.1319239158734518,0.5079902150066165,0.1009904897015635,-0.8444636696915172,0.7777777777777778
8.0,16,0.0,1,-0.693391930965403,1.14694247795701,0.8527047099029506,-0.4272858419444477,0.8888888888888888
8.0,16,0.0,2,-0.6870711536705365,1.1911927585411575,1.113215790477009,0.07917440520571059,0.8888888888888888
8.0,16,0.0,3,-0.6742794791664815,1.0861074337860153,0.8309726056649213,-0.3161567771984564,0.8888888888888888
8.0,16,0.0,4,-0.6908088835542643,1.1229095021898865,0.8676424737464494,-0.2863643864877002,0.8888888888888888
8.0,16,0.0,5,-0.6922099189839419,1.123752060030921,1.0738113582817044,-0.06272783057920356,0.8888888888888888
8.0,16,0.0,6,-0.6985681171742526,1.1955597981605177,0.7969221638809547,-0.10303668566867492,0.8888888888888888
8.0,16,0.1,1,-0.6931695739922725,1.16852690831664,0.5996148895860067,-1.6662758140969696,0.8888888888888888
8.0,16,0.1,2,-0.6617365420690031,1.071598175963096,1.2049918362894407,0.1771420213717194,0.8888888888888888
8.0,16,0.1,3,-0.6753776526315682,1.1970925469072307,0.5456789656277158,-0.20734861149554346,0.8888888888888888
8.0,16,0.1,4,-0.6782387734722691,1.1189539562860928,0.4913314637814981,-0.05931753494865455,0.8888888888888888
8.0,16,0.1,5,-0.7027003985761798,1.1282747525553656,1.055803874345396,-0.13506135288647936,0.8888888888888888
8.0,16,0.1,6,-0.6794261020921193,1.0947704528443398,0.8411305076470461,-0.11786863013203297,0.8888888888888888
8.0,16,0.2,1,-0.6958859793435599,1.1800579867562064,0.9245413720615339,0.3766022767887656,0.8888888888888888
8.0,16,0.2,2,-0.6933940232967879,1.1033898560571813,0.9796599435318164,-0.29630289383458747,0.8888888888888888
8.0,16,0.2,3,-0.6758662898994088,1.1464021180333144,0.4150483558550445,-0.08882624709494838,0.8888888888888888
8.0,16,0.2,4,-0.6692789235264416,1.12392408636512,0.9214669512242262,-0.18068843808171908,0.8888888888888888
8.0,16,0.2,5,-0.684414892428639,1.182449350029926,0.48852113573446737,-0.07767090886677189,0.8888888888888888
8.0,16,0.2,6,-0.6771834770242725,1.1258671496113728,0.7835086231330791,-0.25796236035021197,0.8888888888888888
8.0,16,0.3,1,-0.6602146686459036,1.0478200945776286,0.6365798519975757,0.14813392233141998,0.8888888888888888
8.0,16,0.3,2,-0.6869017401645477,1.069727071972265,0.45563490332381634,-0.07414309354115574,0.8888888888888888
8.0,16,0.3,3,-0.6626667765057382,1.0027326477806966,0.6930507153101078,-0.031294868025663766,0.8888888888888888
8.0,16,0.3,4,-0.6892244234028679,1.0967511493702844,0.8196475959012831,0.08393394799383343,0.8888888888888888
8.0,16,0.3,5,-0.6645991069509913,1.0212983483331861,0.5535902770970604,0.010931939791250466,0.8888888888888888
8.0,16,0.3,6,-0.6583387400302497,1.0586818561462177,0.531849255546963,0.11691134764960501,0.8888888888888888
8.0,16,0.4,1,-0.7017352924406031,1.106005940278406,0.5398594118464093,0.557906473595993,0.8888888888888888
8.0,16,0.4,2,-0.6300733583716362,0.9417823561956103,0.6540994249624927,0.5968800089723384,0.8888888888888888
8.0,16,0.4,3,-0.6811448870614162,1.049681629236423,0.4748536280101644,0.7568147050039443,0.8888888888888888
8.0,16,0.4,4,-0.6794037191671422,1.0171912943550105,0.6019716026547747,0.6411592131824366,0.8888888888888888
8.0,16,0.4,5,-0.681111740868488,1.0001392960130822,0.50711020013346,0.5420638100261957,0.8888888888888888
8.0,16,0.4,6,-0.6595358253746214,0.9864972997522028,0.5273248346216641,0.6088523545410996,0.8888888888888888
8.0,18,0.0,1,-0.3883896955012404,1.2586501891191584,1.5140810253539219,-0.20992272432360098,1.0
8.0,18,0.0,2,-0.37250895665826034,1.2010115576372165,1.3429838861608505,-0.6886302572979826,1.0
8.0,18,0.0,3,-0.34206340000266894,1.2107458424459625,1.3326203608151475,-0.46864847474007015,1.0
8.0,18,0.0,4,-0.3564055435053067,1.1786393158250381,1.4350955749789125,-0.28958028202394964,1.0
8.0,18,0.0,5,-0.37008382167534337,1.1652293834637029,1.2142036315673495,-0.44119431146800175,1.0
8.0,18,0.0,6,-0.4070325810893106,1.290686701523451,1.4099780656197936,-0.28436069432496336,1.0
8.0,18,0.1,1,-0.38652300366237774,1.205811440876119,1.3481931416377058,0.393125628565723,1.0
8.0,18,0.1,2,-0.35336523604070086,1.2019794341314642,1.2784882566937408,0.002151506515916801,1.0
8.0,18,0.1,3,-0.39436331789664464,1.2651863524386677,1.4293692481459,0.12632471875414147,1.0
8.0,18,0.1,4,-0.38048642756983175,1.2032994274141824,1.2223944091093917,0.12022363410094153,1.0
8.0,18,0.1,5,-0.41076435078460066,1.3536867747753718,1.2350939000700658,0.07417042983064118,1.0
8.0,18,0.1,6,-0.37603988855461495,1.2248881545850334,1.3975601314360389,0.562881426056863,1.0
8.0,18,0.2,1,-0.4238948401426321,1.2255740584445238,0.9994992434647243,0.4177667611257213,1.0
8.0,18,0.2,2,-0.4520291464121784,1.3197655669018915,1.3669801736852274,0.5635088597540786,1.0
8.0,18,0.2,3,-0.4146984458330179,1.3127644725111065,1.1396278180516064,0.24185715062639018,1.0
8.0,18,0.2,4,-0.3781183412409531,1.1996806796131456,1.0826193959807298,0.2668475444420236,1.0
8.0,18,0.2,5,-0.42603157527123237,1.270773216931478,1.1767428220786011,0.45346245030382504,1.0
8.0,18,0.2,6,-0.4206694152883291,1.352309081267196,1.4312438410135062,0.4373963109205069,1.0
8.0,18,0.3,1,-0.44052617977161124,1.1767797893212784,1.1158143977968478,0.8023756182856097,1.0
8.0,18,0.3,2,-0.4754173344592007,1.277201193683778,1.06381451994698,0.9189347690397035,1.0
8.0,18,0.3,3,-0.44162521796965415,1.2268918380507372,0.859481967187628,0.9301039116191465,1.0
8.0,18,0.3,4,-0.47592633697572817,1.3210571850911161,1.2523992743158967,0.8556407873938113,1.0
8.0,18,0.3,5,-0.4552832349460269,1.229731078073676,0.97491180863273,0.9582375076141284,1.0
8.0,18,0.3,6,-0.4162426647602988,1.1268077435504344,0.8921555658979962,0.639133499484869,1.0
8.0,18,0.4,1,-0.46909479361693923,1.187793936301733,1.0758372856186085,1.3389533292362157,1.0
8.0,18,0.4,2,-0.476077166604738,1.2489163223479096,0.8482671806035714,1.4328703337479771,1.0
8.0,18,0.4,3,-0.513596890129761,1.2660305819785962,0.8172926591319282,1.2736261554481314,1.0
8.0,18,0.4,4,-0.46940511019029324,1.1760047010090193,0.06254427867743476,1.4748363421253805,1.0
8.0,18,0.4,5,-0.4546539920259468,1.1518489429571115,0.812645965325288,1.1331657389968108,1.0
8.0,18,0.4,6,-0.45459490067648023,1.2017079271530453,0.9502403275997823,1.293498733846442,1.0
