L,nup,delta,U,seed,n,eq_son_full,eq_son_vertex,chi_son_full,chi_son_vertex,eq_sext_full,eq_sext_vertex,chi_sext_full,chi_sext_vertex,eq_d_full,eq_d_vertex,chi_d_full,chi_d_vertex,eq_dxy_full,eq_dxy_vertex,chi_dxy_full,chi_dxy_vertex,taus,Ctau_son_vertex,Ctau_sext_vertex,Ctau_d_vertex,Ctau_dxy_vertex,beta_proj,tau_max,nw
8,32,0.1,4.0,1,1.0,15.583989735863344,-11.040224713018217,1.698321396685722,-2.1178360997730374,152.37357345214124,34.33254493749034,13.452380400021386,2.328067533378929,79.2509500369386,10.477435928867806,13.68321198242894,1.534759105538815,123.85577160419152,2.1764120390687927,19.925136332417743,0.12779184281604655,0;0.05;0.1;0.15;0.2;0.25;0.3;0.35;0.4;0.45;0.5;0.55;0.6;0.65;0.7;0.75;0.8,-11.0402;-8.29111;-6.30262;-4.82779;-3.73674;-2.92515;-2.30548;-1.83198;-1.46772;-1.18578;-0.965019;-0.790443;-0.65442;-0.545428;-0.456427;-0.385832;-0.329325,34.3325;16.7891;8.04894;3.66212;1.5473;0.55496;0.0942634;-0.0813728;-0.150506;-0.172748;-0.1683;-0.157543;-0.1446;-0.130616;-0.123306;-0.115684;-0.113908,10.4774;7.18581;5.1274;3.59747;2.59132;1.87686;1.3283;0.971762;0.706317;0.520582;0.396685;0.31876;0.259234;0.205756;0.162406;0.146678;0.122235,2.17641;1.59578;1.0986;0.72557;0.396769;0.0596192;-0.102471;-0.172559;-0.221244;-0.252133;-0.271232;-0.274018;-0.293235;-0.258056;-0.245917;-0.213751;-0.208192,32.0,0.8,500
8,32,0.1,4.0,2,1.0,15.56554300966813,-11.038737309735277,1.6947243981851927,-2.115396997508788,152.63707510533953,34.41888052307023,13.483354839342251,2.3359902875420744,78.78934219599634,9.90799567243684,13.73496667177763,1.5431359899953079,123.75869753481447,2.3084821195563587,19.86220114325619,0.13708987594854138,0;0.05;0.1;0.15;0.2;0.25;0.3;0.35;0.4;0.45;0.5;0.55;0.6;0.65;0.7;0.75;0.8,-11.0387;-8.3052;-6.29755;-4.83216;-3.73318;-2.92028;-2.30399;-1.82747;-1.46549;-1.18139;-0.957434;-0.784817;-0.647493;-0.537282;-0.450327;-0.38129;-0.326421,34.4189;16.8321;8.0322;3.69685;1.58528;0.574862;0.11801;-0.082601;-0.162765;-0.179822;-0.170942;-0.155521;-0.14452;-0.133114;-0.124237;-0.117771;-0.115222,9.908;6.9837;4.81991;3.57533;2.56958;1.87749;1.55622;1.20828;0.89205;0.619561;0.490266;0.400895;0.309861;0.216904;0.189689;0.147162;0.10365,2.30848;1.58647;1.05017;0.661261;0.403325;0.10064;-0.0428163;-0.137879;-0.171788;-0.22787;-0.280366;-0.261182;-0.249509;-0.254581;-0.243795;-0.237021;-0.215009,32.0,0.8,500
8,32,0.1,4.0,3,1.0,15.533660734401929,-11.030488638995921,1.691990302191933,-2.109074888944188,152.28773001317157,34.340192437616345,13.458724773041393,2.350761242043391,79.67336607872222,10.86771227362792,13.67667017540264,1.5310442996581197,123.81726511653642,2.678512112429283,19.8440423419794,0.19914133727353991,0;0.05;0.1;0.15;0.2;0.25;0.3;0.35;0.4;0.45;0.5;0.55;0.6;0.65;0.7;0.75;0.8,-11.0305;-8.28416;-6.28661;-4.81365;-3.72689;-2.90535;-2.29402;-1.81996;-1.4544;-1.17447;-0.95368;-0.780218;-0.643892;-0.535325;-0.449741;-0.381103;-0.325562,34.3402;16.8129;8.10966;3.78168;1.63423;0.608128;0.140571;-0.0727973;-0.144432;-0.167276;-0.157419;-0.147635;-0.134318;-0.126829;-0.11806;-0.115652;-0.115301,10.8677;7.38553;5.07;3.55992;2.48217;1.74916;1.34324;0.898299;0.719061;0.506035;0.404992;0.301972;0.222202;0.210443;0.149182;0.127211;0.115231,2.67851;1.79989;1.20978;0.829359;0.466153;0.196676;0.0199618;-0.0325173;-0.116337;-0.208209;-0.268183;-0.234512;-0.224199;-0.221999;-0.232251;-0.22939;-0.221298,32.0,0.8,500
8,32,0.1,4.0,4,1.0,15.563392484646652,-11.050467326586157,1.6946495648243818,-2.118902870610685,152.45559100547615,34.44918503322283,13.467801170380175,2.3483464440666277,79.875189319241,10.727330406275604,13.850944937592129,1.6474125301175029,123.0234552429059,1.421148935644196,19.754716728780846,0.0068468793141442715,0;0.05;0.1;0.15;0.2;0.25;0.3;0.35;0.4;0.45;0.5;0.55;0.6;0.65;0.7;0.75;0.8,-11.0505;-8.30438;-6.30199;-4.82888;-3.73842;-2.92333;-2.30436;-1.83085;-1.46429;-1.1849;-0.966564;-0.793701;-0.656299;-0.545806;-0.45727;-0.386424;-0.330709,34.4492;16.879;8.05888;3.75224;1.62232;0.60794;0.120869;-0.0778304;-0.157633;-0.166011;-0.172232;-0.154746;-0.139643;-0.131477;-0.122345;-0.119054;-0.11592,10.7273;7.60668;5.23666;3.889;2.85723;2.02559;1.50111;1.19462;0.872206;0.628673;0.466946;0.386302;0.294746;0.229791;0.177553;0.149311;0.136359,1.42115;1.05223;0.626403;0.22994;-0.0141163;-0.00333389;-0.144945;-0.258561;-0.252723;-0.285972;-0.294375;-0.260404;-0.248006;-0.219329;-0.210983;-0.193289;-0.192338,32.0,0.8,500
8,32,0.1,4.0,5,1.0,15.530887596398198,-11.019014351028012,1.6893809859964322,-2.1116657400921417,152.26156732810128,34.24842341858768,13.437370092122455,2.3199861893982785,79.75746099604471,10.841608004379799,13.818212444210952,1.6543153366347716,123.92775169279562,2.8466367212911443,19.894511481023347,0.23943719841316408,0;0.05;0.1;0.15;0.2;0.25;0.3;0.35;0.4;0.45;0.5;0.55;0.6;0.65;0.7;0.75;0.8,-11.019;-8.2677;-6.28798;-4.8158;-3.73768;-2.9183;-2.29686;-1.82637;-1.45862;-1.18137;-0.960928;-0.785648;-0.648629;-0.540078;-0.452414;-0.38249;-0.325867,34.2484;16.6912;7.99358;3.64745;1.55713;0.565056;0.133782;-0.0908592;-0.161763;-0.176307;-0.169039;-0.15413;-0.137634;-0.126907;-0.123211;-0.115679;-0.114406,10.8416;7.50808;5.30915;3.75797;2.75932;2.02799;1.53069;1.17856;0.953192;0.721202;0.530463;0.439202;0.292764;0.223779;0.191801;0.172095;0.138494,2.84664;2.00511;1.25118;0.763763;0.420079;0.152807;0.050949;-0.0270028;-0.0611865;-0.0983881;-0.158257;-0.178853;-0.184143;-0.18017;-0.15259;-0.163388;-0.14898,32.0,0.8,500
8,32,0.1,4.0,6,1.0,15.49409430283734,-10.980599896161523,1.6822357021169811,-2.0890069862400713,152.24482750212877,34.202405893122695,13.435530495739425,2.323888983332643,80.19238084220073,11.63857806818052,13.85316297984017,1.8026125271897218,124.4827374093574,3.225761462897475,19.88509791092297,0.29993310420750496,0;0.05;0.1;0.15;0.2;0.25;0.3;0.35;0.4;0.45;0.5;0.55;0.6;0.65;0.7;0.75;0.8,-10.9806;-8.22843;-6.23142;-4.77548;-3.69141;-2.87984;-2.26263;-1.79089;-1.43225;-1.15547;-0.936877;-0.768229;-0.633838;-0.526225;-0.441773;-0.374995;-0.320136,34.2024;16.6912;8.00266;3.68102;1.57364;0.576021;0.105136;-0.0817463;-0.147007;-0.164551;-0.163401;-0.146791;-0.134224;-0.125884;-0.11684;-0.115949;-0.113368,11.6386;8.05545;5.7479;4.0834;3.03198;2.29967;1.67613;1.2855;1.00123;0.724324;0.596251;0.475961;0.36905;0.312009;0.268884;0.217609;0.175222,3.22576;2.32938;1.58865;1.00629;0.590778;0.351482;0.156223;-0.0577042;-0.131393;-0.175773;-0.166106;-0.199246;-0.192869;-0.206552;-0.213524;-0.200759;-0.186192,32.0,0.8,500
8,32,0.1,4.5,1,1.0,14.084672666490272,-11.06333195716502,1.3782937946138822,-1.791050498954887,152.96640938693062,37.11819841549335,12.67071167429359,2.431343921874203,80.91747442319969,13.911021200684516,11.923074898287755,1.6930923357199308,116.61869714495587,2.217141150564959,16.46373418514153,0.14043449639211938,0;0.05;0.1;0.15;0.2;0.25;0.3;0.35;0.4;0.45;0.5;0.55;0.6;0.65;0.7;0.75;0.8,-11.0633;-7.86294;-5.67734;-4.13366;-3.06;-2.29108;-1.73463;-1.32466;-1.01834;-0.790446;-0.620095;-0.491849;-0.39464;-0.320213;-0.261572;-0.216807;-0.182142,37.1182;17.5394;8.04771;3.53085;1.44336;0.482459;0.0849906;-0.0725557;-0.150754;-0.164533;-0.149128;-0.125718;-0.10512;-0.0935268;-0.0842284;-0.0781537;-0.0745492,13.911;9.15729;6.03009;3.9099;2.57968;1.81202;1.2365;0.774596;0.517824;0.327499;0.17466;0.159012;0.0711316;0.0784729;0.0344688;0.0261353;0.0341269,2.21714;1.78762;0.973449;0.487163;0.259536;0.0234878;-0.101349;-0.0866526;-0.180652;-0.211091;-0.188336;-0.194723;-0.209496;-0.192663;-0.197417;-0.185465;-0.166578,32.0,0.8,500
8,32,0.1,4.5,2,1.0,14.090653899123845,-11.145804734712142,1.381859259907617,-1.804315826043598,153.56966991610636,37.8167952554374,12.721065166449108,2.490923813702545,81.83852828990233,14.829570029833624,12.207363863141207,1.9817415242319876,116.2076441388881,1.5498676526780202,16.52736152604691,0.11862358230592362,0;0.05;0.1;0.15;0.2;0.25;0.3;0.35;0.4;0.45;0.5;0.55;0.6;0.65;0.7;0.75;0.8,-11.1458;-7.92607;-5.72361;-4.17267;-3.08787;-2.30215;-1.736;-1.32827;-1.02233;-0.798387;-0.628236;-0.496307;-0.397627;-0.321753;-0.263258;-0.217572;-0.182597,37.8168;17.898;8.27749;3.60926;1.48142;0.532433;0.090481;-0.0630859;-0.129561;-0.14223;-0.128629;-0.118638;-0.102508;-0.0918122;-0.0835938;-0.079781;-0.0782975,14.8296;9.63638;6.56736;4.70455;3.35583;2.26147;1.58184;1.15924;0.851194;0.610986;0.389902;0.313586;0.269342;0.201319;0.148596;0.119572;0.0977459,1.54987;1.32224;0.83007;0.639381;0.470361;0.0811692;-0.00654439;-0.0636194;-0.197586;-0.219043;-0.25676;-0.221257;-0.187757;-0.168887;-0.182166;-0.162509;-0.159117,32.0,0.8,500
8,32,0.1,4.5,3,1.0,14.181348180099807,-11.188517991650619,1.3910147594146889,-1.8229350039560568,153.7293414070552,37.755307081746224,12.742109679005335,2.47952681179635,81.46848029571053,14.290805397280419,12.111218053184382,1.8103307610447334,116.23026104261237,1.4740060368680923,16.54220956636005,0.08513066443386223,0;0.05;0.1;0.15;0.2;0.25;0.3;0.35;0.4;0.45;0.5;0.55;0.6;0.65;0.7;0.75;0.8,-11.1885;-7.98399;-5.76018;-4.22288;-3.12171;-2.33489;-1.77159;-1.34975;-1.03752;-0.811089;-0.636308;-0.506029;-0.407035;-0.329663;-0.2715;-0.225494;-0.189611,37.7553;17.8296;8.2603;3.64588;1.51471;0.503131;0.0827147;-0.107111;-0.148566;-0.166223;-0.152032;-0.129826;-0.111613;-0.0958655;-0.0878685;-0.0852972;-0.0781867,14.2908;9.14951;6.10529;4.33126;2.90225;2.03599;1.30649;0.887988;0.6235;0.44483;0.365797;0.298623;0.22467;0.155931;0.111777;0.0820193;0.0705577,1.47401;0.973281;0.674468;0.566204;0.149057;0.197886;0.0148848;-0.113891;-0.179096;-0.194806;-0.169107;-0.182994;-0.196101;-0.177726;-0.175034;-0.151359;-0.14011,32.0,0.8,500
8,32,0.1,4.5,4,1.0,14.088486223068339,-11.080928833155973,1.3813027767908415,-1.7947161616761875,152.9510750659766,37.281502727029775,12.676147466885121,2.449200985228671,81.20273605739229,14.23229400392746,12.026592166451772,1.7855856557923233,115.5135034449102,1.3996410439166815,16.357252963257835,0.06345851579467461,0;0.05;0.1;0.15;0.2;0.25;0.3;0.35;0.4;0.45;0.5;0.55;0.6;0.65;0.7;0.75;0.8,-11.0809;-7.87361;-5.6783;-4.146;-3.06959;-2.28749;-1.73256;-1.32586;-1.02502;-0.797657;-0.625541;-0.496016;-0.398694;-0.322999;-0.263921;-0.218831;-0.18352,37.2815;17.6249;8.09174;3.56758;1.48132;0.505315;0.0679345;-0.0803726;-0.132617;-0.1411;-0.128736;-0.116872;-0.101088;-0.0913941;-0.0843485;-0.0806377;-0.076722,14.2323;9.22361;6.00493;4.21945;2.80676;1.95737;1.2805;0.859901;0.573327;0.436359;0.330929;0.239388;0.213202;0.153674;0.130388;0.115465;0.100646,1.39964;1.09132;0.745002;0.401545;0.226167;-0.0299377;-0.147551;-0.26789;-0.266205;-0.224523;-0.181818;-0.146686;-0.152993;-0.139458;-0.146743;-0.129841;-0.12207,32.0,0.8,500
8,32,0.1,4.5,5,1.0,14.171054324957401,-11.13828581171531,1.3904248224133133,-1.8154770245622227,153.47476105188784,37.3221320363028,12.71616922924627,2.4336654092406436,80.94850472087472,13.950812071632708,12.169951660986815,1.8807313115915065,115.79852437278649,0.9398541557545897,16.458927400004693,-0.03776990678010781,0;0.05;0.1;0.15;0.2;0.25;0.3;0.35;0.4;0.45;0.5;0.55;0.6;0.65;0.7;0.75;0.8,-11.1383;-7.9515;-5.75283;-4.20053;-3.11665;-2.32645;-1.76226;-1.34735;-1.03329;-0.803545;-0.634019;-0.502004;-0.402505;-0.326126;-0.267542;-0.221322;-0.184961,37.3221;17.5635;8.06121;3.46561;1.43868;0.46341;0.0526175;-0.0896162;-0.139553;-0.135056;-0.139819;-0.120304;-0.103716;-0.0944326;-0.0867179;-0.084848;-0.0774503,13.9508;9.5347;6.49937;4.4245;3.12051;1.98857;1.48943;1.10962;0.745972;0.578347;0.355863;0.212203;0.176575;0.153538;0.118389;0.0937611;0.0757333,0.939854;0.553991;0.374007;0.0295371;-0.185721;-0.167814;-0.255296;-0.278306;-0.203694;-0.194122;-0.186421;-0.152027;-0.140685;-0.138305;-0.115712;-0.114438;-0.10064,32.0,0.8,500
8,32,0.1,4.5,6,1.0,14.130638508771895,-11.186857426985174,1.3841834574460794,-1.8189915859226602,153.66880372635956,37.69894536048488,12.747118661604478,2.488153458068798,81.81788036145511,14.706713352239476,12.21727907268407,1.9510783281392208,116.60705872316858,1.7191071610844613,16.435349163928105,0.021745697733484275,0;0.05;0.1;0.15;0.2;0.25;0.3;0.35;0.4;0.45;0.5;0.55;0.6;0.65;0.7;0.75;0.8,-11.1869;-7.98495;-5.75903;-4.22441;-3.12572;-2.32728;-1.75747;-1.33975;-1.0299;-0.803363;-0.631761;-0.499636;-0.40003;-0.324265;-0.265522;-0.220655;-0.185328,37.6989;17.9273;8.18516;3.64441;1.50062;0.513634;0.118132;-0.0700241;-0.135424;-0.151994;-0.136361;-0.109968;-0.0888745;-0.0864366;-0.0807786;-0.0779359;-0.0757124,14.7067;10.0359;6.47791;4.48246;3.08349;2.21429;1.61794;1.098;0.802808;0.531372;0.40707;0.280677;0.201725;0.148917;0.11388;0.126736;0.0900909,1.71911;0.902391;0.46161;0.127698;-0.210777;-0.0929677;-0.15451;-0.183799;-0.168064;-0.104163;-0.111698;-0.154438;-0.173557;-0.170705;-0.167849;-0.149644;-0.148334,32.0,0.8,500
8,32,0.1,5.0,1,1.0,12.89194691941841,-11.16907878948446,1.1534037863306152,-1.5596743553873762,153.84861533559962,39.984555480212585,12.02301401953911,2.5480733232542603,82.96798845902194,17.619107570908508,10.723011144059669,1.9768551084304637,110.23172191908668,1.4136932147073655,14.078809986446739,0.21875107423771128,0;0.05;0.1;0.15;0.2;0.25;0.3;0.35;0.4;0.45;0.5;0.55;0.6;0.65;0.7;0.75;0.8,-11.1691;-7.53511;-5.15087;-3.58971;-2.52609;-1.81029;-1.3134;-0.959121;-0.710646;-0.534402;-0.405596;-0.310878;-0.242114;-0.191394;-0.153362;-0.124682;-0.102569,39.9846;18.2812;8.13474;3.46961;1.34171;0.443707;0.0703197;-0.0626972;-0.110152;-0.115554;-0.101812;-0.0930848;-0.0761878;-0.0689608;-0.061816;-0.05627;-0.0511512,17.6191;11.4398;7.06343;4.54083;2.73743;1.78384;1.12528;0.699363;0.458256;0.356974;0.196401;0.113074;0.0679678;0.0454373;0.0539263;0.0295359;0.0319356,1.41369;1.74385;1.37681;0.763052;0.395316;0.239036;-0.0736184;-0.135189;-0.088158;-0.0455412;-0.0632203;-0.094864;-0.0923059;-0.0700124;-0.0720073;-0.0794757;-0.0709917,32.0,0.8,500
8,32,0.1,5.0,2,1.0,12.86956955279876,-11.139771508972075,1.152082055933393,-1.5538078243894597,154.02454519212853,40.14522387860617,12.04017167861053,2.5633012953477796,82.83093279147576,17.7318652824226,10.80805271895527,2.0901534003438695,108.98068081629667,0.44968961091424653,13.721889607040145,-0.08849833968711761,0;0.05;0.1;0.15;0.2;0.25;0.3;0.35;0.4;0.45;0.5;0.55;0.6;0.65;0.7;0.75;0.8,-11.1398;-7.50809;-5.14225;-3.58206;-2.52427;-1.79996;-1.29874;-0.950946;-0.701862;-0.528849;-0.40196;-0.309656;-0.241139;-0.189344;-0.152242;-0.12384;-0.10213,40.1452;18.3773;8.21621;3.50533;1.35849;0.450334;0.0639016;-0.0706623;-0.118545;-0.118199;-0.102964;-0.0892686;-0.074878;-0.0649207;-0.059516;-0.0534585;-0.0513678,17.7319;11.3064;7.25993;4.6066;3.08187;2.10509;1.46878;0.970825;0.606003;0.464667;0.337221;0.211589;0.177471;0.127416;0.105341;0.081429;0.0530882,0.44969;0.13328;0.0557164;-0.0199711;-0.20121;-0.168856;-0.206738;-0.134936;-0.17813;-0.224784;-0.21505;-0.186323;-0.175492;-0.165868;-0.138729;-0.119614;-0.0962139,32.0,0.8,500
8,32,0.1,5.0,3,1.0,12.846604240068746,-11.160097391251675,1.1483039020801493,-1.5603803088031036,154.68047263444245,40.674909573998804,12.043298516016085,2.5944163636134006,85.50410636514044,19.969767476266874,11.026929271831914,2.2683202437640255,108.8511188777439,0.2042340745559052,13.965226454794026,0.1283210105171249,0;0.05;0.1;0.15;0.2;0.25;0.3;0.35;0.4;0.45;0.5;0.55;0.6;0.65;0.7;0.75;0.8,-11.1601;-7.53617;-5.13292;-3.57126;-2.5328;-1.81188;-1.30757;-0.96175;-0.710482;-0.538482;-0.409102;-0.316102;-0.249211;-0.199535;-0.16313;-0.131956;-0.110411,40.6749;18.5915;8.32676;3.52542;1.40584;0.453607;0.0448698;-0.0861706;-0.134892;-0.118735;-0.104302;-0.0821061;-0.0782363;-0.0621289;-0.0547486;-0.0522146;-0.0471759,19.9698;12.4181;7.75042;5.15622;3.28641;2.17403;1.42108;0.98704;0.664608;0.509266;0.294917;0.238157;0.155383;0.124766;0.0884796;0.0779953;0.0693581,0.204234;0.873506;0.733434;0.59246;0.496567;0.214162;0.131479;0.000716859;-0.0166355;-0.0657049;-0.0610951;-0.0710136;-0.0822241;-0.0822139;-0.0833189;-0.0850596;-0.0615128,32.0,0.8,500
8,32,0.1,5.0,4,1.0,12.785036938001996,-11.037406857391048,1.1441442004470315,-1.5353062495393348,154.2708585622775,40.35590974654011,12.022217380505847,2.5579828459374054,82.57876101085681,16.46695932018119,10.710072335752898,1.9012915151834426,109.32457288357526,1.391800822601325,13.894105488944433,0.15559567970666002,0;0.05;0.1;0.15;0.2;0.25;0.3;0.35;0.4;0.45;0.5;0.55;0.6;0.65;0.7;0.75;0.8,-11.0374;-7.41448;-5.08578;-3.53777;-2.49316;-1.77196;-1.28342;-0.939264;-0.693567;-0.524605;-0.395749;-0.3039;-0.237078;-0.186612;-0.149191;-0.120914;-0.0999515,40.3559;18.2327;8.19013;3.48048;1.35959;0.463532;0.0489632;-0.085678;-0.119011;-0.115844;-0.10092;-0.0895811;-0.0778308;-0.0685116;-0.0580856;-0.0531949;-0.0501696,16.467;10.3831;6.91249;4.23518;2.84072;1.74164;1.10666;0.811221;0.558943;0.40627;0.249326;0.198148;0.111203;0.0706606;0.0675626;0.0679915;0.0624719,1.3918;1.60843;0.803963;0.638733;0.134911;0.0116861;-0.0804214;-0.0498271;-0.0432901;-0.0419397;-0.0907362;-0.0912361;-0.0983736;-0.0862569;-0.0803671;-0.0820666;-0.0743906,32.0,0.8,500
8,32,0.1,5.0,5,1.0,12.877232711483561,-11.211555050335244,1.15467571940965,-1.5632878828398151,154.02480765023773,40.37044833417935,12.029283866743363,2.570766226230114,83.44765956675128,18.17558713904435,10.95653325830996,2.1597516192297057,110.76375846801211,1.6057987445181463,14.011832201455622,0.1314641157698629,0;0.05;0.1;0.15;0.2;0.25;0.3;0.35;0.4;0.45;0.5;0.55;0.6;0.65;0.7;0.75;0.8,-11.2116;-7.54165;-5.15423;-3.58431;-2.53859;-1.80942;-1.3119;-0.961795;-0.713438;-0.535345;-0.41111;-0.317054;-0.248148;-0.195374;-0.157995;-0.127326;-0.104574,40.3704;18.4475;8.22176;3.45788;1.33087;0.453314;0.0817022;-0.0581522;-0.113735;-0.112011;-0.0983915;-0.0883986;-0.0773297;-0.0693237;-0.062262;-0.056613;-0.0533879,18.1756;11.3112;7.55545;4.91143;3.35818;2.24622;1.48533;1.0112;0.656382;0.521594;0.352438;0.231146;0.174017;0.119095;0.0810504;0.0653668;0.0542536,1.6058;0.960045;0.776715;0.5105;0.369179;0.340152;0.0234194;-0.103668;-0.138867;-0.156789;-0.168275;-0.155273;-0.0988033;-0.109884;-0.0926416;-0.0871888;-0.0844769,32.0,0.8,500
8,32,0.1,5.0,6,1.0,12.874830099888143,-11.147783260985694,1.1504277581456452,-1.5583002754193587,154.34352544392297,40.26211191164795,12.07140483946093,2.5812715530399335,85.53161853881466,19.960695245305146,11.107155219085495,2.337895350420971,109.34020939645973,0.9300585626875459,13.863563100280794,0.08022473512016,0;0.05;0.1;0.15;0.2;0.25;0.3;0.35;0.4;0.45;0.5;0.55;0.6;0.65;0.7;0.75;0.8,-11.1478;-7.54436;-5.16306;-3.59508;-2.52866;-1.80439;-1.29675;-0.952798;-0.7076;-0.531615;-0.402148;-0.308973;-0.240769;-0.189176;-0.151741;-0.123764;-0.102482,40.2621;18.4759;8.30676;3.50614;1.39821;0.444889;0.101161;-0.067974;-0.120726;-0.110322;-0.0921448;-0.0840172;-0.0685009;-0.0624716;-0.0562347;-0.0529042;-0.0467216,19.9607;12.4262;8.45297;5.28808;3.30302;2.33538;1.68968;1.11288;0.698884;0.460815;0.328897;0.220713;0.173097;0.117966;0.0807416;0.0653055;0.0459346,0.930059;0.757351;0.42847;0.451514;0.197583;0.0893669;0.0806232;-0.0525291;-0.086728;-0.125738;-0.0883397;-0.0905706;-0.0914497;-0.101241;-0.0996871;-0.0876902;-0.0829392,32.0,0.8,500
8,32,0.2,4.0,1,1.0,16.391000725905286,-11.04659576474982,1.7949821710133267,-2.1712039361800635,149.8832585010005,32.732074829961874,13.195006959108962,2.1655366323598813,77.17938166999213,7.384900370747228,13.751219373088436,1.0301432854878498,134.67513882883827,13.689341608450116,20.529142989462464,1.2642209248561103,0;0.05;0.1;0.15;0.2;0.25;0.3;0.35;0.4;0.45;0.5;0.55;0.6;0.65;0.7;0.75;0.8,-11.0466;-8.38084;-6.41916;-4.95849;-3.85884;-3.03189;-2.40084;-1.91556;-1.53871;-1.24346;-1.01235;-0.83063;-0.685784;-0.570335;-0.477786;-0.403917;-0.344386,32.7321;15.8064;7.3877;3.30965;1.34922;0.421417;0.021319;-0.130934;-0.187106;-0.185305;-0.167217;-0.149889;-0.132058;-0.119849;-0.112304;-0.111042;-0.110718,7.3849;4.86834;3.34924;2.27672;1.63692;1.19149;0.954508;0.717141;0.496274;0.353412;0.240927;0.214746;0.167024;0.156548;0.125768;0.110496;0.101703,13.6893;9.07901;5.87597;3.73028;2.27045;1.24382;0.524527;0.0632841;-0.232713;-0.408847;-0.52256;-0.58771;-0.593831;-0.60235;-0.577065;-0.555909;-0.533211,32.0,0.8,500
8,32,0.2,4.0,2,1.0,16.34608174853863,-11.037700168350304,1.7866839480407974,-2.16259116946389,150.05209776170682,32.85955816206577,13.205006723450072,2.1763703899554763,78.10960530476999,8.224152989624457,13.892681293482758,1.1795664690734244,134.3505973543848,13.73147745268372,20.450748224916737,1.2764126940336908,0;0.05;0.1;0.15;0.2;0.25;0.3;0.35;0.4;0.45;0.5;0.55;0.6;0.65;0.7;0.75;0.8,-11.0377;-8.36711;-6.40375;-4.94526;-3.84777;-3.01968;-2.38772;-1.90203;-1.52631;-1.23379;-1.00264;-0.820884;-0.676033;-0.561832;-0.470756;-0.397665;-0.339476,32.8596;15.8446;7.44558;3.33867;1.34963;0.421609;0.0183759;-0.130972;-0.177539;-0.179756;-0.16214;-0.146202;-0.127554;-0.119778;-0.113582;-0.109057;-0.108443,8.22415;5.57623;3.86184;2.75688;1.93152;1.39308;1.00864;0.729025;0.569043;0.393293;0.304268;0.232919;0.204693;0.183354;0.154225;0.124974;0.110542,13.7315;9.11738;5.91589;3.72406;2.23258;1.19656;0.514835;0.0228001;-0.25931;-0.414951;-0.483063;-0.525262;-0.538496;-0.550543;-0.528682;-0.51661;-0.48937,32.0,0.8,500
8,32,0.2,4.0,3,1.0,16.39553876009539,-11.033730297735605,1.7964893160891506,-2.1627778374273836,150.0143076997732,32.839458690010545,13.19143991747443,2.1663459041337627,77.78493518199846,7.823014804477022,13.879073701728611,1.1420870109938002,134.59723224824575,13.653462596744049,20.43991399343679,1.203324069304864,0;0.05;0.1;0.15;0.2;0.25;0.3;0.35;0.4;0.45;0.5;0.55;0.6;0.65;0.7;0.75;0.8,-11.0337;-8.35267;-6.39859;-4.94251;-3.84659;-3.0244;-2.39501;-1.90574;-1.52729;-1.23568;-1.00545;-0.822632;-0.677645;-0.563462;-0.472163;-0.398808;-0.34007,32.8395;15.8333;7.3923;3.28652;1.31634;0.412136;0.0150103;-0.132365;-0.17837;-0.179031;-0.165782;-0.148736;-0.131787;-0.123223;-0.117223;-0.115091;-0.113682,7.82301;5.31472;3.72715;2.69627;1.9069;1.39321;1.02533;0.723807;0.574702;0.392532;0.294981;0.235417;0.195316;0.164353;0.137214;0.101689;0.0932807,13.6535;8.84978;5.72983;3.53758;2.10748;1.13519;0.453217;0.00984296;-0.296335;-0.43165;-0.560428;-0.580308;-0.615208;-0.632505;-0.60861;-0.58433;-0.547567,32.0,0.8,500
8,32,0.2,4.0,4,1.0,16.416831870220545,-11.065198054018524,1.7970846617937617,-2.1731985600874224,150.2598661065906,32.970812562455805,13.220725593875567,2.174684968372267,77.63844393625004,7.520837918135319,13.868264864222777,1.0809596299609763,134.5753956741465,13.445047963120285,20.4809949845198,1.1924121731431845,0;0.05;0.1;0.15;0.2;0.25;0.3;0.35;0.4;0.45;0.5;0.55;0.6;0.65;0.7;0.75;0.8,-11.0652;-8.39464;-6.42073;-4.96457;-3.86238;-3.0384;-2.40516;-1.91393;-1.53591;-1.24415;-1.01249;-0.83056;-0.685773;-0.56967;-0.477537;-0.403401;-0.344152,32.9708;15.8665;7.44645;3.33804;1.3637;0.427612;-0.000854435;-0.152475;-0.199739;-0.201576;-0.180106;-0.153811;-0.140587;-0.127798;-0.113955;-0.108967;-0.108188,7.52084;5.02102;3.395;2.41997;1.73585;1.24511;0.948702;0.692254;0.578081;0.487751;0.359687;0.298539;0.225882;0.174459;0.116692;0.11346;0.0926392,13.445;8.84492;5.73698;3.52893;2.05354;1.04367;0.3536;-0.0272837;-0.288158;-0.46575;-0.562222;-0.578101;-0.589136;-0.57869;-0.549075;-0.53979;-0.515451,32.0,0.8,500
8,32,0.2,4.0,5,1.0,16.415909116926386,-11.058757042580975,1.7972845418002983,-2.1732704073325153,150.17841076459968,32.913858879184616,13.212336909113441,2.173935409626779,77.39112962118959,7.37089985851959,13.748153881311305,1.0074613117897546,134.4538437761958,13.310484476605305,20.535987198731522,1.2288277435322972,0;0.05;0.1;0.15;0.2;0.25;0.3;0.35;0.4;0.45;0.5;0.55;0.6;0.65;0.7;0.75;0.8,-11.0588;-8.37954;-6.41371;-4.95631;-3.87055;-3.04039;-2.40516;-1.92222;-1.54193;-1.24776;-1.01622;-0.832497;-0.686035;-0.570128;-0.477729;-0.40399;-0.343736,32.9139;15.8686;7.42606;3.32193;1.3597;0.432297;0.0263804;-0.14411;-0.192671;-0.199187;-0.178026;-0.154957;-0.136736;-0.123796;-0.114977;-0.113051;-0.111324,7.3709;5.0103;3.32051;2.28535;1.61163;1.15747;0.822352;0.595113;0.425877;0.302237;0.244438;0.193779;0.153391;0.116711;0.092952;0.0897819;0.083789,13.3105;8.79606;5.6692;3.53255;2.08054;1.12675;0.450602;0.0629043;-0.183322;-0.366775;-0.457688;-0.507853;-0.520633;-0.525246;-0.51461;-0.490611;-0.46111,32.0,0.8,500
8,32,0.2,4.0,6,1.0,16.366097847152766,-11.019738383857385,1.7915511604242436,-2.1620775932655745,149.81777827194935,32.72057579568134,13.19619318319144,2.1631120259165186,77.57384981854555,7.65887664802252,13.821006220574532,1.096113138598985,133.7798240122984,13.121675369859656,20.37212041641979,1.1759330241403159,0;0.05;0.1;0.15;0.2;0.25;0.3;0.35;0.4;0.45;0.5;0.55;0.6;0.65;0.7;0.75;0.8,-11.0197;-8.36319;-6.39168;-4.93853;-3.84051;-3.01691;-2.3841;-1.90206;-1.52661;-1.23614;-1.00612;-0.826424;-0.682776;-0.567752;-0.475627;-0.401865;-0.342774,32.7206;15.8478;7.39904;3.31363;1.32191;0.411595;0.0262376;-0.14692;-0.192744;-0.200353;-0.175756;-0.153595;-0.135664;-0.125248;-0.118863;-0.11333;-0.111574,7.65888;5.21731;3.57148;2.44249;1.72955;1.20197;0.951372;0.713559;0.538327;0.410185;0.315155;0.256049;0.211502;0.173885;0.156501;0.13847;0.130053,13.1217;8.80789;5.67837;3.53176;2.04515;1.08943;0.436474;-0.010559;-0.299524;-0.46151;-0.552019;-0.593988;-0.605721;-0.629774;-0.610646;-0.588087;-0.558851,32.0,0.8,500
8,32,0.2,4.5,1,1.0,15.01463807999426,-11.261414861696872,1.4865126768728345,-1.8873455569943705,151.31201409863633,36.02434643822078,12.523100931598794,2.312371944123832,77.78981935479212,9.819600563240442,12.002408119042817,1.233903805863213,130.13961376032537,14.685820919074757,17.785486506911315,1.4868775000796313,0;0.05;0.1;0.15;0.2;0.25;0.3;0.35;0.4;0.45;0.5;0.55;0.6;0.65;0.7;0.75;0.8,-11.2614;-8.1033;-5.91871;-4.3699;-3.27007;-2.47196;-1.88101;-1.44146;-1.12061;-0.876797;-0.688942;-0.547389;-0.439234;-0.355835;-0.290899;-0.239889;-0.200365,36.0243;16.7934;7.62305;3.30281;1.26355;0.371305;0.00469691;-0.120276;-0.164129;-0.169466;-0.145857;-0.122718;-0.108479;-0.0937449;-0.0823471;-0.0785608;-0.0759449,9.8196;6.3884;4.10657;2.74883;1.90848;1.38137;1.04562;0.660315;0.496755;0.346911;0.199082;0.135895;0.0930909;0.0855552;0.0808939;0.0643522;0.0523117,14.6858;9.69205;6.31329;3.92948;2.37459;1.25907;0.690546;0.277611;0.0276454;-0.167817;-0.249199;-0.301172;-0.324437;-0.342663;-0.331007;-0.309456;-0.287785,32.0,0.8,500
8,32,0.2,4.5,2,1.0,15.011626893925163,-11.23221445887905,1.484052592971452,-1.8795020582412671,151.66205230804934,36.25041965927917,12.548711685387513,2.3210946927516196,78.15838217231365,9.753497535222518,12.068727433186748,1.2597270669314526,129.31599637748891,13.978836807427683,17.654731576535337,1.3989050366019553,0;0.05;0.1;0.15;0.2;0.25;0.3;0.35;0.4;0.45;0.5;0.55;0.6;0.65;0.7;0.75;0.8,-11.2322;-8.09824;-5.90613;-4.3556;-3.24704;-2.44794;-1.86224;-1.43171;-1.11046;-0.869143;-0.684712;-0.543964;-0.43641;-0.353368;-0.288408;-0.238672;-0.199811,36.2504;16.9007;7.57921;3.26464;1.27165;0.381416;0.00407571;-0.125491;-0.16909;-0.155992;-0.135784;-0.11806;-0.103392;-0.0943517;-0.0853892;-0.0794964;-0.0758234,9.7535;6.24176;4.15414;2.78581;1.86907;1.36244;1.01843;0.767483;0.533954;0.391491;0.362459;0.277049;0.188843;0.138793;0.107993;0.0797128;0.0767166,13.9788;9.21699;5.92532;3.74264;2.25121;1.28459;0.716837;0.229824;-0.096707;-0.25484;-0.312586;-0.317565;-0.334979;-0.316083;-0.302725;-0.299207;-0.288086,32.0,0.8,500
8,32,0.2,4.5,3,1.0,15.022367348098523,-11.240698326980404,1.4857674330245534,-1.8851059272644257,151.65991633574677,36.20196619420657,12.565155855384964,2.3305803107589327,79.78561155298735,11.571779508943058,12.274470718327558,1.479976118658842,129.9481993048867,14.23127631501211,17.653918870798982,1.3306470511376958,0;0.05;0.1;0.15;0.2;0.25;0.3;0.35;0.4;0.45;0.5;0.55;0.6;0.65;0.7;0.75;0.8,-11.2407;-8.11447;-5.92126;-4.37302;-3.26676;-2.46641;-1.87613;-1.43572;-1.1161;-0.871337;-0.684553;-0.543157;-0.435579;-0.352035;-0.287679;-0.237881;-0.199373,36.202;16.9392;7.65145;3.3106;1.3039;0.391768;0.0231347;-0.115406;-0.174143;-0.162474;-0.139488;-0.120974;-0.106162;-0.0912845;-0.0834273;-0.0780261;-0.0760115,11.5718;7.34255;4.80592;3.36885;2.27862;1.61656;1.20228;0.912366;0.584547;0.412033;0.345444;0.269824;0.214204;0.171261;0.126666;0.113409;0.0981978,14.2313;9.0292;5.78815;3.61256;2.12782;1.17984;0.491679;0.0886503;-0.138309;-0.287068;-0.331157;-0.406311;-0.410974;-0.390802;-0.362866;-0.337235;-0.311752,32.0,0.8,500
8,32,0.2,4.5,4,1.0,15.02559375609989,-11.275452724139857,1.4848379404525782,-1.8897301283930887,151.5453535472946,36.089986801684695,12.54812930535984,2.3193077028718916,78.19122589291504,10.20850391560587,11.976493460650335,1.2130226319606046,130.23112218430975,14.669173156771325,17.72164274923751,1.4216167573030807,0;0.05;0.1;0.15;0.2;0.25;0.3;0.35;0.4;0.45;0.5;0.55;0.6;0.65;0.7;0.75;0.8,-11.2755;-8.12124;-5.92717;-4.37622;-3.27276;-2.46686;-1.87959;-1.44449;-1.12071;-0.875072;-0.689715;-0.548712;-0.440363;-0.357188;-0.292947;-0.24239;-0.20289,36.09;16.8588;7.6292;3.30615;1.30924;0.372413;-0.0104479;-0.135752;-0.171406;-0.159043;-0.14158;-0.120989;-0.108487;-0.0902449;-0.0812693;-0.0776975;-0.0754142,10.2085;6.38187;4.15666;2.84699;1.74257;1.14107;0.856192;0.591036;0.441099;0.297838;0.202507;0.147598;0.109443;0.0848336;0.0672342;0.0577422;0.063024,14.6692;9.74711;6.12429;3.75371;2.20889;1.15228;0.566141;0.16041;-0.13557;-0.24787;-0.320365;-0.354101;-0.35843;-0.360188;-0.340229;-0.337925;-0.320811,32.0,0.8,500
8,32,0.2,4.5,5,1.0,15.048624096606023,-11.284875014740717,1.4898303018863701,-1.8957973503588033,151.18838510438738,35.938649289677265,12.52573621156111,2.30248837584356,78.05847879221234,10.169247505069592,12.055119361267604,1.3049760752940145,130.92085616653705,14.945146543928013,17.88544583525403,1.4859989248377152,0;0.05;0.1;0.15;0.2;0.25;0.3;0.35;0.4;0.45;0.5;0.55;0.6;0.65;0.7;0.75;0.8,-11.2849;-8.14551;-5.9561;-4.4001;-3.27636;-2.47415;-1.88454;-1.45137;-1.12273;-0.880873;-0.694208;-0.551627;-0.442534;-0.358203;-0.292463;-0.241482;-0.20253,35.9386;16.7354;7.61435;3.27416;1.27609;0.377347;-0.0197703;-0.138604;-0.178947;-0.178619;-0.145952;-0.12389;-0.110264;-0.0983424;-0.0859507;-0.0783908;-0.0763252,10.1692;7.01391;4.48804;2.92951;1.92429;1.36313;0.902678;0.67586;0.534313;0.330977;0.221743;0.157241;0.133966;0.101468;0.101625;0.0985523;0.0751936,14.9451;9.63734;6.23703;3.91381;2.45033;1.38393;0.676093;0.21098;-0.00353;-0.154607;-0.254293;-0.32003;-0.353709;-0.358897;-0.346635;-0.322904;-0.295002,32.0,0.8,500
8,32,0.2,4.5,6,1.0,14.991773774514893,-11.253033829363542,1.4844546750837018,-1.8899117395833973,151.33917765153015,36.07560773558838,12.539076935225106,2.3223039756258985,79.00415178150355,11.043339515722257,12.269252604349793,1.509382019134815,129.40925645399383,13.683855905588302,17.53212277748715,1.1317769867451453,0;0.05;0.1;0.15;0.2;0.25;0.3;0.35;0.4;0.45;0.5;0.55;0.6;0.65;0.7;0.75;0.8,-11.253;-8.12291;-5.90861;-4.36694;-3.2634;-2.46951;-1.87474;-1.44638;-1.12464;-0.882555;-0.698803;-0.558973;-0.447122;-0.361916;-0.296802;-0.245647;-0.20555,36.0756;16.9031;7.68056;3.27717;1.24208;0.363718;-0.00356232;-0.140505;-0.150347;-0.147701;-0.118052;-0.11107;-0.0952146;-0.0908065;-0.0836524;-0.079512;-0.0758749,11.0433;7.12476;4.9254;3.6369;2.41432;1.82032;1.28033;0.950388;0.761813;0.529014;0.4473;0.271762;0.156744;0.120097;0.0811412;0.104895;0.0815862,13.6839;8.67617;5.28442;2.94846;1.55721;0.739899;0.27918;-0.0399747;-0.286434;-0.427844;-0.503157;-0.476212;-0.487823;-0.436988;-0.425501;-0.410489;-0.394589,32.0,0.8,500
8,32,0.2,5.0,1,1.0,13.64728486462098,-11.186354651336362,1.2307605294705726,-1.6183105287114325,152.49687619630103,38.79117913996829,11.910672593514676,2.412043984917367,79.7397998632488,13.734914760886184,10.604312592328325,1.473279224379182,124.05472578949829,14.060638925129961,15.280916194202831,1.4169711112986048,0;0.05;0.1;0.15;0.2;0.25;0.3;0.35;0.4;0.45;0.5;0.55;0.6;0.65;0.7;0.75;0.8,-11.1864;-7.64108;-5.32956;-3.74461;-2.66853;-1.93181;-1.41058;-1.04143;-0.779766;-0.586777;-0.449224;-0.345465;-0.269348;-0.212882;-0.169208;-0.136557;-0.112414,38.7912;17.4425;7.62797;3.13501;1.16919;0.32608;0.00917297;-0.111342;-0.152219;-0.130387;-0.103731;-0.0884146;-0.0761548;-0.0662336;-0.0585952;-0.0532164;-0.0487143,13.7349;8.54189;5.45863;3.44998;2.00037;1.06244;0.764613;0.467397;0.257267;0.200973;0.152587;0.130193;0.0418812;0.0461968;0.0280837;-0.00243937;-0.00387011,14.0606;9.25131;5.86914;3.6804;2.02231;1.19712;0.630835;0.229032;0.0284115;-0.109049;-0.190769;-0.249494;-0.243439;-0.25329;-0.235018;-0.217377;-0.202026,32.0,0.8,500
8,32,0.2,5.0,2,1.0,13.65981465950782,-11.201623268235373,1.233037854493913,-1.612180073582114,152.48436178527035,38.88146161330475,11.901102362326808,2.415895102895657,79.3852389190976,13.363237261670935,10.520107347861565,1.4400655479003333,124.12531143482366,14.068319213318778,15.24866831304583,1.4140312098943195,0;0.05;0.1;0.15;0.2;0.25;0.3;0.35;0.4;0.45;0.5;0.55;0.6;0.65;0.7;0.75;0.8,-11.2016;-7.65652;-5.30696;-3.73233;-2.6478;-1.90711;-1.39228;-1.03061;-0.772261;-0.581171;-0.442142;-0.340263;-0.264596;-0.210054;-0.167654;-0.135411;-0.111267,38.8815;17.6461;7.72666;3.1329;1.11632;0.309311;-0.0489519;-0.174856;-0.169826;-0.141079;-0.12197;-0.100796;-0.0870553;-0.0699935;-0.0594169;-0.0545263;-0.0512339,13.3632;8.05958;4.87425;3.28929;1.97935;1.2258;0.9337;0.613552;0.41944;0.239941;0.167905;0.0830808;0.0636677;0.0678915;0.0516071;0.0352177;0.0308493,14.0683;9.1752;5.58339;3.39747;2.06877;1.17415;0.68391;0.373923;0.0754555;-0.0926309;-0.149787;-0.180765;-0.204014;-0.208304;-0.185973;-0.180998;-0.166672,32.0,0.8,500
8,32,0.2,5.0,3,1.0,13.660534146534772,-11.289000384717461,1.23199707421577,-1.6268069140125885,152.09064833824235,38.745462087981466,11.87243321079401,2.4127733443318298,80.10568022223052,13.948184382516875,10.797818438725846,1.6364806124326718,126.22021481578747,16.160859446416723,15.491348977734612,1.646916637511956,0;0.05;0.1;0.15;0.2;0.25;0.3;0.35;0.4;0.45;0.5;0.55;0.6;0.65;0.7;0.75;0.8,-11.289;-7.69666;-5.35033;-3.77159;-2.68397;-1.93559;-1.41121;-1.0451;-0.774989;-0.585676;-0.446402;-0.343453;-0.269158;-0.212925;-0.170264;-0.137764;-0.113135,38.7455;17.5365;7.64233;3.19322;1.18814;0.315004;-0.0264939;-0.137723;-0.153477;-0.147485;-0.123071;-0.10004;-0.0888238;-0.0739062;-0.0623515;-0.0542023;-0.0497732,13.9482;8.70851;5.51821;3.7785;2.33418;1.71372;1.14045;0.762236;0.554148;0.396427;0.299643;0.17297;0.137334;0.102179;0.0635708;0.0504419;0.045985,16.1609;10.2735;6.54096;4.10489;2.53811;1.46627;0.788911;0.373943;0.125077;-0.0746783;-0.146794;-0.198832;-0.218281;-0.219699;-0.204706;-0.197639;-0.186248,32.0,0.8,500
8,32,0.2,5.0,4,1.0,13.7377279222683,-11.3808052131112,1.2417299701607731,-1.6428379707344622,152.46917845372735,38.989549490589724,11.89007579075161,2.4174864071410473,78.94593353286044,13.04787220041969,10.521004779432866,1.3939024574250423,124.93383300928687,14.405582951672125,15.310339284541058,1.3716598355769336,0;0.05;0.1;0.15;0.2;0.25;0.3;0.35;0.4;0.45;0.5;0.55;0.6;0.65;0.7;0.75;0.8,-11.3808;-7.76691;-5.38749;-3.78982;-2.70244;-1.9558;-1.4355;-1.06156;-0.792779;-0.597795;-0.455748;-0.352277;-0.27567;-0.21826;-0.174433;-0.141496;-0.116728,38.9895;17.5042;7.62151;3.16719;1.1986;0.29586;-0.0426133;-0.138554;-0.145084;-0.127068;-0.108005;-0.0926772;-0.079826;-0.0657822;-0.0558102;-0.0523438;-0.0491914,13.0479;7.92399;4.88517;2.98595;2.03809;1.23555;0.754269;0.516071;0.3073;0.231867;0.178088;0.102971;0.0579219;0.0491176;0.0375833;0.0343708;0.0316213,14.4056;8.84102;5.76365;3.40246;2.04725;1.0373;0.525835;0.178778;-0.0070375;-0.0986708;-0.195628;-0.229236;-0.255763;-0.244522;-0.230601;-0.207475;-0.193908,32.0,0.8,500
8,32,0.2,5.0,5,1.0,13.6848267689371,-11.277924360386937,1.2370342198320248,-1.6182744888066,152.30448815905459,38.89857520935533,11.873139880043919,2.4115128318346533,79.76010653451081,13.491296100556145,10.711924158079682,1.567971273115394,124.34157746722065,14.3404721036898,15.224405925985431,1.3801204519516497,0;0.05;0.1;0.15;0.2;0.25;0.3;0.35;0.4;0.45;0.5;0.55;0.6;0.65;0.7;0.75;0.8,-11.2779;-7.68555;-5.31927;-3.74216;-2.65655;-1.92019;-1.40422;-1.03332;-0.768112;-0.581309;-0.443228;-0.340814;-0.265509;-0.20924;-0.166461;-0.135158;-0.110888,38.8986;17.4546;7.64617;3.16939;1.1694;0.306265;-0.0153638;-0.126568;-0.154455;-0.136861;-0.122485;-0.101908;-0.0861407;-0.0713606;-0.0662348;-0.0576281;-0.0517631,13.4913;8.73453;5.46391;3.53782;2.40686;1.55901;1.01825;0.634549;0.404345;0.236799;0.178637;0.133024;0.110412;0.0673129;0.0561141;0.0509838;0.0424547,14.3405;8.99635;5.51598;3.40835;2.07395;1.12074;0.554019;0.237255;0.0360828;-0.118213;-0.198219;-0.229801;-0.23398;-0.233568;-0.207853;-0.197066;-0.183714,32.0,0.8,500
8,32,0.2,5.0,6,1.0,13.65746767806132,-11.223226625837427,1.2332935424961722,-1.6105951237199616,152.22373668578564,38.75225028728478,11.867181340251642,2.404375575371609,79.80723932285261,13.712315940654955,10.681420826927399,1.5792677724567512,123.64697050062736,13.974444352494928,15.162073240882268,1.3895184693734925,0;0.05;0.1;0.15;0.2;0.25;0.3;0.35;0.4;0.45;0.5;0.55;0.6;0.65;0.7;0.75;0.8,-11.2232;-7.63487;-5.28644;-3.71283;-2.6479;-1.90734;-1.39854;-1.03606;-0.767783;-0.58296;-0.442727;-0.343449;-0.267751;-0.211242;-0.168005;-0.13644;-0.111893,38.7523;17.4159;7.59782;3.09794;1.13808;0.332228;0.00554321;-0.110042;-0.140124;-0.131546;-0.106547;-0.0932089;-0.0822974;-0.0731879;-0.0617873;-0.053212;-0.0484018,13.7123;8.47293;5.55748;3.60811;2.3249;1.55219;0.988013;0.629418;0.43371;0.313584;0.258624;0.18109;0.135928;0.105413;0.0794571;0.06083;0.0550324,13.9744;9.08547;5.84336;3.53395;2.00407;1.10479;0.536909;0.167934;0.00227077;-0.106705;-0.178039;-0.214731;-0.207455;-0.228722;-0.227597;-0.216688;-0.191333,32.0,0.8,500
8,32,0.3,4.0,1,1.0,17.13512394848511,-10.869525576744852,1.8594074597676802,-2.162054506059834,146.17685572908945,30.703005258569362,12.79123684401859,1.9956733065773662,80.08108219478072,5.921789301685049,15.260046678007848,0.8582041952061313,137.13609370777885,19.522470339486986,18.940552679215212,1.7610222336114538,0;0.05;0.1;0.15;0.2;0.25;0.3;0.35;0.4;0.45;0.5;0.55;0.6;0.65;0.7;0.75;0.8,-10.8695;-8.28876;-6.37098;-4.93532;-3.85086;-3.03052;-2.40066;-1.91355;-1.539;-1.24568;-1.01697;-0.837385;-0.696442;-0.583723;-0.493258;-0.421185;-0.364085,30.703;14.6238;6.75265;2.92324;1.13459;0.327379;-0.0137124;-0.138358;-0.166547;-0.153888;-0.139731;-0.12457;-0.108021;-0.0995377;-0.0976202;-0.102694;-0.11001,5.92179;3.90276;2.84658;1.98929;1.35008;0.946142;0.667643;0.569805;0.473747;0.34336;0.266998;0.21127;0.181459;0.166671;0.128046;0.109705;0.0992893,19.5225;12.498;7.80926;4.73364;2.73276;1.40441;0.589098;0.0636177;-0.244472;-0.426001;-0.520223;-0.585585;-0.597881;-0.603257;-0.576644;-0.554181;-0.526654,32.0,0.8,500
8,32,0.3,4.0,2,1.0,17.15474315285861,-10.897227632922853,1.8638559364687766,-2.169749576761088,146.48489382335265,30.836428159809042,12.813338012454816,1.998304815788435,80.85461155736667,6.593231417662468,15.479733467264149,1.0251135919322458,137.11734734339046,19.163898919409263,18.901059703108583,1.6349392293629343,0;0.05;0.1;0.15;0.2;0.25;0.3;0.35;0.4;0.45;0.5;0.55;0.6;0.65;0.7;0.75;0.8,-10.8972;-8.31394;-6.38539;-4.94881;-3.86433;-3.03638;-2.40975;-1.92367;-1.54884;-1.25504;-1.02591;-0.844506;-0.699746;-0.586536;-0.495908;-0.424076;-0.367093,30.8364;14.6277;6.7308;2.90474;1.10661;0.320376;3.78536e-05;-0.127734;-0.156676;-0.147173;-0.129446;-0.117277;-0.105223;-0.10118;-0.0989906;-0.103222;-0.110821,6.59323;4.5234;3.18685;2.30044;1.70434;1.25647;0.974198;0.726815;0.611321;0.483313;0.396213;0.280003;0.228772;0.179869;0.153209;0.132115;0.136662,19.1639;12.1409;7.53815;4.45292;2.49149;1.22927;0.420137;-0.102561;-0.391659;-0.549817;-0.634708;-0.666635;-0.662452;-0.647337;-0.614007;-0.598336;-0.577114,32.0,0.8,500
8,32,0.3,4.0,3,1.0,17.16943458859175,-10.902709799167202,1.8642314899232502,-2.168057592536493,146.54184285253532,30.901022418501373,12.821970011203737,2.0131590639539487,80.63488465446387,6.198942418200632,15.36492026677962,0.9116022916270641,136.90779893855947,18.845212845931943,18.925520518805605,1.615481397906431,0;0.05;0.1;0.15;0.2;0.25;0.3;0.35;0.4;0.45;0.5;0.55;0.6;0.65;0.7;0.75;0.8,-10.9027;-8.30612;-6.38686;-4.95089;-3.86088;-3.03902;-2.40806;-1.91856;-1.54222;-1.24948;-1.02152;-0.840053;-0.698286;-0.585658;-0.495183;-0.423712;-0.366592,30.901;14.7328;6.8124;2.9545;1.15715;0.337662;-0.00835128;-0.12635;-0.161026;-0.153043;-0.131571;-0.117361;-0.109011;-0.105456;-0.105409;-0.107305;-0.113987,6.19894;4.38663;2.94308;2.06897;1.38665;0.97299;0.744701;0.585399;0.468478;0.357365;0.301773;0.225901;0.178264;0.175984;0.150425;0.133973;0.103998,18.8452;11.8814;7.36432;4.42835;2.46431;1.22544;0.49415;-0.0283739;-0.341144;-0.525137;-0.604643;-0.661829;-0.64459;-0.651794;-0.630322;-0.595986;-0.574283,32.0,0.8,500
8,32,0.3,4.0,4,1.0,17.158691684066355,-10.860343358570956,1.8657340282594705,-2.159465882714424,146.29313941001087,30.71823714230742,12.796091651643357,1.9903358800466506,80.68853408615377,6.547004353721117,15.458326712642839,1.0510197554249179,137.19555288480348,19.379207411157793,18.94707265421858,1.701845977679707,0;0.05;0.1;0.15;0.2;0.25;0.3;0.35;0.4;0.45;0.5;0.55;0.6;0.65;0.7;0.75;0.8,-10.8603;-8.271;-6.35598;-4.93112;-3.8459;-3.0223;-2.39871;-1.91416;-1.53829;-1.24744;-1.01881;-0.839051;-0.696196;-0.583112;-0.492773;-0.421881;-0.364869,30.7182;14.5899;6.6959;2.90905;1.12536;0.324545;-0.0136218;-0.13585;-0.164707;-0.155718;-0.137315;-0.118642;-0.108225;-0.101566;-0.100281;-0.105165;-0.112113,6.547;4.38721;3.15844;2.28081;1.76642;1.32884;1.08249;0.816167;0.632088;0.52036;0.419547;0.343371;0.291585;0.240484;0.207575;0.182695;0.177641,19.3792;12.3494;7.65713;4.62436;2.607;1.34707;0.474948;-0.00676419;-0.325865;-0.475037;-0.603285;-0.637427;-0.629449;-0.613813;-0.579829;-0.565318;-0.551555,32.0,0.8,500
8,32,0.3,4.0,5,1.0,17.143008381525664,-10.871785558874848,1.8609048434313133,-2.1639292610235143,146.29242107145024,30.770898912143117,12.792874356277016,1.9935099818817013,80.67200977442539,6.581610639271133,15.447363560654088,1.058257452242822,137.0076551153037,19.10401314384469,18.925978081528644,1.638192945245904,0;0.05;0.1;0.15;0.2;0.25;0.3;0.35;0.4;0.45;0.5;0.55;0.6;0.65;0.7;0.75;0.8,-10.8718;-8.29532;-6.3678;-4.93222;-3.84991;-3.02444;-2.39774;-1.91899;-1.54178;-1.25267;-1.02596;-0.844581;-0.700211;-0.586962;-0.495738;-0.424684;-0.367392,30.7709;14.6364;6.70165;2.89876;1.11824;0.320877;-0.0183899;-0.134231;-0.162799;-0.153355;-0.137124;-0.120735;-0.107464;-0.100898;-0.0999371;-0.102347;-0.107739,6.58161;4.5197;3.16966;2.34456;1.7565;1.30431;1.00505;0.799942;0.611635;0.522429;0.43488;0.356894;0.294013;0.250742;0.224402;0.197033;0.165196,19.104;12.2155;7.51577;4.46327;2.53468;1.2875;0.418082;-0.107402;-0.388194;-0.540609;-0.619491;-0.664148;-0.679433;-0.658592;-0.643873;-0.624689;-0.592974,32.0,0.8,500
8,32,0.3,4.0,6,1.0,17.134006822758852,-10.869323622521767,1.8583313418890923,-2.156823260827882,146.4485130890601,30.746420487438975,12.818891935157927,1.9970183424029293,80.24201775850243,6.204489730265662,15.349076628771101,0.9906357576790968,136.88451499992087,19.01826400526715,18.84389592505331,1.5732339409696279,0;0.05;0.1;0.15;0.2;0.25;0.3;0.35;0.4;0.45;0.5;0.55;0.6;0.65;0.7;0.75;0.8,-10.8693;-8.28339;-6.35679;-4.92647;-3.84009;-3.01884;-2.38993;-1.90643;-1.53023;-1.24091;-1.0123;-0.834773;-0.692309;-0.578671;-0.489803;-0.419324;-0.363089,30.7464;14.596;6.71187;2.90374;1.12759;0.338337;0.013336;-0.111281;-0.15134;-0.149833;-0.129883;-0.116022;-0.104006;-0.101218;-0.101142;-0.103521;-0.110861,6.20449;4.32671;3.01383;2.24775;1.62546;1.2337;0.947358;0.769351;0.589271;0.440252;0.363053;0.309566;0.243031;0.198521;0.171236;0.154572;0.153625,19.0183;11.8917;7.36177;4.366;2.37426;1.15153;0.328273;-0.131888;-0.395515;-0.570925;-0.670536;-0.67898;-0.703277;-0.693534;-0.684512;-0.668012;-0.641643,32.0,0.8,500
8,32,0.3,4.5,1,1.0,15.823918743716721,-11.182647316235645,1.559988071751473,-1.9129733066690406,148.04757134239892,33.995276720437815,12.198667737004603,2.13327962364502,80.13437549079173,8.472208975677933,13.19662187734462,1.1297063001489813,135.06782256812784,20.954980495321934,17.04455901794561,1.9487165152914638,0;0.05;0.1;0.15;0.2;0.25;0.3;0.35;0.4;0.45;0.5;0.55;0.6;0.65;0.7;0.75;0.8,-11.1826;-8.11724;-5.98205;-4.44011;-3.34001;-2.52518;-1.92634;-1.48317;-1.15084;-0.903192;-0.71376;-0.56926;-0.460314;-0.376493;-0.310669;-0.259602;-0.21986,33.9953;15.6499;6.91797;2.86837;1.05746;0.266237;-0.0433355;-0.143406;-0.165474;-0.153603;-0.124917;-0.0990914;-0.0898925;-0.0805225;-0.0777367;-0.0756688;-0.076596,8.47221;5.72724;3.88535;2.56409;1.7102;1.21773;0.864705;0.626149;0.457158;0.320612;0.255542;0.190244;0.153224;0.133654;0.107179;0.0984653;0.0929481,20.955;13.1482;8.16523;4.89152;2.8352;1.54278;0.699368;0.190324;-0.149148;-0.304669;-0.372906;-0.416265;-0.413901;-0.400022;-0.385548;-0.36552;-0.335535,32.0,0.8,500
8,32,0.3,4.5,2,1.0,15.810355290553924,-11.191639638138925,1.5557971035825795,-1.9095917853438054,148.01922217401426,33.991138876943225,12.184152312001208,2.125676023907625,79.38949727649987,8.117229627280224,13.05205949243464,1.0943463674540093,134.89604712083664,20.70998769197737,16.997365497027808,1.8745483166307664,0;0.05;0.1;0.15;0.2;0.25;0.3;0.35;0.4;0.45;0.5;0.55;0.6;0.65;0.7;0.75;0.8,-11.1916;-8.13781;-5.96591;-4.4308;-3.31602;-2.51097;-1.91483;-1.47371;-1.14779;-0.900943;-0.713872;-0.570766;-0.460652;-0.374586;-0.30903;-0.258487;-0.219683,33.9911;15.6005;6.86147;2.8277;1.01152;0.258988;-0.0520588;-0.127691;-0.14699;-0.140095;-0.12538;-0.101376;-0.0862979;-0.0789527;-0.0748376;-0.0724693;-0.0721262,8.11723;5.24907;3.55102;2.62881;1.74054;1.18189;0.905019;0.712042;0.581622;0.387716;0.271239;0.185722;0.134238;0.0991341;0.0972699;0.072718;0.0605416,20.71;12.9124;7.90652;4.70429;2.62363;1.36735;0.616791;0.135845;-0.171592;-0.331654;-0.395187;-0.419378;-0.425289;-0.424859;-0.401251;-0.377387;-0.368583,32.0,0.8,500
8,32,0.3,4.5,3,1.0,15.834350624246929,-11.184619085144746,1.5602014474522559,-1.9154180150549927,147.95196657625968,33.94787781615304,12.207728957677446,2.147012971361435,80.69734687358444,9.268030303974937,13.350302947415846,1.3163093570533162,135.06171761425458,20.91754955715995,16.996969282811946,1.8775867894770357,0;0.05;0.1;0.15;0.2;0.25;0.3;0.35;0.4;0.45;0.5;0.55;0.6;0.65;0.7;0.75;0.8,-11.1846;-8.13138;-5.98874;-4.45078;-3.33544;-2.5294;-1.93145;-1.48548;-1.15446;-0.905796;-0.717607;-0.571331;-0.459744;-0.376012;-0.309699;-0.258815;-0.219803,33.9479;15.6884;6.99655;2.94307;1.08436;0.275067;-0.0306425;-0.136795;-0.148685;-0.133846;-0.116211;-0.100688;-0.0902512;-0.0771934;-0.075813;-0.074045;-0.0739951,9.26803;6.21843;4.30288;3.01105;2.04036;1.51843;1.12845;0.817246;0.643226;0.510054;0.387237;0.313704;0.239046;0.19961;0.162578;0.139105;0.121529,20.9175;13.0861;7.8882;4.6396;2.67216;1.35989;0.609171;0.102218;-0.173826;-0.342109;-0.419399;-0.461418;-0.443508;-0.436551;-0.419417;-0.38735;-0.361616,32.0,0.8,500
8,32,0.3,4.5,4,1.0,15.85370803414763,-11.185202435055958,1.5628850027663375,-1.9091473551583065,148.05204002328574,33.942083314816465,12.206900842471777,2.1441145090219966,79.90148261163621,8.285516759925724,13.084353305281553,1.018877906186595,135.16468778646407,20.852435221422162,17.04745433793018,1.9170304725062288,0;0.05;0.1;0.15;0.2;0.25;0.3;0.35;0.4;0.45;0.5;0.55;0.6;0.65;0.7;0.75;0.8,-11.1852;-8.1159;-5.95184;-4.43615;-3.32104;-2.51356;-1.92177;-1.48041;-1.14819;-0.90133;-0.713518;-0.56941;-0.461043;-0.376255;-0.31048;-0.259534;-0.219819,33.9421;15.6362;6.99797;2.9609;1.09691;0.291089;-0.0222458;-0.137037;-0.16005;-0.146678;-0.130359;-0.105153;-0.0924216;-0.0823113;-0.0798693;-0.0764977;-0.0784043,8.28552;5.26151;3.39366;2.27868;1.45447;0.913384;0.627451;0.515911;0.40862;0.329547;0.272804;0.210972;0.14388;0.140789;0.121352;0.11637;0.090816,20.8524;13;7.92504;4.76809;2.71186;1.4318;0.683351;0.220086;-0.0944398;-0.261524;-0.349945;-0.396548;-0.408579;-0.395676;-0.382531;-0.364546;-0.344135,32.0,0.8,500
8,32,0.3,4.5,5,1.0,15.845432568088407,-11.203579926026261,1.5606585919171247,-1.913553070361257,148.02234241544028,33.975695297985865,12.182601746423474,2.125885075161964,80.23805399132934,8.616082551667628,13.241844098356918,1.1776162443443092,135.46557742351925,21.112253908392912,17.068183089401124,1.9327027047627632,0;0.05;0.1;0.15;0.2;0.25;0.3;0.35;0.4;0.45;0.5;0.55;0.6;0.65;0.7;0.75;0.8,-11.2036;-8.11904;-5.97807;-4.43873;-3.32958;-2.52325;-1.92635;-1.48699;-1.15479;-0.90794;-0.717033;-0.571481;-0.459961;-0.376134;-0.310442;-0.259519;-0.219947,33.9757;15.5194;6.87974;2.85387;1.06151;0.273457;-0.0377818;-0.134276;-0.160401;-0.148658;-0.124104;-0.102372;-0.0877178;-0.077743;-0.0723159;-0.0743306;-0.0767533,8.61608;5.76482;3.99522;2.63621;1.86163;1.31857;0.87865;0.671049;0.480894;0.392336;0.289155;0.232573;0.195867;0.164469;0.151571;0.148428;0.125679,21.1123;13.1932;8.06634;4.77108;2.66866;1.4327;0.59759;0.101197;-0.128343;-0.272828;-0.343721;-0.3691;-0.369271;-0.381194;-0.361416;-0.34564;-0.322612,32.0,0.8,500
8,32,0.3,4.5,6,1.0,15.833112905993792,-11.178268780892404,1.560667164403054,-1.9091168219668746,147.677839452044,33.80454388935807,12.171312808428135,2.1172350111831584,80.4031413669664,8.819936061061064,13.235106846992917,1.2246444407395665,135.47745837678227,21.161670381698904,17.048634213665444,1.9200619832817423,0;0.05;0.1;0.15;0.2;0.25;0.3;0.35;0.4;0.45;0.5;0.55;0.6;0.65;0.7;0.75;0.8,-11.1783;-8.13185;-5.96452;-4.44312;-3.32264;-2.50904;-1.91765;-1.4764;-1.14584;-0.89862;-0.709107;-0.566579;-0.457559;-0.373628;-0.309064;-0.258103;-0.218985,33.8045;15.5448;6.83176;2.85805;1.06115;0.242119;-0.0537786;-0.161765;-0.165771;-0.146394;-0.121336;-0.0966201;-0.0833492;-0.0795774;-0.0743242;-0.0745794;-0.0759905,8.81994;6.21145;4.02038;2.80723;1.91214;1.26779;0.991485;0.628487;0.560637;0.448578;0.327571;0.239873;0.196536;0.164998;0.134302;0.114683;0.113575,21.1617;13.0807;7.93193;4.64315;2.70491;1.44918;0.700301;0.183039;-0.134436;-0.295874;-0.367387;-0.391037;-0.406087;-0.390854;-0.372247;-0.350341;-0.329128,32.0,0.8,500
8,32,0.3,5.0,1,1.0,14.592513960064803,-11.386973662426193,1.3182270618988285,-1.6931323827763283,149.31104472120285,36.90540752004615,11.634041162518164,2.252478082908179,80.21643110193091,11.066230525920778,11.569379529499713,1.3801207179118182,132.01110461281615,21.82919017978432,15.228173670869614,1.9663692071479109,0;0.05;0.1;0.15;0.2;0.25;0.3;0.35;0.4;0.45;0.5;0.55;0.6;0.65;0.7;0.75;0.8,-11.387;-7.89119;-5.5523;-3.93441;-2.8253;-2.05894;-1.51427;-1.12239;-0.83971;-0.634803;-0.4856;-0.376281;-0.294989;-0.233884;-0.188355;-0.153281;-0.126897,36.9054;16.3826;7.03811;2.84735;0.993811;0.235976;-0.0596871;-0.133816;-0.136097;-0.129606;-0.100887;-0.0851977;-0.0673234;-0.0578233;-0.0541478;-0.0511222;-0.0504694,11.0662;6.96799;4.57351;3.13267;2.0671;1.44147;1.13697;0.771681;0.547719;0.397636;0.312159;0.211671;0.176447;0.133555;0.0881987;0.0803769;0.0603164,21.8292;13.2375;7.96599;4.63536;2.58793;1.37482;0.630657;0.137571;-0.108822;-0.224897;-0.289476;-0.307036;-0.314154;-0.281618;-0.26393;-0.25119;-0.231735,32.0,0.8,500
8,32,0.3,5.0,2,1.0,14.61323334023353,-11.368101845315008,1.3188919507807744,-1.6911429078539904,148.92092396520098,36.5184818373406,11.597543071391552,2.2119166262124788,79.68092271202242,10.58613365794952,11.334329267984662,1.182292191797591,133.0790844966554,22.58124972144946,15.368077228813025,2.0604250842799012,0;0.05;0.1;0.15;0.2;0.25;0.3;0.35;0.4;0.45;0.5;0.55;0.6;0.65;0.7;0.75;0.8,-11.3681;-7.85416;-5.52452;-3.93375;-2.83481;-2.06543;-1.51429;-1.12346;-0.845236;-0.637839;-0.488013;-0.377776;-0.295914;-0.2347;-0.189368;-0.155125;-0.12884,36.5185;16.1484;6.8761;2.715;0.950319;0.207025;-0.0818654;-0.133016;-0.145706;-0.115948;-0.0999029;-0.0786515;-0.0702554;-0.0585757;-0.0547939;-0.0532159;-0.0515781,10.5861;6.56298;4.25863;2.81619;1.68151;0.937703;0.590575;0.433181;0.234804;0.158751;0.165999;0.142398;0.110887;0.087904;0.0719804;0.0672569;0.0640459,22.5812;13.7121;8.30312;4.74966;2.71077;1.47653;0.694152;0.216233;-0.0776893;-0.187359;-0.263415;-0.280311;-0.272727;-0.265403;-0.247122;-0.238734;-0.223904,32.0,0.8,500
8,32,0.3,5.0,3,1.0,14.60547443939942,-11.379049595496443,1.3188642854571027,-1.6816406078436028,149.32878936553857,36.85656952345396,11.605712401412582,2.234023750941186,80.07104952217975,10.992100190592707,11.413782151210231,1.2936386563233635,132.79682563245507,22.103254087351807,15.348844671574762,2.0683137270791407,0;0.05;0.1;0.15;0.2;0.25;0.3;0.35;0.4;0.45;0.5;0.55;0.6;0.65;0.7;0.75;0.8,-11.379;-7.84368;-5.49546;-3.9045;-2.80004;-2.03983;-1.49628;-1.10988;-0.833481;-0.633099;-0.485676;-0.374716;-0.29329;-0.232061;-0.186057;-0.152291;-0.125887,36.8566;16.2543;6.91947;2.78045;0.972902;0.235289;-0.066386;-0.142895;-0.143897;-0.12927;-0.104882;-0.0824329;-0.0634249;-0.0538689;-0.0483665;-0.0498686;-0.0497885,10.9921;6.88983;4.49178;2.86305;1.88782;1.25931;0.908732;0.602201;0.41838;0.338035;0.197349;0.137093;0.124481;0.104835;0.0770189;0.0538061;0.0460029,22.1033;13.4571;8.25083;4.76435;2.76594;1.53781;0.766621;0.268637;0.013703;-0.112741;-0.176188;-0.215839;-0.241981;-0.23884;-0.224308;-0.205428;-0.19001,32.0,0.8,500
8,32,0.3,5.0,4,1.0,14.600169061548346,-11.378129121574949,1.3191604057443727,-1.6835203327711574,149.45969855248387,36.909380566203595,11.618933065329543,2.236229751118879,80.91506545649807,12.030554806010807,11.489636516834477,1.409196513398206,133.59658202560598,23.017008403375037,15.42392874943007,2.1357663722191176,0;0.05;0.1;0.15;0.2;0.25;0.3;0.35;0.4;0.45;0.5;0.55;0.6;0.65;0.7;0.75;0.8,-11.3781;-7.85115;-5.50982;-3.90277;-2.80611;-2.04194;-1.50164;-1.11388;-0.832449;-0.632637;-0.484446;-0.374702;-0.292907;-0.233509;-0.187351;-0.152668;-0.126748,36.9094;16.3409;6.97865;2.78191;0.931194;0.183674;-0.0888012;-0.135427;-0.150907;-0.127469;-0.104887;-0.0831868;-0.067725;-0.0565505;-0.0536788;-0.0513347;-0.0529737,12.0306;7.56142;4.88727;3.12927;2.00314;1.27641;0.870322;0.664398;0.450545;0.354252;0.256545;0.2109;0.168773;0.137978;0.0888673;0.0754143;0.0662845,23.017;14.0344;8.46276;4.84606;2.81914;1.55532;0.825074;0.354729;0.00406104;-0.151567;-0.245953;-0.25521;-0.253607;-0.241023;-0.22903;-0.215759;-0.20518,32.0,0.8,500
8,32,0.3,5.0,5,1.0,14.549042356062131,-11.387751098879187,1.3141279414368372,-1.6817924872042291,149.45158089520982,37.066689374398734,11.612502978668683,2.252501708192901,79.67919544522401,10.905638297009741,11.268691612311793,1.1996657202861685,132.53406457502462,22.322935758056214,15.276003962434135,2.0364965678088844,0;0.05;0.1;0.15;0.2;0.25;0.3;0.35;0.4;0.45;0.5;0.55;0.6;0.65;0.7;0.75;0.8,-11.3878;-7.83926;-5.49791;-3.90294;-2.80544;-2.04054;-1.49463;-1.1145;-0.831696;-0.631503;-0.483937;-0.373695;-0.2925;-0.231842;-0.186105;-0.152146;-0.126656,37.0667;16.4313;7.04292;2.78404;0.985989;0.227106;-0.0801557;-0.137494;-0.16069;-0.13845;-0.104381;-0.083236;-0.0670237;-0.0584908;-0.0506343;-0.048945;-0.0502592,10.9056;6.70053;4.18631;2.53429;1.56353;1.1868;0.705504;0.419612;0.38711;0.240382;0.202528;0.119105;0.0935747;0.0580767;0.0508332;0.0639464;0.0566987,22.3229;13.5429;8.29047;4.77533;2.59528;1.34438;0.650299;0.229405;-0.0326246;-0.160641;-0.230939;-0.271798;-0.288041;-0.273111;-0.257742;-0.235362;-0.218757,32.0,0.8,500
8,32,0.3,5.0,6,1.0,14.53634303890745,-11.359521802599128,1.310616148065415,-1.6794621512828243,149.1820975029446,36.82646304366412,11.604155006711665,2.2402304649170057,79.8251729605378,10.833890565602058,11.351788086585778,1.2357846726805264,132.52518369606705,22.288800877589008,15.236693804736348,1.9859737759755158,0;0.05;0.1;0.15;0.2;0.25;0.3;0.35;0.4;0.45;0.5;0.55;0.6;0.65;0.7;0.75;0.8,-11.3595;-7.84787;-5.48603;-3.90637;-2.80073;-2.03166;-1.49358;-1.10843;-0.829261;-0.625864;-0.480271;-0.373721;-0.292149;-0.231237;-0.186383;-0.152553;-0.126723,36.8265;16.3364;6.97519;2.77903;0.967505;0.2292;-0.0616447;-0.141389;-0.14897;-0.118982;-0.0955171;-0.0769465;-0.0673473;-0.0576136;-0.0529993;-0.0502201;-0.0485833,10.8339;6.64422;4.12127;2.70139;1.77836;1.26273;0.815291;0.526138;0.37845;0.299334;0.190932;0.154144;0.115232;0.105679;0.0850045;0.0788229;0.0835126,22.2888;13.4293;8.08667;4.6554;2.64849;1.32102;0.543767;0.134925;-0.100205;-0.213021;-0.28529;-0.329693;-0.336583;-0.319289;-0.284812;-0.257984;-0.235236,32.0,0.8,500
8,32,0.4,4.0,1,1.0,17.974568313232812,-10.706390972481817,1.9318433959528918,-2.14471509784871,142.25864288038332,28.630389173651544,12.341870557380153,1.8010106509924,74.58434302333886,4.6706370118488465,13.966477915089248,0.6568229494357825,142.12484254735762,25.035566980868712,18.174242264270504,2.5169225096246155,0;0.05;0.1;0.15;0.2;0.25;0.3;0.35;0.4;0.45;0.5;0.55;0.6;0.65;0.7;0.75;0.8,-10.7064;-8.20899;-6.33362;-4.91316;-3.8358;-3.01881;-2.39204;-1.90515;-1.53149;-1.23792;-1.00958;-0.829878;-0.686478;-0.572526;-0.481506;-0.408808;-0.3507,28.6304;13.3397;5.96352;2.46689;0.880218;0.198649;-0.0648642;-0.15705;-0.163046;-0.142617;-0.118289;-0.0993618;-0.0893466;-0.0870738;-0.083129;-0.0900963;-0.0981876,4.67064;3.13707;2.12927;1.50845;1.05258;0.751142;0.565852;0.399922;0.278147;0.227526;0.164191;0.164611;0.128861;0.0942808;0.0858466;0.0756609;0.0754463,25.0356;15.763;9.84421;6.08427;3.70278;2.15462;1.19015;0.581632;0.199773;-0.0198085;-0.154605;-0.237929;-0.271747;-0.28679;-0.291362;-0.292473;-0.290086,32.0,0.8,500
8,32,0.4,4.0,2,1.0,17.987789646262687,-10.705845416571647,1.9334802379962912,-2.1423086650486027,142.43899005034604,28.689517051108442,12.35101607777995,1.8022864836013368,74.75182782349839,4.828617504805473,13.988466962406562,0.6607821402042722,142.0493436479885,24.8168213385933,18.158571570973397,2.485306276473438,0;0.05;0.1;0.15;0.2;0.25;0.3;0.35;0.4;0.45;0.5;0.55;0.6;0.65;0.7;0.75;0.8,-10.7058;-8.21939;-6.3357;-4.9132;-3.83197;-3.00843;-2.3835;-1.89856;-1.52496;-1.23375;-1.00532;-0.827062;-0.68322;-0.5692;-0.479106;-0.405827;-0.348095,28.6895;13.3476;5.95942;2.46669;0.872859;0.199256;-0.0760146;-0.150332;-0.155714;-0.139349;-0.119867;-0.100566;-0.0882278;-0.08623;-0.0878983;-0.091299;-0.0986413,4.82862;3.13119;2.23254;1.52416;1.11599;0.786948;0.565689;0.381101;0.301357;0.221711;0.172078;0.127278;0.0902256;0.0579996;0.0375137;0.0330497;0.0450164,24.8168;15.6235;9.75041;6.01808;3.6293;2.12123;1.17547;0.551466;0.186067;-0.0325889;-0.161093;-0.237541;-0.276648;-0.2983;-0.300692;-0.302066;-0.297795,32.0,0.8,500
8,32,0.4,4.0,3,1.0,17.97773874607219,-10.716630835531527,1.932675645096398,-2.1437449579906067,142.41826242834009,28.799242036344488,12.349479399525054,1.8172661262881817,75.1759502016125,5.0111083910437255,14.054095914678314,0.6945688352462869,142.03442710827176,24.91265041613537,18.154087331925076,2.502429421543789,0;0.05;0.1;0.15;0.2;0.25;0.3;0.35;0.4;0.45;0.5;0.55;0.6;0.65;0.7;0.75;0.8,-10.7166;-8.20735;-6.32766;-4.91452;-3.83457;-3.01732;-2.38778;-1.90229;-1.53005;-1.23949;-1.01005;-0.82758;-0.684135;-0.569653;-0.480538;-0.408457;-0.350267,28.7992;13.4588;6.03975;2.51546;0.890423;0.19395;-0.0704254;-0.154592;-0.164296;-0.145503;-0.118792;-0.101087;-0.0906323;-0.0851618;-0.0843059;-0.0893656;-0.0971012,5.01111;3.34503;2.35691;1.57891;1.12779;0.824017;0.565562;0.426314;0.315329;0.21227;0.180915;0.136299;0.0789047;0.0697145;0.0673831;0.0716516;0.0576545,24.9127;15.6679;9.8367;6.06572;3.65309;2.09757;1.16043;0.57926;0.202041;-0.0185097;-0.151265;-0.216218;-0.262125;-0.282873;-0.296419;-0.295929;-0.294285,32.0,0.8,500
8,32,0.4,4.0,4,1.0,17.985855816191396,-10.698970317503825,1.9345639013578846,-2.1438473938615976,142.3363167887936,28.667150471822577,12.344720304528819,1.805042685221192,74.63949164031395,4.637991345333728,13.966987687400092,0.6303630436282918,141.98545420647332,24.835768534548386,18.164249466249174,2.499707901019719,0;0.05;0.1;0.15;0.2;0.25;0.3;0.35;0.4;0.45;0.5;0.55;0.6;0.65;0.7;0.75;0.8,-10.699;-8.19473;-6.32112;-4.90944;-3.83733;-3.0183;-2.39174;-1.90916;-1.53081;-1.24098;-1.01138;-0.830845;-0.688342;-0.573982;-0.48262;-0.410555;-0.352245,28.6672;13.3499;5.95451;2.47627;0.893277;0.211351;-0.0578095;-0.146752;-0.152231;-0.140296;-0.118783;-0.102512;-0.0884438;-0.0831893;-0.0861444;-0.0923445;-0.0990837,4.63799;3.03993;2.01592;1.39489;1.08819;0.77246;0.570618;0.432581;0.301474;0.1936;0.132448;0.0828797;0.0757893;0.0610835;0.0534116;0.0474635;0.0510733,24.8358;15.6971;9.76411;6.01276;3.64309;2.14577;1.19935;0.600733;0.216787;-0.0247763;-0.154596;-0.224123;-0.268267;-0.28827;-0.296056;-0.298824;-0.297025,32.0,0.8,500
8,32,0.4,4.0,5,1.0,17.96549685222366,-10.668594709569886,1.9314695880068171,-2.1323914147889482,142.22418633790235,28.565302408918928,12.319163609235508,1.794160566444385,74.77691629161602,4.749477922028204,13.904208240385927,0.5892089776205497,141.89640564828048,24.89260502213036,18.11765176602581,2.494024906370213,0;0.05;0.1;0.15;0.2;0.25;0.3;0.35;0.4;0.45;0.5;0.55;0.6;0.65;0.7;0.75;0.8,-10.6686;-8.16329;-6.2995;-4.88509;-3.81315;-2.99839;-2.37691;-1.89458;-1.518;-1.23132;-1.00361;-0.824049;-0.681218;-0.568042;-0.47752;-0.405197;-0.347326,28.5653;13.2841;5.94682;2.46016;0.881111;0.193167;-0.072182;-0.15427;-0.162965;-0.144417;-0.121042;-0.102594;-0.093199;-0.0871966;-0.0876376;-0.0906587;-0.0973444,4.74948;3.07699;2.06312;1.36916;0.870968;0.565132;0.436947;0.323335;0.215901;0.138075;0.0969165;0.0630764;0.0538946;0.0463553;0.0349767;0.0377417;0.0337045,24.8926;15.7291;9.80741;5.9884;3.62974;2.1265;1.15305;0.555205;0.196673;-0.0330758;-0.161465;-0.229662;-0.271895;-0.299361;-0.302931;-0.302532;-0.301937,32.0,0.8,500
8,32,0.4,4.0,6,1.0,17.97624291783699,-10.724997635230336,1.9309531467251844,-2.1461426108581088,142.47575991145686,28.770730475837883,12.360907763150582,1.8120751917402895,74.83620014467053,4.894477359918594,13.98545680002797,0.6757871845111564,142.44617133351227,25.216334693863956,18.219782897603572,2.545907110906302,0;0.05;0.1;0.15;0.2;0.25;0.3;0.35;0.4;0.45;0.5;0.55;0.6;0.65;0.7;0.75;0.8,-10.725;-8.21532;-6.34299;-4.92601;-3.84561;-3.0203;-2.38862;-1.90372;-1.52896;-1.23758;-1.00787;-0.828272;-0.684129;-0.569345;-0.479213;-0.407377;-0.350113,28.7707;13.3997;5.98517;2.48801;0.896937;0.196021;-0.0668329;-0.147532;-0.153313;-0.134901;-0.118612;-0.0953473;-0.085697;-0.080914;-0.0851341;-0.0911547;-0.100555,4.89448;3.32558;2.22169;1.49042;1.09889;0.760232;0.4633;0.370167;0.298067;0.232546;0.188692;0.156054;0.138478;0.1028;0.0973245;0.0850898;0.0783274,25.2163;15.9253;9.94601;6.13919;3.71298;2.18194;1.21675;0.593184;0.223968;-0.007818;-0.13914;-0.212144;-0.255882;-0.279604;-0.290641;-0.295339;-0.297472,32.0,0.8,500
8,32,0.4,4.5,1,1.0,16.723290475984676,-11.05690493331583,1.6356764944649804,-1.9185168070824492,143.93167202656196,31.608513545588163,11.777475922273956,1.919604515053285,75.42749885819228,6.749244122081366,12.301484509528771,0.8544042263624835,141.73211929586702,27.339155386160535,16.73103100129889,2.6332100075159497,0;0.05;0.1;0.15;0.2;0.25;0.3;0.35;0.4;0.45;0.5;0.55;0.6;0.65;0.7;0.75;0.8,-11.0569;-8.10257;-5.99304;-4.4659;-3.36568;-2.55794;-1.95891;-1.50761;-1.17196;-0.918064;-0.722627;-0.574559;-0.460619;-0.374148;-0.306896;-0.254275;-0.21415,31.6085;14.2254;6.13101;2.43887;0.7945;0.116165;-0.119701;-0.171919;-0.171372;-0.144305;-0.11255;-0.0925288;-0.0753792;-0.0677633;-0.0639833;-0.0646936;-0.067788,6.74924;4.42866;3.01687;2.0154;1.45138;0.929971;0.629797;0.432763;0.303127;0.176371;0.0947901;0.0760771;0.0591507;0.0408042;0.0200056;0.0196246;0.0373329,27.3392;16.6754;10.1216;6.05603;3.58256;2.00168;1.10653;0.528385;0.198936;-0.00435856;-0.118058;-0.180734;-0.210489;-0.223005;-0.221183;-0.214028;-0.209326,32.0,0.8,500
8,32,0.4,4.5,2,1.0,16.72018434468945,-11.088951738603665,1.636532168135846,-1.9229971740779015,143.94454569377876,31.74634711521876,11.779530888479004,1.9364902977788234,75.76778822082653,7.166016766681594,12.331240751918637,0.8779631374822264,141.95879414470716,27.493532870069696,16.771891190138074,2.661063872934244,0;0.05;0.1;0.15;0.2;0.25;0.3;0.35;0.4;0.45;0.5;0.55;0.6;0.65;0.7;0.75;0.8,-11.089;-8.1315;-6.01037;-4.48608;-3.3723;-2.5568;-1.95903;-1.50872;-1.17143;-0.915592;-0.724285;-0.574757;-0.461804;-0.374761;-0.306702;-0.254621;-0.213428,31.7463;14.3249;6.17848;2.44718;0.808975;0.154388;-0.09294;-0.15174;-0.154299;-0.130883;-0.116226;-0.0945655;-0.0746474;-0.0708954;-0.0666201;-0.0684736;-0.0720059,7.16602;4.55913;3.01404;1.96043;1.35562;0.86796;0.605504;0.467615;0.341747;0.270733;0.201572;0.119291;0.0650712;0.0664629;0.0213209;0.041314;0.0368906,27.4935;16.8355;10.2111;6.14148;3.62242;2.07353;1.1166;0.539551;0.198465;-0.000652518;-0.116924;-0.184765;-0.213239;-0.215748;-0.218444;-0.210719;-0.207288,32.0,0.8,500
8,32,0.4,4.5,3,1.0,16.731027556563866,-11.09533086798685,1.638540044131362,-1.9227339803762173,143.81957483486008,31.614108958189593,11.76996869250053,1.9313862664088233,74.9920791036503,6.2552754497944685,12.18596344648806,0.7202336287777069,141.6464803826711,27.372823011386494,16.73458016785181,2.6573206276981893,0;0.05;0.1;0.15;0.2;0.25;0.3;0.35;0.4;0.45;0.5;0.55;0.6;0.65;0.7;0.75;0.8,-11.0953;-8.11578;-5.99672;-4.48115;-3.36852;-2.55676;-1.95826;-1.5105;-1.17362;-0.92177;-0.728307;-0.579606;-0.465148;-0.377159;-0.309377;-0.256549;-0.215558,31.6141;14.2573;6.15536;2.46536;0.832675;0.155155;-0.0900253;-0.157899;-0.158669;-0.135439;-0.104406;-0.0892225;-0.0743415;-0.0693766;-0.0655149;-0.0652685;-0.0700177,6.25528;3.80566;2.45502;1.64578;1.14653;0.809079;0.531721;0.363458;0.199534;0.12216;0.086737;0.0460611;0.0293082;0.0167581;0.00447407;0.0105166;0.0084641,27.3728;16.7418;10.1919;6.17677;3.62477;2.09573;1.13371;0.553818;0.206999;-0.00700716;-0.113717;-0.172723;-0.209127;-0.217174;-0.220744;-0.218005;-0.213901,32.0,0.8,500
8,32,0.4,4.5,4,1.0,16.76192212395522,-11.124265726488161,1.6413107033352847,-1.937326393380269,144.06171335283258,31.800547245459505,11.792700877962337,1.941355367255802,74.59592986819158,6.107683566958822,12.28637958745437,0.8179205119806372,141.8947073172735,27.29638898215925,16.77122550606746,2.639599997608035,0;0.05;0.1;0.15;0.2;0.25;0.3;0.35;0.4;0.45;0.5;0.55;0.6;0.65;0.7;0.75;0.8,-11.1243;-8.15659;-6.03225;-4.5031;-3.39989;-2.58497;-1.97981;-1.52982;-1.1893;-0.934141;-0.737197;-0.589107;-0.474568;-0.385177;-0.316103;-0.262258;-0.220232,31.8005;14.3276;6.15167;2.47285;0.84194;0.173928;-0.0858577;-0.154644;-0.153288;-0.12699;-0.110363;-0.0942697;-0.0810242;-0.0699636;-0.0651509;-0.065055;-0.0690049,6.10768;3.92353;2.58119;1.81503;1.06795;0.843863;0.76607;0.556112;0.365669;0.413437;0.3004;0.205089;0.146968;0.128963;0.0894099;0.0718007;0.0581632,27.2964;16.8301;10.2418;6.0793;3.58348;1.99798;1.0446;0.443947;0.160132;-0.0307713;-0.116844;-0.17161;-0.194046;-0.191107;-0.210441;-0.217852;-0.209607,32.0,0.8,500
8,32,0.4,4.5,5,1.0,16.751858768136692,-11.030727805108203,1.6415156865158438,-1.9186390309869388,143.96440367837627,31.633423238685133,11.776623908316113,1.9269292164136715,75.02825003522193,6.592366762272654,12.250067069551204,0.8371669984585189,141.75359726096178,27.377779010485444,16.758849630082064,2.6613339751349,0;0.05;0.1;0.15;0.2;0.25;0.3;0.35;0.4;0.45;0.5;0.55;0.6;0.65;0.7;0.75;0.8,-11.0307;-8.08602;-5.98542;-4.46569;-3.36414;-2.55527;-1.9577;-1.51402;-1.17316;-0.922078;-0.730351;-0.581261;-0.467112;-0.378971;-0.310821;-0.257259;-0.216286,31.6334;14.226;6.10338;2.4003;0.817285;0.161157;-0.0783116;-0.146528;-0.155403;-0.128288;-0.0966972;-0.0818338;-0.0710893;-0.0648917;-0.06413;-0.065057;-0.0680707,6.59237;4.27806;2.79179;1.88502;1.22073;0.885856;0.61357;0.433829;0.335133;0.248365;0.199105;0.180077;0.144441;0.0934177;0.0726401;0.0457253;0.0387726,27.3778;16.967;10.2732;6.11831;3.6173;2.05571;1.07845;0.535606;0.194592;-0.0026249;-0.11392;-0.18228;-0.217216;-0.227839;-0.228062;-0.223288;-0.214323,32.0,0.8,500
8,32,0.4,4.5,6,1.0,16.70085895297914,-11.090915035823201,1.6343321911759947,-1.9249036145653342,143.7157085624295,31.61886775789721,11.762019195577393,1.9251903697247812,75.18065697034464,6.536574510738456,12.264324131011643,0.8065299672376994,141.9002130040922,27.676746196565652,16.749302631675267,2.672624179027866,0;0.05;0.1;0.15;0.2;0.25;0.3;0.35;0.4;0.45;0.5;0.55;0.6;0.65;0.7;0.75;0.8,-11.0909;-8.12247;-6.00546;-4.4903;-3.37587;-2.56485;-1.96048;-1.51052;-1.17549;-0.921899;-0.727248;-0.579795;-0.465149;-0.377495;-0.309837;-0.257509;-0.216522,31.6189;14.2485;6.14062;2.44898;0.810168;0.131105;-0.105715;-0.168554;-0.159476;-0.134585;-0.111431;-0.0919731;-0.0785372;-0.0689371;-0.0655108;-0.0659186;-0.068621,6.53657;4.25057;2.72936;1.81617;1.17575;0.871983;0.636101;0.484762;0.290941;0.202675;0.132694;0.0914712;0.0649463;0.0316765;0.0310613;0.0351069;0.0340919,27.6767;16.9406;10.2409;6.1656;3.61074;2.05372;1.12501;0.547884;0.212227;0.0015352;-0.114283;-0.181939;-0.212405;-0.218796;-0.225727;-0.22324;-0.215501,32.0,0.8,500
8,32,0.4,5.0,1,1.0,15.48594599897326,-11.312360676743852,1.3930304128976094,-1.7133743777516757,145.07105663545843,34.304868622655405,11.225549349257417,2.0184320314507938,75.55232624624207,8.509344838810026,10.717375779182408,0.9006355613725228,140.74861325890782,29.503347079488872,15.420303805935498,2.7619064333389334,0;0.05;0.1;0.15;0.2;0.25;0.3;0.35;0.4;0.45;0.5;0.55;0.6;0.65;0.7;0.75;0.8,-11.3124;-7.87945;-5.59892;-4.00367;-2.89381;-2.12071;-1.56619;-1.1641;-0.872209;-0.659433;-0.504399;-0.390398;-0.304751;-0.240941;-0.192638;-0.155726;-0.127904,34.3049;14.8559;6.16433;2.315;0.711552;0.0968679;-0.111746;-0.162593;-0.139772;-0.119737;-0.0935733;-0.0748741;-0.0597726;-0.0518538;-0.0453626;-0.0454405;-0.0455324,8.50934;4.89724;3.24836;2.09984;1.22853;0.761705;0.560139;0.370636;0.253603;0.144257;0.0839213;0.0609412;0.0330094;0.000246454;0.0116441;0.00207913;0.00377398,29.5033;17.6801;10.4153;6.09208;3.52078;1.94625;1.02791;0.477638;0.165325;0.00940643;-0.0727712;-0.123001;-0.142774;-0.156489;-0.14638;-0.139547;-0.134796,32.0,0.8,500
8,32,0.4,5.0,2,1.0,15.526967152639447,-11.371184210900708,1.3975208484088104,-1.7246520546921809,145.18565346367888,34.424857985316194,11.229563893090964,2.0242784272883956,75.8587861672294,8.740629858053302,10.738522957816931,0.8553088144667857,141.4656783005465,29.984262747675423,15.4501471378798,2.7661706203969625,0;0.05;0.1;0.15;0.2;0.25;0.3;0.35;0.4;0.45;0.5;0.55;0.6;0.65;0.7;0.75;0.8,-11.3712;-7.93959;-5.61876;-4.02767;-2.91585;-2.13328;-1.57509;-1.17261;-0.881358;-0.668131;-0.511861;-0.39521;-0.308216;-0.243136;-0.194323;-0.157591;-0.129566,34.4249;14.9055;6.18684;2.33407;0.720687;0.0763702;-0.112729;-0.159081;-0.14845;-0.12245;-0.0950726;-0.076733;-0.0616498;-0.0537256;-0.0499593;-0.0471765;-0.0466634,8.74063;4.98967;3.1009;1.89029;1.15309;0.745626;0.403054;0.204439;0.109944;0.0518783;0.0471474;0.0134095;0.0114367;0.00773549;0.00186738;0.00189897;0.00694685,29.9843;17.7346;10.4081;6.10541;3.49337;1.94705;0.993094;0.461907;0.141377;-0.0277491;-0.098882;-0.144971;-0.153275;-0.156413;-0.15341;-0.148562;-0.140794,32.0,0.8,500
8,32,0.4,5.0,3,1.0,15.512389032559444,-11.371898695516695,1.3957571705515324,-1.7250438119226026,145.31291138274204,34.53039836727832,11.250296397774468,2.0423325832686268,76.36907076178242,9.317323847928073,10.884326019209459,1.0259103075035878,141.2289680651036,29.805773115617512,15.477561193587025,2.7746530261173437,0;0.05;0.1;0.15;0.2;0.25;0.3;0.35;0.4;0.45;0.5;0.55;0.6;0.65;0.7;0.75;0.8,-11.3719;-7.9304;-5.62374;-4.0349;-2.91961;-2.13684;-1.57748;-1.1712;-0.880767;-0.667726;-0.511877;-0.393597;-0.307238;-0.242391;-0.194317;-0.157869;-0.129954,34.5304;15.0149;6.22409;2.37775;0.757788;0.102337;-0.101994;-0.153819;-0.143162;-0.114229;-0.089159;-0.0680912;-0.055048;-0.0501242;-0.0490394;-0.046772;-0.0478913,9.31732;5.6434;3.53613;2.17546;1.38144;0.968889;0.643128;0.397347;0.338913;0.23007;0.1883;0.1207;0.0808275;0.0549931;0.0459796;0.0376229;0.0326842,29.8058;17.7574;10.5108;6.1109;3.48017;1.93607;1.02487;0.489389;0.187808;0.00641169;-0.0887337;-0.122826;-0.152363;-0.162136;-0.161533;-0.153635;-0.144744,32.0,0.8,500
8,32,0.4,5.0,4,1.0,15.49967846770566,-11.344810151717947,1.395176170937967,-1.718232769742368,144.9909152675056,34.343317845017,11.216948270013711,2.0250390885966274,75.49316031384254,8.301675526328198,10.745805273082874,0.8906062762555405,141.1801811189971,29.95789706043962,15.462454338825598,2.810898450341623,0;0.05;0.1;0.15;0.2;0.25;0.3;0.35;0.4;0.45;0.5;0.55;0.6;0.65;0.7;0.75;0.8,-11.3448;-7.90907;-5.59164;-4.00847;-2.90004;-2.12453;-1.57013;-1.16953;-0.878436;-0.667407;-0.509677;-0.394637;-0.308767;-0.243632;-0.194201;-0.157512;-0.12916,34.3433;14.9088;6.19016;2.36128;0.763216;0.095901;-0.119818;-0.163227;-0.161481;-0.132506;-0.102797;-0.075588;-0.0633849;-0.0527899;-0.0491147;-0.0464139;-0.0462627,8.30168;5.0091;3.08157;1.85081;1.25387;0.801804;0.584336;0.395925;0.234974;0.136463;0.0798482;0.0718949;0.0592158;0.0375203;0.0273569;0.0252986;0.0226308,29.9579;17.7886;10.6614;6.23203;3.58897;2.0199;1.09704;0.548515;0.214387;0.00085524;-0.0880794;-0.128244;-0.15435;-0.160437;-0.156749;-0.152792;-0.144013,32.0,0.8,500
8,32,0.4,5.0,5,1.0,15.550553236645433,-11.386437905792159,1.400333498095628,-1.72771984865825,145.46316226920712,34.5834315002674,11.250277624019361,2.035936225672639,75.85708848286966,8.747946578201724,10.759964147995706,0.8967058783137583,141.00977242429968,29.519703625898778,15.47075940766121,2.7680307576339898,0;0.05;0.1;0.15;0.2;0.25;0.3;0.35;0.4;0.45;0.5;0.55;0.6;0.65;0.7;0.75;0.8,-11.3864;-7.95154;-5.63519;-4.03237;-2.91466;-2.13843;-1.57612;-1.17691;-0.881553;-0.671506;-0.514168;-0.397485;-0.308551;-0.244468;-0.195201;-0.158025;-0.130005,34.5834;15.0555;6.25541;2.34088;0.732324;0.0990966;-0.125549;-0.18868;-0.168665;-0.141155;-0.113768;-0.0851656;-0.0670521;-0.052396;-0.0468614;-0.0447279;-0.044337,8.74795;5.07614;3.17813;1.82123;1.20464;0.746569;0.500962;0.307358;0.241669;0.160338;0.094123;0.0860409;0.0528122;0.0316435;0.0196274;0.0285024;0.0207097,29.5197;17.6022;10.4527;6.1497;3.54338;1.98895;1.04607;0.49482;0.20759;0.0123884;-0.082929;-0.127477;-0.144536;-0.159558;-0.158017;-0.152115;-0.144707,32.0,0.8,500
8,32,0.4,5.0,6,1.0,15.481982349913403,-11.367446584231132,1.3928371520107887,-1.7203971568506067,145.16214593973945,34.49701557886873,11.227274702382052,2.0331082324090715,74.97135549107966,7.968115866063822,10.737484220487733,0.917945218452277,141.04031083981494,29.744899226115272,15.46533841234401,2.7877151061742254,0;0.05;0.1;0.15;0.2;0.25;0.3;0.35;0.4;0.45;0.5;0.55;0.6;0.65;0.7;0.75;0.8,-11.3674;-7.92594;-5.6072;-4.01544;-2.90407;-2.12531;-1.56544;-1.16606;-0.878213;-0.666152;-0.509582;-0.394069;-0.307692;-0.242503;-0.193994;-0.157568;-0.129962,34.497;15.0056;6.21247;2.38445;0.74504;0.0784519;-0.123439;-0.183808;-0.1516;-0.127843;-0.103443;-0.0831868;-0.0652178;-0.055271;-0.0479283;-0.0473164;-0.0466527,7.96812;4.95986;3.18669;2.12502;1.30035;0.830843;0.602944;0.419881;0.309379;0.185555;0.145018;0.105159;0.0805174;0.0523544;0.0318313;0.0255197;0.0278405,29.7449;17.878;10.5833;6.17008;3.53257;1.94838;1.03156;0.474449;0.181209;0.012085;-0.0821429;-0.144836;-0.163529;-0.158518;-0.157787;-0.152059;-0.141782,32.0,0.8,500
8,32,0.5,4.0,1,1.0,18.692112100601186,-10.457897630331738,1.9824936188801616,-2.0995024452264333,138.18836921887686,26.654974045707622,11.887599580384427,1.6362182223226291,72.47521234145815,3.6731049178371378,13.852691994402239,0.5145000726284722,143.15423901717818,24.427016605991437,17.173573637493238,2.132430405873202,0;0.05;0.1;0.15;0.2;0.25;0.3;0.35;0.4;0.45;0.5;0.55;0.6;0.65;0.7;0.75;0.8,-10.4579;-8.03928;-6.21415;-4.82156;-3.76533;-2.95941;-2.34101;-1.86125;-1.4914;-1.20626;-0.983622;-0.806856;-0.66873;-0.559145;-0.47063;-0.400398;-0.344139,26.655;12.196;5.28483;2.10943;0.703241;0.114204;-0.0988491;-0.152926;-0.141313;-0.116878;-0.0923466;-0.0744278;-0.0687916;-0.0682685;-0.0719652;-0.079819;-0.0904935,3.6731;2.41064;1.57388;1.11142;0.764289;0.627778;0.442664;0.324015;0.267451;0.222233;0.167613;0.14552;0.114895;0.105562;0.072258;0.070482;0.0654848,24.427;14.495;8.48856;4.80067;2.63213;1.3274;0.582804;0.154929;-0.0793946;-0.201638;-0.25925;-0.283295;-0.289658;-0.28049;-0.267099;-0.25902;-0.253123,32.0,0.8,500
8,32,0.5,4.0,2,1.0,18.706108329842408,-10.466427091155278,1.984596286124151,-2.103435316211872,138.32392945490898,26.76513175168739,11.914140819396314,1.6541375367185964,72.77450105584587,3.958104477765975,13.890268851551394,0.5253389500763815,143.3554739500749,24.48516629121528,17.207783692202568,2.140735410087468,0;0.05;0.1;0.15;0.2;0.25;0.3;0.35;0.4;0.45;0.5;0.55;0.6;0.65;0.7;0.75;0.8,-10.4664;-8.06442;-6.22282;-4.83383;-3.77369;-2.96583;-2.34468;-1.86552;-1.49722;-1.2103;-0.986564;-0.80792;-0.666777;-0.55662;-0.468894;-0.398979;-0.342857,26.7651;12.2754;5.34867;2.15574;0.730069;0.139348;-0.0789118;-0.136652;-0.126669;-0.109466;-0.0893512;-0.0744453;-0.067674;-0.0656261;-0.071112;-0.0821591;-0.0940054,3.9581;2.62421;1.72644;1.23615;0.862502;0.593809;0.402835;0.272724;0.211626;0.129935;0.109217;0.0887789;0.0744748;0.067783;0.0522854;0.0492732;0.0513842,24.4852;14.5785;8.48707;4.82765;2.64339;1.31841;0.579298;0.148124;-0.0866623;-0.203313;-0.259743;-0.277012;-0.271225;-0.269214;-0.264233;-0.255467;-0.246883,32.0,0.8,500
8,32,0.5,4.0,3,1.0,18.70365154244289,-10.461647923404605,1.9843637163477026,-2.099780197272939,138.31191969847083,26.747248740330868,11.898304520011788,1.6508445899423982,72.85592248929068,4.058161757247574,13.942441489846278,0.5869249878639792,143.22792286065928,24.398859899245345,17.173553310101845,2.122993669141643,0;0.05;0.1;0.15;0.2;0.25;0.3;0.35;0.4;0.45;0.5;0.55;0.6;0.65;0.7;0.75;0.8,-10.4616;-8.03655;-6.20978;-4.82482;-3.76304;-2.95537;-2.33894;-1.86132;-1.49574;-1.21077;-0.987226;-0.809156;-0.669364;-0.558793;-0.470851;-0.400867;-0.344379,26.7472;12.2345;5.34793;2.15166;0.728991;0.136769;-0.0828258;-0.136433;-0.128778;-0.111703;-0.0896923;-0.0738536;-0.0669637;-0.0655396;-0.071964;-0.0818582;-0.0938505,4.05816;2.68949;1.91366;1.35756;0.987897;0.707786;0.540951;0.382933;0.300704;0.212673;0.169133;0.130324;0.0993681;0.0849281;0.0543829;0.0537609;0.0477566,24.3989;14.4655;8.42503;4.78742;2.60516;1.31944;0.582078;0.14636;-0.0951706;-0.215577;-0.270498;-0.283301;-0.285007;-0.277655;-0.265056;-0.255019;-0.246505,32.0,0.8,500
8,32,0.5,4.0,4,1.0,18.686155418609683,-10.479478699559134,1.980453032549034,-2.1052580459197916,138.3812759355249,26.788787129762813,11.904133895031592,1.6507584618788413,72.62800245644303,3.8198353736567845,13.834408776111204,0.5082330438377121,143.27332135442165,24.446721585365722,17.189985906783328,2.138309164903215,0;0.05;0.1;0.15;0.2;0.25;0.3;0.35;0.4;0.45;0.5;0.55;0.6;0.65;0.7;0.75;0.8,-10.4795;-8.05472;-6.2205;-4.83163;-3.77093;-2.9646;-2.34578;-1.86919;-1.49909;-1.2124;-0.989724;-0.813841;-0.675227;-0.563685;-0.47547;-0.404785;-0.347682,26.7888;12.2454;5.34688;2.15481;0.739714;0.124765;-0.0924617;-0.142473;-0.137968;-0.110228;-0.0910363;-0.0785677;-0.0697115;-0.067819;-0.0730012;-0.081109;-0.0928854,3.81984;2.51263;1.65828;1.08115;0.780828;0.560012;0.410292;0.300367;0.233393;0.188912;0.154003;0.101834;0.0846781;0.0679609;0.0544023;0.0438685;0.0442656,24.4467;14.5434;8.47899;4.83374;2.63059;1.34057;0.589695;0.166245;-0.0745146;-0.203716;-0.262224;-0.280289;-0.283369;-0.282428;-0.269338;-0.259713;-0.249567,32.0,0.8,500
8,32,0.5,4.0,5,1.0,18.69127292308614,-10.44411201256986,1.9848851868598358,-2.0956469228283456,138.1731336763325,26.651426168479468,11.895063239907177,1.642666738923765,72.51378629115645,3.7958872739990723,13.84662134308093,0.5370443818255053,142.97710488499953,24.31932126681297,17.167166726220735,2.1288718931448125,0;0.05;0.1;0.15;0.2;0.25;0.3;0.35;0.4;0.45;0.5;0.55;0.6;0.65;0.7;0.75;0.8,-10.4441;-8.02471;-6.1989;-4.81449;-3.75747;-2.94789;-2.33243;-1.85986;-1.48922;-1.20681;-0.983739;-0.807212;-0.668743;-0.558489;-0.470019;-0.399484;-0.342835,26.6514;12.1716;5.31138;2.14234;0.730428;0.139522;-0.0756116;-0.140635;-0.139054;-0.111601;-0.0899674;-0.0742823;-0.0686077;-0.0672287;-0.0728001;-0.0816211;-0.0924887,3.79589;2.48777;1.73337;1.25802;0.873335;0.627751;0.48526;0.365404;0.275178;0.184717;0.130819;0.0897619;0.0955423;0.0748256;0.0651335;0.066136;0.0598493,24.3193;14.4165;8.43289;4.80038;2.64424;1.35182;0.59134;0.163071;-0.0792866;-0.191389;-0.255934;-0.276932;-0.279735;-0.270518;-0.258736;-0.248636;-0.242676,32.0,0.8,500
8,32,0.5,4.0,6,1.0,18.682112372804916,-10.468654181783712,1.98223645333812,-2.099980896677841,138.25839154405162,26.741417926927106,11.899878588320874,1.647727722690157,72.56756746361842,3.741070406674905,13.819210114383079,0.49540062310145244,143.1832034865791,24.510759613506355,17.184859414787745,2.1471293956015067,0;0.05;0.1;0.15;0.2;0.25;0.3;0.35;0.4;0.45;0.5;0.55;0.6;0.65;0.7;0.75;0.8,-10.4687;-8.04733;-6.21596;-4.82303;-3.76075;-2.95544;-2.33805;-1.86317;-1.49387;-1.20808;-0.983822;-0.80929;-0.668534;-0.557514;-0.469508;-0.399423;-0.343033,26.7414;12.1901;5.31657;2.15658;0.73415;0.134581;-0.0768205;-0.133743;-0.129706;-0.107976;-0.0902239;-0.0730906;-0.0680981;-0.0675775;-0.0720759;-0.0815523;-0.094472,3.74107;2.44644;1.6167;1.10323;0.770891;0.557541;0.381218;0.277264;0.218872;0.144656;0.103297;0.118521;0.100665;0.0735297;0.0573829;0.0428302;0.0488898,24.5108;14.5754;8.51828;4.84807;2.64205;1.34882;0.601225;0.15566;-0.08628;-0.20688;-0.249404;-0.277746;-0.273217;-0.268428;-0.262004;-0.255285;-0.246187,32.0,0.8,500
8,32,0.5,4.5,1,1.0,17.49688845079994,-10.909898220510854,1.6943719655977774,-1.9076641315080345,139.75858087910552,29.511045117356606,11.372924594573096,1.759168090980335,72.63227599125736,4.864178426131838,12.126054197929246,0.584151328404803,143.62702565908359,27.28671692726124,16.006823357315035,2.3271523577521376,0;0.05;0.1;0.15;0.2;0.25;0.3;0.35;0.4;0.45;0.5;0.55;0.6;0.65;0.7;0.75;0.8,-10.9099;-8.03643;-5.96929;-4.45837;-3.35398;-2.54782;-1.94942;-1.50174;-1.16356;-0.911878;-0.720731;-0.573936;-0.462641;-0.376296;-0.308494;-0.256102;-0.215314,29.511;13.0846;5.50765;2.09821;0.652408;0.0584459;-0.127671;-0.165892;-0.147463;-0.115771;-0.088009;-0.0703856;-0.0589431;-0.0546435;-0.0546615;-0.0581938;-0.0637247,4.86418;3.12509;1.9171;1.24065;0.876721;0.638171;0.496603;0.340214;0.220433;0.179393;0.0964276;0.0580546;0.0227017;0.0158291;0.00702913;0.00890768;0.0152288,27.2867;15.8001;8.99199;4.99844;2.66666;1.30104;0.561259;0.146075;-0.0697243;-0.159313;-0.205475;-0.21957;-0.219737;-0.214502;-0.200499;-0.188145;-0.177916,32.0,0.8,500
8,32,0.5,4.5,2,1.0,17.52722195055335,-10.942845917085329,1.6985890258329206,-1.9188098992544773,139.9821535828247,29.66600585039843,11.38915607695678,1.7681921345739464,73.2805142305622,5.265985905463084,12.28897521259031,0.6559029015247173,143.75628032627816,27.223810015837692,16.03743393734124,2.3154549697040574,0;0.05;0.1;0.15;0.2;0.25;0.3;0.35;0.4;0.45;0.5;0.55;0.6;0.65;0.7;0.75;0.8,-10.9428;-8.07012;-5.99363;-4.49018;-3.37924;-2.56779;-1.96442;-1.51209;-1.17474;-0.921126;-0.728784;-0.580698;-0.466054;-0.378436;-0.311212;-0.257906;-0.216696,29.666;13.109;5.5063;2.10739;0.65272;0.0712457;-0.115831;-0.14951;-0.135965;-0.109123;-0.0821376;-0.0665952;-0.0571226;-0.0531136;-0.0551335;-0.0588283;-0.0649577,5.26599;3.33819;2.2645;1.56151;1.02689;0.689017;0.487414;0.315256;0.220935;0.168579;0.136832;0.076479;0.0564092;0.0469759;0.0329082;0.0407529;0.0448281,27.2238;15.7759;8.94922;4.9708;2.64793;1.27615;0.54362;0.13728;-0.0718862;-0.1738;-0.224614;-0.226844;-0.221866;-0.211035;-0.19847;-0.186517;-0.17734,32.0,0.8,500
8,32,0.5,4.5,3,1.0,17.47648055097377,-10.911872019169431,1.691275911412219,-1.9035375101619088,139.85054638080103,29.554785383060892,11.364925330834698,1.758476690470351,73.17374521841354,5.324297508836646,12.167552027590594,0.6338283452975292,143.4656187277727,27.203549978785627,15.97087087616861,2.306091414902583,0;0.05;0.1;0.15;0.2;0.25;0.3;0.35;0.4;0.45;0.5;0.55;0.6;0.65;0.7;0.75;0.8,-10.9119;-8.02477;-5.95103;-4.45181;-3.34601;-2.5431;-1.94265;-1.49507;-1.15976;-0.909081;-0.717994;-0.571526;-0.460081;-0.373642;-0.306812;-0.254522;-0.213905,29.5548;13.0426;5.47666;2.09592;0.64797;0.0755995;-0.111817;-0.152826;-0.147255;-0.115038;-0.0902948;-0.0706469;-0.0589417;-0.0554045;-0.0543144;-0.0581441;-0.0638119,5.3243;3.24833;2.04817;1.34255;0.9363;0.685531;0.501419;0.388577;0.245208;0.172432;0.118233;0.079223;0.0700096;0.0617293;0.0503383;0.0463678;0.0399938,27.2035;15.6734;8.85418;4.96559;2.61611;1.29875;0.554532;0.139334;-0.067079;-0.16735;-0.212725;-0.216933;-0.223742;-0.213577;-0.202284;-0.189394;-0.177522,32.0,0.8,500
8,32,0.5,4.5,4,1.0,17.48732135638212,-10.91399061454399,1.6940885914384705,-1.9053049513109748,139.975003790067,29.669182953076387,11.376905075228237,1.7664109315403693,73.32746944754105,5.586459889653325,12.243395617551164,0.6972293093412052,143.67307375364138,27.220600549154035,16.01129430157765,2.319164410613628,0;0.05;0.1;0.15;0.2;0.25;0.3;0.35;0.4;0.45;0.5;0.55;0.6;0.65;0.7;0.75;0.8,-10.914;-8.02048;-5.95433;-4.45289;-3.35153;-2.5454;-1.94472;-1.49842;-1.16337;-0.913189;-0.721133;-0.575241;-0.46283;-0.375118;-0.307745;-0.25552;-0.214391,29.6692;13.1147;5.51822;2.12224;0.659757;0.0707891;-0.130246;-0.160104;-0.151622;-0.121396;-0.0929865;-0.0725465;-0.0610293;-0.0559714;-0.0562989;-0.0579907;-0.0636937,5.58646;3.638;2.33099;1.53809;1.01612;0.727377;0.530236;0.4068;0.331289;0.199764;0.133941;0.0995442;0.072963;0.0526318;0.0315212;0.0286299;0.0269329,27.2206;15.7552;8.98104;4.96831;2.6434;1.29757;0.554655;0.151648;-0.0620147;-0.160985;-0.212532;-0.228156;-0.224526;-0.216495;-0.198267;-0.18778;-0.176099,32.0,0.8,500
8,32,0.5,4.5,5,1.0,17.51854800480784,-10.907885989773053,1.6987704461999553,-1.9099015583462091,139.85384338521487,29.52206953757879,11.370754640773868,1.750587329912961,72.84383031595661,4.986431294357402,12.195025941669993,0.6139291061864718,143.34775928170882,26.959941566426625,15.98553423229562,2.2865594853034397,0;0.05;0.1;0.15;0.2;0.25;0.3;0.35;0.4;0.45;0.5;0.55;0.6;0.65;0.7;0.75;0.8,-10.9079;-8.02609;-5.97091;-4.46896;-3.36359;-2.55106;-1.95198;-1.50744;-1.16908;-0.919261;-0.72571;-0.577358;-0.464167;-0.376535;-0.308667;-0.255748;-0.215063,29.5221;12.9904;5.43237;2.07132;0.638237;0.0657727;-0.110153;-0.159809;-0.145385;-0.114787;-0.0873475;-0.0680479;-0.0596765;-0.0542132;-0.0547091;-0.0602636;-0.0659388,4.98643;3.2329;2.07162;1.4449;0.974373;0.615068;0.462052;0.295679;0.193524;0.135752;0.0820289;0.0762633;0.0689747;0.0593951;0.0401194;0.0240702;0.0172832,26.9599;15.5381;8.85321;4.85386;2.60213;1.28203;0.544922;0.143098;-0.0635819;-0.158207;-0.214792;-0.227497;-0.218867;-0.21068;-0.199226;-0.185739;-0.175202,32.0,0.8,500
8,32,0.5,4.5,6,1.0,17.49011116226516,-10.920075804126515,1.693387640460967,-1.908877371233603,139.94165989561768,29.582717438959396,11.379906251373601,1.7617064791502706,73.01670608102658,5.158097667150329,12.195891106775843,0.623321796890435,143.65611463484927,27.299667962900276,16.006117287621343,2.3254445973116256,0;0.05;0.1;0.15;0.2;0.25;0.3;0.35;0.4;0.45;0.5;0.55;0.6;0.65;0.7;0.75;0.8,-10.9201;-8.04053;-5.96195;-4.46571;-3.36041;-2.54765;-1.94786;-1.50322;-1.1648;-0.913444;-0.722622;-0.57704;-0.463186;-0.376131;-0.308788;-0.25629;-0.215776,29.5827;13.0823;5.48369;2.08935;0.645988;0.072058;-0.11296;-0.152067;-0.138871;-0.110888;-0.0852124;-0.0707799;-0.059624;-0.0550235;-0.0555753;-0.0580741;-0.0629901,5.1581;3.18477;2.14147;1.4928;0.953443;0.625226;0.408869;0.268546;0.236437;0.143725;0.102056;0.0819692;0.0625787;0.0610065;0.0530894;0.0490629;0.0446844,27.2997;15.8056;8.94242;4.97464;2.6897;1.35388;0.584084;0.150696;-0.0795519;-0.182067;-0.219496;-0.230568;-0.223922;-0.215136;-0.20533;-0.194083;-0.18354,32.0,0.8,500
8,32,0.5,5.0,1,1.0,16.33197824394451,-11.250758006304821,1.4573187559715317,-1.7311435464768958,141.225126844184,32.25295884752025,10.878576783052292,1.8669407749884648,73.75637634868099,7.235545223857729,10.818339692948731,0.7978082947626074,143.82684833810814,30.066857407229776,14.943336853841515,2.4825114830876034,0;0.05;0.1;0.15;0.2;0.25;0.3;0.35;0.4;0.45;0.5;0.55;0.6;0.65;0.7;0.75;0.8,-11.2508;-7.91762;-5.65444;-4.05771;-2.94;-2.16202;-1.59561;-1.18995;-0.892983;-0.678198;-0.518655;-0.401375;-0.314229;-0.248765;-0.198473;-0.161073;-0.132785,32.253;13.7749;5.62908;2.06289;0.594887;0.0388632;-0.135632;-0.152788;-0.144112;-0.11018;-0.0828337;-0.0640438;-0.0501976;-0.0449911;-0.0414434;-0.0407861;-0.042626,7.23555;4.43665;2.62472;1.74774;1.07335;0.719413;0.506183;0.35552;0.235811;0.145578;0.13534;0.114138;0.0791487;0.0691985;0.0453295;0.0357515;0.0290242,30.0669;16.9014;9.40374;5.04601;2.59581;1.26046;0.540695;0.138814;-0.0686404;-0.151993;-0.17867;-0.184289;-0.176969;-0.159549;-0.149474;-0.137862;-0.125405,32.0,0.8,500
8,32,0.5,5.0,2,1.0,16.377334208031908,-11.251936368958697,1.4613518152687923,-1.7336822728222365,141.29617312258014,32.15875569650409,10.896368227803231,1.8593155632438687,73.50759086049153,7.0483613352382335,10.84404152364578,0.8007520510095251,143.58278145966895,29.598361648973402,14.928822498480667,2.4404337019511004,0;0.05;0.1;0.15;0.2;0.25;0.3;0.35;0.4;0.45;0.5;0.55;0.6;0.65;0.7;0.75;0.8,-11.2519;-7.93655;-5.65385;-4.0641;-2.9505;-2.16524;-1.60434;-1.19297;-0.89721;-0.679149;-0.519224;-0.401271;-0.312529;-0.246694;-0.197752;-0.160227;-0.132147,32.1588;13.7555;5.56362;2.0503;0.565307;0.03006;-0.140066;-0.159682;-0.129169;-0.101911;-0.0777307;-0.0554259;-0.0484731;-0.0409624;-0.0414387;-0.0415077;-0.0429523,7.04836;4.35367;2.72408;1.7919;1.2797;0.808905;0.487607;0.29596;0.250862;0.173895;0.102522;0.079211;0.0648759;0.0263847;0.0178211;0.0207808;0.0253639,29.5984;16.7264;9.26554;4.99593;2.50806;1.18346;0.496073;0.120292;-0.070692;-0.154935;-0.192681;-0.181966;-0.176624;-0.159928;-0.150071;-0.137754;-0.123164,32.0,0.8,500
8,32,0.5,5.0,3,1.0,16.34421139496387,-11.249852311093417,1.4580881622322461,-1.727375447957956,141.22358942923867,32.2113345572155,10.88592533324601,1.8656060788402762,73.69361932974387,7.015788496982752,10.79750215998385,0.7634454413257489,143.5552661047179,29.75814463330259,14.906686639617169,2.4508287327389566,0;0.05;0.1;0.15;0.2;0.25;0.3;0.35;0.4;0.45;0.5;0.55;0.6;0.65;0.7;0.75;0.8,-11.2499;-7.91021;-5.62855;-4.05297;-2.93942;-2.157;-1.5909;-1.18394;-0.889876;-0.674713;-0.517667;-0.399318;-0.310754;-0.245841;-0.196354;-0.1593;-0.131543,32.2113;13.7966;5.61937;2.04984;0.569885;0.0250458;-0.136757;-0.153356;-0.1342;-0.0950301;-0.0756671;-0.0595237;-0.0501774;-0.0439275;-0.0405987;-0.0427796;-0.0445012,7.01579;4.34366;2.71821;1.63993;1.04047;0.671409;0.477376;0.302543;0.195213;0.119631;0.0877965;0.0507411;0.0300294;0.0238558;0.0285328;0.0206481;0.0219365,29.7581;16.7608;9.22562;5.02132;2.58215;1.23145;0.492194;0.103576;-0.075969;-0.156792;-0.187855;-0.181994;-0.174923;-0.161362;-0.145721;-0.133046;-0.123841,32.0,0.8,500
8,32,0.5,5.0,4,1.0,16.38940482511908,-11.26455913069849,1.4644492227412724,-1.7319728068237563,141.55842064791295,32.305100484638416,10.892557812391473,1.85106051066484,73.46350814326883,6.814767134055245,10.808186807726441,0.7509471269407566,143.9047491356086,29.8067580482326,14.96374386970765,2.47860557237973,0;0.05;0.1;0.15;0.2;0.25;0.3;0.35;0.4;0.45;0.5;0.55;0.6;0.65;0.7;0.75;0.8,-11.2646;-7.9222;-5.64907;-4.06231;-2.94821;-2.15587;-1.59556;-1.18903;-0.893231;-0.68035;-0.519675;-0.402924;-0.315059;-0.248272;-0.198259;-0.160881;-0.132573,32.3051;13.7224;5.51695;1.99543;0.555335;0.0127103;-0.150067;-0.173477;-0.151793;-0.117698;-0.0816398;-0.0629353;-0.0495739;-0.0424477;-0.0406005;-0.0420545;-0.0436621,6.81477;4.16898;2.61846;1.65365;1.08789;0.683114;0.427578;0.297942;0.22571;0.156822;0.113711;0.0548186;0.038325;0.0285406;0.0161708;0.0257362;0.0282264,29.8068;16.795;9.35414;5.10863;2.63958;1.29536;0.55311;0.161723;-0.0494885;-0.145533;-0.176717;-0.184591;-0.172618;-0.164789;-0.148308;-0.13465;-0.124329,32.0,0.8,500
8,32,0.5,5.0,5,1.0,16.36608170525396,-11.253654061937933,1.4607045373124499,-1.7286361665359178,141.4827341412877,32.328764484962356,10.896847165411373,1.861149461849029,73.53256268004397,6.948628061987137,10.77352273906793,0.7567239194697402,143.62286620605363,29.699653837314496,14.933133443156038,2.452450785623833,0;0.05;0.1;0.15;0.2;0.25;0.3;0.35;0.4;0.45;0.5;0.55;0.6;0.65;0.7;0.75;0.8,-11.2537;-7.9168;-5.6377;-4.04857;-2.93846;-2.15308;-1.59143;-1.18901;-0.890856;-0.678178;-0.518271;-0.400175;-0.31213;-0.247277;-0.197684;-0.16034;-0.131868,32.3288;13.7702;5.58061;2.02457;0.573093;0.020669;-0.140763;-0.172825;-0.140468;-0.109403;-0.0834403;-0.0641347;-0.0493782;-0.0443415;-0.0415986;-0.0422452;-0.0437998,6.94863;4.33647;2.68582;1.57943;0.934889;0.641565;0.478075;0.308968;0.195901;0.136257;0.104921;0.0784817;0.0461933;0.0532384;0.0376089;0.0275531;0.0295959,29.6997;16.6989;9.26244;4.95034;2.57968;1.26005;0.511581;0.13984;-0.0432525;-0.129531;-0.171546;-0.17724;-0.172025;-0.162606;-0.149255;-0.136052;-0.124289,32.0,0.8,500
8,32,0.5,5.0,6,1.0,16.334890963614548,-11.242253098376498,1.4579198331225038,-1.725223594607904,141.2859428090308,32.28145238837584,10.8804947567179,1.863254097375274,73.75039539068096,7.125979155193082,10.850907003299099,0.8363512101010467,143.37607231024995,29.6104079040172,14.908639726135931,2.4523530108533222,0;0.05;0.1;0.15;0.2;0.25;0.3;0.35;0.4;0.45;0.5;0.55;0.6;0.65;0.7;0.75;0.8,-11.2423;-7.89901;-5.62414;-4.04826;-2.93628;-2.15003;-1.58558;-1.17895;-0.888556;-0.674381;-0.517105;-0.400474;-0.311809;-0.246411;-0.19699;-0.159735;-0.131284,32.2815;13.7258;5.55932;2.0198;0.582658;0.054524;-0.121374;-0.150907;-0.128035;-0.0951925;-0.0724472;-0.0590682;-0.047382;-0.0424481;-0.0400735;-0.0397595;-0.0421558,7.12598;4.50675;2.97818;1.85465;1.24413;0.812478;0.570602;0.357373;0.23452;0.191499;0.151548;0.103309;0.0685558;0.0385873;0.0233731;0.0220684;0.0127984,29.6104;16.7087;9.24446;4.9848;2.62169;1.27236;0.549323;0.140702;-0.0659913;-0.153233;-0.180444;-0.189102;-0.179178;-0.163248;-0.147968;-0.137628;-0.126836,32.0,0.8,500
8,32,0.6,4.0,1,1.0,19.336540777637385,-10.186212222148244,2.0207655483411786,-2.044871661814214,134.4317429149103,24.983343102031817,11.505899776361343,1.5218589396646123,70.93839278692835,3.206403285191999,13.739379644463089,0.40009157599755946,143.54745230917786,23.44501575232848,16.209519339674465,1.790738046853371,0;0.05;0.1;0.15;0.2;0.25;0.3;0.35;0.4;0.45;0.5;0.55;0.6;0.65;0.7;0.75;0.8,-10.1862;-7.85144;-6.07703;-4.70379;-3.66622;-2.87299;-2.26717;-1.80506;-1.44922;-1.16962;-0.952125;-0.782395;-0.64983;-0.543144;-0.457799;-0.389193;-0.334591,24.9833;11.272;4.8523;1.89599;0.607267;0.100011;-0.0758719;-0.122801;-0.109478;-0.0823217;-0.0630288;-0.0503068;-0.0489076;-0.0539246;-0.0598758;-0.0721214;-0.0868515,3.2064;2.07786;1.41379;0.897804;0.608453;0.321157;0.307411;0.199075;0.160181;0.0979765;0.0615568;0.0343189;0.0425225;0.0602333;0.0427466;0.0525021;0.0420725,23.445;13.1161;7.11066;3.68717;1.76294;0.689935;0.141641;-0.155185;-0.296673;-0.322763;-0.317777;-0.29183;-0.265826;-0.244044;-0.219215;-0.20606;-0.193708,32.0,0.8,500
8,32,0.6,4.0,2,1.0,19.335093004446342,-10.183060726394276,2.0201017797469643,-2.042104499177027,134.425183590057,24.97694858120399,11.499146016392725,1.5178777926490994,70.99065713066351,3.1941883169110885,13.784840188215792,0.4521741252542915,143.40925910825314,23.351950175914645,16.20748588356317,1.7884706841795484,0;0.05;0.1;0.15;0.2;0.25;0.3;0.35;0.4;0.45;0.5;0.55;0.6;0.65;0.7;0.75;0.8,-10.1831;-7.85396;-6.06251;-4.69805;-3.65931;-2.86622;-2.26577;-1.80083;-1.44414;-1.16727;-0.951197;-0.781531;-0.647131;-0.540627;-0.456152;-0.388668;-0.334382,24.9769;11.245;4.80843;1.88306;0.609675;0.102037;-0.0786481;-0.112003;-0.103708;-0.0830036;-0.0640678;-0.0537108;-0.0510362;-0.0534791;-0.0620014;-0.0735847;-0.0877961,3.19419;2.12185;1.51024;1.09525;0.75954;0.557633;0.386495;0.26409;0.192031;0.165147;0.117973;0.0783641;0.0566542;0.045112;0.0414624;0.033631;0.0418325,23.352;13.0944;7.08045;3.67341;1.74782;0.675294;0.12539;-0.145464;-0.268163;-0.303383;-0.303685;-0.280699;-0.256284;-0.234811;-0.214566;-0.201728;-0.189031,32.0,0.8,500
8,32,0.6,4.0,3,1.0,19.3233558023204,-10.172223597230888,2.0184816704249307,-2.04119211950707,134.35159039937423,24.93182101879089,11.488829626045863,1.5144567196758563,70.8788104139803,3.086881047235327,13.782129245050836,0.4394187529434981,143.3614193124767,23.351876258669982,16.18664181457445,1.7801121151121369,0;0.05;0.1;0.15;0.2;0.25;0.3;0.35;0.4;0.45;0.5;0.55;0.6;0.65;0.7;0.75;0.8,-10.1722;-7.836;-6.05239;-4.69666;-3.65796;-2.87061;-2.26768;-1.80046;-1.44375;-1.16911;-0.954703;-0.784252;-0.649134;-0.541823;-0.457099;-0.388964;-0.334269,24.9318;11.2302;4.81775;1.87513;0.605784;0.0933857;-0.0855525;-0.118112;-0.107644;-0.0855394;-0.0681643;-0.0531247;-0.049984;-0.0533048;-0.0605774;-0.0732731;-0.0875457,3.08688;1.98839;1.39467;0.991322;0.714618;0.516311;0.403762;0.302861;0.228404;0.178824;0.133739;0.0950628;0.0750007;0.0710901;0.0699712;0.0525553;0.0567209,23.3519;13.027;7.07677;3.648;1.70752;0.670751;0.129028;-0.143476;-0.268636;-0.304219;-0.306887;-0.287368;-0.261325;-0.238062;-0.21967;-0.205459;-0.195341,32.0,0.8,500
8,32,0.6,4.0,4,1.0,19.32647194325093,-10.163930149750051,2.0196932014249014,-2.0364476848107746,134.38874811830033,24.93485053946667,11.49537109556347,1.517569168994123,71.29813061901277,3.5011807985817627,13.82627509714103,0.4766646292229564,143.30399403352072,23.352508014217534,16.184945284260657,1.790171278032036,0;0.05;0.1;0.15;0.2;0.25;0.3;0.35;0.4;0.45;0.5;0.55;0.6;0.65;0.7;0.75;0.8,-10.1639;-7.83195;-6.04244;-4.68956;-3.64885;-2.85712;-2.25285;-1.79327;-1.4373;-1.16284;-0.948351;-0.780894;-0.648006;-0.541501;-0.456651;-0.3885;-0.333801,24.9349;11.2384;4.81435;1.87386;0.617281;0.105039;-0.0702929;-0.108329;-0.103305;-0.0817819;-0.0644481;-0.0545966;-0.0507966;-0.0540638;-0.0614607;-0.0727883;-0.0862322,3.50118;2.27832;1.5643;1.06125;0.771065;0.57202;0.394186;0.28324;0.207598;0.154242;0.120344;0.0890515;0.0744603;0.068649;0.0553809;0.0588117;0.0595806,23.3525;13.0715;7.06339;3.65158;1.75135;0.699703;0.150913;-0.131227;-0.252825;-0.289611;-0.289824;-0.27819;-0.260397;-0.239602;-0.219929;-0.203474;-0.192321,32.0,0.8,500
8,32,0.6,4.0,5,1.0,19.34516983101623,-10.177893612942675,2.0230003622240402,-2.042822107828466,134.4794049700498,24.946422340193607,11.500547939070767,1.5098565299197078,70.92976893922662,3.260763761044589,13.809642638090565,0.4792293902887762,143.42993294196296,23.37270480077501,16.200206676468056,1.7862279422092133,0;0.05;0.1;0.15;0.2;0.25;0.3;0.35;0.4;0.45;0.5;0.55;0.6;0.65;0.7;0.75;0.8,-10.1779;-7.83715;-6.06285;-4.70225;-3.66203;-2.86952;-2.26609;-1.80501;-1.44596;-1.17182;-0.955216;-0.783952;-0.649532;-0.542956;-0.457138;-0.389066;-0.333928,24.9464;11.2179;4.78042;1.86009;0.594954;0.0832873;-0.087325;-0.12235;-0.106319;-0.0862689;-0.0689678;-0.0556828;-0.0517068;-0.0546488;-0.0622693;-0.0735311;-0.0873099,3.26076;2.19775;1.51704;1.09373;0.808687;0.58088;0.407732;0.304148;0.232721;0.198277;0.145881;0.106029;0.101963;0.0870232;0.0812237;0.0633363;0.0555604,23.3727;13.0351;7.07792;3.65552;1.747;0.70291;0.135414;-0.146137;-0.26577;-0.303692;-0.301744;-0.284105;-0.262321;-0.237788;-0.217243;-0.201644;-0.190467,32.0,0.8,500
8,32,0.6,4.0,6,1.0,19.322661748067947,-10.166160945277927,2.019324944915488,-2.039706689047998,134.33842446686418,24.906117151277506,11.495763816226935,1.5146057943474514,71.15583903658808,3.406841952345667,13.796638488203035,0.46520442357548825,143.32707964171559,23.31504349715887,16.200655012050824,1.787103798545926,0;0.05;0.1;0.15;0.2;0.25;0.3;0.35;0.4;0.45;0.5;0.55;0.6;0.65;0.7;0.75;0.8,-10.1662;-7.83794;-6.05422;-4.69621;-3.65604;-2.86579;-2.26289;-1.80076;-1.44202;-1.16629;-0.949992;-0.782032;-0.646856;-0.54033;-0.455585;-0.38758;-0.333054,24.9061;11.2183;4.79568;1.869;0.612122;0.102567;-0.062283;-0.106787;-0.100605;-0.0806679;-0.0656752;-0.0536454;-0.0508807;-0.0550671;-0.0615314;-0.0759624;-0.0910439,3.40684;2.19469;1.46317;0.992154;0.767609;0.478683;0.299132;0.249826;0.254049;0.211027;0.223458;0.148931;0.0990052;0.0730247;0.0538082;0.0593203;0.0655472,23.315;13.0433;7.08361;3.68258;1.75451;0.692143;0.148772;-0.138879;-0.263165;-0.305275;-0.302228;-0.288207;-0.261659;-0.239633;-0.218459;-0.205511;-0.194754,32.0,0.8,500
8,32,0.6,4.5,1,1.0,18.14414714960281,-10.674275603266123,1.7327691263174363,-1.871950939274815,135.94324886785506,27.64070277423756,10.989649220920588,1.6149104358695396,71.34358183917769,4.512762312741624,12.126940825005084,0.5689544383497418,144.08249716927506,26.25676935533042,15.185703113215073,1.9737186364314467,0;0.05;0.1;0.15;0.2;0.25;0.3;0.35;0.4;0.45;0.5;0.55;0.6;0.65;0.7;0.75;0.8,-10.6743;-7.88153;-5.86011;-4.37732;-3.2932;-2.49775;-1.91139;-1.4723;-1.143;-0.895824;-0.708892;-0.565654;-0.45647;-0.371675;-0.305737;-0.254001;-0.21406,27.6407;12.0007;4.92894;1.81763;0.531076;0.0284299;-0.123726;-0.144935;-0.12177;-0.0918297;-0.0710429;-0.054136;-0.0476542;-0.0430226;-0.0468842;-0.0530264;-0.0617318,4.51276;2.93099;1.83209;1.31053;0.888067;0.603211;0.468814;0.324181;0.224556;0.160186;0.121285;0.108748;0.0566216;0.0437145;0.0268208;0.0157954;0.014202,26.2568;14.3145;7.57508;3.82165;1.78296;0.677562;0.121252;-0.135479;-0.249628;-0.270531;-0.263615;-0.237787;-0.211529;-0.189297;-0.168722;-0.150455;-0.139841,32.0,0.8,500
8,32,0.6,4.5,2,1.0,18.179611196381618,-10.693866026591895,1.737371501480696,-1.8776489860130952,136.00620783623916,27.655975802759606,11.007225597650876,1.6221483148171814,71.53692451089364,4.477421926858497,12.154366834664149,0.5213529929037279,144.34595846239785,26.315090258463023,15.218490451696642,1.9835837338474527,0;0.05;0.1;0.15;0.2;0.25;0.3;0.35;0.4;0.45;0.5;0.55;0.6;0.65;0.7;0.75;0.8,-10.6939;-7.90947;-5.87906;-4.39603;-3.30756;-2.50464;-1.91466;-1.47439;-1.14642;-0.899417;-0.711031;-0.567492;-0.456323;-0.371634;-0.305842;-0.254708;-0.214754,27.656;12.0504;4.93779;1.83274;0.535492;0.0465488;-0.111984;-0.13864;-0.112814;-0.0924312;-0.0675688;-0.0527117;-0.0423951;-0.0404065;-0.046412;-0.0524471;-0.0603677,4.47742;2.88676;1.79672;1.14944;0.797065;0.523813;0.306;0.209668;0.153019;0.108697;0.10809;0.0466361;0.0418752;0.0211876;0.0112956;0.0147637;0.0266423,26.3151;14.3326;7.61681;3.85175;1.79508;0.708985;0.134486;-0.12418;-0.236369;-0.270521;-0.25974;-0.238827;-0.213023;-0.188749;-0.1681;-0.154179;-0.143787,32.0,0.8,500
8,32,0.6,4.5,3,1.0,18.1871064491563,-10.683242501339484,1.737777268737839,-1.877193971988629,136.0772801978252,27.650737375277675,11.008909729758189,1.6227492749962267,71.57461177124353,4.680410503454309,12.241038881151066,0.6029524589284382,144.26199413057518,26.200482238359683,15.211806123758189,1.9771351318591985,0;0.05;0.1;0.15;0.2;0.25;0.3;0.35;0.4;0.45;0.5;0.55;0.6;0.65;0.7;0.75;0.8,-10.6832;-7.8998;-5.87713;-4.40076;-3.30998;-2.51196;-1.91572;-1.47339;-1.14336;-0.89678;-0.710311;-0.567282;-0.456475;-0.371417;-0.305757;-0.254732;-0.214777,27.6507;12.0262;4.95573;1.85013;0.548118;0.0451529;-0.110699;-0.135835;-0.113773;-0.0887394;-0.0710914;-0.0532946;-0.0459352;-0.044528;-0.0477193;-0.0535274;-0.0611555,4.68041;2.99576;1.98934;1.39496;0.963296;0.643936;0.492083;0.377142;0.250657;0.164768;0.12825;0.0774415;0.0667437;0.0563958;0.0503174;0.0496405;0.0362396,26.2005;14.3243;7.56715;3.83938;1.80156;0.70198;0.136395;-0.131125;-0.238769;-0.266721;-0.257627;-0.235806;-0.213139;-0.18804;-0.17081;-0.154251;-0.14406,32.0,0.8,500
8,32,0.6,4.5,4,1.0,18.17911029342617,-10.666112339381863,1.736808473690847,-1.8707353163404625,135.89836209905886,27.58096043543863,10.99143531105781,1.6162115043424117,71.58291985663979,4.652492784098138,12.245017912273978,0.6449371001253834,144.28599690632885,26.246398345108183,15.21147283229136,1.9744091609548309,0;0.05;0.1;0.15;0.2;0.25;0.3;0.35;0.4;0.45;0.5;0.55;0.6;0.65;0.7;0.75;0.8,-10.6661;-7.88215;-5.85771;-4.3754;-3.298;-2.4989;-1.909;-1.46969;-1.14113;-0.895114;-0.7069;-0.564153;-0.453886;-0.368846;-0.302957;-0.251928;-0.211782,27.581;11.9672;4.93362;1.83216;0.55554;0.0534938;-0.113785;-0.143309;-0.120393;-0.0892655;-0.0694624;-0.0518766;-0.044259;-0.0443157;-0.047457;-0.0530667;-0.0620757,4.65249;3.02537;2.02542;1.4;1.04979;0.776157;0.570823;0.382904;0.325754;0.228966;0.213098;0.168225;0.123175;0.104027;0.0863694;0.062208;0.0604037,26.2464;14.3222;7.55394;3.80069;1.77643;0.699935;0.143964;-0.127936;-0.232595;-0.26652;-0.264276;-0.239552;-0.212534;-0.191621;-0.170991;-0.154752;-0.142881,32.0,0.8,500
8,32,0.6,4.5,5,1.0,18.166219804161052,-10.64675399620855,1.7378378931052942,-1.8718743919134162,135.82482406954765,27.51533466754656,10.985143967905632,1.6084811976229694,71.14103594645445,4.454596865010856,12.15418062291522,0.5907255440740068,143.92265378206767,26.095587564967012,15.174145589455748,1.9573284433259908,0;0.05;0.1;0.15;0.2;0.25;0.3;0.35;0.4;0.45;0.5;0.55;0.6;0.65;0.7;0.75;0.8,-10.6468;-7.86129;-5.85688;-4.38457;-3.30029;-2.49814;-1.91319;-1.47558;-1.14444;-0.901111;-0.71213;-0.567833;-0.457638;-0.37288;-0.306342;-0.254648;-0.214303,27.5153;11.9422;4.89527;1.80984;0.519224;0.0294226;-0.1078;-0.135585;-0.121485;-0.0815732;-0.0630205;-0.0543765;-0.0450886;-0.0448074;-0.0470201;-0.0531186;-0.0602512,4.4546;2.85878;1.8106;1.27566;0.939358;0.684331;0.516667;0.37065;0.277967;0.225568;0.161816;0.132402;0.11202;0.0795492;0.0759502;0.0464397;0.0389076,26.0956;14.2017;7.52223;3.76919;1.74482;0.675319;0.127036;-0.129317;-0.240633;-0.276626;-0.265665;-0.23627;-0.209276;-0.191016;-0.168598;-0.153544;-0.141239,32.0,0.8,500
8,32,0.6,4.5,6,1.0,18.19103675283501,-10.692111679022542,1.7378462983773115,-1.8738514803334851,136.0914564299388,27.604972353602825,11.00915571984342,1.6135864666097475,71.26346946670229,4.370824731571121,12.086223465717982,0.5011100320998152,144.41613297677944,26.321948939008724,15.225646327690555,1.9812452854351406,0;0.05;0.1;0.15;0.2;0.25;0.3;0.35;0.4;0.45;0.5;0.55;0.6;0.65;0.7;0.75;0.8,-10.6921;-7.89816;-5.86686;-4.38826;-3.29949;-2.49854;-1.90777;-1.46989;-1.14207;-0.896666;-0.708242;-0.565886;-0.455162;-0.370379;-0.304268;-0.252949;-0.212779,27.605;11.9922;4.92585;1.81159;0.507642;0.0316979;-0.114358;-0.137264;-0.111139;-0.0886333;-0.0684661;-0.052539;-0.0462189;-0.0467626;-0.0498145;-0.0543715;-0.0603268,4.37082;2.65834;1.68401;1.09328;0.770267;0.508371;0.297524;0.223629;0.169604;0.107223;0.0918655;0.0716164;0.0437141;0.0406096;0.0345313;0.0272194;0.0299649,26.3219;14.3659;7.61767;3.8401;1.78449;0.695225;0.147084;-0.131036;-0.24969;-0.275661;-0.264058;-0.243274;-0.218126;-0.196524;-0.175257;-0.15946;-0.146929,32.0,0.8,500
8,32,0.6,5.0,1,1.0,17.05876154841084,-11.045656821224982,1.5046500778220966,-1.7083422029501083,137.26947479085186,30.07158026158448,10.537917279612872,1.7055196361581664,71.26057069162084,5.502073667176037,10.729777448802444,0.6211481702363907,144.81812158592408,29.096215181217286,14.307534180099314,2.1677687016482623,0;0.05;0.1;0.15;0.2;0.25;0.3;0.35;0.4;0.45;0.5;0.55;0.6;0.65;0.7;0.75;0.8,-11.0457;-7.81621;-5.58668;-4.01933;-2.91158;-2.12856;-1.57256;-1.17122;-0.881544;-0.669512;-0.513461;-0.396539;-0.31065;-0.245544;-0.196423;-0.158823;-0.130736,30.0716;12.6255;4.98998;1.73599;0.463889;0.00915232;-0.122714;-0.136546;-0.116376;-0.0914241;-0.0658138;-0.049344;-0.0378085;-0.0351317;-0.0357929;-0.0384771;-0.0409319,5.50207;3.4244;2.20005;1.40523;0.895647;0.549971;0.378125;0.240502;0.164332;0.118616;0.0758666;0.0596086;0.044194;0.0381219;0.0302624;0.0310883;0.031833,29.0962;15.4757;8.06019;4.00706;1.85773;0.721251;0.171883;-0.08238;-0.183918;-0.21281;-0.210373;-0.192433;-0.166927;-0.144993;-0.128243;-0.113566;-0.101719,32.0,0.8,500
8,32,0.6,5.0,2,1.0,17.05564983609505,-11.066384422825182,1.5029272905278848,-1.7109506401923902,137.4680728631311,30.219310591436233,10.538370514135472,1.7109475119273774,71.32243172250296,5.773374614538325,10.6933583769077,0.6399457589659019,144.96092328735645,29.086817030970245,14.300826718465737,2.143044430192415,0;0.05;0.1;0.15;0.2;0.25;0.3;0.35;0.4;0.45;0.5;0.55;0.6;0.65;0.7;0.75;0.8,-11.0664;-7.83166;-5.57921;-4.01929;-2.91163;-2.13365;-1.57593;-1.17533;-0.885225;-0.672929;-0.516591;-0.399249;-0.31207;-0.247383;-0.198;-0.161227;-0.132918,30.2193;12.6811;5.01541;1.75333;0.457775;-0.00455004;-0.14548;-0.15023;-0.115555;-0.0885117;-0.0693079;-0.0533164;-0.0416689;-0.035818;-0.0357462;-0.0374574;-0.0413232,5.77337;3.49502;2.13134;1.42965;0.862861;0.642177;0.400999;0.275253;0.202677;0.141107;0.0982907;0.0726763;0.0600243;0.0296108;0.0279173;0.0267954;0.0316438,29.0868;15.4578;7.9389;3.91875;1.79489;0.665142;0.124655;-0.116766;-0.210967;-0.232499;-0.21706;-0.192947;-0.16938;-0.148992;-0.130726;-0.112446;-0.101711,32.0,0.8,500
8,32,0.6,5.0,3,1.0,17.111327822332825,-11.074911125401838,1.5100905387383192,-1.7149845992548147,137.5380924796124,30.219066589660788,10.551520627366063,1.7191052430046594,71.33669569012825,5.642652964204557,10.710675915526384,0.6048632419440667,145.00386876599032,28.99271983763314,14.319285932913601,2.136727279451074,0;0.05;0.1;0.15;0.2;0.25;0.3;0.35;0.4;0.45;0.5;0.55;0.6;0.65;0.7;0.75;0.8,-11.0749;-7.8314;-5.59873;-4.03027;-2.92774;-2.14506;-1.58297;-1.17992;-0.888109;-0.675775;-0.518097;-0.400026;-0.312068;-0.247135;-0.197978;-0.160788;-0.132346,30.2191;12.6773;5.0542;1.78368;0.493769;0.00376031;-0.135792;-0.145882;-0.115648;-0.0821455;-0.0562249;-0.0440614;-0.037556;-0.0321745;-0.0329142;-0.0370144;-0.041485,5.64265;3.36922;2.02574;1.34817;0.926057;0.592823;0.352956;0.213807;0.105778;0.101522;0.0801743;0.05145;0.0351803;0.0255723;0.0226749;0.0144069;0.0208078,28.9927;15.339;7.90168;3.92666;1.77307;0.678751;0.149596;-0.100346;-0.203666;-0.21773;-0.211878;-0.190293;-0.16785;-0.146698;-0.127707;-0.113775;-0.101302,32.0,0.8,500
8,32,0.6,5.0,4,1.0,17.09684279403917,-11.042268324977794,1.5093793048189557,-1.7124529933434984,137.39502664715374,30.091081091975646,10.549101526990047,1.7050519431938036,71.60868668499249,5.821232612429404,10.766460572665087,0.6426449739978853,144.50651168186903,28.70652662176182,14.286677916439913,2.1224195576245064,0;0.05;0.1;0.15;0.2;0.25;0.3;0.35;0.4;0.45;0.5;0.55;0.6;0.65;0.7;0.75;0.8,-11.0423;-7.81291;-5.58783;-4.03275;-2.92962;-2.14353;-1.58388;-1.17764;-0.884583;-0.67237;-0.515691;-0.400154;-0.313613;-0.24825;-0.198352;-0.160733;-0.13203,30.0911;12.6226;4.94732;1.75863;0.468587;-0.00868132;-0.130442;-0.139652;-0.118395;-0.0817372;-0.0560324;-0.0418857;-0.0357861;-0.0347276;-0.0354694;-0.0379301;-0.0417913,5.82123;3.36211;2.08621;1.29925;0.892331;0.570891;0.454889;0.350963;0.229453;0.185526;0.152962;0.125886;0.0922912;0.0530999;0.0422308;0.0281183;0.0321325,28.7065;15.3055;7.92126;3.86239;1.73764;0.671346;0.136012;-0.107666;-0.199252;-0.226104;-0.21677;-0.189631;-0.166365;-0.144661;-0.126419;-0.111771;-0.100783,32.0,0.8,500
8,32,0.6,5.0,5,1.0,17.106989518006653,-11.082342534693142,1.5092355478823083,-1.7180925016475939,137.5532347636197,30.247638933714626,10.549733883479842,1.7126973831547982,71.87594537101045,5.894998407068484,10.848517988409078,0.7023265584690352,145.13706918557068,29.20207725755024,14.331917266464007,2.1628090604177563,0;0.05;0.1;0.15;0.2;0.25;0.3;0.35;0.4;0.45;0.5;0.55;0.6;0.65;0.7;0.75;0.8,-11.0823;-7.83787;-5.60618;-4.03386;-2.92968;-2.14962;-1.59096;-1.18647;-0.890055;-0.678734;-0.520302;-0.402792;-0.315424;-0.250175;-0.19984;-0.162042;-0.133357,30.2476;12.6571;4.99484;1.74552;0.470643;0.00766168;-0.135346;-0.143166;-0.115506;-0.0825092;-0.0588234;-0.0448853;-0.0371892;-0.0343449;-0.0352539;-0.0376701;-0.0419474,5.895;3.66348;2.49041;1.61154;1.05123;0.736777;0.449285;0.335118;0.230219;0.186611;0.122527;0.0671219;0.0560036;0.0396801;0.024314;0.0231487;0.0231214,29.2021;15.5103;8.04057;3.96512;1.83322;0.715255;0.149277;-0.107924;-0.209203;-0.231239;-0.217148;-0.186082;-0.169619;-0.146724;-0.127684;-0.112299;-0.101421,32.0,0.8,500
8,32,0.6,5.0,6,1.0,17.081425491637486,-11.072800776589728,1.5068753292042074,-1.7130027718917666,137.43676219251694,30.22218567850237,10.55378229700467,1.722500471736207,71.39559542080269,5.580707823954279,10.659289987491507,0.5496596215324687,145.07636386092423,29.242394330531447,14.321510208434836,2.175205713312277,0;0.05;0.1;0.15;0.2;0.25;0.3;0.35;0.4;0.45;0.5;0.55;0.6;0.65;0.7;0.75;0.8,-11.0728;-7.82921;-5.58513;-4.02792;-2.92224;-2.14135;-1.58039;-1.17805;-0.886295;-0.673351;-0.516238;-0.400172;-0.31245;-0.24694;-0.197503;-0.160299;-0.132236,30.2222;12.7365;5.04647;1.75577;0.479437;0.0119644;-0.111563;-0.128386;-0.109277;-0.0815797;-0.0556253;-0.0415829;-0.0372662;-0.0333841;-0.0337608;-0.0377628;-0.0419876,5.58071;3.21384;1.8579;1.09572;0.692144;0.409388;0.316572;0.17233;0.127137;0.0871915;0.0619403;0.0494376;0.0299151;0.0218272;0.0284005;0.0241973;0.0297791,29.2424;15.5932;8.07129;4.0066;1.8469;0.720632;0.162957;-0.105345;-0.201919;-0.219631;-0.212575;-0.187253;-0.163347;-0.140827;-0.125963;-0.111683;-0.100257,32.0,0.8,500
8,32,0.7,4.0,1,1.0,19.89056149881019,-9.868336859520488,2.0460858998812212,-1.9753167695348686,130.6351253362821,23.268136662917325,11.121330669030518,1.3953350139676854,69.58612390109795,2.757009997090992,13.695780388799653,0.3729537957948029,143.14293014810045,22.144230634473793,15.279798001300275,1.4984809596388962,0;0.05;0.1;0.15;0.2;0.25;0.3;0.35;0.4;0.45;0.5;0.55;0.6;0.65;0.7;0.75;0.8,-9.86834;-7.61822;-5.88215;-4.5497;-3.53414;-2.76755;-2.17943;-1.7308;-1.38749;-1.12286;-0.916016;-0.753523;-0.626088;-0.523973;-0.442485;-0.376204;-0.323079,23.2681;10.3139;4.32959;1.65222;0.520113;0.0736093;-0.0739697;-0.0959253;-0.0812617;-0.0579099;-0.0394035;-0.0317411;-0.0342844;-0.0427022;-0.0526924;-0.0661435;-0.0815722,2.75701;1.74622;1.16877;0.833064;0.567746;0.40395;0.334101;0.236796;0.174108;0.143694;0.106281;0.110059;0.0803301;0.0622899;0.0420439;0.0485696;0.0450893,22.1442;11.6741;5.85494;2.70709;1.0507;0.217509;-0.161967;-0.32159;-0.359921;-0.34341;-0.30946;-0.269916;-0.232295;-0.200348;-0.176764;-0.158349;-0.145559,32.0,0.8,500
8,32,0.7,4.0,2,1.0,19.901321241622874,-9.89475406499934,2.0461051739354295,-1.983394785510756,130.84173884601427,23.386566223375915,11.137759474354144,1.4031759859713482,69.78691978675661,2.8959912415031495,13.71240813000129,0.3789680529209761,143.28188359942723,22.167994796556265,15.297676652670585,1.499149878727934,0;0.05;0.1;0.15;0.2;0.25;0.3;0.35;0.4;0.45;0.5;0.55;0.6;0.65;0.7;0.75;0.8,-9.89475;-7.64995;-5.90187;-4.56451;-3.54724;-2.77499;-2.18888;-1.74074;-1.39596;-1.1294;-0.92192;-0.758967;-0.629653;-0.527127;-0.445566;-0.380168;-0.327187,23.3866;10.3747;4.358;1.66519;0.517409;0.0710469;-0.0787514;-0.0957232;-0.0738609;-0.0542666;-0.0418268;-0.0353332;-0.034744;-0.0419565;-0.0526735;-0.0662451;-0.0814164,2.89599;1.81978;1.22206;0.858095;0.614444;0.419903;0.293646;0.221526;0.163516;0.110058;0.0862517;0.0711211;0.0678943;0.0614179;0.0522483;0.0473685;0.044069,22.168;11.7006;5.86394;2.70509;1.05005;0.220564;-0.174201;-0.331296;-0.373402;-0.348595;-0.305796;-0.267528;-0.230517;-0.19902;-0.176114;-0.160411;-0.148795,32.0,0.8,500
8,32,0.7,4.0,3,1.0,19.890171866811563,-9.89091708125859,2.044850715883924,-1.9839158572046938,130.80784851681574,23.372094556768637,11.135055593569724,1.4038688257711986,69.68687067904298,2.8096367391519834,13.74834959803053,0.39442152324276175,143.18195262412263,22.119699234865642,15.283405655820923,1.4947271607956254,0;0.05;0.1;0.15;0.2;0.25;0.3;0.35;0.4;0.45;0.5;0.55;0.6;0.65;0.7;0.75;0.8,-9.89092;-7.63623;-5.89415;-4.56864;-3.55017;-2.77878;-2.19313;-1.7404;-1.39653;-1.1325;-0.925057;-0.761808;-0.632025;-0.529428;-0.4476;-0.382158;-0.328526,23.3721;10.38;4.37221;1.66579;0.5172;0.0728278;-0.0653145;-0.0931005;-0.0821529;-0.0614268;-0.0443831;-0.0357092;-0.0347571;-0.0417533;-0.0519705;-0.0657972;-0.0805827,2.80964;1.79465;1.19227;0.860599;0.587445;0.477429;0.378825;0.297113;0.213716;0.177479;0.139656;0.094509;0.0766076;0.0680266;0.0523003;0.0478033;0.0503694,22.1197;11.653;5.85467;2.70953;1.05323;0.215587;-0.179054;-0.326448;-0.365879;-0.349763;-0.314542;-0.268226;-0.231268;-0.201815;-0.176999;-0.162007;-0.150715,32.0,0.8,500
8,32,0.7,4.0,4,1.0,19.882922204491738,-9.893237934760219,2.0436093626917944,-1.982582437621403,130.8454721607402,23.41166788470707,11.135177062676878,1.4046711292904728,69.89609573540766,3.0733015428067305,13.801675002821236,0.4825682570539736,143.17591888561978,22.188800677964853,15.283648566929438,1.5045132590515506,0;0.05;0.1;0.15;0.2;0.25;0.3;0.35;0.4;0.45;0.5;0.55;0.6;0.65;0.7;0.75;0.8,-9.89324;-7.63425;-5.89213;-4.5655;-3.54673;-2.7731;-2.18649;-1.74131;-1.39483;-1.1298;-0.922865;-0.761012;-0.632291;-0.530118;-0.448033;-0.382139;-0.328872,23.4117;10.3869;4.35746;1.66959;0.529148;0.076822;-0.0765061;-0.0954306;-0.0778257;-0.0598089;-0.0450408;-0.0363909;-0.0373299;-0.0431096;-0.0538865;-0.0660523;-0.0819116,3.0733;2.06396;1.45662;1.1411;0.893549;0.666037;0.474358;0.319734;0.258899;0.215075;0.173782;0.132771;0.0982264;0.0811982;0.063962;0.0530347;0.0448282,22.1888;11.6994;5.8738;2.71381;1.0729;0.237724;-0.161374;-0.324586;-0.354692;-0.339534;-0.307989;-0.265862;-0.231235;-0.201678;-0.178003;-0.16169;-0.150197,32.0,0.8,500
8,32,0.7,4.0,5,1.0,19.911728562519393,-9.892435258518557,2.0497282128385654,-1.9798439469000066,130.86370191856335,23.40619617320897,11.141722475626327,1.4057667487412262,69.91239591785379,2.981627278748623,13.760436219101127,0.3924909367277553,143.37545472963046,22.22464115671708,15.305267839983093,1.5085873065816298,0;0.05;0.1;0.15;0.2;0.25;0.3;0.35;0.4;0.45;0.5;0.55;0.6;0.65;0.7;0.75;0.8,-9.89244;-7.62964;-5.89366;-4.56057;-3.54531;-2.77116;-2.18789;-1.74001;-1.39107;-1.12764;-0.919259;-0.755163;-0.62638;-0.523883;-0.441793;-0.375965;-0.322538,23.4062;10.3577;4.35801;1.66745;0.52409;0.0752836;-0.0625241;-0.0809718;-0.0728027;-0.0508269;-0.0366335;-0.0310184;-0.0337891;-0.0409926;-0.0523207;-0.0666288;-0.0834971,2.98163;2.00471;1.29188;0.834333;0.559857;0.428113;0.356536;0.269554;0.18411;0.102432;0.0782869;0.0539248;0.0453006;0.0444862;0.0454719;0.0385245;0.0429723,22.2246;11.6814;5.9019;2.74165;1.07358;0.23482;-0.165627;-0.321502;-0.358427;-0.337262;-0.302758;-0.259625;-0.22679;-0.197984;-0.173818;-0.157454;-0.145413,32.0,0.8,500
8,32,0.7,4.0,6,1.0,19.88583973003822,-9.904601950182006,2.0446756080339474,-1.984074507313101,130.75142437988134,23.375505782723202,11.131829919520872,1.4049676627970453,69.89885203342455,3.098369508345007,13.796898725287026,0.45701877008635455,143.36872492080354,22.24959396476794,15.309544516792977,1.5071949451908788,0;0.05;0.1;0.15;0.2;0.25;0.3;0.35;0.4;0.45;0.5;0.55;0.6;0.65;0.7;0.75;0.8,-9.9046;-7.64175;-5.9035;-4.57077;-3.55045;-2.7777;-2.189;-1.73925;-1.39475;-1.12977;-0.921823;-0.760601;-0.630803;-0.528229;-0.446278;-0.380543;-0.327948,23.3755;10.3621;4.3529;1.66743;0.523841;0.0812375;-0.0582348;-0.0854922;-0.0732916;-0.0516996;-0.0405245;-0.0324321;-0.0326555;-0.0402595;-0.05222;-0.0670411;-0.0840391,3.09837;2.11714;1.49923;1.07376;0.737373;0.510146;0.37154;0.290322;0.24678;0.193846;0.143912;0.111104;0.0879371;0.0682161;0.0640094;0.0512057;0.0493505,22.2496;11.7278;5.8861;2.72857;1.0698;0.235914;-0.158866;-0.320442;-0.366282;-0.35486;-0.315879;-0.27157;-0.231621;-0.199603;-0.176894;-0.159485;-0.14712,32.0,0.8,500
8,32,0.7,4.5,1,1.0,18.798213143528102,-10.41511395090008,1.7707215610007379,-1.8329558461312314,132.31281002927128,25.8572233595324,10.66864483642144,1.5052756582604014,70.16178604998889,4.111760957493735,12.18797436150965,0.5287814331910955,144.36305309844687,25.040617555442115,14.445771719904808,1.6874809367503043,0;0.05;0.1;0.15;0.2;0.25;0.3;0.35;0.4;0.45;0.5;0.55;0.6;0.65;0.7;0.75;0.8,-10.4151;-7.71909;-5.74892;-4.29863;-3.22656;-2.44619;-1.86663;-1.4363;-1.11662;-0.876422;-0.693958;-0.554752;-0.448283;-0.365485;-0.299905;-0.249003;-0.209638,25.8572;11.0951;4.48352;1.62857;0.465645;0.0471233;-0.0816102;-0.0988327;-0.0714935;-0.0542421;-0.0296182;-0.0269003;-0.0302776;-0.034314;-0.0395542;-0.0472444;-0.0579395,4.11176;2.6247;1.77017;1.23782;0.858437;0.630151;0.446903;0.271988;0.210679;0.134805;0.0861554;0.0762868;0.0580776;0.0441573;0.0295218;0.0263112;0.0271709,25.0406;12.8854;6.30454;2.86438;1.10903;0.240823;-0.143022;-0.284997;-0.314152;-0.296307;-0.261912;-0.220871;-0.185058;-0.16041;-0.135882;-0.118376;-0.107783,32.0,0.8,500
8,32,0.7,4.5,2,1.0,18.801015840867002,-10.421018334552322,1.7713965675603802,-1.8348585406663325,132.37897714134505,25.900370024546156,10.680246761830753,1.508049269767716,70.3575008617161,4.129764504918174,12.232848239550178,0.5462792671512797,144.32909209890215,25.042535717280845,14.44942365571535,1.6921027990108144,0;0.05;0.1;0.15;0.2;0.25;0.3;0.35;0.4;0.45;0.5;0.55;0.6;0.65;0.7;0.75;0.8,-10.421;-7.73553;-5.75553;-4.2994;-3.22982;-2.44696;-1.86665;-1.43817;-1.11706;-0.877099;-0.694606;-0.555419;-0.448403;-0.365099;-0.300697;-0.250591;-0.211242,25.9004;11.1287;4.52003;1.64263;0.466503;0.0470431;-0.0912758;-0.104762;-0.0822677;-0.0599666;-0.0422105;-0.0330252;-0.0297362;-0.033428;-0.0403619;-0.0482361;-0.0576882,4.12976;2.70734;1.75357;1.20534;0.827478;0.608989;0.458675;0.347889;0.216255;0.17197;0.144325;0.112536;0.0831529;0.069981;0.0671911;0.0574316;0.0571429,25.0425;12.89;6.33328;2.89264;1.12303;0.252612;-0.1385;-0.285444;-0.316574;-0.297024;-0.25929;-0.219799;-0.185946;-0.156676;-0.135165;-0.121323;-0.110116,32.0,0.8,500
8,32,0.7,4.5,3,1.0,18.81899833277643,-10.413608830017647,1.77289067018798,-1.830908167811824,132.46917456897137,25.9418944211478,10.676545286207055,1.5062419169890158,70.23500142617476,3.9960226882078067,12.212401954828229,0.5294622455482496,144.2883872246659,24.926635761933788,14.43294161247267,1.6753709728901156,0;0.05;0.1;0.15;0.2;0.25;0.3;0.35;0.4;0.45;0.5;0.55;0.6;0.65;0.7;0.75;0.8,-10.4136;-7.72268;-5.739;-4.29315;-3.22764;-2.44211;-1.86282;-1.43249;-1.11216;-0.872819;-0.691384;-0.55245;-0.445795;-0.363553;-0.299375;-0.249099;-0.209653,25.9419;11.133;4.49876;1.63022;0.451517;0.0371697;-0.0890885;-0.104385;-0.0804584;-0.0603366;-0.0433016;-0.0328018;-0.0315604;-0.0338864;-0.0404194;-0.0503078;-0.0603806,3.99602;2.58432;1.68942;1.1762;0.76587;0.569091;0.441861;0.354657;0.262257;0.190779;0.147477;0.11041;0.0904631;0.0799285;0.061086;0.0462231;0.0423743,24.9266;12.7978;6.27902;2.86142;1.0933;0.239972;-0.148891;-0.299226;-0.32292;-0.300338;-0.26865;-0.225375;-0.188995;-0.158817;-0.137064;-0.121785;-0.110609,32.0,0.8,500
8,32,0.7,4.5,4,1.0,18.788169693083255,-10.409637067608738,1.7710057454842185,-1.829520409713334,132.3182157733132,25.903355434477902,10.664376715414042,1.4996472447442197,69.72556286915264,3.7029485570577307,12.07807766530691,0.4556038835581534,144.27962006274066,24.993382901302986,14.43206803764573,1.673835549249797,0;0.05;0.1;0.15;0.2;0.25;0.3;0.35;0.4;0.45;0.5;0.55;0.6;0.65;0.7;0.75;0.8,-10.4096;-7.71389;-5.73159;-4.28645;-3.2219;-2.43819;-1.86287;-1.43412;-1.11325;-0.873599;-0.690965;-0.553201;-0.44722;-0.364302;-0.29969;-0.249473;-0.209773,25.9034;11.1065;4.47736;1.62008;0.457972;0.0235287;-0.109692;-0.117242;-0.0925763;-0.0637371;-0.0421852;-0.0329185;-0.0297792;-0.0354793;-0.0412154;-0.0498018;-0.0591596,3.70295;2.29896;1.49791;1.00099;0.674693;0.48509;0.369013;0.282088;0.217546;0.137099;0.103934;0.072335;0.0253817;0.0271264;0.027892;0.0253166;0.0304681,24.9934;12.8228;6.27657;2.82599;1.06445;0.218567;-0.153095;-0.294193;-0.320016;-0.303446;-0.263919;-0.226619;-0.191722;-0.161335;-0.137911;-0.121116;-0.109884,32.0,0.8,500
8,32,0.7,4.5,5,1.0,18.795142421557685,-10.417296603841214,1.7703571578455748,-1.8326726329863352,132.35626151873626,25.889822596724237,10.669603425823317,1.5018302572141562,69.7583474666886,3.6755210685106605,12.064735363863917,0.41997322783136193,144.37875577337644,25.022190250079145,14.439434165931036,1.6835238821385985,0;0.05;0.1;0.15;0.2;0.25;0.3;0.35;0.4;0.45;0.5;0.55;0.6;0.65;0.7;0.75;0.8,-10.4173;-7.71726;-5.74698;-4.29125;-3.22601;-2.44247;-1.86589;-1.44114;-1.11574;-0.876528;-0.695509;-0.55538;-0.448567;-0.365603;-0.300822;-0.250328;-0.210661,25.8898;11.0842;4.47709;1.61686;0.470458;0.0330235;-0.0913036;-0.102959;-0.0817137;-0.0571824;-0.0393824;-0.0317981;-0.0319271;-0.0338599;-0.0405187;-0.0499329;-0.0587582,3.67552;2.19279;1.44091;0.959283;0.518357;0.30779;0.286908;0.200541;0.151413;0.115954;0.10332;0.0799449;0.069167;0.0412329;0.0356829;0.0388193;0.0391663,25.0222;12.8512;6.32952;2.84178;1.09643;0.248078;-0.13876;-0.29624;-0.321527;-0.302352;-0.265791;-0.221098;-0.187413;-0.160927;-0.137833;-0.120339;-0.110808,32.0,0.8,500
8,32,0.7,4.5,6,1.0,18.798824759810607,-10.418946798472216,1.7720631863655103,-1.833393892595808,132.25057209294542,25.873042513158936,10.66263434258509,1.4976342488783474,70.31068011990851,4.152139984051165,12.155325316066921,0.4995333081155458,144.3466168344823,25.07346651797252,14.44018942574667,1.6884011919646404,0;0.05;0.1;0.15;0.2;0.25;0.3;0.35;0.4;0.45;0.5;0.55;0.6;0.65;0.7;0.75;0.8,-10.4189;-7.72676;-5.7445;-4.29266;-3.2276;-2.44417;-1.86708;-1.43723;-1.11748;-0.877374;-0.694478;-0.55578;-0.448725;-0.366019;-0.301632;-0.251115;-0.211621,25.873;11.0795;4.46831;1.60713;0.444323;0.0183034;-0.0961942;-0.106597;-0.0795327;-0.0584833;-0.0413092;-0.0338981;-0.0302407;-0.035604;-0.0406481;-0.0491725;-0.0594928,4.15214;2.63949;1.71861;1.05755;0.729407;0.488698;0.328492;0.216025;0.188518;0.143618;0.105157;0.078271;0.0639022;0.049522;0.0448138;0.0435473;0.0379513,25.0735;12.8973;6.32023;2.88052;1.10283;0.241265;-0.138505;-0.294746;-0.322331;-0.304278;-0.263782;-0.222018;-0.186451;-0.159512;-0.139171;-0.123941;-0.112202,32.0,0.8,500
8,32,0.7,5.0,1,1.0,17.732700528422285,-10.826344222080923,1.5433115652026992,-1.6827567428563341,133.78854842981883,28.295053558230997,10.231747209104913,1.588343532584366,70.08755456861185,4.779887755139948,10.705994446699744,0.49004032067277326,145.17718993730819,27.788011249699288,13.650323781971405,1.85348389066325,0;0.05;0.1;0.15;0.2;0.25;0.3;0.35;0.4;0.45;0.5;0.55;0.6;0.65;0.7;0.75;0.8,-10.8263;-7.6848;-5.50376;-3.96092;-2.87291;-2.10376;-1.55252;-1.15685;-0.870069;-0.661283;-0.507229;-0.393029;-0.308076;-0.244815;-0.196315;-0.159726;-0.13179,28.2951;11.7344;4.54871;1.57485;0.399644;-0.0183892;-0.116257;-0.123291;-0.0990642;-0.0654959;-0.0440501;-0.0314276;-0.0279124;-0.0286822;-0.0300452;-0.0340475;-0.0391427,4.77989;2.80984;1.68526;1.06499;0.650687;0.385351;0.237694;0.177259;0.143564;0.0888646;0.0568612;0.0368655;0.0240835;0.0214013;0.00859463;0.0121062;0.014874,27.788;13.8839;6.69123;3.0041;1.15059;0.248794;-0.103491;-0.252613;-0.277169;-0.252803;-0.221338;-0.184121;-0.150382;-0.126651;-0.103824;-0.0909568;-0.0791277,32.0,0.8,500
8,32,0.7,5.0,2,1.0,17.739441740195016,-10.846523564487581,1.5455877979111563,-1.6889146945034341,133.95909882748035,28.466242984155713,10.252590162003363,1.606001533217695,70.56121691949221,5.176371299349653,10.806207205061517,0.5700623174907986,145.0603059821612,27.637393606812488,13.658888871721393,1.8462481196186378,0;0.05;0.1;0.15;0.2;0.25;0.3;0.35;0.4;0.45;0.5;0.55;0.6;0.65;0.7;0.75;0.8,-10.8465;-7.71617;-5.51476;-3.97432;-2.88466;-2.10934;-1.56126;-1.16368;-0.876539;-0.666516;-0.511193;-0.396434;-0.310745;-0.245975;-0.197219;-0.160188;-0.13204,28.4662;11.8091;4.59437;1.59381;0.426032;0.0121838;-0.0991569;-0.104871;-0.0782301;-0.0585046;-0.0399934;-0.0287539;-0.0279608;-0.0264451;-0.0291383;-0.0350184;-0.0410209,5.17637;2.91866;1.8593;1.32643;0.892806;0.538377;0.364227;0.249153;0.197325;0.13397;0.092003;0.0750955;0.0568078;0.0465611;0.0287986;0.022591;0.0219021,27.6374;13.9065;6.64189;2.95944;1.13725;0.272567;-0.118715;-0.248035;-0.277019;-0.254537;-0.220511;-0.181501;-0.149831;-0.123294;-0.104879;-0.0921763;-0.0817378,32.0,0.8,500
8,32,0.7,5.0,3,1.0,17.714563704022233,-10.853550945923697,1.5408384076833455,-1.6874375862922766,133.82029524763286,28.41032137785018,10.22973021354068,1.597365056190297,70.41008849013113,5.154952514255673,10.759714347645566,0.5628642545785796,145.22241821089995,27.871645964045264,13.65135113739178,1.8559526681638203,0;0.05;0.1;0.15;0.2;0.25;0.3;0.35;0.4;0.45;0.5;0.55;0.6;0.65;0.7;0.75;0.8,-10.8536;-7.70198;-5.51087;-3.97074;-2.87925;-2.10981;-1.55918;-1.15893;-0.873932;-0.665832;-0.511268;-0.396699;-0.311168;-0.246437;-0.198075;-0.16124;-0.133119,28.4103;11.7612;4.58439;1.58275;0.391271;-0.0148474;-0.115221;-0.10855;-0.081691;-0.0582992;-0.0385804;-0.0279808;-0.0222255;-0.0260685;-0.0295062;-0.0342512;-0.040585,5.15495;3.14404;1.90075;1.16258;0.782275;0.512588;0.35177;0.233802;0.1647;0.111369;0.0948104;0.0705745;0.0545682;0.0403612;0.0255959;0.02145;0.0171518,27.8716;13.919;6.64697;2.97006;1.14758;0.281432;-0.104201;-0.239266;-0.272199;-0.255908;-0.221484;-0.181434;-0.147865;-0.123466;-0.104996;-0.0906235;-0.0808142,32.0,0.8,500
8,32,0.7,5.0,4,1.0,17.72662664638775,-10.82064355392917,1.5439686448806795,-1.6827955933550256,133.76197977763263,28.330865623439138,10.22491313684193,1.590606524520943,70.3315870814308,4.994739904935161,10.811211807416637,0.5759137576682278,144.9846925507297,27.691542381391617,13.647369270206516,1.8552013712513802,0;0.05;0.1;0.15;0.2;0.25;0.3;0.35;0.4;0.45;0.5;0.55;0.6;0.65;0.7;0.75;0.8,-10.8206;-7.68011;-5.49745;-3.96156;-2.87612;-2.10278;-1.55407;-1.15927;-0.869909;-0.662345;-0.509486;-0.395219;-0.310116;-0.245397;-0.19667;-0.159439;-0.131292,28.3309;11.6993;4.57493;1.57004;0.405168;-0.0112886;-0.113859;-0.108788;-0.0901846;-0.0632032;-0.045878;-0.0323842;-0.0282217;-0.027037;-0.0294758;-0.0331087;-0.0387044,4.99474;3.01035;2.0372;1.23583;0.839067;0.566198;0.38457;0.286472;0.198645;0.13225;0.0964472;0.0700929;0.0451707;0.0415282;0.0332822;0.0304543;0.0266827,27.6915;13.9195;6.70016;2.98449;1.15965;0.284854;-0.103835;-0.244958;-0.272996;-0.253335;-0.216633;-0.180677;-0.151104;-0.12555;-0.107413;-0.0926677;-0.0824199,32.0,0.8,500
8,32,0.7,5.0,5,1.0,17.754742581256224,-10.836715901927226,1.5465098562686768,-1.6884669927812588,133.82088827048932,28.339858339622253,10.240401290287739,1.5944763363649592,70.68680680357355,5.323501400406784,10.865824555750269,0.6181759887199023,145.23433173351856,27.77686864531363,13.659482413378726,1.8455968191693928,0;0.05;0.1;0.15;0.2;0.25;0.3;0.35;0.4;0.45;0.5;0.55;0.6;0.65;0.7;0.75;0.8,-10.8367;-7.69346;-5.51499;-3.97617;-2.88779;-2.11168;-1.56172;-1.16641;-0.876243;-0.66845;-0.513163;-0.397248;-0.311294;-0.246977;-0.198142;-0.160909;-0.132663,28.3399;11.7409;4.54042;1.59189;0.417881;0.00068999;-0.104985;-0.107127;-0.0826369;-0.0592376;-0.0417481;-0.0342909;-0.0282921;-0.0275939;-0.0308967;-0.0349502;-0.0408023,5.3235;3.29114;2.07797;1.33911;0.94998;0.638391;0.43367;0.286287;0.203762;0.133587;0.106137;0.0814424;0.0454154;0.0362194;0.0366855;0.0283014;0.0273584,27.7769;13.9097;6.64009;2.94226;1.12629;0.266184;-0.1167;-0.271196;-0.286694;-0.264767;-0.221685;-0.187047;-0.151358;-0.125839;-0.105685;-0.0906031;-0.0789074,32.0,0.8,500
8,32,0.7,5.0,6,1.0,17.704874903592714,-10.806374967087441,1.540788388778735,-1.6748255444679245,133.66611948101541,28.240392170626944,10.213161932397057,1.5780879895698319,70.27724134571152,5.15744253753257,10.735742524604358,0.5797020089587155,145.13417002252717,27.82267895592468,13.64627255717134,1.859914274362128,0;0.05;0.1;0.15;0.2;0.25;0.3;0.35;0.4;0.45;0.5;0.55;0.6;0.65;0.7;0.75;0.8,-10.8064;-7.65861;-5.47554;-3.94465;-2.86098;-2.09151;-1.54121;-1.14718;-0.862294;-0.655426;-0.502397;-0.390225;-0.305629;-0.241811;-0.193782;-0.157263;-0.129621,28.2404;11.6372;4.49031;1.5063;0.386;-0.00953729;-0.10217;-0.105423;-0.0810739;-0.0607746;-0.0452261;-0.0340553;-0.0286082;-0.0273135;-0.0296183;-0.0346322;-0.0396246,5.15744;3.13806;1.94344;1.26631;0.828561;0.567545;0.364978;0.273356;0.192421;0.124254;0.0892331;0.0683058;0.0538105;0.0416967;0.0287926;0.0241461;0.0208158,27.8227;13.9451;6.67859;3.00275;1.16426;0.280283;-0.0948315;-0.247659;-0.275734;-0.256566;-0.21962;-0.185546;-0.151664;-0.121439;-0.102981;-0.0887953;-0.0783684,32.0,0.8,500
