L,nup,delta,U,seed,n,eq_son_full,eq_son_vertex,chi_son_full,chi_son_vertex,eq_sext_full,eq_sext_vertex,chi_sext_full,chi_sext_vertex,eq_d_full,eq_d_vertex,chi_d_full,chi_d_vertex,eq_dxy_full,eq_dxy_vertex,chi_dxy_full,chi_dxy_vertex,taus,Ctau_son_vertex,Ctau_sext_vertex,Ctau_d_vertex,Ctau_dxy_vertex,beta_proj,tau_max,nw
8,32,0.1,0.0,1,1.0,32.0,1.3855583347321953e-14,15.387361395102891,3.5929037522919316e-14,127.2254114045151,-8.970602038971265e-13,21.80467013191009,2.294719969597736e-14,79.3846153846163,1.071143174158351e-12,55.19405594554528,1.0548895090778388e-13,145.66849632671727,1.1830536550405668e-12,79.0014830532092,3.2134295224750524e-14,0;0.05;0.1;0.15;0.2;0.25;0.3;0.35;0.4;0.45;0.5;0.55;0.6;0.65;0.7;0.75;0.8,1.38556e-14;2.66187e-13;1.91225e-13;2.5171e-13;-1.62803e-13;4.64517e-14;-2.39808e-14;1.03473e-13;9.32587e-14;5.16032e-14;-1.76836e-13;2.09344e-13;-2.04103e-13;-1.24345e-14;8.90843e-14;-3.32179e-14;4.53859e-14,-8.9706e-13;7.10187e-13;4.68958e-13;-2.8777e-13;1.5099e-13;-2.51177e-13;-3.98792e-14;-3.14415e-14;-3.88134e-14;-6.60805e-14;7.27418e-14;7.11653e-14;3.79252e-14;4.70513e-14;5.9841e-14;-7.12763e-15;2.18048e-14,1.07114e-12;-7.99361e-13;2.1565e-13;9.61364e-13;4.08917e-13;3.79075e-13;7.99716e-13;-2.58282e-13;-6.98819e-13;2.01439e-13;-5.80869e-13;4.1922e-13;7.10543e-15;-9.00613e-13;8.2423e-13;5.81224e-13;2.84217e-14,1.18305e-12;-4.53326e-13;2.44071e-13;3.61666e-13;6.44462e-13;-6.52278e-13;-5.05196e-13;-2.30571e-13;2.8777e-14;4.29523e-13;-4.95248e-13;3.94351e-13;2.09965e-13;2.63256e-13;-3.65574e-13;3.89022e-13;-4.23483e-13,32.0,0.8,500
8,32,0.1,0.0,2,1.0,32.0,1.3855583347321953e-14,15.387361395102891,3.5929037522919316e-14,127.2254114045151,-8.970602038971265e-13,21.80467013191009,2.294719969597736e-14,79.3846153846163,1.071143174158351e-12,55.19405594554528,1.0548895090778388e-13,145.66849632671727,1.1830536550405668e-12,79.0014830532092,3.2134295224750524e-14,0;0.05;0.1;0.15;0.2;0.25;0.3;0.35;0.4;0.45;0.5;0.55;0.6;0.65;0.7;0.75;0.8,1.38556e-14;2.66187e-13;1.91225e-13;2.5171e-13;-1.62803e-13;4.64517e-14;-2.39808e-14;1.03473e-13;9.32587e-14;5.16032e-14;-1.76836e-13;2.09344e-13;-2.04103e-13;-1.24345e-14;8.90843e-14;-3.32179e-14;4.53859e-14,-8.9706e-13;7.10187e-13;4.68958e-13;-2.8777e-13;1.5099e-13;-2.51177e-13;-3.98792e-14;-3.14415e-14;-3.88134e-14;-6.60805e-14;7.27418e-14;7.11653e-14;3.79252e-14;4.70513e-14;5.9841e-14;-7.12763e-15;2.18048e-14,1.07114e-12;-7.99361e-13;2.1565e-13;9.61364e-13;4.08917e-13;3.79075e-13;7.99716e-13;-2.58282e-13;-6.98819e-13;2.01439e-13;-5.80869e-13;4.1922e-13;7.10543e-15;-9.00613e-13;8.2423e-13;5.81224e-13;2.84217e-14,1.18305e-12;-4.53326e-13;2.44071e-13;3.61666e-13;6.44462e-13;-6.52278e-13;-5.05196e-13;-2.30571e-13;2.8777e-14;4.29523e-13;-4.95248e-13;3.94351e-13;2.09965e-13;2.63256e-13;-3.65574e-13;3.89022e-13;-4.23483e-13,32.0,0.8,500
8,32,0.1,0.0,3,1.0,32.0,1.3855583347321953e-14,15.387361395102891,3.5929037522919316e-14,127.2254114045151,-8.970602038971265e-13,21.80467013191009,2.294719969597736e-14,79.3846153846163,1.071143174158351e-12,55.19405594554528,1.0548895090778388e-13,145.66849632671727,1.1830536550405668e-12,79.0014830532092,3.2134295224750524e-14,0;0.05;0.1;0.15;0.2;0.25;0.3;0.35;0.4;0.45;0.5;0.55;0.6;0.65;0.7;0.75;0.8,1.38556e-14;2.66187e-13;1.91225e-13;2.5171e-13;-1.62803e-13;4.64517e-14;-2.39808e-14;1.03473e-13;9.32587e-14;5.16032e-14;-1.76836e-13;2.09344e-13;-2.04103e-13;-1.24345e-14;8.90843e-14;-3.32179e-14;4.53859e-14,-8.9706e-13;7.10187e-13;4.68958e-13;-2.8777e-13;1.5099e-13;-2.51177e-13;-3.98792e-14;-3.14415e-14;-3.88134e-14;-6.60805e-14;7.27418e-14;7.11653e-14;3.79252e-14;4.70513e-14;5.9841e-14;-7.12763e-15;2.18048e-14,1.07114e-12;-7.99361e-13;2.1565e-13;9.61364e-13;4.08917e-13;3.79075e-13;7.99716e-13;-2.58282e-13;-6.98819e-13;2.01439e-13;-5.80869e-13;4.1922e-13;7.10543e-15;-9.00613e-13;8.2423e-13;5.81224e-13;2.84217e-14,1.18305e-12;-4.53326e-13;2.44071e-13;3.61666e-13;6.44462e-13;-6.52278e-13;-5.05196e-13;-2.30571e-13;2.8777e-14;4.29523e-13;-4.95248e-13;3.94351e-13;2.09965e-13;2.63256e-13;-3.65574e-13;3.89022e-13;-4.23483e-13,32.0,0.8,500
8,32,0.1,0.0,4,1.0,32.0,1.3855583347321953e-14,15.387361395102891,3.5929037522919316e-14,127.2254114045151,-8.970602038971265e-13,21.80467013191009,2.294719969597736e-14,79.3846153846163,1.071143174158351e-12,55.19405594554528,1.0548895090778388e-13,145.66849632671727,1.1830536550405668e-12,79.0014830532092,3.2134295224750524e-14,0;0.05;0.1;0.15;0.2;0.25;0.3;0.35;0.4;0.45;0.5;0.55;0.6;0.65;0.7;0.75;0.8,1.38556e-14;2.66187e-13;1.91225e-13;2.5171e-13;-1.62803e-13;4.64517e-14;-2.39808e-14;1.03473e-13;9.32587e-14;5.16032e-14;-1.76836e-13;2.09344e-13;-2.04103e-13;-1.24345e-14;8.90843e-14;-3.32179e-14;4.53859e-14,-8.9706e-13;7.10187e-13;4.68958e-13;-2.8777e-13;1.5099e-13;-2.51177e-13;-3.98792e-14;-3.14415e-14;-3.88134e-14;-6.60805e-14;7.27418e-14;7.11653e-14;3.79252e-14;4.70513e-14;5.9841e-14;-7.12763e-15;2.18048e-14,1.07114e-12;-7.99361e-13;2.1565e-13;9.61364e-13;4.08917e-13;3.79075e-13;7.99716e-13;-2.58282e-13;-6.98819e-13;2.01439e-13;-5.80869e-13;4.1922e-13;7.10543e-15;-9.00613e-13;8.2423e-13;5.81224e-13;2.84217e-14,1.18305e-12;-4.53326e-13;2.44071e-13;3.61666e-13;6.44462e-13;-6.52278e-13;-5.05196e-13;-2.30571e-13;2.8777e-14;4.29523e-13;-4.95248e-13;3.94351e-13;2.09965e-13;2.63256e-13;-3.65574e-13;3.89022e-13;-4.23483e-13,32.0,0.8,500
8,32,0.1,0.0,5,1.0,32.0,1.3855583347321953e-14,15.387361395102891,3.5929037522919316e-14,127.2254114045151,-8.970602038971265e-13,21.80467013191009,2.294719969597736e-14,79.3846153846163,1.071143174158351e-12,55.19405594554528,1.0548895090778388e-13,145.66849632671727,1.1830536550405668e-12,79.0014830532092,3.2134295224750524e-14,0;0.05;0.1;0.15;0.2;0.25;0.3;0.35;0.4;0.45;0.5;0.55;0.6;0.65;0.7;0.75;0.8,1.38556e-14;2.66187e-13;1.91225e-13;2.5171e-13;-1.62803e-13;4.64517e-14;-2.39808e-14;1.03473e-13;9.32587e-14;5.16032e-14;-1.76836e-13;2.09344e-13;-2.04103e-13;-1.24345e-14;8.90843e-14;-3.32179e-14;4.53859e-14,-8.9706e-13;7.10187e-13;4.68958e-13;-2.8777e-13;1.5099e-13;-2.51177e-13;-3.98792e-14;-3.14415e-14;-3.88134e-14;-6.60805e-14;7.27418e-14;7.11653e-14;3.79252e-14;4.70513e-14;5.9841e-14;-7.12763e-15;2.18048e-14,1.07114e-12;-7.99361e-13;2.1565e-13;9.61364e-13;4.08917e-13;3.79075e-13;7.99716e-13;-2.58282e-13;-6.98819e-13;2.01439e-13;-5.80869e-13;4.1922e-13;7.10543e-15;-9.00613e-13;8.2423e-13;5.81224e-13;2.84217e-14,1.18305e-12;-4.53326e-13;2.44071e-13;3.61666e-13;6.44462e-13;-6.52278e-13;-5.05196e-13;-2.30571e-13;2.8777e-14;4.29523e-13;-4.95248e-13;3.94351e-13;2.09965e-13;2.63256e-13;-3.65574e-13;3.89022e-13;-4.23483e-13,32.0,0.8,500
8,32,0.1,0.0,6,1.0,32.0,1.3855583347321953e-14,15.387361395102891,3.5929037522919316e-14,127.2254114045151,-8.970602038971265e-13,21.80467013191009,2.294719969597736e-14,79.3846153846163,1.071143174158351e-12,55.19405594554528,1.0548895090778388e-13,145.66849632671727,1.1830536550405668e-12,79.0014830532092,3.2134295224750524e-14,0;0.05;0.1;0.15;0.2;0.25;0.3;0.35;0.4;0.45;0.5;0.55;0.6;0.65;0.7;0.75;0.8,1.38556e-14;2.66187e-13;1.91225e-13;2.5171e-13;-1.62803e-13;4.64517e-14;-2.39808e-14;1.03473e-13;9.32587e-14;5.16032e-14;-1.76836e-13;2.09344e-13;-2.04103e-13;-1.24345e-14;8.90843e-14;-3.32179e-14;4.53859e-14,-8.9706e-13;7.10187e-13;4.68958e-13;-2.8777e-13;1.5099e-13;-2.51177e-13;-3.98792e-14;-3.14415e-14;-3.88134e-14;-6.60805e-14;7.27418e-14;7.11653e-14;3.79252e-14;4.70513e-14;5.9841e-14;-7.12763e-15;2.18048e-14,1.07114e-12;-7.99361e-13;2.1565e-13;9.61364e-13;4.08917e-13;3.79075e-13;7.99716e-13;-2.58282e-13;-6.98819e-13;2.01439e-13;-5.80869e-13;4.1922e-13;7.10543e-15;-9.00613e-13;8.2423e-13;5.81224e-13;2.84217e-14,1.18305e-12;-4.53326e-13;2.44071e-13;3.61666e-13;6.44462e-13;-6.52278e-13;-5.05196e-13;-2.30571e-13;2.8777e-14;4.29523e-13;-4.95248e-13;3.94351e-13;2.09965e-13;2.63256e-13;-3.65574e-13;3.89022e-13;-4.23483e-13,32.0,0.8,500
8,32,0.1,2.0,1,1.0,21.94672432905777,-8.666560933525405,4.191917568340015,-3.4315589385778393,142.81067977199484,17.97040879029799,16.804994623904772,1.3794765183240065,78.32605843788127,1.8727429222431575,26.116735030022436,0.5813602715204119,143.18456345316164,2.450867467982909,39.837693181331574,0.19751348653214276,0;0.05;0.1;0.15;0.2;0.25;0.3;0.35;0.4;0.45;0.5;0.55;0.6;0.65;0.7;0.75;0.8,-8.66656;-7.79128;-6.99763;-6.28095;-5.65138;-5.10146;-4.61589;-4.18393;-3.80211;-3.46601;-3.16865;-2.89883;-2.65851;-2.4395;-2.23942;-2.05681;-1.89106,17.9704;9.97907;5.45142;2.88945;1.4561;0.66179;0.23134;-0.00406911;-0.128939;-0.187367;-0.217261;-0.234152;-0.250214;-0.267397;-0.28738;-0.313801;-0.348527,1.87274;1.5128;1.28216;1.109;0.936533;0.838558;0.747735;0.671338;0.614464;0.546398;0.467845;0.42087;0.382786;0.352748;0.331683;0.324588;0.302659,2.45087;1.8113;1.3146;0.925838;0.58641;0.332343;0.14998;0.0237568;-0.0840505;-0.163818;-0.236533;-0.292813;-0.318119;-0.354591;-0.379585;-0.39055;-0.39866,32.0,0.8,500
8,32,0.1,2.0,2,1.0,21.923825111208487,-8.685378696502095,4.1846915131432585,-3.4344344436931054,142.8534492777642,18.004239194029203,16.80274391101559,1.3806284955439982,78.37788113932903,2.038863279798737,26.13806706683807,0.6770522815842638,143.28885926493672,2.1245032805079034,39.96619260116931,0.12131984669819329,0;0.05;0.1;0.15;0.2;0.25;0.3;0.35;0.4;0.45;0.5;0.55;0.6;0.65;0.7;0.75;0.8,-8.68538;-7.81068;-7.00505;-6.28909;-5.65997;-5.10278;-4.61448;-4.18311;-3.80571;-3.47046;-3.17077;-2.90112;-2.65717;-2.43549;-2.2371;-2.05723;-1.89159,18.0042;10.0006;5.44929;2.88328;1.45078;0.663134;0.228716;-0.00524277;-0.124013;-0.188982;-0.21758;-0.236079;-0.250976;-0.265814;-0.286844;-0.314826;-0.350056,2.03886;1.64502;1.38154;1.22157;1.08512;0.959066;0.892873;0.835867;0.725674;0.632814;0.566673;0.546983;0.513155;0.455507;0.440808;0.415289;0.407285,2.1245;1.59154;1.12405;0.734792;0.433881;0.212853;0.053505;-0.0554904;-0.166099;-0.252693;-0.31336;-0.331759;-0.348407;-0.353915;-0.372164;-0.389242;-0.406697,32.0,0.8,500
8,32,0.1,2.0,3,1.0,21.934407855006757,-8.681287416563597,4.18841563336077,-3.433390727224881,142.8487485722842,17.99639876853076,16.80320804693561,1.3844425623612833,78.61066870523804,2.087963932812582,26.186982424081936,0.6639243851880624,143.34774998441827,2.314671950474782,39.95987995909547,0.17370604388217475,0;0.05;0.1;0.15;0.2;0.25;0.3;0.35;0.4;0.45;0.5;0.55;0.6;0.65;0.7;0.75;0.8,-8.68129;-7.8012;-6.9995;-6.28626;-5.65331;-5.10128;-4.61422;-4.18333;-3.80237;-3.46915;-3.16867;-2.90133;-2.65845;-2.43887;-2.24108;-2.06083;-1.89461,17.9964;10.0007;5.46289;2.90097;1.46639;0.669987;0.23242;-8.19263e-05;-0.120247;-0.18697;-0.215462;-0.233415;-0.247567;-0.264211;-0.2864;-0.314544;-0.347606,2.08796;1.71462;1.44368;1.21062;1.05379;0.930809;0.813763;0.745802;0.686068;0.610102;0.554159;0.50377;0.474862;0.453653;0.433423;0.408575;0.393605,2.31467;1.6792;1.22969;0.903578;0.623847;0.379336;0.134253;0.00620019;-0.106642;-0.205152;-0.283111;-0.308875;-0.352056;-0.368674;-0.392169;-0.4097;-0.425874,32.0,0.8,500
8,32,0.1,2.0,4,1.0,21.926498049875942,-8.67627997096152,4.188985029982019,-3.4315164151504076,142.7849506230177,17.976787518929367,16.795798318282664,1.382074379498993,78.45910328532867,2.0390401377577567,26.106365080055742,0.6138505798907048,143.2525482405888,2.2314805008725536,39.98074891667882,0.1553347746424954,0;0.05;0.1;0.15;0.2;0.25;0.3;0.35;0.4;0.45;0.5;0.55;0.6;0.65;0.7;0.75;0.8,-8.67628;-7.79274;-6.9942;-6.28592;-5.65213;-5.09507;-4.6096;-4.18233;-3.80157;-3.46767;-3.1672;-2.90038;-2.65751;-2.43777;-2.24045;-2.06039;-1.89448,17.9768;9.98082;5.44156;2.89509;1.466;0.672686;0.235915;-0.000127358;-0.121701;-0.183645;-0.21707;-0.232219;-0.247487;-0.264034;-0.285822;-0.313453;-0.346841,2.03904;1.65938;1.37529;1.14405;0.988897;0.869314;0.773901;0.6767;0.621277;0.568981;0.501978;0.453593;0.419333;0.375239;0.35443;0.318582;0.313092,2.23148;1.65478;1.1849;0.772821;0.476775;0.293426;0.109023;-0.0163659;-0.107051;-0.207166;-0.268339;-0.305743;-0.335829;-0.346013;-0.357709;-0.371261;-0.370593,32.0,0.8,500
8,32,0.1,2.0,5,1.0,21.922303434436703,-8.67602930538602,4.185035138685547,-3.4351972376489384,142.76463503920203,17.968657118684526,16.79514605189548,1.381632738324001,78.52604688550932,2.0917194024083483,26.16122369079151,0.6640645255098849,143.02030370826736,2.285061092619575,39.84249837007369,0.17654773248583125,0;0.05;0.1;0.15;0.2;0.25;0.3;0.35;0.4;0.45;0.5;0.55;0.6;0.65;0.7;0.75;0.8,-8.67603;-7.79464;-6.99854;-6.28314;-5.65553;-5.10138;-4.61328;-4.18757;-3.8055;-3.47482;-3.17608;-2.90634;-2.6633;-2.44541;-2.24619;-2.06509;-1.89825,17.9687;9.97342;5.4431;2.88621;1.46284;0.669651;0.235893;0.00249647;-0.121185;-0.180638;-0.211821;-0.230793;-0.245819;-0.262742;-0.284845;-0.313308;-0.348248,2.09172;1.72085;1.47365;1.22613;1.08889;0.980849;0.850927;0.764159;0.672007;0.610209;0.544239;0.486383;0.447829;0.417979;0.397502;0.375765;0.356118,2.28506;1.67852;1.23306;0.844295;0.589163;0.347353;0.13839;-0.0022174;-0.105105;-0.194087;-0.243827;-0.291185;-0.321063;-0.350611;-0.36155;-0.379577;-0.386269,32.0,0.8,500
8,32,0.1,2.0,6,1.0,21.923185123197044,-8.67360208685972,4.188361397652869,-3.4286586579303786,142.77503962167506,17.972688527943212,16.79531166289451,1.3818364885466659,78.24360118425508,1.8934685919767493,26.04610215106332,0.5943831915528638,143.46974664587242,2.3864579549803144,40.054626839704184,0.23975198161218433,0;0.05;0.1;0.15;0.2;0.25;0.3;0.35;0.4;0.45;0.5;0.55;0.6;0.65;0.7;0.75;0.8,-8.6736;-7.7923;-6.99199;-6.28305;-5.64845;-5.094;-4.60609;-4.1767;-3.79811;-3.46352;-3.1629;-2.89495;-2.65208;-2.43443;-2.2355;-2.05657;-1.89144,17.9727;9.98018;5.45202;2.89963;1.46618;0.664991;0.234375;0.00220396;-0.119948;-0.182808;-0.21533;-0.235907;-0.247516;-0.268123;-0.288232;-0.316281;-0.350094,1.89347;1.56626;1.30097;1.08283;0.932802;0.826685;0.734698;0.654216;0.597573;0.514915;0.488604;0.456314;0.434742;0.407819;0.393111;0.370608;0.357574,2.38646;1.81733;1.28882;0.910114;0.6102;0.390928;0.214346;0.0836615;-0.0192026;-0.12364;-0.158919;-0.201465;-0.237749;-0.258978;-0.270346;-0.296273;-0.294029,32.0,0.8,500
8,32,0.1,3.0,1,1.0,18.550810909029877,-10.313401265944833,2.5849335270189977,-2.8076558198605475,148.5007510403213,26.623188483227942,15.019417620393948,1.9203740449342697,78.40256185167479,5.283036736472043,18.62557323364708,1.0474614676148657,135.72068631202805,3.02472310586516,28.351644736077287,0.2612675825677625,0;0.05;0.1;0.15;0.2;0.25;0.3;0.35;0.4;0.45;0.5;0.55;0.6;0.65;0.7;0.75;0.8,-10.3134;-8.52967;-7.09956;-5.9264;-4.97233;-4.19921;-3.56026;-3.0284;-2.59241;-2.22907;-1.92597;-1.66888;-1.4553;-1.27235;-1.11698;-0.984178;-0.870851,26.6232;13.8798;7.09752;3.50717;1.61985;0.655214;0.166027;-0.0651463;-0.168101;-0.208821;-0.216001;-0.211697;-0.210458;-0.210461;-0.211802;-0.214792;-0.224839,5.28304;3.93036;3.02592;2.34511;1.83212;1.45563;1.15478;0.933012;0.745351;0.623611;0.510664;0.417183;0.367393;0.318752;0.267474;0.255729;0.249246,3.02472;2.18749;1.53004;1.0724;0.691783;0.32479;0.147458;-0.0414693;-0.139573;-0.19404;-0.245936;-0.264362;-0.273217;-0.301889;-0.305931;-0.318274;-0.312553,32.0,0.8,500
8,32,0.1,3.0,2,1.0,18.56010515971151,-10.325657272415725,2.5883874045850055,-2.812609774044506,148.5655984650843,26.66043694919683,15.025149155156337,1.924524148906248,78.05758696310377,5.019093123003589,18.67230044023703,1.0947405303353317,135.6638187951253,2.8203722691952486,28.285705290206646,0.16199429246518213,0;0.05;0.1;0.15;0.2;0.25;0.3;0.35;0.4;0.45;0.5;0.55;0.6;0.65;0.7;0.75;0.8,-10.3257;-8.55421;-7.10592;-5.92998;-4.97779;-4.20023;-3.56357;-3.03859;-2.60048;-2.23657;-1.93158;-1.67687;-1.45868;-1.27372;-1.11843;-0.986027;-0.873441,26.6604;13.9093;7.10479;3.50183;1.61839;0.654037;0.165146;-0.0635797;-0.160782;-0.20292;-0.218117;-0.215544;-0.206524;-0.204064;-0.202995;-0.208865;-0.219657,5.01909;3.86083;2.97826;2.38112;1.89136;1.53858;1.23487;1.04979;0.849373;0.70553;0.597534;0.529115;0.479226;0.421888;0.377285;0.338216;0.304549,2.82037;2.00689;1.33112;0.863036;0.502224;0.209537;0.0459871;-0.151745;-0.287677;-0.334224;-0.357445;-0.381917;-0.370604;-0.364787;-0.349883;-0.356667;-0.348293,32.0,0.8,500
8,32,0.1,3.0,3,1.0,18.53476956967348,-10.304837749960537,2.58267495294706,-2.799739365090507,148.49666641695651,26.678528343453046,15.008923351986407,1.929128225192295,78.40643068192267,5.304344823436158,18.64805580576708,1.1125356475981278,135.33259520821508,2.667890571091847,28.18338870089488,0.12780408361597478,0;0.05;0.1;0.15;0.2;0.25;0.3;0.35;0.4;0.45;0.5;0.55;0.6;0.65;0.7;0.75;0.8,-10.3048;-8.51763;-7.07326;-5.91261;-4.95434;-4.17763;-3.54506;-3.01645;-2.58199;-2.2219;-1.92244;-1.66618;-1.45217;-1.26868;-1.11406;-0.982876;-0.870177,26.6785;13.9329;7.14157;3.53376;1.63006;0.665493;0.172733;-0.0633782;-0.171569;-0.212897;-0.218663;-0.21633;-0.211893;-0.206396;-0.206229;-0.21464;-0.222387,5.30434;4.06915;3.13005;2.48626;1.95448;1.55271;1.24281;0.996331;0.845922;0.730685;0.58673;0.50982;0.40463;0.342141;0.302861;0.303253;0.281406,2.66789;1.86404;1.3106;0.781454;0.394041;0.107592;-0.0855977;-0.195456;-0.262795;-0.34232;-0.365944;-0.359869;-0.361665;-0.367292;-0.366656;-0.352775;-0.350451,32.0,0.8,500
8,32,0.1,3.0,4,1.0,18.53801250431084,-10.292100256253772,2.5840521328659967,-2.800406369379437,148.43637425039316,26.629028561754343,15.009114262793736,1.928637781623351,78.14845586791746,5.031617715033695,18.69681680654721,1.1277901423579664,135.1471897815056,2.6124613928592035,28.227987009159357,0.1781421373636214,0;0.05;0.1;0.15;0.2;0.25;0.3;0.35;0.4;0.45;0.5;0.55;0.6;0.65;0.7;0.75;0.8,-10.2921;-8.51343;-7.06611;-5.904;-4.9537;-4.1795;-3.54552;-3.02345;-2.58725;-2.22797;-1.92614;-1.67135;-1.45579;-1.27123;-1.11606;-0.984658;-0.871823,26.629;13.9185;7.14187;3.54592;1.63674;0.669035;0.169095;-0.064824;-0.168095;-0.2054;-0.216491;-0.219367;-0.212703;-0.206425;-0.20614;-0.212646;-0.221546,5.03162;3.7977;3.06015;2.45762;1.9482;1.60143;1.33844;1.09847;0.917389;0.788835;0.630762;0.558905;0.482262;0.447686;0.390209;0.355383;0.333101,2.61246;1.87585;1.23426;0.884932;0.52475;0.277342;0.0584052;-0.0921954;-0.202513;-0.251124;-0.306191;-0.326391;-0.331206;-0.323045;-0.31078;-0.303883;-0.303184,32.0,0.8,500
8,32,0.1,3.0,5,1.0,18.58315602102652,-10.314202026475096,2.5934063026688867,-2.8115026512503607,148.54208158196118,26.652385997805474,15.016016723078295,1.91873369899284,78.42039629816082,5.248676432892915,18.682197647936697,1.0879944542454694,135.638232455108,2.659819859623087,28.273992271032114,0.12206770897043273,0;0.05;0.1;0.15;0.2;0.25;0.3;0.35;0.4;0.45;0.5;0.55;0.6;0.65;0.7;0.75;0.8,-10.3142;-8.53116;-7.09738;-5.92204;-4.97705;-4.19886;-3.5598;-3.03857;-2.59912;-2.23872;-1.9353;-1.67862;-1.46259;-1.28079;-1.12383;-0.99065;-0.876951,26.6524;13.8875;7.08145;3.48588;1.62183;0.647834;0.168071;-0.0703507;-0.169911;-0.208546;-0.220776;-0.214731;-0.210856;-0.210927;-0.211109;-0.215006;-0.223829,5.24868;4.02146;3.13055;2.42226;1.91528;1.56297;1.25596;0.995967;0.807818;0.661039;0.545723;0.449953;0.343661;0.332872;0.298869;0.266281;0.24977,2.65982;1.83239;1.24219;0.775511;0.493067;0.25989;-0.00793309;-0.199312;-0.307135;-0.353746;-0.383352;-0.406895;-0.439582;-0.42642;-0.406366;-0.375402;-0.370916,32.0,0.8,500
8,32,0.1,3.0,6,1.0,18.53031083602568,-10.297668080126064,2.5807323574982384,-2.799499107952234,148.50256421695997,26.63442472837395,15.017823704121756,1.9238899364429927,78.4614736793695,5.390908653684018,18.59744015313305,1.0647889792577985,135.54911709999627,2.98630173211604,28.262371998452863,0.2225820544954563,0;0.05;0.1;0.15;0.2;0.25;0.3;0.35;0.4;0.45;0.5;0.55;0.6;0.65;0.7;0.75;0.8,-10.2977;-8.52018;-7.07416;-5.90305;-4.95406;-4.1788;-3.53976;-3.01701;-2.58436;-2.22355;-1.92189;-1.67008;-1.45238;-1.26972;-1.11383;-0.982707;-0.871235,26.6344;13.9015;7.08746;3.49745;1.63097;0.661611;0.16869;-0.0601531;-0.158835;-0.201052;-0.208389;-0.211652;-0.205957;-0.206931;-0.207929;-0.214758;-0.222951,5.39091;4.05262;3.11694;2.40166;1.8076;1.41977;1.13409;0.919563;0.746296;0.620925;0.53029;0.461123;0.375572;0.322548;0.296448;0.266451;0.256879,2.9863;2.1165;1.48145;0.935907;0.591652;0.334758;0.0883422;-0.0912485;-0.216642;-0.264679;-0.306649;-0.290191;-0.315423;-0.30715;-0.318741;-0.322574;-0.313648,32.0,0.8,500
8,32,0.2,0.0,1,1.0,32.0,-2.1938006966593093e-14,14.795698727977982,-5.591083152012288e-15,125.16565246788375,-7.105427357601002e-14,21.038020357909808,-2.2102319974237618e-14,77.79310344827547,-4.050093593832571e-13,54.52277944325242,-9.026557279412375e-14,144.0,-3.552713678800501e-14,77.05047889857902,9.986678151108209e-14,0;0.05;0.1;0.15;0.2;0.25;0.3;0.35;0.4;0.45;0.5;0.55;0.6;0.65;0.7;0.75;0.8,-2.1938e-14;-2.78533e-13;3.0953e-13;1.21325e-13;2.03215e-13;-9.14824e-14;-1.81188e-14;2.92211e-14;-2.65565e-14;-3.86358e-14;5.93747e-14;-9.17488e-14;-1.2057e-13;9.07274e-14;-1.20348e-13;-8.64198e-14;-8.36664e-14,-7.10543e-14;-1.09068e-12;3.12639e-14;4.21707e-13;4.03233e-14;-2.82974e-13;2.89635e-13;5.95968e-14;1.11866e-13;-4.53859e-14;2.55795e-14;7.46514e-14;-8.46212e-14;-2.90878e-15;1.26787e-14;1.89626e-14;2.75779e-14,-4.05009e-13;-7.0699e-13;-2.6148e-13;-9.9476e-15;3.91509e-13;-8.18545e-13;8.91021e-13;-1.44595e-13;-2.33058e-13;-4.59011e-13;5.83356e-13;-3.06599e-13;-4.02522e-13;-1.10134e-13;-2.09965e-13;9.52127e-14;1.97886e-13,-3.55271e-14;-6.46594e-13;1.5298e-12;2.23466e-13;-4.28102e-13;6.50502e-13;7.35412e-14;-2.31992e-13;7.23333e-13;-4.32721e-13;4.9738e-15;-4.12115e-13;4.08917e-13;6.95977e-13;-1.23634e-13;-3.05533e-14;2.06057e-14,32.0,0.8,500
8,32,0.2,0.0,2,1.0,32.0,-2.1938006966593093e-14,14.795698727977982,-5.591083152012288e-15,125.16565246788375,-7.105427357601002e-14,21.038020357909808,-2.2102319974237618e-14,77.79310344827547,-4.050093593832571e-13,54.52277944325242,-9.026557279412375e-14,144.0,-3.552713678800501e-14,77.05047889857902,9.986678151108209e-14,0;0.05;0.1;0.15;0.2;0.25;0.3;0.35;0.4;0.45;0.5;0.55;0.6;0.65;0.7;0.75;0.8,-2.1938e-14;-2.78533e-13;3.0953e-13;1.21325e-13;2.03215e-13;-9.14824e-14;-1.81188e-14;2.92211e-14;-2.65565e-14;-3.86358e-14;5.93747e-14;-9.17488e-14;-1.2057e-13;9.07274e-14;-1.20348e-13;-8.64198e-14;-8.36664e-14,-7.10543e-14;-1.09068e-12;3.12639e-14;4.21707e-13;4.03233e-14;-2.82974e-13;2.89635e-13;5.95968e-14;1.11866e-13;-4.53859e-14;2.55795e-14;7.46514e-14;-8.46212e-14;-2.90878e-15;1.26787e-14;1.89626e-14;2.75779e-14,-4.05009e-13;-7.0699e-13;-2.6148e-13;-9.9476e-15;3.91509e-13;-8.18545e-13;8.91021e-13;-1.44595e-13;-2.33058e-13;-4.59011e-13;5.83356e-13;-3.06599e-13;-4.02522e-13;-1.10134e-13;-2.09965e-13;9.52127e-14;1.97886e-13,-3.55271e-14;-6.46594e-13;1.5298e-12;2.23466e-13;-4.28102e-13;6.50502e-13;7.35412e-14;-2.31992e-13;7.23333e-13;-4.32721e-13;4.9738e-15;-4.12115e-13;4.08917e-13;6.95977e-13;-1.23634e-13;-3.05533e-14;2.06057e-14,32.0,0.8,500
8,32,0.2,0.0,3,1.0,32.0,-2.1938006966593093e-14,14.795698727977982,-5.591083152012288e-15,125.16565246788375,-7.105427357601002e-14,21.038020357909808,-2.2102319974237618e-14,77.79310344827547,-4.050093593832571e-13,54.52277944325242,-9.026557279412375e-14,144.0,-3.552713678800501e-14,77.05047889857902,9.986678151108209e-14,0;0.05;0.1;0.15;0.2;0.25;0.3;0.35;0.4;0.45;0.5;0.55;0.6;0.65;0.7;0.75;0.8,-2.1938e-14;-2.78533e-13;3.0953e-13;1.21325e-13;2.03215e-13;-9.14824e-14;-1.81188e-14;2.92211e-14;-2.65565e-14;-3.86358e-14;5.93747e-14;-9.17488e-14;-1.2057e-13;9.07274e-14;-1.20348e-13;-8.64198e-14;-8.36664e-14,-7.10543e-14;-1.09068e-12;3.12639e-14;4.21707e-13;4.03233e-14;-2.82974e-13;2.89635e-13;5.95968e-14;1.11866e-13;-4.53859e-14;2.55795e-14;7.46514e-14;-8.46212e-14;-2.90878e-15;1.26787e-14;1.89626e-14;2.75779e-14,-4.05009e-13;-7.0699e-13;-2.6148e-13;-9.9476e-15;3.91509e-13;-8.18545e-13;8.91021e-13;-1.44595e-13;-2.33058e-13;-4.59011e-13;5.83356e-13;-3.06599e-13;-4.02522e-13;-1.10134e-13;-2.09965e-13;9.52127e-14;1.97886e-13,-3.55271e-14;-6.46594e-13;1.5298e-12;2.23466e-13;-4.28102e-13;6.50502e-13;7.35412e-14;-2.31992e-13;7.23333e-13;-4.32721e-13;4.9738e-15;-4.12115e-13;4.08917e-13;6.95977e-13;-1.23634e-13;-3.05533e-14;2.06057e-14,32.0,0.8,500
8,32,0.2,0.0,4,1.0,32.0,-2.1938006966593093e-14,14.795698727977982,-5.591083152012288e-15,125.16565246788375,-7.105427357601002e-14,21.038020357909808,-2.2102319974237618e-14,77.79310344827547,-4.050093593832571e-13,54.52277944325242,-9.026557279412375e-14,144.0,-3.552713678800501e-14,77.05047889857902,9.986678151108209e-14,0;0.05;0.1;0.15;0.2;0.25;0.3;0.35;0.4;0.45;0.5;0.55;0.6;0.65;0.7;0.75;0.8,-2.1938e-14;-2.78533e-13;3.0953e-13;1.21325e-13;2.03215e-13;-9.14824e-14;-1.81188e-14;2.92211e-14;-2.65565e-14;-3.86358e-14;5.93747e-14;-9.17488e-14;-1.2057e-13;9.07274e-14;-1.20348e-13;-8.64198e-14;-8.36664e-14,-7.10543e-14;-1.09068e-12;3.12639e-14;4.21707e-13;4.03233e-14;-2.82974e-13;2.89635e-13;5.95968e-14;1.11866e-13;-4.53859e-14;2.55795e-14;7.46514e-14;-8.46212e-14;-2.90878e-15;1.26787e-14;1.89626e-14;2.75779e-14,-4.05009e-13;-7.0699e-13;-2.6148e-13;-9.9476e-15;3.91509e-13;-8.18545e-13;8.91021e-13;-1.44595e-13;-2.33058e-13;-4.59011e-13;5.83356e-13;-3.06599e-13;-4.02522e-13;-1.10134e-13;-2.09965e-13;9.52127e-14;1.97886e-13,-3.55271e-14;-6.46594e-13;1.5298e-12;2.23466e-13;-4.28102e-13;6.50502e-13;7.35412e-14;-2.31992e-13;7.23333e-13;-4.32721e-13;4.9738e-15;-4.12115e-13;4.08917e-13;6.95977e-13;-1.23634e-13;-3.05533e-14;2.06057e-14,32.0,0.8,500
8,32,0.2,0.0,5,1.0,32.0,-2.1938006966593093e-14,14.795698727977982,-5.591083152012288e-15,125.16565246788375,-7.105427357601002e-14,21.038020357909808,-2.2102319974237618e-14,77.79310344827547,-4.050093593832571e-13,54.52277944325242,-9.026557279412375e-14,144.0,-3.552713678800501e-14,77.05047889857902,9.986678151108209e-14,0;0.05;0.1;0.15;0.2;0.25;0.3;0.35;0.4;0.45;0.5;0.55;0.6;0.65;0.7;0.75;0.8,-2.1938e-14;-2.78533e-13;3.0953e-13;1.21325e-13;2.03215e-13;-9.14824e-14;-1.81188e-14;2.92211e-14;-2.65565e-14;-3.86358e-14;5.93747e-14;-9.17488e-14;-1.2057e-13;9.07274e-14;-1.20348e-13;-8.64198e-14;-8.36664e-14,-7.10543e-14;-1.09068e-12;3.12639e-14;4.21707e-13;4.03233e-14;-2.82974e-13;2.89635e-13;5.95968e-14;1.11866e-13;-4.53859e-14;2.55795e-14;7.46514e-14;-8.46212e-14;-2.90878e-15;1.26787e-14;1.89626e-14;2.75779e-14,-4.05009e-13;-7.0699e-13;-2.6148e-13;-9.9476e-15;3.91509e-13;-8.18545e-13;8.91021e-13;-1.44595e-13;-2.33058e-13;-4.59011e-13;5.83356e-13;-3.06599e-13;-4.02522e-13;-1.10134e-13;-2.09965e-13;9.52127e-14;1.97886e-13,-3.55271e-14;-6.46594e-13;1.5298e-12;2.23466e-13;-4.28102e-13;6.50502e-13;7.35412e-14;-2.31992e-13;7.23333e-13;-4.32721e-13;4.9738e-15;-4.12115e-13;4.08917e-13;6.95977e-13;-1.23634e-13;-3.05533e-14;2.06057e-14,32.0,0.8,500
8,32,0.2,0.0,6,1.0,32.0,-2.1938006966593093e-14,14.795698727977982,-5.591083152012288e-15,125.16565246788375,-7.105427357601002e-14,21.038020357909808,-2.2102319974237618e-14,77.79310344827547,-4.050093593832571e-13,54.52277944325242,-9.026557279412375e-14,144.0,-3.552713678800501e-14,77.05047889857902,9.986678151108209e-14,0;0.05;0.1;0.15;0.2;0.25;0.3;0.35;0.4;0.45;0.5;0.55;0.6;0.65;0.7;0.75;0.8,-2.1938e-14;-2.78533e-13;3.0953e-13;1.21325e-13;2.03215e-13;-9.14824e-14;-1.81188e-14;2.92211e-14;-2.65565e-14;-3.86358e-14;5.93747e-14;-9.17488e-14;-1.2057e-13;9.07274e-14;-1.20348e-13;-8.64198e-14;-8.36664e-14,-7.10543e-14;-1.09068e-12;3.12639e-14;4.21707e-13;4.03233e-14;-2.82974e-13;2.89635e-13;5.95968e-14;1.11866e-13;-4.53859e-14;2.55795e-14;7.46514e-14;-8.46212e-14;-2.90878e-15;1.26787e-14;1.89626e-14;2.75779e-14,-4.05009e-13;-7.0699e-13;-2.6148e-13;-9.9476e-15;3.91509e-13;-8.18545e-13;8.91021e-13;-1.44595e-13;-2.33058e-13;-4.59011e-13;5.83356e-13;-3.06599e-13;-4.02522e-13;-1.10134e-13;-2.09965e-13;9.52127e-14;1.97886e-13,-3.55271e-14;-6.46594e-13;1.5298e-12;2.23466e-13;-4.28102e-13;6.50502e-13;7.35412e-14;-2.31992e-13;7.23333e-13;-4.32721e-13;4.9738e-15;-4.12115e-13;4.08917e-13;6.95977e-13;-1.23634e-13;-3.05533e-14;2.06057e-14,32.0,0.8,500
8,32,0.2,2.0,1,1.0,22.673088806368888,-8.223063410177822,4.307902783678104,-3.2188924177851987,140.27796579652858,17.109613090679098,16.3239135297639,1.2844398326819455,76.98845844281848,1.189018791841357,25.943166026143878,0.34482077130223393,143.42570542946837,5.155506410508143,36.89514779172025,-1.134184746836531,0;0.05;0.1;0.15;0.2;0.25;0.3;0.35;0.4;0.45;0.5;0.55;0.6;0.65;0.7;0.75;0.8,-8.22306;-7.39209;-6.6293;-5.93813;-5.32974;-4.7964;-4.32767;-3.91279;-3.54737;-3.2263;-2.94161;-2.68546;-2.45827;-2.25205;-2.06575;-1.89415;-1.73846,17.1096;9.38342;5.04708;2.6217;1.28046;0.554102;0.168646;-0.0338016;-0.133404;-0.176128;-0.197325;-0.209763;-0.220695;-0.237587;-0.260414;-0.288747;-0.327112,1.18902;0.941834;0.792889;0.664554;0.549097;0.458224;0.410055;0.367644;0.329733;0.301266;0.270332;0.249494;0.238247;0.215348;0.206099;0.202425;0.209328,5.15551;3.10557;1.56206;0.370258;-0.551731;-1.24431;-1.75304;-2.16676;-2.47298;-2.6758;-2.82029;-2.92426;-2.99771;-3.03518;-3.06293;-3.06209;-3.06453,32.0,0.8,500
8,32,0.2,2.0,2,1.0,22.648123210495392,-8.221738563402248,4.298551726885758,-3.2160481139141623,140.20772787906705,17.11523356855028,16.31299006634124,1.285519514416204,77.12786628982954,1.330091573458862,25.955430614083628,0.3786510131295629,143.23845554983927,5.076809450499357,36.82618007061186,-1.1442958219993424,0;0.05;0.1;0.15;0.2;0.25;0.3;0.35;0.4;0.45;0.5;0.55;0.6;0.65;0.7;0.75;0.8,-8.22174;-7.39466;-6.6226;-5.93632;-5.32655;-4.79159;-4.32224;-3.90786;-3.54539;-3.22399;-2.93906;-2.68332;-2.45264;-2.24544;-2.05908;-1.89106;-1.73659,17.1152;9.39121;5.04906;2.62305;1.28048;0.555998;0.166121;-0.0323403;-0.130203;-0.175278;-0.19636;-0.208094;-0.220909;-0.237279;-0.259113;-0.289801;-0.327531,1.33009;1.04169;0.858866;0.728426;0.614234;0.536648;0.465366;0.404466;0.356858;0.312774;0.2975;0.275225;0.2518;0.230489;0.219783;0.210784;0.206124,5.07681;3.08931;1.52924;0.334585;-0.563796;-1.26772;-1.77077;-2.1591;-2.45642;-2.66315;-2.81425;-2.92213;-2.99367;-3.04324;-3.07628;-3.09629;-3.10125,32.0,0.8,500
8,32,0.2,2.0,3,1.0,22.645179671108227,-8.21732985672803,4.297712167682902,-3.211677449330719,140.2187846913045,17.117044837235337,16.312540021074437,1.2876640209411068,77.08678082176579,1.3308494574675844,25.953801002321306,0.38699321414029636,143.1827341160069,5.13280568369438,36.729911450977156,-1.1693075765305665,0;0.05;0.1;0.15;0.2;0.25;0.3;0.35;0.4;0.45;0.5;0.55;0.6;0.65;0.7;0.75;0.8,-8.21733;-7.38161;-6.61527;-5.9305;-5.31846;-4.78461;-4.31682;-3.90078;-3.53753;-3.21705;-2.93187;-2.67737;-2.4498;-2.24487;-2.05955;-1.89103;-1.73553,17.117;9.39265;5.05088;2.62424;1.28986;0.560771;0.172938;-0.0241792;-0.124261;-0.17499;-0.194493;-0.207269;-0.219317;-0.236652;-0.259516;-0.291107;-0.329594,1.33085;1.05677;0.87433;0.703996;0.601285;0.522766;0.476177;0.437477;0.39355;0.352133;0.322981;0.286529;0.254434;0.235414;0.224983;0.22201;0.219215,5.13281;3.09263;1.53392;0.336417;-0.586335;-1.28365;-1.80316;-2.18674;-2.48916;-2.70259;-2.87441;-2.96399;-3.0376;-3.0995;-3.13926;-3.16258;-3.17313,32.0,0.8,500
8,32,0.2,2.0,4,1.0,22.64668340293884,-8.228261207904092,4.295187597736377,-3.221890527920634,140.18860533888943,17.10354474793781,16.308679639856972,1.2848141734179779,77.11035124290485,1.2983271036543105,25.96991207087037,0.3842357090391587,143.52281841233292,5.363006915194722,37.00079829187188,-0.9541605744298731,0;0.05;0.1;0.15;0.2;0.25;0.3;0.35;0.4;0.45;0.5;0.55;0.6;0.65;0.7;0.75;0.8,-8.22826;-7.39133;-6.62369;-5.94105;-5.33271;-4.79387;-4.32417;-3.91336;-3.54976;-3.23024;-2.94576;-2.69439;-2.46723;-2.25953;-2.07448;-1.90632;-1.75157,17.1035;9.37108;5.03515;2.61981;1.29092;0.564819;0.176204;-0.0276721;-0.125504;-0.174893;-0.198335;-0.211135;-0.22194;-0.237959;-0.260818;-0.291109;-0.328209,1.29833;1.02479;0.846662;0.708417;0.623148;0.547757;0.454406;0.41093;0.390915;0.35558;0.313152;0.28201;0.268373;0.255771;0.230622;0.215024;0.21599,5.36301;3.3521;1.77285;0.58084;-0.324764;-1.00586;-1.53801;-1.92329;-2.20719;-2.42703;-2.5895;-2.69251;-2.77504;-2.81524;-2.84787;-2.88008;-2.88825,32.0,0.8,500
8,32,0.2,2.0,5,1.0,22.644015542738963,-8.210016396757101,4.295523311529099,-3.210700773346544,140.17829579520588,17.086864279551143,16.309701648536837,1.2835300556307043,77.08911789435454,1.2696752787135612,25.932725445870823,0.3631040034133005,143.2710186362464,5.278665508192423,36.834898276404125,-1.0421589902852841,0;0.05;0.1;0.15;0.2;0.25;0.3;0.35;0.4;0.45;0.5;0.55;0.6;0.65;0.7;0.75;0.8,-8.21002;-7.37467;-6.61331;-5.92198;-5.31619;-4.7788;-4.3119;-3.90192;-3.53506;-3.21877;-2.93383;-2.67945;-2.45154;-2.24775;-2.06177;-1.89324;-1.73765,17.0869;9.36178;5.03198;2.61873;1.29247;0.557715;0.171422;-0.0298273;-0.128313;-0.174938;-0.196079;-0.207826;-0.221007;-0.237469;-0.25886;-0.288793;-0.327633,1.26968;1.02132;0.794501;0.687044;0.592642;0.504673;0.448989;0.395839;0.351124;0.320458;0.284494;0.25092;0.232333;0.222429;0.213385;0.204839;0.204508,5.27867;3.21571;1.6841;0.503168;-0.381653;-1.09974;-1.65198;-2.05659;-2.34699;-2.54717;-2.69617;-2.8099;-2.89832;-2.94399;-2.97063;-2.99007;-2.98457,32.0,0.8,500
8,32,0.2,2.0,6,1.0,22.636468621493833,-8.219161191348388,4.294767518512923,-3.21281642732973,140.19379469818628,17.10984710372044,16.311519002306472,1.2875209038072595,77.08492938758367,1.3259343791498588,25.93904489816297,0.38680633288676464,143.22171176668434,5.171414151343972,36.80349574239267,-1.1122597921365838,0;0.05;0.1;0.15;0.2;0.25;0.3;0.35;0.4;0.45;0.5;0.55;0.6;0.65;0.7;0.75;0.8,-8.21916;-7.38345;-6.61546;-5.9334;-5.31941;-4.78255;-4.3134;-3.90144;-3.53813;-3.2205;-2.93572;-2.6813;-2.45126;-2.24671;-2.06064;-1.89365;-1.73944,17.1098;9.37761;5.04008;2.62594;1.2891;0.560248;0.180327;-0.0201799;-0.119847;-0.169342;-0.192451;-0.206865;-0.218244;-0.236489;-0.259691;-0.290301;-0.328804,1.32593;1.06003;0.866478;0.721972;0.614311;0.534591;0.46219;0.402585;0.366151;0.319636;0.289064;0.28281;0.279459;0.262237;0.248129;0.242536;0.241957,5.17141;3.13161;1.57737;0.40523;-0.501666;-1.18617;-1.71126;-2.1157;-2.41394;-2.63212;-2.7918;-2.92396;-2.98339;-3.02025;-3.056;-3.07117;-3.07539,32.0,0.8,500
8,32,0.2,3.0,1,1.0,19.355357943865503,-10.122371816098235,2.698560462785367,-2.776721014824015,145.9518265732278,25.372129856183456,14.656967215263421,1.7833918524939079,77.07019917342824,3.513545991606077,18.73256048700166,0.6602056358474759,140.96573522537727,10.135974550391792,27.46112974608517,0.42408147661529744,0;0.05;0.1;0.15;0.2;0.25;0.3;0.35;0.4;0.45;0.5;0.55;0.6;0.65;0.7;0.75;0.8,-10.1224;-8.41383;-7.0183;-5.86579;-4.92655;-4.15776;-3.52973;-3.00644;-2.57407;-2.21151;-1.90887;-1.65431;-1.4414;-1.25968;-1.10395;-0.971481;-0.859118,25.3721;13.0621;6.54578;3.15248;1.40231;0.523221;0.0938058;-0.104241;-0.183501;-0.208972;-0.210513;-0.205264;-0.196672;-0.193405;-0.191229;-0.198541;-0.211278,3.51355;2.47385;1.87713;1.43389;1.082;0.873827;0.722161;0.585982;0.473077;0.417774;0.339168;0.275537;0.241381;0.212573;0.18591;0.168162;0.169827,10.136;6.76607;4.29768;2.54443;1.2605;0.337816;-0.284176;-0.69736;-0.99065;-1.16836;-1.29136;-1.35167;-1.37536;-1.3632;-1.33199;-1.30387;-1.26974,32.0,0.8,500
8,32,0.2,3.0,2,1.0,19.367545698947783,-10.130428962906853,2.7019246854582235,-2.7789057555997188,145.9408797533288,25.35964574918302,14.663956360600102,1.7864771825758126,76.76225395121688,3.2357495987563993,18.734768281786714,0.653115449415685,140.8243848954548,9.875394524631968,27.312609351714492,0.25230448642597375,0;0.05;0.1;0.15;0.2;0.25;0.3;0.35;0.4;0.45;0.5;0.55;0.6;0.65;0.7;0.75;0.8,-10.1304;-8.42995;-7.02427;-5.87423;-4.93182;-4.16517;-3.5308;-3.00628;-2.57353;-2.21455;-1.91269;-1.65624;-1.43821;-1.25434;-1.10106;-0.970386;-0.858745,25.3596;13.0706;6.57667;3.15431;1.40293;0.53081;0.0957219;-0.10303;-0.181618;-0.2085;-0.20807;-0.199008;-0.193728;-0.1904;-0.19219;-0.199851;-0.209926,3.23575;2.37594;1.83079;1.41563;1.11104;0.877758;0.710621;0.585782;0.479602;0.408064;0.373265;0.319471;0.257741;0.231718;0.202321;0.178306;0.172781,9.87539;6.46954;4.0263;2.28233;1.01935;0.114262;-0.487233;-0.953202;-1.21869;-1.3897;-1.47005;-1.52418;-1.54407;-1.52447;-1.50187;-1.47486;-1.43012,32.0,0.8,500
8,32,0.2,3.0,3,1.0,19.32516030624375,-10.116589593889028,2.6921947928151595,-2.7707153283457355,145.8391863447859,25.343157819088283,14.642354507173177,1.7870371466102462,77.15720491733855,3.7178750029417933,18.77848393455124,0.7678062851539863,140.8538562378803,10.070010861370225,27.451045259242665,0.4260993297574188,0;0.05;0.1;0.15;0.2;0.25;0.3;0.35;0.4;0.45;0.5;0.55;0.6;0.65;0.7;0.75;0.8,-10.1166;-8.40066;-6.99709;-5.85627;-4.91653;-4.15083;-3.51949;-2.99511;-2.56191;-2.20422;-1.90391;-1.65124;-1.4379;-1.25603;-1.10278;-0.971807;-0.860437,25.3432;13.056;6.58814;3.16584;1.41247;0.52546;0.0963587;-0.101338;-0.183488;-0.210042;-0.206239;-0.198045;-0.189204;-0.189006;-0.191474;-0.20039;-0.211735,3.71788;2.74477;2.06899;1.6169;1.30825;1.07186;0.895095;0.744282;0.607205;0.492705;0.427976;0.356734;0.311529;0.270294;0.247272;0.225931;0.214803,10.07;6.67613;4.31261;2.57816;1.28729;0.371049;-0.274542;-0.710975;-0.988417;-1.16756;-1.29201;-1.32416;-1.36583;-1.35134;-1.33345;-1.30102;-1.25792,32.0,0.8,500
8,32,0.2,3.0,4,1.0,19.352871082219448,-10.089240536141563,2.702117519982592,-2.7638146034309825,145.88616908149797,25.28880516397718,14.654861620735002,1.7785125378992135,76.99946040035792,3.429012801571079,18.763118385780103,0.6965590620835314,140.31684558054826,9.784539557324692,27.182752201979874,0.28347547661793737,0;0.05;0.1;0.15;0.2;0.25;0.3;0.35;0.4;0.45;0.5;0.55;0.6;0.65;0.7;0.75;0.8,-10.0892;-8.37683;-6.97742;-5.84469;-4.9116;-4.14482;-3.51487;-2.98978;-2.55634;-2.19657;-1.89828;-1.64585;-1.4331;-1.25069;-1.09716;-0.966432;-0.854463,25.2888;13.0142;6.53706;3.14898;1.40508;0.515708;0.0876358;-0.0994868;-0.175274;-0.20391;-0.208299;-0.200303;-0.193757;-0.192425;-0.196544;-0.20458;-0.216442,3.42901;2.53032;1.94906;1.52847;1.24625;0.959446;0.755862;0.607931;0.48615;0.440698;0.356796;0.323923;0.269976;0.251608;0.220703;0.19031;0.198351,9.78454;6.4323;4.01216;2.27977;1.04094;0.191302;-0.47396;-0.868063;-1.15584;-1.30527;-1.39787;-1.46791;-1.47473;-1.46899;-1.44618;-1.42805;-1.38473,32.0,0.8,500
8,32,0.2,3.0,5,1.0,19.341512256735303,-10.109922766370758,2.6964735631075785,-2.772551717840192,145.81432665417324,25.287102945618145,14.639967789787377,1.77657556699505,76.38540353739035,3.170994805768828,18.580286599499832,0.5998623800395755,140.90335177546677,9.985512915664916,27.471408404511077,0.3943341375409323,0;0.05;0.1;0.15;0.2;0.25;0.3;0.35;0.4;0.45;0.5;0.55;0.6;0.65;0.7;0.75;0.8,-10.1099;-8.39407;-7.00764;-5.85515;-4.91989;-4.14916;-3.52372;-3.00253;-2.56852;-2.21203;-1.90896;-1.65399;-1.43905;-1.2583;-1.10325;-0.970765;-0.858098,25.2871;13.0044;6.51643;3.14179;1.40006;0.514204;0.09063;-0.103247;-0.179319;-0.203768;-0.203251;-0.201016;-0.194252;-0.192825;-0.19476;-0.201011;-0.212267,3.17099;2.34922;1.69447;1.33748;1.01145;0.80808;0.646768;0.520397;0.409153;0.341003;0.296903;0.240172;0.194063;0.163099;0.171789;0.150278;0.154849,9.98551;6.52263;4.14251;2.42186;1.1933;0.297802;-0.352027;-0.713197;-0.98597;-1.16762;-1.27965;-1.32602;-1.3486;-1.33343;-1.30966;-1.26536;-1.20528,32.0,0.8,500
8,32,0.2,3.0,6,1.0,19.324818254087656,-10.135550220194107,2.6921288459761246,-2.770774528378529,146.03140467671795,25.458058509892844,14.656886784397773,1.7905960106017915,76.87683278120197,3.4649347846589817,18.709007350860702,0.6886354725939126,140.79598296962374,10.060038290957241,27.289382673555895,0.34793156721122476,0;0.05;0.1;0.15;0.2;0.25;0.3;0.35;0.4;0.45;0.5;0.55;0.6;0.65;0.7;0.75;0.8,-10.1356;-8.41631;-6.99864;-5.85729;-4.91287;-4.14856;-3.51744;-2.99535;-2.56101;-2.20292;-1.90197;-1.65039;-1.43395;-1.25352;-1.09918;-0.969232;-0.85813,25.4581;13.0981;6.577;3.16421;1.41128;0.517122;0.0940638;-0.104957;-0.176308;-0.207774;-0.209703;-0.201167;-0.192856;-0.190357;-0.190661;-0.198932;-0.212335,3.46493;2.54933;1.93183;1.44059;1.17373;0.921234;0.793623;0.642974;0.513484;0.407205;0.359224;0.306449;0.26636;0.23245;0.206465;0.198759;0.193068,10.06;6.70804;4.24315;2.42725;1.17426;0.279164;-0.352137;-0.804909;-1.12761;-1.31765;-1.42158;-1.47037;-1.46993;-1.45308;-1.42595;-1.38654;-1.34698,32.0,0.8,500
8,32,0.3,0.0,1,1.0,32.0,9.29034627006331e-14,14.688341110953337,1.562083795647595e-14,122.3867154517299,-5.81579229219642e-13,20.06562155569243,-3.524347480521328e-14,84.81138780457809,-9.769962616701378e-14,65.86007015793041,-6.911804462106375e-14,134.58146264255632,1.9895196601282804e-14,60.53734504035401,-9.443112958251732e-14,0;0.05;0.1;0.15;0.2;0.25;0.3;0.35;0.4;0.45;0.5;0.55;0.6;0.65;0.7;0.75;0.8,9.29035e-14;2.09432e-13;-1.95932e-13;3.73923e-14;2.62812e-13;1.98686e-13;-9.5568e-14;-4.81393e-14;-1.28786e-14;9.25482e-14;-1.17684e-14;8.72191e-14;1.12887e-13;-1.15907e-13;-7.60281e-14;-9.66338e-14;-1.64313e-13,-5.81579e-13;2.40874e-13;-2.8848e-13;-5.54223e-14;-1.84386e-13;-1.45661e-13;1.11644e-13;8.81961e-14;-8.81517e-14;4.40536e-14;-1.03495e-13;-1.85185e-14;-3.53939e-14;5.57998e-14;3.31513e-14;-4.62519e-14;-4.40759e-14,-9.76996e-14;-3.06954e-13;2.62546e-13;-3.69837e-13;-1.37845e-13;-2.25597e-13;-2.28084e-13;1.22924e-13;1.93268e-13;-1.35714e-13;-4.1922e-14;-1.66622e-13;-1.0516e-13;-1.66267e-13;-6.57252e-14;4.72511e-14;-1.95399e-14,1.98952e-14;-1.10489e-13;-6.46949e-13;-8.19966e-13;6.51568e-13;-5.60973e-13;4.28457e-13;-3.8618e-13;-4.75531e-13;-1.43174e-13;1.54543e-14;-1.31095e-13;-1.33227e-14;2.89901e-13;8.79297e-14;3.55271e-15;-1.75504e-13,32.0,0.8,500
8,32,0.3,0.0,2,1.0,32.0,9.29034627006331e-14,14.688341110953337,1.562083795647595e-14,122.3867154517299,-5.81579229219642e-13,20.06562155569243,-3.524347480521328e-14,84.81138780457809,-9.769962616701378e-14,65.86007015793041,-6.911804462106375e-14,134.58146264255632,1.9895196601282804e-14,60.53734504035401,-9.443112958251732e-14,0;0.05;0.1;0.15;0.2;0.25;0.3;0.35;0.4;0.45;0.5;0.55;0.6;0.65;0.7;0.75;0.8,9.29035e-14;2.09432e-13;-1.95932e-13;3.73923e-14;2.62812e-13;1.98686e-13;-9.5568e-14;-4.81393e-14;-1.28786e-14;9.25482e-14;-1.17684e-14;8.72191e-14;1.12887e-13;-1.15907e-13;-7.60281e-14;-9.66338e-14;-1.64313e-13,-5.81579e-13;2.40874e-13;-2.8848e-13;-5.54223e-14;-1.84386e-13;-1.45661e-13;1.11644e-13;8.81961e-14;-8.81517e-14;4.40536e-14;-1.03495e-13;-1.85185e-14;-3.53939e-14;5.57998e-14;3.31513e-14;-4.62519e-14;-4.40759e-14,-9.76996e-14;-3.06954e-13;2.62546e-13;-3.69837e-13;-1.37845e-13;-2.25597e-13;-2.28084e-13;1.22924e-13;1.93268e-13;-1.35714e-13;-4.1922e-14;-1.66622e-13;-1.0516e-13;-1.66267e-13;-6.57252e-14;4.72511e-14;-1.95399e-14,1.98952e-14;-1.10489e-13;-6.46949e-13;-8.19966e-13;6.51568e-13;-5.60973e-13;4.28457e-13;-3.8618e-13;-4.75531e-13;-1.43174e-13;1.54543e-14;-1.31095e-13;-1.33227e-14;2.89901e-13;8.79297e-14;3.55271e-15;-1.75504e-13,32.0,0.8,500
8,32,0.3,0.0,3,1.0,32.0,9.29034627006331e-14,14.688341110953337,1.562083795647595e-14,122.3867154517299,-5.81579229219642e-13,20.06562155569243,-3.524347480521328e-14,84.81138780457809,-9.769962616701378e-14,65.86007015793041,-6.911804462106375e-14,134.58146264255632,1.9895196601282804e-14,60.53734504035401,-9.443112958251732e-14,0;0.05;0.1;0.15;0.2;0.25;0.3;0.35;0.4;0.45;0.5;0.55;0.6;0.65;0.7;0.75;0.8,9.29035e-14;2.09432e-13;-1.95932e-13;3.73923e-14;2.62812e-13;1.98686e-13;-9.5568e-14;-4.81393e-14;-1.28786e-14;9.25482e-14;-1.17684e-14;8.72191e-14;1.12887e-13;-1.15907e-13;-7.60281e-14;-9.66338e-14;-1.64313e-13,-5.81579e-13;2.40874e-13;-2.8848e-13;-5.54223e-14;-1.84386e-13;-1.45661e-13;1.11644e-13;8.81961e-14;-8.81517e-14;4.40536e-14;-1.03495e-13;-1.85185e-14;-3.53939e-14;5.57998e-14;3.31513e-14;-4.62519e-14;-4.40759e-14,-9.76996e-14;-3.06954e-13;2.62546e-13;-3.69837e-13;-1.37845e-13;-2.25597e-13;-2.28084e-13;1.22924e-13;1.93268e-13;-1.35714e-13;-4.1922e-14;-1.66622e-13;-1.0516e-13;-1.66267e-13;-6.57252e-14;4.72511e-14;-1.95399e-14,1.98952e-14;-1.10489e-13;-6.46949e-13;-8.19966e-13;6.51568e-13;-5.60973e-13;4.28457e-13;-3.8618e-13;-4.75531e-13;-1.43174e-13;1.54543e-14;-1.31095e-13;-1.33227e-14;2.89901e-13;8.79297e-14;3.55271e-15;-1.75504e-13,32.0,0.8,500
8,32,0.3,0.0,4,1.0,32.0,9.29034627006331e-14,14.688341110953337,1.562083795647595e-14,122.3867154517299,-5.81579229219642e-13,20.06562155569243,-3.524347480521328e-14,84.81138780457809,-9.769962616701378e-14,65.86007015793041,-6.911804462106375e-14,134.58146264255632,1.9895196601282804e-14,60.53734504035401,-9.443112958251732e-14,0;0.05;0.1;0.15;0.2;0.25;0.3;0.35;0.4;0.45;0.5;0.55;0.6;0.65;0.7;0.75;0.8,9.29035e-14;2.09432e-13;-1.95932e-13;3.73923e-14;2.62812e-13;1.98686e-13;-9.5568e-14;-4.81393e-14;-1.28786e-14;9.25482e-14;-1.17684e-14;8.72191e-14;1.12887e-13;-1.15907e-13;-7.60281e-14;-9.66338e-14;-1.64313e-13,-5.81579e-13;2.40874e-13;-2.8848e-13;-5.54223e-14;-1.84386e-13;-1.45661e-13;1.11644e-13;8.81961e-14;-8.81517e-14;4.40536e-14;-1.03495e-13;-1.85185e-14;-3.53939e-14;5.57998e-14;3.31513e-14;-4.62519e-14;-4.40759e-14,-9.76996e-14;-3.06954e-13;2.62546e-13;-3.69837e-13;-1.37845e-13;-2.25597e-13;-2.28084e-13;1.22924e-13;1.93268e-13;-1.35714e-13;-4.1922e-14;-1.66622e-13;-1.0516e-13;-1.66267e-13;-6.57252e-14;4.72511e-14;-1.95399e-14,1.98952e-14;-1.10489e-13;-6.46949e-13;-8.19966e-13;6.51568e-13;-5.60973e-13;4.28457e-13;-3.8618e-13;-4.75531e-13;-1.43174e-13;1.54543e-14;-1.31095e-13;-1.33227e-14;2.89901e-13;8.79297e-14;3.55271e-15;-1.75504e-13,32.0,0.8,500
8,32,0.3,0.0,5,1.0,32.0,9.29034627006331e-14,14.688341110953337,1.562083795647595e-14,122.3867154517299,-5.81579229219642e-13,20.06562155569243,-3.524347480521328e-14,84.81138780457809,-9.769962616701378e-14,65.86007015793041,-6.911804462106375e-14,134.58146264255632,1.9895196601282804e-14,60.53734504035401,-9.443112958251732e-14,0;0.05;0.1;0.15;0.2;0.25;0.3;0.35;0.4;0.45;0.5;0.55;0.6;0.65;0.7;0.75;0.8,9.29035e-14;2.09432e-13;-1.95932e-13;3.73923e-14;2.62812e-13;1.98686e-13;-9.5568e-14;-4.81393e-14;-1.28786e-14;9.25482e-14;-1.17684e-14;8.72191e-14;1.12887e-13;-1.15907e-13;-7.60281e-14;-9.66338e-14;-1.64313e-13,-5.81579e-13;2.40874e-13;-2.8848e-13;-5.54223e-14;-1.84386e-13;-1.45661e-13;1.11644e-13;8.81961e-14;-8.81517e-14;4.40536e-14;-1.03495e-13;-1.85185e-14;-3.53939e-14;5.57998e-14;3.31513e-14;-4.62519e-14;-4.40759e-14,-9.76996e-14;-3.06954e-13;2.62546e-13;-3.69837e-13;-1.37845e-13;-2.25597e-13;-2.28084e-13;1.22924e-13;1.93268e-13;-1.35714e-13;-4.1922e-14;-1.66622e-13;-1.0516e-13;-1.66267e-13;-6.57252e-14;4.72511e-14;-1.95399e-14,1.98952e-14;-1.10489e-13;-6.46949e-13;-8.19966e-13;6.51568e-13;-5.60973e-13;4.28457e-13;-3.8618e-13;-4.75531e-13;-1.43174e-13;1.54543e-14;-1.31095e-13;-1.33227e-14;2.89901e-13;8.79297e-14;3.55271e-15;-1.75504e-13,32.0,0.8,500
8,32,0.3,0.0,6,1.0,32.0,9.29034627006331e-14,14.688341110953337,1.562083795647595e-14,122.3867154517299,-5.81579229219642e-13,20.06562155569243,-3.524347480521328e-14,84.81138780457809,-9.769962616701378e-14,65.86007015793041,-6.911804462106375e-14,134.58146264255632,1.9895196601282804e-14,60.53734504035401,-9.443112958251732e-14,0;0.05;0.1;0.15;0.2;0.25;0.3;0.35;0.4;0.45;0.5;0.55;0.6;0.65;0.7;0.75;0.8,9.29035e-14;2.09432e-13;-1.95932e-13;3.73923e-14;2.62812e-13;1.98686e-13;-9.5568e-14;-4.81393e-14;-1.28786e-14;9.25482e-14;-1.17684e-14;8.72191e-14;1.12887e-13;-1.15907e-13;-7.60281e-14;-9.66338e-14;-1.64313e-13,-5.81579e-13;2.40874e-13;-2.8848e-13;-5.54223e-14;-1.84386e-13;-1.45661e-13;1.11644e-13;8.81961e-14;-8.81517e-14;4.40536e-14;-1.03495e-13;-1.85185e-14;-3.53939e-14;5.57998e-14;3.31513e-14;-4.62519e-14;-4.40759e-14,-9.76996e-14;-3.06954e-13;2.62546e-13;-3.69837e-13;-1.37845e-13;-2.25597e-13;-2.28084e-13;1.22924e-13;1.93268e-13;-1.35714e-13;-4.1922e-14;-1.66622e-13;-1.0516e-13;-1.66267e-13;-6.57252e-14;4.72511e-14;-1.95399e-14,1.98952e-14;-1.10489e-13;-6.46949e-13;-8.19966e-13;6.51568e-13;-5.60973e-13;4.28457e-13;-3.8618e-13;-4.75531e-13;-1.43174e-13;1.54543e-14;-1.31095e-13;-1.33227e-14;2.89901e-13;8.79297e-14;3.55271e-15;-1.75504e-13,32.0,0.8,500
8,32,0.3,2.0,1,1.0,23.020413191374605,-7.930771006875425,4.195266930665332,-3.249002880822849,136.62537685814553,15.986104854932245,15.673195135784606,1.1861374108271185,83.44052175337148,1.2630768892733495,30.406802367345097,0.4161878809308047,137.6417082803411,8.54206568802417,29.970493826817176,-0.3868955506250245,0;0.05;0.1;0.15;0.2;0.25;0.3;0.35;0.4;0.45;0.5;0.55;0.6;0.65;0.7;0.75;0.8,-7.93077;-7.14854;-6.42565;-5.76928;-5.19516;-4.69892;-4.26569;-3.88991;-3.56705;-3.29021;-3.05242;-2.8421;-2.66357;-2.50725;-2.37026;-2.25273;-2.15183,15.9861;8.63112;4.5701;2.32256;1.11025;0.467634;0.14315;-0.0150528;-0.0920865;-0.124416;-0.13688;-0.152571;-0.16675;-0.188494;-0.22016;-0.261169;-0.31507,1.26308;1.03721;0.87249;0.764106;0.677168;0.597849;0.511824;0.46117;0.42407;0.388211;0.334245;0.323881;0.305747;0.306485;0.279668;0.276148;0.263885,8.54207;5.59439;3.43421;1.82155;0.627626;-0.262987;-0.89545;-1.37769;-1.75471;-2.02733;-2.26353;-2.446;-2.57974;-2.68825;-2.7893;-2.90931;-2.98483,32.0,0.8,500
8,32,0.3,2.0,2,1.0,23.009656552113512,-7.944936357920502,4.193732584819233,-3.2493085409938254,136.65326174655848,16.034280826194557,15.671696976235392,1.1896254035659175,83.17851348951784,1.4128192024217412,30.135679138060006,0.42380052509933364,138.30682049365927,8.628527415451552,30.65535416389963,-0.2581267786301443,0;0.05;0.1;0.15;0.2;0.25;0.3;0.35;0.4;0.45;0.5;0.55;0.6;0.65;0.7;0.75;0.8,-7.94494;-7.16337;-6.4307;-5.77598;-5.20105;-4.69969;-4.26781;-3.89028;-3.56705;-3.28865;-3.04871;-2.83939;-2.65623;-2.50022;-2.36417;-2.24709;-2.14661,16.0343;8.67107;4.57354;2.32681;1.11459;0.47083;0.137459;-0.0175267;-0.0919839;-0.124421;-0.141423;-0.151737;-0.165284;-0.187557;-0.21806;-0.26305;-0.315783,1.41282;1.1712;0.980042;0.840847;0.707542;0.603224;0.507878;0.458563;0.412774;0.367775;0.34213;0.301709;0.278491;0.227863;0.221399;0.229428;0.23748,8.62853;5.70309;3.55205;1.96212;0.770694;-0.0960725;-0.750869;-1.22957;-1.59369;-1.872;-2.10318;-2.25337;-2.38624;-2.48903;-2.60952;-2.68746;-2.78749,32.0,0.8,500
8,32,0.3,2.0,3,1.0,23.023323983152665,-7.936610515293646,4.198296317278489,-3.2473460806452543,136.64635331516777,16.02112729077736,15.672189184482551,1.1940729687173608,83.41246845152942,1.3442384208254232,30.317726451888454,0.44773019840564077,138.00888994411633,8.586112761073366,30.354717425038285,-0.2841999047436484,0;0.05;0.1;0.15;0.2;0.25;0.3;0.35;0.4;0.45;0.5;0.55;0.6;0.65;0.7;0.75;0.8,-7.93661;-7.1488;-6.42015;-5.77433;-5.19492;-4.69759;-4.26442;-3.88867;-3.56731;-3.28902;-3.04798;-2.83846;-2.65668;-2.50087;-2.36689;-2.24885;-2.14739,16.0211;8.6584;4.57813;2.33835;1.12736;0.48437;0.154292;-0.00687639;-0.0840607;-0.120897;-0.13265;-0.145014;-0.161701;-0.182997;-0.21603;-0.260621;-0.318295,1.34424;1.1096;0.92946;0.7849;0.679255;0.631888;0.593147;0.517919;0.4829;0.440549;0.396821;0.351915;0.331908;0.300458;0.296402;0.293847;0.283039,8.58611;5.67965;3.53306;1.94305;0.758705;-0.137093;-0.774621;-1.27508;-1.635;-1.93578;-2.13779;-2.29214;-2.41574;-2.53493;-2.62232;-2.71458;-2.83291,32.0,0.8,500
8,32,0.3,2.0,4,1.0,23.020053484325917,-7.925120409820428,4.200520319659331,-3.229706146975495,136.6942706328096,16.025234358526426,15.675534669796917,1.1928466267237494,83.64289826595879,1.3845385297194213,30.45900413868302,0.45647124964060737,138.0166252688469,8.528454223483987,30.32974714782954,-0.3873115664909075,0;0.05;0.1;0.15;0.2;0.25;0.3;0.35;0.4;0.45;0.5;0.55;0.6;0.65;0.7;0.75;0.8,-7.92512;-7.13304;-6.40344;-5.75327;-5.1745;-4.67334;-4.24162;-3.87114;-3.54636;-3.26784;-3.02572;-2.81566;-2.63416;-2.47336;-2.3375;-2.2213;-2.11855,16.0252;8.65671;4.57224;2.33174;1.12901;0.488713;0.158915;-0.00797362;-0.0856967;-0.118692;-0.135407;-0.14924;-0.162912;-0.187611;-0.220467;-0.265738;-0.318552,1.38454;1.11196;0.933659;0.784352;0.705144;0.641572;0.565961;0.487526;0.470105;0.423781;0.406679;0.370355;0.35327;0.354964;0.334654;0.324355;0.33764,8.52845;5.62181;3.46228;1.84085;0.652169;-0.226583;-0.908877;-1.41533;-1.79341;-2.08827;-2.27695;-2.44035;-2.57857;-2.68552;-2.77423;-2.89869;-3.00158,32.0,0.8,500
8,32,0.3,2.0,5,1.0,23.039941873387598,-7.903160098944983,4.216702576247734,-3.212330452887163,136.65580400697337,16.01112432742317,15.679854243654598,1.1961126430003588,83.5804655913637,1.3422233500410214,30.453890031149626,0.4585341617122392,138.15169302141015,8.610523712012085,30.449927131588954,-0.31302817716495357,0;0.05;0.1;0.15;0.2;0.25;0.3;0.35;0.4;0.45;0.5;0.55;0.6;0.65;0.7;0.75;0.8,-7.90316;-7.11434;-6.38832;-5.73128;-5.15821;-4.65763;-4.22166;-3.84789;-3.52273;-3.24482;-3.00257;-2.79135;-2.60836;-2.45199;-2.31437;-2.19458;-2.08994,16.0111;8.65722;4.58211;2.34806;1.1415;0.489472;0.162499;-0.00139249;-0.0754978;-0.110847;-0.130842;-0.142579;-0.158567;-0.184715;-0.221414;-0.27205;-0.332532,1.34222;1.12629;0.948315;0.832757;0.723639;0.635552;0.57766;0.514435;0.483579;0.444044;0.397376;0.376866;0.361848;0.332059;0.301154;0.292303;0.30339,8.61052;5.67414;3.52634;1.90963;0.744198;-0.133964;-0.811976;-1.30803;-1.68019;-1.94774;-2.1773;-2.33628;-2.46287;-2.59245;-2.70699;-2.80954;-2.90561,32.0,0.8,500
8,32,0.3,2.0,6,1.0,23.020583429300885,-7.938508937167493,4.2006898491485805,-3.2390033015452673,136.65876959670913,16.009800401554287,15.67658571684326,1.194523840933314,83.53237961247994,1.4323255264053827,30.415430804219874,0.4940739722456655,138.13391500981348,8.481779643134246,30.444297737450437,-0.4378511615111993,0;0.05;0.1;0.15;0.2;0.25;0.3;0.35;0.4;0.45;0.5;0.55;0.6;0.65;0.7;0.75;0.8,-7.93851;-7.15211;-6.41628;-5.76662;-5.18705;-4.68606;-4.25299;-3.87861;-3.55536;-3.27653;-3.03562;-2.82721;-2.64381;-2.48593;-2.34896;-2.23259;-2.13016,16.0098;8.65333;4.57934;2.33912;1.12863;0.480426;0.15656;-0.0059166;-0.0806481;-0.112653;-0.130937;-0.143115;-0.158171;-0.182441;-0.216509;-0.262735;-0.31742,1.43233;1.17826;1.00025;0.863704;0.769929;0.669038;0.622835;0.585754;0.526205;0.447055;0.436916;0.432079;0.413559;0.363277;0.347795;0.34475;0.327823,8.48178;5.56328;3.38884;1.83006;0.617455;-0.287175;-0.949568;-1.45978;-1.83561;-2.11463;-2.34774;-2.52309;-2.65491;-2.79857;-2.88387;-2.99698;-3.09124,32.0,0.8,500
8,32,0.3,3.0,1,1.0,19.93064835607518,-9.780387607886547,2.721532952657983,-2.7072248713368063,142.3101766628712,23.750618961541306,14.148513243486756,1.6500337021749398,82.27824065937729,3.4472747258928065,21.518776656642153,0.8201955717930481,138.23012273543992,13.941915300658746,23.504571000358254,0.8044187185033295,0;0.05;0.1;0.15;0.2;0.25;0.3;0.35;0.4;0.45;0.5;0.55;0.6;0.65;0.7;0.75;0.8,-9.78039;-8.1353;-6.78106;-5.67081;-4.7639;-4.02314;-3.41315;-2.91268;-2.49946;-2.15995;-1.87718;-1.64234;-1.44899;-1.28481;-1.14526;-1.02969;-0.933155,23.7506;12.035;5.95635;2.81229;1.21607;0.442936;0.0775456;-0.0760764;-0.136496;-0.148013;-0.149759;-0.148431;-0.147705;-0.155859;-0.16475;-0.182537;-0.210357,3.44727;2.56134;2.07938;1.65054;1.34599;1.15429;0.977225;0.835122;0.732295;0.620738;0.55616;0.491596;0.431632;0.38081;0.358946;0.337346;0.333748,13.9419;9.10111;5.7559;3.42282;1.77279;0.666838;-0.0560279;-0.58332;-0.918229;-1.14229;-1.27552;-1.33933;-1.37305;-1.40976;-1.41103;-1.39764;-1.39169,32.0,0.8,500
8,32,0.3,3.0,2,1.0,19.908055741394612,-9.796223976641306,2.71779134013718,-2.7135990811797783,142.2101786464375,23.769067486183122,14.139343977304838,1.6524517747301382,82.08635380503505,3.3145578647764653,21.414447741101117,0.7383143184928322,138.41981735715353,14.312372893606573,23.589475346269175,0.9612709040138192,0;0.05;0.1;0.15;0.2;0.25;0.3;0.35;0.4;0.45;0.5;0.55;0.6;0.65;0.7;0.75;0.8,-9.79622;-8.15396;-6.79686;-5.68544;-4.772;-4.02655;-3.4197;-2.91725;-2.50771;-2.16909;-1.88606;-1.65011;-1.45217;-1.28658;-1.14755;-1.0339;-0.937852,23.7691;12.0725;5.96267;2.80758;1.21127;0.440109;0.0766097;-0.0736122;-0.134481;-0.145815;-0.144668;-0.145995;-0.144432;-0.153101;-0.167949;-0.189919;-0.212602,3.31456;2.56065;1.98348;1.5566;1.24686;0.995681;0.820915;0.693808;0.601912;0.511558;0.466326;0.396763;0.349294;0.292097;0.268378;0.244067;0.241236,14.3124;9.45721;6.01594;3.62456;1.93796;0.831898;0.0771374;-0.431491;-0.789917;-0.981955;-1.10703;-1.17154;-1.20194;-1.20344;-1.19703;-1.19523;-1.19181,32.0,0.8,500
8,32,0.3,3.0,3,1.0,19.928068515732484,-9.795491723765988,2.721729468332062,-2.7111076410109,142.31210744722983,23.789603362820586,14.145384106425519,1.6582793686278663,82.150233666833,3.3093011506004673,21.402371708222233,0.6873034053290543,138.18589781368684,13.79451285438785,23.40606300743125,0.651682833761928,0;0.05;0.1;0.15;0.2;0.25;0.3;0.35;0.4;0.45;0.5;0.55;0.6;0.65;0.7;0.75;0.8,-9.79549;-8.1475;-6.7883;-5.68317;-4.76653;-4.02351;-3.41692;-2.91295;-2.5042;-2.16512;-1.8823;-1.64672;-1.44993;-1.28593;-1.14853;-1.03385;-0.937853,23.7896;12.084;5.96954;2.82396;1.23312;0.450704;0.0839167;-0.065524;-0.124317;-0.139888;-0.140001;-0.14022;-0.142535;-0.152418;-0.169146;-0.190973;-0.218885,3.3093;2.38592;1.8166;1.43671;1.13103;0.942874;0.765969;0.652209;0.577519;0.47012;0.387604;0.336169;0.304976;0.28552;0.26069;0.232686;0.209619,13.7945;8.84761;5.47842;3.18024;1.55425;0.47168;-0.304165;-0.819346;-1.14207;-1.31772;-1.42457;-1.48688;-1.52143;-1.54933;-1.53589;-1.53071;-1.52742,32.0,0.8,500
8,32,0.3,3.0,4,1.0,19.91013668246487,-9.790151068139094,2.715214683652908,-2.705303934823654,142.3107492200832,23.796919799863414,14.140103433247464,1.6568904619283764,82.30201855159548,3.6545806199921826,21.386225184928612,0.7853667540824868,138.6019723583696,14.128076458507502,23.743683518196796,0.9089394256105734,0;0.05;0.1;0.15;0.2;0.25;0.3;0.35;0.4;0.45;0.5;0.55;0.6;0.65;0.7;0.75;0.8,-9.79015;-8.12957;-6.77587;-5.66316;-4.75492;-4.01225;-3.40692;-2.90781;-2.49764;-2.15647;-1.87617;-1.64427;-1.4504;-1.28496;-1.14782;-1.03393;-0.937671,23.7969;12.0676;5.97498;2.82264;1.23706;0.456212;0.0908843;-0.0705511;-0.128676;-0.151574;-0.153419;-0.148916;-0.146356;-0.153832;-0.165482;-0.185832;-0.210854,3.65458;2.71719;2.07371;1.66247;1.33888;1.11286;0.924385;0.773862;0.635994;0.550112;0.462413;0.394855;0.337229;0.281713;0.252617;0.235432;0.252634,14.1281;9.27043;5.85512;3.50472;1.92437;0.793608;0.0261147;-0.488013;-0.809434;-1.02084;-1.13958;-1.21125;-1.23975;-1.25115;-1.23139;-1.25081;-1.23481,32.0,0.8,500
8,32,0.3,3.0,5,1.0,19.934568105929753,-9.7772213249467,2.7230077754411743,-2.701640105561103,142.24886768145652,23.74217210290952,14.14370677709698,1.6527070438681128,82.08211944812714,3.373159597197096,21.408103960523725,0.7733219512126721,138.45492101454755,14.073615190966128,23.55572182035386,0.8247618585071429,0;0.05;0.1;0.15;0.2;0.25;0.3;0.35;0.4;0.45;0.5;0.55;0.6;0.65;0.7;0.75;0.8,-9.77722;-8.12742;-6.7792;-5.6608;-4.7517;-4.00938;-3.40134;-2.90496;-2.49163;-2.15556;-1.87395;-1.63754;-1.4411;-1.27859;-1.14048;-1.02626;-0.928595,23.7422;12.0342;5.953;2.80436;1.22422;0.441495;0.0817747;-0.079256;-0.131776;-0.141569;-0.136288;-0.130746;-0.134967;-0.146854;-0.161858;-0.18538;-0.214574,3.37316;2.50681;1.96484;1.59169;1.32209;1.0986;0.925016;0.77042;0.63971;0.534839;0.481624;0.438494;0.384604;0.356719;0.323399;0.298895;0.284231,14.0736;9.17602;5.79564;3.41677;1.86371;0.721711;-0.0625648;-0.570945;-0.937806;-1.13253;-1.25444;-1.33646;-1.38889;-1.40107;-1.38582;-1.37028;-1.34923,32.0,0.8,500
8,32,0.3,3.0,6,1.0,19.9089386373909,-9.782786136860063,2.7180621871682282,-2.7020732134021537,142.2902871515304,23.79312830557829,14.150061108442396,1.6615851973139228,82.00591761555904,3.1757323236975514,21.391171363048223,0.7050549627831639,138.40992839188104,14.025311789113363,23.57582541423058,0.7880360110345764,0;0.05;0.1;0.15;0.2;0.25;0.3;0.35;0.4;0.45;0.5;0.55;0.6;0.65;0.7;0.75;0.8,-9.78279;-8.13537;-6.77338;-5.66266;-4.75011;-4.00749;-3.40249;-2.90616;-2.49383;-2.15452;-1.87369;-1.63946;-1.44134;-1.27711;-1.14076;-1.02684;-0.929717,23.7931;12.0724;5.96766;2.83482;1.23581;0.462987;0.0976519;-0.0644876;-0.122695;-0.133602;-0.134389;-0.136895;-0.137993;-0.146991;-0.164722;-0.186844;-0.215131,3.17573;2.4611;1.87115;1.47561;1.1748;0.97745;0.816853;0.711763;0.583133;0.499752;0.418253;0.359139;0.309778;0.262934;0.242289;0.233594;0.231256,14.0253;9.17556;5.7871;3.4388;1.78347;0.682194;-0.0748537;-0.632762;-0.972181;-1.18797;-1.34292;-1.41991;-1.43616;-1.43884;-1.44772;-1.44327;-1.44494,32.0,0.8,500
8,32,0.4,0.0,1,1.0,32.0,-8.615330671091215e-14,13.920693096201541,3.024247519078926e-14,119.38572719060366,-2.248512487312837e-12,19.099497351299096,-1.30515320773128e-13,73.75609756097482,-9.28324084270571e-13,52.93466449251527,1.0134115768778429e-14,128.0,-1.6413537196058315e-13,39.21715480757166,-9.683365220780616e-14,0;0.05;0.1;0.15;0.2;0.25;0.3;0.35;0.4;0.45;0.5;0.55;0.6;0.65;0.7;0.75;0.8,-8.61533e-14;-5.08038e-14;-2.48335e-13;-7.82485e-14;1.30562e-14;2.10054e-13;7.41629e-14;2.15117e-13;1.16707e-13;2.5846e-14;8.10907e-14;8.49099e-14;-9.37916e-14;-7.21201e-14;1.39044e-13;1.44906e-13;1.72662e-13,-2.24851e-12;-5.84777e-13;-6.94733e-13;1.803e-13;-3.79607e-13;-1.34559e-13;1.14309e-13;-5.16032e-14;3.49942e-14;4.34319e-14;1.78524e-14;7.64944e-14;-2.80886e-14;-5.50671e-15;-1.82965e-14;-3.9424e-14;-3.36731e-14,-9.28324e-13;-1.85452e-13;-9.04166e-13;4.62919e-13;-6.04139e-13;8.98659e-13;-9.15534e-13;8.59401e-13;2.78355e-13;-7.4607e-15;2.45137e-13;1.16174e-13;2.70717e-13;1.29674e-13;8.13927e-13;-8.2494e-13;6.71463e-14,-1.64135e-13;5.09814e-13;-1.28964e-12;-3.22586e-13;-9.34008e-13;4.85656e-13;-2.67342e-13;1.81011e-13;2.56151e-13;3.39639e-13;-4.82014e-13;-1.55254e-13;5.76428e-14;-1.01963e-13;1.19638e-13;-2.10587e-13;-8.15348e-14,32.0,0.8,500
8,32,0.4,0.0,2,1.0,32.0,-8.615330671091215e-14,13.920693096201541,3.024247519078926e-14,119.38572719060366,-2.248512487312837e-12,19.099497351299096,-1.30515320773128e-13,73.75609756097482,-9.28324084270571e-13,52.93466449251527,1.0134115768778429e-14,128.0,-1.6413537196058315e-13,39.21715480757166,-9.683365220780616e-14,0;0.05;0.1;0.15;0.2;0.25;0.3;0.35;0.4;0.45;0.5;0.55;0.6;0.65;0.7;0.75;0.8,-8.61533e-14;-5.08038e-14;-2.48335e-13;-7.82485e-14;1.30562e-14;2.10054e-13;7.41629e-14;2.15117e-13;1.16707e-13;2.5846e-14;8.10907e-14;8.49099e-14;-9.37916e-14;-7.21201e-14;1.39044e-13;1.44906e-13;1.72662e-13,-2.24851e-12;-5.84777e-13;-6.94733e-13;1.803e-13;-3.79607e-13;-1.34559e-13;1.14309e-13;-5.16032e-14;3.49942e-14;4.34319e-14;1.78524e-14;7.64944e-14;-2.80886e-14;-5.50671e-15;-1.82965e-14;-3.9424e-14;-3.36731e-14,-9.28324e-13;-1.85452e-13;-9.04166e-13;4.62919e-13;-6.04139e-13;8.98659e-13;-9.15534e-13;8.59401e-13;2.78355e-13;-7.4607e-15;2.45137e-13;1.16174e-13;2.70717e-13;1.29674e-13;8.13927e-13;-8.2494e-13;6.71463e-14,-1.64135e-13;5.09814e-13;-1.28964e-12;-3.22586e-13;-9.34008e-13;4.85656e-13;-2.67342e-13;1.81011e-13;2.56151e-13;3.39639e-13;-4.82014e-13;-1.55254e-13;5.76428e-14;-1.01963e-13;1.19638e-13;-2.10587e-13;-8.15348e-14,32.0,0.8,500
8,32,0.4,0.0,3,1.0,32.0,-8.615330671091215e-14,13.920693096201541,3.024247519078926e-14,119.38572719060366,-2.248512487312837e-12,19.099497351299096,-1.30515320773128e-13,73.75609756097482,-9.28324084270571e-13,52.93466449251527,1.0134115768778429e-14,128.0,-1.6413537196058315e-13,39.21715480757166,-9.683365220780616e-14,0;0.05;0.1;0.15;0.2;0.25;0.3;0.35;0.4;0.45;0.5;0.55;0.6;0.65;0.7;0.75;0.8,-8.61533e-14;-5.08038e-14;-2.48335e-13;-7.82485e-14;1.30562e-14;2.10054e-13;7.41629e-14;2.15117e-13;1.16707e-13;2.5846e-14;8.10907e-14;8.49099e-14;-9.37916e-14;-7.21201e-14;1.39044e-13;1.44906e-13;1.72662e-13,-2.24851e-12;-5.84777e-13;-6.94733e-13;1.803e-13;-3.79607e-13;-1.34559e-13;1.14309e-13;-5.16032e-14;3.49942e-14;4.34319e-14;1.78524e-14;7.64944e-14;-2.80886e-14;-5.50671e-15;-1.82965e-14;-3.9424e-14;-3.36731e-14,-9.28324e-13;-1.85452e-13;-9.04166e-13;4.62919e-13;-6.04139e-13;8.98659e-13;-9.15534e-13;8.59401e-13;2.78355e-13;-7.4607e-15;2.45137e-13;1.16174e-13;2.70717e-13;1.29674e-13;8.13927e-13;-8.2494e-13;6.71463e-14,-1.64135e-13;5.09814e-13;-1.28964e-12;-3.22586e-13;-9.34008e-13;4.85656e-13;-2.67342e-13;1.81011e-13;2.56151e-13;3.39639e-13;-4.82014e-13;-1.55254e-13;5.76428e-14;-1.01963e-13;1.19638e-13;-2.10587e-13;-8.15348e-14,32.0,0.8,500
8,32,0.4,0.0,4,1.0,32.0,-8.615330671091215e-14,13.920693096201541,3.024247519078926e-14,119.38572719060366,-2.248512487312837e-12,19.099497351299096,-1.30515320773128e-13,73.75609756097482,-9.28324084270571e-13,52.93466449251527,1.0134115768778429e-14,128.0,-1.6413537196058315e-13,39.21715480757166,-9.683365220780616e-14,0;0.05;0.1;0.15;0.2;0.25;0.3;0.35;0.4;0.45;0.5;0.55;0.6;0.65;0.7;0.75;0.8,-8.61533e-14;-5.08038e-14;-2.48335e-13;-7.82485e-14;1.30562e-14;2.10054e-13;7.41629e-14;2.15117e-13;1.16707e-13;2.5846e-14;8.10907e-14;8.49099e-14;-9.37916e-14;-7.21201e-14;1.39044e-13;1.44906e-13;1.72662e-13,-2.24851e-12;-5.84777e-13;-6.94733e-13;1.803e-13;-3.79607e-13;-1.34559e-13;1.14309e-13;-5.16032e-14;3.49942e-14;4.34319e-14;1.78524e-14;7.64944e-14;-2.80886e-14;-5.50671e-15;-1.82965e-14;-3.9424e-14;-3.36731e-14,-9.28324e-13;-1.85452e-13;-9.04166e-13;4.62919e-13;-6.04139e-13;8.98659e-13;-9.15534e-13;8.59401e-13;2.78355e-13;-7.4607e-15;2.45137e-13;1.16174e-13;2.70717e-13;1.29674e-13;8.13927e-13;-8.2494e-13;6.71463e-14,-1.64135e-13;5.09814e-13;-1.28964e-12;-3.22586e-13;-9.34008e-13;4.85656e-13;-2.67342e-13;1.81011e-13;2.56151e-13;3.39639e-13;-4.82014e-13;-1.55254e-13;5.76428e-14;-1.01963e-13;1.19638e-13;-2.10587e-13;-8.15348e-14,32.0,0.8,500
8,32,0.4,0.0,5,1.0,32.0,-8.615330671091215e-14,13.920693096201541,3.024247519078926e-14,119.38572719060366,-2.248512487312837e-12,19.099497351299096,-1.30515320773128e-13,73.75609756097482,-9.28324084270571e-13,52.93466449251527,1.0134115768778429e-14,128.0,-1.6413537196058315e-13,39.21715480757166,-9.683365220780616e-14,0;0.05;0.1;0.15;0.2;0.25;0.3;0.35;0.4;0.45;0.5;0.55;0.6;0.65;0.7;0.75;0.8,-8.61533e-14;-5.08038e-14;-2.48335e-13;-7.82485e-14;1.30562e-14;2.10054e-13;7.41629e-14;2.15117e-13;1.16707e-13;2.5846e-14;8.10907e-14;8.49099e-14;-9.37916e-14;-7.21201e-14;1.39044e-13;1.44906e-13;1.72662e-13,-2.24851e-12;-5.84777e-13;-6.94733e-13;1.803e-13;-3.79607e-13;-1.34559e-13;1.14309e-13;-5.16032e-14;3.49942e-14;4.34319e-14;1.78524e-14;7.64944e-14;-2.80886e-14;-5.50671e-15;-1.82965e-14;-3.9424e-14;-3.36731e-14,-9.28324e-13;-1.85452e-13;-9.04166e-13;4.62919e-13;-6.04139e-13;8.98659e-13;-9.15534e-13;8.59401e-13;2.78355e-13;-7.4607e-15;2.45137e-13;1.16174e-13;2.70717e-13;1.29674e-13;8.13927e-13;-8.2494e-13;6.71463e-14,-1.64135e-13;5.09814e-13;-1.28964e-12;-3.22586e-13;-9.34008e-13;4.85656e-13;-2.67342e-13;1.81011e-13;2.56151e-13;3.39639e-13;-4.82014e-13;-1.55254e-13;5.76428e-14;-1.01963e-13;1.19638e-13;-2.10587e-13;-8.15348e-14,32.0,0.8,500
8,32,0.4,0.0,6,1.0,32.0,-8.615330671091215e-14,13.920693096201541,3.024247519078926e-14,119.38572719060366,-2.248512487312837e-12,19.099497351299096,-1.30515320773128e-13,73.75609756097482,-9.28324084270571e-13,52.93466449251527,1.0134115768778429e-14,128.0,-1.6413537196058315e-13,39.21715480757166,-9.683365220780616e-14,0;0.05;0.1;0.15;0.2;0.25;0.3;0.35;0.4;0.45;0.5;0.55;0.6;0.65;0.7;0.75;0.8,-8.61533e-14;-5.08038e-14;-2.48335e-13;-7.82485e-14;1.30562e-14;2.10054e-13;7.41629e-14;2.15117e-13;1.16707e-13;2.5846e-14;8.10907e-14;8.49099e-14;-9.37916e-14;-7.21201e-14;1.39044e-13;1.44906e-13;1.72662e-13,-2.24851e-12;-5.84777e-13;-6.94733e-13;1.803e-13;-3.79607e-13;-1.34559e-13;1.14309e-13;-5.16032e-14;3.49942e-14;4.34319e-14;1.78524e-14;7.64944e-14;-2.80886e-14;-5.50671e-15;-1.82965e-14;-3.9424e-14;-3.36731e-14,-9.28324e-13;-1.85452e-13;-9.04166e-13;4.62919e-13;-6.04139e-13;8.98659e-13;-9.15534e-13;8.59401e-13;2.78355e-13;-7.4607e-15;2.45137e-13;1.16174e-13;2.70717e-13;1.29674e-13;8.13927e-13;-8.2494e-13;6.71463e-14,-1.64135e-13;5.09814e-13;-1.28964e-12;-3.22586e-13;-9.34008e-13;4.85656e-13;-2.67342e-13;1.81011e-13;2.56151e-13;3.39639e-13;-4.82014e-13;-1.55254e-13;5.76428e-14;-1.01963e-13;1.19638e-13;-2.10587e-13;-8.15348e-14,32.0,0.8,500
8,32,0.4,2.0,1,1.0,23.650527815495785,-7.478009137139263,4.260445852916336,-2.9370375197313447,132.75350356271312,14.833694244392763,15.003948719285233,1.076172667217046,73.59675256029509,0.7800387743935339,25.270482456805382,0.17176191471189745,137.53919169424807,12.412992708864335,25.43687745937882,1.391205480022864,0;0.05;0.1;0.15;0.2;0.25;0.3;0.35;0.4;0.45;0.5;0.55;0.6;0.65;0.7;0.75;0.8,-7.47801;-6.72644;-6.02037;-5.37504;-4.80761;-4.31507;-3.88681;-3.51522;-3.19509;-2.91585;-2.67457;-2.46678;-2.28522;-2.12299;-1.97904;-1.84865;-1.73397,14.8337;7.87766;4.07754;2.01596;0.925596;0.368291;0.0977801;-0.0286239;-0.0786889;-0.0964421;-0.10213;-0.111718;-0.126009;-0.150986;-0.185028;-0.231288;-0.290593,0.780039;0.570996;0.446199;0.335176;0.257599;0.247744;0.201681;0.15334;0.121062;0.104025;0.0832386;0.104685;0.0991635;0.0983664;0.0824962;0.0870677;0.104761,12.413;8.65352;5.98118;4.06446;2.70731;1.73012;1.05375;0.562266;0.210109;-0.0339131;-0.217855;-0.361835;-0.468735;-0.554936;-0.630185;-0.696612;-0.762082,32.0,0.8,500
8,32,0.4,2.0,2,1.0,23.640344904947074,-7.491312733656983,4.252013168634648,-2.9404815284577728,132.7501133287135,14.856582908423757,15.001519258252756,1.0801928344543459,73.60065194432644,0.8138054228575637,25.28967884401628,0.20681129149507793,137.6847928035048,12.517888466945971,25.47218712543721,1.4185027045563081,0;0.05;0.1;0.15;0.2;0.25;0.3;0.35;0.4;0.45;0.5;0.55;0.6;0.65;0.7;0.75;0.8,-7.49131;-6.74065;-6.02524;-5.38121;-4.81123;-4.31742;-3.89077;-3.51812;-3.19807;-2.92225;-2.68179;-2.47158;-2.28651;-2.12249;-1.97838;-1.85027;-1.73597,14.8566;7.90347;4.08345;2.02114;0.93233;0.375587;0.0998762;-0.0244322;-0.075074;-0.0946109;-0.102014;-0.110004;-0.124745;-0.148842;-0.184351;-0.231463;-0.28951,0.813805;0.58042;0.440234;0.36871;0.281137;0.264289;0.211107;0.202202;0.190431;0.172419;0.168185;0.168317;0.161414;0.15831;0.148343;0.141272;0.145065,12.5179;8.74083;6.04555;4.13043;2.75584;1.78288;1.09992;0.599468;0.236585;-0.0208668;-0.207251;-0.345613;-0.456788;-0.543976;-0.621905;-0.698992;-0.770025,32.0,0.8,500
8,32,0.4,2.0,3,1.0,23.640407827910764,-7.48721667089719,4.250840441684907,-2.936427546172678,132.77286224158,14.867799300451079,14.999174600906121,1.080014345518381,73.71727107295668,0.9084744520550029,25.28557250160366,0.22140584086441778,137.66316354681672,12.472439638144063,25.45315659872697,1.401690058273113,0;0.05;0.1;0.15;0.2;0.25;0.3;0.35;0.4;0.45;0.5;0.55;0.6;0.65;0.7;0.75;0.8,-7.48722;-6.72979;-6.01725;-5.37835;-4.8057;-4.31199;-3.8837;-3.51165;-3.19114;-2.91681;-2.67585;-2.46557;-2.2812;-2.11912;-1.97751;-1.85124;-1.73612,14.8678;7.90152;4.08571;2.01923;0.934603;0.375868;0.098686;-0.0259124;-0.0771424;-0.0961951;-0.102774;-0.111251;-0.125191;-0.149392;-0.184092;-0.23214;-0.290278,0.908474;0.707975;0.553481;0.419073;0.344508;0.296582;0.246723;0.206355;0.20262;0.192009;0.164019;0.132783;0.1302;0.110388;0.107756;0.103018;0.11278,12.4724;8.68323;5.99097;4.09511;2.73449;1.75626;1.06892;0.582365;0.230785;-0.0332786;-0.21911;-0.353004;-0.464156;-0.550642;-0.631243;-0.705052;-0.776132,32.0,0.8,500
8,32,0.4,2.0,4,1.0,23.637648143269463,-7.486394138496626,4.253086307815822,-2.9341253646861136,132.79579373923585,14.880820319067345,15.000329907329888,1.0825431454467356,73.68539452761128,0.8589847269461824,25.289654196882186,0.21506065495843635,137.6155511992749,12.452235289635635,25.449800948789342,1.3987473982690486,0;0.05;0.1;0.15;0.2;0.25;0.3;0.35;0.4;0.45;0.5;0.55;0.6;0.65;0.7;0.75;0.8,-7.48639;-6.72375;-6.01171;-5.37158;-4.80302;-4.30628;-3.87703;-3.51039;-3.18881;-2.91252;-2.6741;-2.46498;-2.28309;-2.11955;-1.97663;-1.84874;-1.73425,14.8808;7.90297;4.08108;2.02983;0.944647;0.384604;0.105809;-0.0204894;-0.0742631;-0.092179;-0.101995;-0.109719;-0.125637;-0.150685;-0.184904;-0.232808;-0.291621,0.858985;0.655693;0.509838;0.427378;0.365421;0.317348;0.261155;0.192298;0.211162;0.174393;0.145535;0.118445;0.113313;0.114028;0.0957663;0.108071;0.123753,12.4522;8.68504;5.98305;4.08001;2.72611;1.7607;1.07259;0.582952;0.227763;-0.0329623;-0.221714;-0.360535;-0.471715;-0.557124;-0.632521;-0.70587;-0.773875,32.0,0.8,500
8,32,0.4,2.0,5,1.0,23.64184188684918,-7.487038594786043,4.249168828876446,-2.940787585514633,132.7478896227453,14.833287328016079,15.003455107254883,1.0787960721908205,73.58186819548447,0.8296391319523899,25.24725214831772,0.2020244945792314,137.66198822337748,12.492829462009638,25.464260496708295,1.4144059577468726,0;0.05;0.1;0.15;0.2;0.25;0.3;0.35;0.4;0.45;0.5;0.55;0.6;0.65;0.7;0.75;0.8,-7.48704;-6.73162;-6.02285;-5.38007;-4.81422;-4.31689;-3.8886;-3.52017;-3.19633;-2.92277;-2.68237;-2.47166;-2.28825;-2.12751;-1.98279;-1.85566;-1.74095,14.8333;7.8781;4.07052;2.0204;0.935792;0.375589;0.101237;-0.0224525;-0.0732461;-0.0891168;-0.0972461;-0.107388;-0.122505;-0.148282;-0.183761;-0.232729;-0.291262,0.829639;0.648519;0.468677;0.39333;0.324184;0.280752;0.25327;0.222564;0.187988;0.161307;0.144417;0.117133;0.0935285;0.0930945;0.0984712;0.0908759;0.0951197,12.4928;8.69256;6.02067;4.10556;2.75292;1.79324;1.09225;0.592123;0.244137;-0.00531265;-0.195174;-0.34096;-0.453757;-0.54702;-0.624908;-0.700224;-0.768787,32.0,0.8,500
8,32,0.4,2.0,6,1.0,23.631878669057752,-7.488166764798311,4.249100270820688,-2.934066721465201,132.80585620764376,14.868856755509029,15.006670826875176,1.0831672120711886,73.53209130561768,0.7912876602159432,25.258885806099748,0.21256630423432302,137.6711188382389,12.502816199678184,25.456165978083,1.4104432182735613,0;0.05;0.1;0.15;0.2;0.25;0.3;0.35;0.4;0.45;0.5;0.55;0.6;0.65;0.7;0.75;0.8,-7.48817;-6.7295;-6.01513;-5.37332;-4.80224;-4.30514;-3.878;-3.50646;-3.18827;-2.91443;-2.67366;-2.46565;-2.27897;-2.11708;-1.97426;-1.84805;-1.73418,14.8689;7.89625;4.08226;2.02745;0.937601;0.385174;0.114071;-0.0138567;-0.0686217;-0.086533;-0.0954832;-0.106073;-0.120479;-0.148761;-0.187563;-0.23757;-0.297916,0.791288;0.591201;0.461586;0.369268;0.320676;0.266146;0.231709;0.219926;0.212398;0.164395;0.159157;0.158065;0.168549;0.160207;0.138274;0.154479;0.159294,12.5028;8.71533;6.0163;4.1076;2.7377;1.76867;1.07839;0.588174;0.236272;-0.0157239;-0.202807;-0.34627;-0.455075;-0.547976;-0.63152;-0.704573;-0.774077,32.0,0.8,500
8,32,0.4,3.0,1,1.0,20.629554046383703,-9.46874127013211,2.7718216745729736,-2.5958814372957866,138.09751924973366,22.012282635085036,13.570048655069977,1.4838754613024245,73.94712020631654,2.2894153393322907,18.473504023487543,0.3869391689456648,140.7874590888985,19.022210016782594,21.378319387601152,2.035475538842648,0;0.05;0.1;0.15;0.2;0.25;0.3;0.35;0.4;0.45;0.5;0.55;0.6;0.65;0.7;0.75;0.8,-9.46874;-7.89306;-6.57901;-5.48704;-4.59564;-3.86686;-3.27168;-2.78171;-2.38061;-2.04821;-1.77206;-1.54281;-1.3528;-1.1911;-1.05612;-0.941766;-0.845517,22.0123;10.9594;5.28373;2.38875;0.974818;0.298495;0.00419277;-0.110146;-0.139841;-0.134168;-0.125213;-0.113744;-0.114786;-0.120982;-0.134761;-0.154131;-0.180575,2.28942;1.59181;1.15774;0.858392;0.674229;0.489692;0.375362;0.295108;0.238401;0.17773;0.158913;0.131072;0.121627;0.097181;0.0830687;0.0893587;0.108779,19.0222;12.5943;8.28663;5.36246;3.38942;2.09074;1.22022;0.634887;0.227439;-0.0170003;-0.197938;-0.313934;-0.390687;-0.442971;-0.47538;-0.505814;-0.52796,32.0,0.8,500
8,32,0.4,3.0,2,1.0,20.611820762886992,-9.474810552482296,2.768673172116398,-2.5979636936633077,138.1136162991183,22.053529857955347,13.571874716820513,1.4885048429787473,74.0139389496143,2.286591759931086,18.50927383049566,0.40798700405474503,140.71527114631422,19.035506534566665,21.37168709971359,2.050120579028812,0;0.05;0.1;0.15;0.2;0.25;0.3;0.35;0.4;0.45;0.5;0.55;0.6;0.65;0.7;0.75;0.8,-9.47481;-7.90175;-6.57559;-5.49378;-4.59944;-3.86983;-3.27443;-2.78518;-2.38335;-2.05171;-1.77662;-1.54634;-1.35225;-1.19077;-1.05516;-0.942191;-0.846952,22.0535;10.9937;5.28688;2.39627;0.971793;0.309896;0.0123256;-0.0987884;-0.13282;-0.131913;-0.125652;-0.114605;-0.113782;-0.121953;-0.136308;-0.158313;-0.18674,2.28659;1.65572;1.21455;0.88403;0.67416;0.504038;0.37683;0.319404;0.259247;0.234032;0.184606;0.180966;0.163695;0.126242;0.10222;0.0877226;0.0979814,19.0355;12.6475;8.30388;5.40445;3.44911;2.1201;1.24553;0.642082;0.243301;-0.0112608;-0.185254;-0.301056;-0.37864;-0.433774;-0.478486;-0.513022;-0.539501,32.0,0.8,500
8,32,0.4,3.0,3,1.0,20.623819485401068,-9.466418740463265,2.770334067781538,-2.5917711123193703,138.08486451485484,22.04496966098069,13.56752609645758,1.4903713652230675,74.00976044379216,2.2804674713800344,18.492980917284108,0.39675643840956,140.78606603222266,19.023010390338406,21.37290175388346,2.038052262421661,0;0.05;0.1;0.15;0.2;0.25;0.3;0.35;0.4;0.45;0.5;0.55;0.6;0.65;0.7;0.75;0.8,-9.46642;-7.88709;-6.57016;-5.48846;-4.58988;-3.86298;-3.26719;-2.77492;-2.37199;-2.04273;-1.76791;-1.53884;-1.34657;-1.18512;-1.05016;-0.937662;-0.841119,22.045;10.9907;5.27946;2.39977;0.986741;0.320908;0.022043;-0.093524;-0.12734;-0.131844;-0.121229;-0.114259;-0.112747;-0.122495;-0.137401;-0.160248;-0.187142,2.28047;1.64662;1.19532;0.86966;0.637999;0.504269;0.40402;0.316459;0.264822;0.226868;0.16985;0.138731;0.116166;0.0990829;0.0880829;0.0824707;0.0689616,19.023;12.6086;8.29637;5.38949;3.43205;2.10237;1.2104;0.614238;0.225271;-0.0306203;-0.196545;-0.31088;-0.388856;-0.443114;-0.480838;-0.510947;-0.534903,32.0,0.8,500
8,32,0.4,3.0,4,1.0,20.620913170585474,-9.461242845961214,2.7706720405248326,-2.5865420535885413,138.12596682879823,22.046350408996584,13.56689236332998,1.4898044292928778,73.98215726458763,2.2479798071557693,18.455986070297342,0.3787105516572102,140.71140012598283,18.956553406565327,21.36924955744329,2.036452775636045,0;0.05;0.1;0.15;0.2;0.25;0.3;0.35;0.4;0.45;0.5;0.55;0.6;0.65;0.7;0.75;0.8,-9.46124;-7.87605;-6.55426;-5.4754;-4.5837;-3.8547;-3.25839;-2.76905;-2.36689;-2.03549;-1.76202;-1.53505;-1.34473;-1.18331;-1.04833;-0.934098;-0.837535,22.0464;10.9699;5.27631;2.4064;0.989882;0.312887;0.0210039;-0.0923682;-0.128513;-0.127558;-0.120829;-0.111507;-0.111715;-0.121638;-0.137528;-0.15917;-0.1852,2.24798;1.55884;1.1028;0.849731;0.618472;0.458728;0.371802;0.272948;0.228094;0.183227;0.175941;0.145199;0.123242;0.116127;0.104786;0.090912;0.0987373,18.9566;12.5787;8.2613;5.35718;3.40769;2.11224;1.23234;0.653554;0.250632;-0.0140409;-0.190942;-0.307661;-0.39201;-0.442345;-0.479695;-0.508339;-0.535718,32.0,0.8,500
8,32,0.4,3.0,5,1.0,20.636112473811536,-9.473992598367946,2.772650699746684,-2.595962467778547,138.14489126128268,22.03445424459869,13.574268237558972,1.4893509900367963,73.85074596379623,2.0923577547767,18.449457836318913,0.36480089994767173,140.78338628468623,18.98749640721573,21.39037821947425,2.050625505156185,0;0.05;0.1;0.15;0.2;0.25;0.3;0.35;0.4;0.45;0.5;0.55;0.6;0.65;0.7;0.75;0.8,-9.47399;-7.88856;-6.57605;-5.48609;-4.59591;-3.86727;-3.27161;-2.78656;-2.37796;-2.04898;-1.77481;-1.5442;-1.35217;-1.1914;-1.05596;-0.942063;-0.845314,22.0345;10.9816;5.28979;2.40354;0.989215;0.30802;0.0134311;-0.0948027;-0.128502;-0.129777;-0.120951;-0.11439;-0.112891;-0.121227;-0.138341;-0.160239;-0.189379,2.09236;1.52801;1.11597;0.850853;0.615467;0.429524;0.380662;0.294854;0.255203;0.201826;0.127627;0.108425;0.0886156;0.077037;0.0678386;0.0690878;0.0776719,18.9875;12.5944;8.30654;5.38221;3.43193;2.1192;1.24055;0.659225;0.267956;0.00750861;-0.167626;-0.283234;-0.371718;-0.430342;-0.470878;-0.503855;-0.526124,32.0,0.8,500
8,32,0.4,3.0,6,1.0,20.628500087142488,-9.474466066361682,2.7705575326275835,-2.592620281548706,138.2108703653717,22.07324472895827,13.582408637356869,1.4958402430981392,74.06394982523638,2.3197511230585044,18.51572955996857,0.43819340807564233,140.85102416390055,19.02457060283674,21.399286646430916,2.045605992735486,0;0.05;0.1;0.15;0.2;0.25;0.3;0.35;0.4;0.45;0.5;0.55;0.6;0.65;0.7;0.75;0.8,-9.47447;-7.8962;-6.57497;-5.49023;-4.59065;-3.8603;-3.26519;-2.77565;-2.37336;-2.04347;-1.7672;-1.53968;-1.34583;-1.18507;-1.04959;-0.937054;-0.841431,22.0732;10.9986;5.29318;2.40938;0.998616;0.329242;0.027224;-0.0880767;-0.118654;-0.120289;-0.114231;-0.111022;-0.111975;-0.12148;-0.136336;-0.16009;-0.187832,2.31975;1.69681;1.22522;0.997586;0.754784;0.611558;0.486657;0.391739;0.311662;0.250877;0.186317;0.173529;0.146165;0.112608;0.107241;0.0963366;0.109804,19.0246;12.6741;8.30791;5.40013;3.44502;2.12842;1.23601;0.635352;0.236184;-0.0261357;-0.2014;-0.316489;-0.393816;-0.446181;-0.486523;-0.519729;-0.54598,32.0,0.8,500
8,32,0.5,0.0,1,1.0,32.0,-4.7428727611986686e-14,13.272384626950407,2.1748158829382193e-14,116.44444444444517,2.234656903965515e-13,18.238487828993847,-4.4020342926387445e-16,72.0,-1.2398970739013748e-13,52.3076667955494,2.3367974222310297e-14,128.0,-1.2079226507921703e-14,34.792899664211305,5.6568083550700987e-14,0;0.05;0.1;0.15;0.2;0.25;0.3;0.35;0.4;0.45;0.5;0.55;0.6;0.65;0.7;0.75;0.8,-4.74287e-14;-1.56763e-13;1.47526e-13;8.95284e-14;3.54383e-14;1.54632e-13;1.5814e-13;1.1382e-13;7.54508e-14;-1.17284e-13;-9.30811e-14;-8.74856e-15;-1.1986e-13;6.67466e-14;9.7522e-14;-8.42881e-14;1.99796e-13,2.23466e-13;-5.3646e-14;1.64135e-13;-1.37668e-13;-1.47438e-13;-7.38076e-14;-7.33635e-14;4.55636e-14;5.53335e-14;-2.56906e-14;1.05915e-14;2.39586e-14;-5.08482e-15;2.75779e-14;3.80473e-14;3.20299e-14;-2.15383e-15,-1.2399e-13;1.29319e-13;3.28981e-13;-1.24629e-12;-2.76934e-13;9.3241e-13;3.42482e-13;1.09068e-13;-6.25278e-13;6.55831e-13;8.09131e-13;1.97176e-13;1.81544e-13;-6.2812e-13;-8.10019e-14;-9.27258e-14;-4.1247e-13,-1.20792e-14;1.53157e-12;-8.14993e-13;-7.4607e-14;5.96856e-13;-3.92575e-14;8.72191e-14;1.44595e-13;-3.2081e-13;9.13936e-14;1.24345e-13;-1.00364e-14;1.08358e-13;-1.21503e-13;-9.8721e-14;-3.05533e-14;-7.29194e-14,32.0,0.8,500
8,32,0.5,0.0,2,1.0,32.0,-4.7428727611986686e-14,13.272384626950407,2.1748158829382193e-14,116.44444444444517,2.234656903965515e-13,18.238487828993847,-4.4020342926387445e-16,72.0,-1.2398970739013748e-13,52.3076667955494,2.3367974222310297e-14,128.0,-1.2079226507921703e-14,34.792899664211305,5.6568083550700987e-14,0;0.05;0.1;0.15;0.2;0.25;0.3;0.35;0.4;0.45;0.5;0.55;0.6;0.65;0.7;0.75;0.8,-4.74287e-14;-1.56763e-13;1.47526e-13;8.95284e-14;3.54383e-14;1.54632e-13;1.5814e-13;1.1382e-13;7.54508e-14;-1.17284e-13;-9.30811e-14;-8.74856e-15;-1.1986e-13;6.67466e-14;9.7522e-14;-8.42881e-14;1.99796e-13,2.23466e-13;-5.3646e-14;1.64135e-13;-1.37668e-13;-1.47438e-13;-7.38076e-14;-7.33635e-14;4.55636e-14;5.53335e-14;-2.56906e-14;1.05915e-14;2.39586e-14;-5.08482e-15;2.75779e-14;3.80473e-14;3.20299e-14;-2.15383e-15,-1.2399e-13;1.29319e-13;3.28981e-13;-1.24629e-12;-2.76934e-13;9.3241e-13;3.42482e-13;1.09068e-13;-6.25278e-13;6.55831e-13;8.09131e-13;1.97176e-13;1.81544e-13;-6.2812e-13;-8.10019e-14;-9.27258e-14;-4.1247e-13,-1.20792e-14;1.53157e-12;-8.14993e-13;-7.4607e-14;5.96856e-13;-3.92575e-14;8.72191e-14;1.44595e-13;-3.2081e-13;9.13936e-14;1.24345e-13;-1.00364e-14;1.08358e-13;-1.21503e-13;-9.8721e-14;-3.05533e-14;-7.29194e-14,32.0,0.8,500
8,32,0.5,0.0,3,1.0,32.0,-4.7428727611986686e-14,13.272384626950407,2.1748158829382193e-14,116.44444444444517,2.234656903965515e-13,18.238487828993847,-4.4020342926387445e-16,72.0,-1.2398970739013748e-13,52.3076667955494,2.3367974222310297e-14,128.0,-1.2079226507921703e-14,34.792899664211305,5.6568083550700987e-14,0;0.05;0.1;0.15;0.2;0.25;0.3;0.35;0.4;0.45;0.5;0.55;0.6;0.65;0.7;0.75;0.8,-4.74287e-14;-1.56763e-13;1.47526e-13;8.95284e-14;3.54383e-14;1.54632e-13;1.5814e-13;1.1382e-13;7.54508e-14;-1.17284e-13;-9.30811e-14;-8.74856e-15;-1.1986e-13;6.67466e-14;9.7522e-14;-8.42881e-14;1.99796e-13,2.23466e-13;-5.3646e-14;1.64135e-13;-1.37668e-13;-1.47438e-13;-7.38076e-14;-7.33635e-14;4.55636e-14;5.53335e-14;-2.56906e-14;1.05915e-14;2.39586e-14;-5.08482e-15;2.75779e-14;3.80473e-14;3.20299e-14;-2.15383e-15,-1.2399e-13;1.29319e-13;3.28981e-13;-1.24629e-12;-2.76934e-13;9.3241e-13;3.42482e-13;1.09068e-13;-6.25278e-13;6.55831e-13;8.09131e-13;1.97176e-13;1.81544e-13;-6.2812e-13;-8.10019e-14;-9.27258e-14;-4.1247e-13,-1.20792e-14;1.53157e-12;-8.14993e-13;-7.4607e-14;5.96856e-13;-3.92575e-14;8.72191e-14;1.44595e-13;-3.2081e-13;9.13936e-14;1.24345e-13;-1.00364e-14;1.08358e-13;-1.21503e-13;-9.8721e-14;-3.05533e-14;-7.29194e-14,32.0,0.8,500
8,32,0.5,0.0,4,1.0,32.0,-4.7428727611986686e-14,13.272384626950407,2.1748158829382193e-14,116.44444444444517,2.234656903965515e-13,18.238487828993847,-4.4020342926387445e-16,72.0,-1.2398970739013748e-13,52.3076667955494,2.3367974222310297e-14,128.0,-1.2079226507921703e-14,34.792899664211305,5.6568083550700987e-14,0;0.05;0.1;0.15;0.2;0.25;0.3;0.35;0.4;0.45;0.5;0.55;0.6;0.65;0.7;0.75;0.8,-4.74287e-14;-1.56763e-13;1.47526e-13;8.95284e-14;3.54383e-14;1.54632e-13;1.5814e-13;1.1382e-13;7.54508e-14;-1.17284e-13;-9.30811e-14;-8.74856e-15;-1.1986e-13;6.67466e-14;9.7522e-14;-8.42881e-14;1.99796e-13,2.23466e-13;-5.3646e-14;1.64135e-13;-1.37668e-13;-1.47438e-13;-7.38076e-14;-7.33635e-14;4.55636e-14;5.53335e-14;-2.56906e-14;1.05915e-14;2.39586e-14;-5.08482e-15;2.75779e-14;3.80473e-14;3.20299e-14;-2.15383e-15,-1.2399e-13;1.29319e-13;3.28981e-13;-1.24629e-12;-2.76934e-13;9.3241e-13;3.42482e-13;1.09068e-13;-6.25278e-13;6.55831e-13;8.09131e-13;1.97176e-13;1.81544e-13;-6.2812e-13;-8.10019e-14;-9.27258e-14;-4.1247e-13,-1.20792e-14;1.53157e-12;-8.14993e-13;-7.4607e-14;5.96856e-13;-3.92575e-14;8.72191e-14;1.44595e-13;-3.2081e-13;9.13936e-14;1.24345e-13;-1.00364e-14;1.08358e-13;-1.21503e-13;-9.8721e-14;-3.05533e-14;-7.29194e-14,32.0,0.8,500
8,32,0.5,0.0,5,1.0,32.0,-4.7428727611986686e-14,13.272384626950407,2.1748158829382193e-14,116.44444444444517,2.234656903965515e-13,18.238487828993847,-4.4020342926387445e-16,72.0,-1.2398970739013748e-13,52.3076667955494,2.3367974222310297e-14,128.0,-1.2079226507921703e-14,34.792899664211305,5.6568083550700987e-14,0;0.05;0.1;0.15;0.2;0.25;0.3;0.35;0.4;0.45;0.5;0.55;0.6;0.65;0.7;0.75;0.8,-4.74287e-14;-1.56763e-13;1.47526e-13;8.95284e-14;3.54383e-14;1.54632e-13;1.5814e-13;1.1382e-13;7.54508e-14;-1.17284e-13;-9.30811e-14;-8.74856e-15;-1.1986e-13;6.67466e-14;9.7522e-14;-8.42881e-14;1.99796e-13,2.23466e-13;-5.3646e-14;1.64135e-13;-1.37668e-13;-1.47438e-13;-7.38076e-14;-7.33635e-14;4.55636e-14;5.53335e-14;-2.56906e-14;1.05915e-14;2.39586e-14;-5.08482e-15;2.75779e-14;3.80473e-14;3.20299e-14;-2.15383e-15,-1.2399e-13;1.29319e-13;3.28981e-13;-1.24629e-12;-2.76934e-13;9.3241e-13;3.42482e-13;1.09068e-13;-6.25278e-13;6.55831e-13;8.09131e-13;1.97176e-13;1.81544e-13;-6.2812e-13;-8.10019e-14;-9.27258e-14;-4.1247e-13,-1.20792e-14;1.53157e-12;-8.14993e-13;-7.4607e-14;5.96856e-13;-3.92575e-14;8.72191e-14;1.44595e-13;-3.2081e-13;9.13936e-14;1.24345e-13;-1.00364e-14;1.08358e-13;-1.21503e-13;-9.8721e-14;-3.05533e-14;-7.29194e-14,32.0,0.8,500
8,32,0.5,0.0,6,1.0,32.0,-4.7428727611986686e-14,13.272384626950407,2.1748158829382193e-14,116.44444444444517,2.234656903965515e-13,18.238487828993847,-4.4020342926387445e-16,72.0,-1.2398970739013748e-13,52.3076667955494,2.3367974222310297e-14,128.0,-1.2079226507921703e-14,34.792899664211305,5.6568083550700987e-14,0;0.05;0.1;0.15;0.2;0.25;0.3;0.35;0.4;0.45;0.5;0.55;0.6;0.65;0.7;0.75;0.8,-4.74287e-14;-1.56763e-13;1.47526e-13;8.95284e-14;3.54383e-14;1.54632e-13;1.5814e-13;1.1382e-13;7.54508e-14;-1.17284e-13;-9.30811e-14;-8.74856e-15;-1.1986e-13;6.67466e-14;9.7522e-14;-8.42881e-14;1.99796e-13,2.23466e-13;-5.3646e-14;1.64135e-13;-1.37668e-13;-1.47438e-13;-7.38076e-14;-7.33635e-14;4.55636e-14;5.53335e-14;-2.56906e-14;1.05915e-14;2.39586e-14;-5.08482e-15;2.75779e-14;3.80473e-14;3.20299e-14;-2.15383e-15,-1.2399e-13;1.29319e-13;3.28981e-13;-1.24629e-12;-2.76934e-13;9.3241e-13;3.42482e-13;1.09068e-13;-6.25278e-13;6.55831e-13;8.09131e-13;1.97176e-13;1.81544e-13;-6.2812e-13;-8.10019e-14;-9.27258e-14;-4.1247e-13,-1.20792e-14;1.53157e-12;-8.14993e-13;-7.4607e-14;5.96856e-13;-3.92575e-14;8.72191e-14;1.44595e-13;-3.2081e-13;9.13936e-14;1.24345e-13;-1.00364e-14;1.08358e-13;-1.21503e-13;-9.8721e-14;-3.05533e-14;-7.29194e-14,32.0,0.8,500
8,32,0.5,2.0,1,1.0,24.146791657886492,-7.097622907327823,4.253010829726715,-2.729715630460051,128.98832443524364,13.771072649353997,14.381636324741834,0.9787615247005629,71.77527944773895,0.650150490714324,24.967337903722335,0.16024589398767747,137.4579222798839,11.890160147440538,23.282414306798508,1.0807053642196107,0;0.05;0.1;0.15;0.2;0.25;0.3;0.35;0.4;0.45;0.5;0.55;0.6;0.65;0.7;0.75;0.8,-7.09762;-6.37249;-5.68724;-5.05285;-4.4959;-4.01713;-3.60395;-3.24596;-2.93942;-2.67602;-2.44962;-2.25235;-2.08085;-1.92903;-1.79245;-1.67007;-1.56037,13.7711;7.18843;3.64036;1.74881;0.772063;0.289386;0.0659532;-0.0281492;-0.0629925;-0.0689361;-0.0707679;-0.0766859;-0.0938914;-0.120187;-0.156283;-0.204533;-0.265764,0.65015;0.497864;0.409901;0.316256;0.261573;0.224755;0.197564;0.147964;0.112982;0.100171;0.0833574;0.0959141;0.0908624;0.0860477;0.0975901;0.100035;0.114011,11.8902;7.7773;4.99898;3.1136;1.85454;1.004;0.455189;0.0953114;-0.1413;-0.285056;-0.379851;-0.442589;-0.482424;-0.511762;-0.533418;-0.55987;-0.58725,32.0,0.8,500
8,32,0.5,2.0,2,1.0,24.151124437514024,-7.101523002924813,4.253521296841922,-2.7307128764798128,128.95080177157098,13.773836669721302,14.379743041065774,0.9819808287671222,71.85662363281456,0.7424356121931652,25.008120161836672,0.19937579734287894,137.47577901107172,11.878785494309863,23.291081361454022,1.0818063513082445,0;0.05;0.1;0.15;0.2;0.25;0.3;0.35;0.4;0.45;0.5;0.55;0.6;0.65;0.7;0.75;0.8,-7.10152;-6.38656;-5.68794;-5.0601;-4.50326;-4.01968;-3.60637;-3.24786;-2.93996;-2.67624;-2.45027;-2.25179;-2.07766;-1.92356;-1.78713;-1.66664;-1.55694,13.7738;7.20131;3.63978;1.75355;0.777853;0.297084;0.0685053;-0.0233379;-0.0562441;-0.0641194;-0.0672724;-0.0750404;-0.0912363;-0.117296;-0.154261;-0.203891;-0.265367,0.742436;0.561149;0.452808;0.371817;0.311406;0.27361;0.240874;0.186969;0.185813;0.189182;0.170034;0.147265;0.123861;0.121068;0.108476;0.113503;0.116926,11.8788;7.79204;4.99128;3.10963;1.84969;1.00677;0.454522;0.0938822;-0.139244;-0.283436;-0.378739;-0.437034;-0.480035;-0.505455;-0.530388;-0.555893;-0.581746,32.0,0.8,500
8,32,0.5,2.0,3,1.0,24.1436940952292,-7.1064002727218964,4.248714574585809,-2.734651752372548,128.95910397343133,13.782770410984174,14.374195910379758,0.9799881092100753,71.88585248726059,0.7061772716830046,24.96126870179649,0.16334948969464178,137.43728674087134,11.873829096006313,23.271349908410546,1.0739074573050877,0;0.05;0.1;0.15;0.2;0.25;0.3;0.35;0.4;0.45;0.5;0.55;0.6;0.65;0.7;0.75;0.8,-7.1064;-6.37862;-5.68351;-5.06034;-4.5016;-4.02211;-3.60724;-3.25006;-2.94393;-2.68336;-2.45684;-2.25992;-2.08666;-1.93609;-1.80208;-1.68135;-1.57223,13.7828;7.19611;3.63929;1.75007;0.77586;0.293178;0.0654766;-0.0273119;-0.0614711;-0.0711524;-0.0720165;-0.0785843;-0.0930288;-0.117698;-0.154537;-0.20369;-0.26423,0.706177;0.52704;0.412524;0.320787;0.268321;0.212378;0.191102;0.168139;0.152668;0.111282;0.0912533;0.0667999;0.0690114;0.0787267;0.0795677;0.106741;0.115117,11.8738;7.76314;4.97527;3.11138;1.84879;1.00351;0.448952;0.0910615;-0.144847;-0.297691;-0.393492;-0.450128;-0.492708;-0.51881;-0.541063;-0.565689;-0.59286,32.0,0.8,500
8,32,0.5,2.0,4,1.0,24.151194388126513,-7.107939915856571,4.255674391451213,-2.733925412444941,129.0104303140767,13.797458196083756,14.378932385856169,0.9815473824249061,71.79093472463043,0.6963460554656692,24.94349909592874,0.16194945860611187,137.47606398133578,11.87152854395892,23.282196195273446,1.073417732763924,0;0.05;0.1;0.15;0.2;0.25;0.3;0.35;0.4;0.45;0.5;0.55;0.6;0.65;0.7;0.75;0.8,-7.10794;-6.37805;-5.68363;-5.05852;-4.50195;-4.02079;-3.60536;-3.25177;-2.94382;-2.68299;-2.45638;-2.26076;-2.08791;-1.93338;-1.79835;-1.67733;-1.56712,13.7975;7.19765;3.63431;1.75418;0.782507;0.298089;0.0701737;-0.0256662;-0.0594233;-0.0674112;-0.0714157;-0.0774437;-0.0913303;-0.118268;-0.155517;-0.204959;-0.266492,0.696346;0.523527;0.390593;0.33616;0.284448;0.234372;0.200141;0.159506;0.130406;0.119763;0.0928969;0.0893942;0.0884663;0.0750276;0.0661648;0.0627346;0.0744342,11.8715;7.76927;4.97859;3.1007;1.84106;1.00058;0.444785;0.0856305;-0.149687;-0.299654;-0.392561;-0.447662;-0.488895;-0.515518;-0.538227;-0.562249;-0.587157,32.0,0.8,500
8,32,0.5,2.0,5,1.0,24.157412588333887,-7.086879406285123,4.265210365829081,-2.7158839303115108,128.96680445629983,13.772830918269573,14.379588422184412,0.9809509469930019,71.85944550141194,0.7279333407791686,24.953053731874984,0.15707418072179383,137.45471347766497,11.875401368954305,23.281442239034835,1.0789957094711202,0;0.05;0.1;0.15;0.2;0.25;0.3;0.35;0.4;0.45;0.5;0.55;0.6;0.65;0.7;0.75;0.8,-7.08688;-6.35798;-5.66952;-5.03884;-4.48566;-4.00154;-3.58473;-3.22984;-2.92033;-2.66167;-2.43346;-2.2345;-2.06065;-1.90822;-1.77114;-1.64794;-1.53646,13.7728;7.18403;3.62891;1.74862;0.781184;0.295446;0.0746542;-0.0207188;-0.0563011;-0.0614985;-0.0659214;-0.0732103;-0.089184;-0.116589;-0.155382;-0.206753;-0.269377,0.727933;0.528715;0.394444;0.321683;0.264992;0.204147;0.169792;0.156035;0.129873;0.103357;0.0920551;0.0953606;0.0687481;0.0635129;0.0610655;0.0781707;0.0911341,11.8754;7.74786;4.9851;3.09628;1.85381;1.01504;0.455653;0.0896884;-0.139362;-0.284847;-0.38003;-0.439699;-0.477322;-0.505353;-0.530777;-0.554826;-0.578008,32.0,0.8,500
8,32,0.5,2.0,6,1.0,24.149518198973617,-7.1087685030551,4.2565923791090166,-2.7316713910624446,128.97586107801038,13.781474723993568,14.381712806993553,0.980809624562694,71.86464514485003,0.7326326115398232,24.998567871326408,0.19606687010224594,137.47994335531652,11.900743451730587,23.287012585778903,1.0834204397749154,0;0.05;0.1;0.15;0.2;0.25;0.3;0.35;0.4;0.45;0.5;0.55;0.6;0.65;0.7;0.75;0.8,-7.10877;-6.3807;-5.68407;-5.06108;-4.50395;-4.02092;-3.60556;-3.2469;-2.94068;-2.67844;-2.45038;-2.25443;-2.07925;-1.92826;-1.79179;-1.67163;-1.56197,13.7815;7.18601;3.62858;1.74853;0.778329;0.294622;0.0746701;-0.0179061;-0.0542471;-0.0645973;-0.0688792;-0.0767446;-0.090664;-0.117052;-0.155218;-0.206175;-0.267593,0.732633;0.566735;0.445599;0.346417;0.29815;0.266985;0.25194;0.221308;0.178391;0.162663;0.151699;0.136015;0.129228;0.123071;0.112635;0.113489;0.101393,11.9007;7.79163;5.00393;3.12231;1.85723;1.01418;0.460705;0.1002;-0.135592;-0.283943;-0.378535;-0.441991;-0.480415;-0.511644;-0.538587;-0.56563;-0.591626,32.0,0.8,500
8,32,0.5,3.0,1,1.0,21.230268190678323,-9.118808761298316,2.801978512472236,-2.4804092384472596,134.09549484575263,20.458349570102712,13.037953175496336,1.3499762272238478,72.04750842739432,1.9128589130076683,18.276947685646928,0.34456738586046354,140.82153124382086,18.216993827264382,19.839105625066587,1.6506164478501681,0;0.05;0.1;0.15;0.2;0.25;0.3;0.35;0.4;0.45;0.5;0.55;0.6;0.65;0.7;0.75;0.8,-9.11881;-7.60504;-6.33304;-5.26775;-4.39958;-3.69061;-3.11213;-2.63923;-2.25315;-1.93611;-1.6746;-1.45638;-1.27564;-1.12403;-0.995823;-0.887515;-0.796309,20.4583;10.0069;4.70905;2.06371;0.796721;0.224578;-0.0165105;-0.0993699;-0.114108;-0.102324;-0.0902664;-0.0873741;-0.0860028;-0.0978794;-0.114559;-0.137957;-0.168532,1.91286;1.38296;1.0349;0.807072;0.60918;0.498091;0.361577;0.307053;0.228586;0.17148;0.121175;0.104962;0.0781516;0.0595525;0.0683664;0.0670895;0.0694493,18.217;11.3788;6.98445;4.16612;2.37018;1.23834;0.549431;0.125327;-0.119154;-0.257186;-0.334526;-0.373728;-0.393121;-0.402897;-0.406975;-0.412952;-0.416533,32.0,0.8,500
8,32,0.5,3.0,2,1.0,21.238986166768868,-9.124399436146872,2.8055839364935933,-2.4820277789968306,134.1332492295353,20.480433638029577,13.046287192884586,1.3572062905390319,72.07089444981665,1.9568885914532341,18.281367208602187,0.3429473513273198,140.9077423313105,18.24899463050973,19.855099856851098,1.6556940859603961,0;0.05;0.1;0.15;0.2;0.25;0.3;0.35;0.4;0.45;0.5;0.55;0.6;0.65;0.7;0.75;0.8,-9.1244;-7.61517;-6.33426;-5.27357;-4.4018;-3.69286;-3.11688;-2.64226;-2.25598;-1.93868;-1.67577;-1.45752;-1.27505;-1.12166;-0.993665;-0.886084;-0.794311,20.4804;10.0287;4.71368;2.07423;0.807007;0.239921;-0.00322361;-0.0830958;-0.0979616;-0.0928179;-0.0840349;-0.0788872;-0.0828141;-0.0957422;-0.114253;-0.140799;-0.172013,1.95689;1.38301;0.992826;0.763784;0.562976;0.469082;0.334478;0.263223;0.227492;0.17403;0.16584;0.141529;0.113822;0.0902213;0.0851485;0.0740124;0.0780629,18.249;11.4121;6.98377;4.16027;2.37473;1.2543;0.565869;0.141983;-0.106965;-0.25769;-0.338227;-0.374285;-0.394467;-0.403268;-0.406725;-0.413165;-0.417646,32.0,0.8,500
8,32,0.5,3.0,3,1.0,21.245815364374515,-9.117864287169244,2.8056435219863305,-2.4740251981454273,134.08147749359082,20.466245158490146,13.036855796524947,1.3552560579154591,72.36778543326731,2.143650649310678,18.361752643126376,0.4011694332731408,140.94706773773862,18.216626174953685,19.847249427679902,1.6485869959922603,0;0.05;0.1;0.15;0.2;0.25;0.3;0.35;0.4;0.45;0.5;0.55;0.6;0.65;0.7;0.75;0.8,-9.11786;-7.59917;-6.31552;-5.2608;-4.38871;-3.68186;-3.10237;-2.62996;-2.24494;-1.93016;-1.66747;-1.44966;-1.26846;-1.11688;-0.989634;-0.881117;-0.789712,20.4662;10.027;4.72082;2.0819;0.80994;0.231512;-0.00766633;-0.0882473;-0.103622;-0.103158;-0.0914627;-0.082969;-0.0856158;-0.0955488;-0.114586;-0.140086;-0.17236,2.14365;1.50931;1.14825;0.862513;0.647875;0.507328;0.414998;0.358879;0.287469;0.252425;0.200176;0.17789;0.167444;0.135697;0.118094;0.107592;0.111257,18.2166;11.3596;6.95197;4.15047;2.36945;1.24492;0.555006;0.134383;-0.11503;-0.255801;-0.334236;-0.371229;-0.397441;-0.405019;-0.405874;-0.410058;-0.4153,32.0,0.8,500
8,32,0.5,3.0,4,1.0,21.230875927287354,-9.125221627110722,2.8036987922902763,-2.478290024378835,134.1319174843943,20.499867937133608,13.04077456434633,1.3592724756894583,72.31081864010002,2.0779072263605123,18.28559399397897,0.3522342778963716,140.81528072906062,18.160522650792743,19.828360426483975,1.6351808641958407,0;0.05;0.1;0.15;0.2;0.25;0.3;0.35;0.4;0.45;0.5;0.55;0.6;0.65;0.7;0.75;0.8,-9.12522;-7.60365;-6.32047;-5.26353;-4.3928;-3.68528;-3.10761;-2.63872;-2.25063;-1.93471;-1.67322;-1.45672;-1.2757;-1.12208;-0.994142;-0.886701;-0.794481,20.4999;10.0337;4.72108;2.0936;0.824118;0.242029;-0.000256851;-0.0890308;-0.104541;-0.0940072;-0.0854921;-0.0799438;-0.0848489;-0.0956704;-0.115678;-0.142236;-0.174596,2.07791;1.46182;1.08692;0.815822;0.586405;0.433411;0.315848;0.257323;0.203296;0.180164;0.159294;0.122523;0.106602;0.0913945;0.0875208;0.0647371;0.0653109,18.1605;11.3386;6.94183;4.12676;2.34008;1.22708;0.533502;0.11028;-0.13129;-0.27241;-0.349413;-0.387987;-0.406634;-0.413524;-0.41205;-0.414169;-0.414648,32.0,0.8,500
8,32,0.5,3.0,5,1.0,21.240526014363194,-9.120620763394962,2.8040392973378045,-2.478831334408773,134.10766318935734,20.460180666612967,13.044940717096543,1.356807971690562,71.81716917265769,1.6956162121461156,18.172843546478152,0.24574740875245932,140.88375728262346,18.192102433064274,19.844567615718567,1.6432414430782571,0;0.05;0.1;0.15;0.2;0.25;0.3;0.35;0.4;0.45;0.5;0.55;0.6;0.65;0.7;0.75;0.8,-9.12062;-7.60472;-6.32585;-5.26588;-4.39668;-3.68141;-3.10631;-2.63921;-2.24921;-1.93623;-1.67452;-1.45664;-1.27612;-1.12407;-0.995223;-0.886523;-0.795437,20.4602;10.0193;4.71267;2.07674;0.822156;0.243099;0.00220559;-0.0852324;-0.102565;-0.0930071;-0.0870902;-0.0821258;-0.0828775;-0.0951933;-0.114669;-0.140998;-0.17271,1.69562;1.13469;0.727935;0.491939;0.356498;0.262067;0.213751;0.195986;0.142031;0.121108;0.0971954;0.0681566;0.0806479;0.0472554;0.0414136;0.0538;0.0653388,18.1921;11.316;6.96069;4.14448;2.36915;1.24808;0.54813;0.120307;-0.115698;-0.262131;-0.341479;-0.381034;-0.401665;-0.407874;-0.408509;-0.411225;-0.416974,32.0,0.8,500
8,32,0.5,3.0,6,1.0,21.22783173473503,-9.130685129506102,2.805592866962428,-2.480533337017165,134.07020509271894,20.476062152193926,13.04359122623211,1.3581731086557807,72.0336358700012,1.947337027624052,18.25921474953538,0.3394637791402773,141.0017882779222,18.342133144485622,19.860890653763562,1.6680163446888425,0;0.05;0.1;0.15;0.2;0.25;0.3;0.35;0.4;0.45;0.5;0.55;0.6;0.65;0.7;0.75;0.8,-9.13069;-7.61343;-6.3276;-5.27286;-4.40024;-3.68971;-3.1114;-2.64024;-2.25254;-1.93529;-1.67259;-1.45655;-1.27379;-1.12179;-0.993483;-0.886306;-0.794994,20.4761;10.021;4.70316;2.08888;0.819219;0.237853;0.00261447;-0.0805373;-0.0966269;-0.0880709;-0.0812416;-0.0783885;-0.0810093;-0.0949486;-0.115908;-0.142879;-0.175285,1.94734;1.32937;0.956627;0.686949;0.57334;0.450754;0.338264;0.274318;0.237321;0.201854;0.167335;0.149928;0.132575;0.110325;0.0910623;0.0781582;0.0748523,18.3421;11.4584;7.02322;4.20483;2.40539;1.27297;0.578191;0.148054;-0.108935;-0.25133;-0.333647;-0.375608;-0.395592;-0.404625;-0.408409;-0.414417;-0.418546,32.0,0.8,500
8,32,0.6,0.0,1,1.0,32.0,-6.066258606551855e-14,12.72417268372292,-3.2557290197132716e-14,113.67602111697659,-8.29913915367797e-13,17.502853442116514,2.7650104428289525e-15,70.5573770491801,-4.654054919228656e-13,51.82954979707224,6.02007332872745e-14,128.0,-1.98596694644948e-13,31.102118118577017,-3.1649127762989337e-14,0;0.05;0.1;0.15;0.2;0.25;0.3;0.35;0.4;0.45;0.5;0.55;0.6;0.65;0.7;0.75;0.8,-6.06626e-14;-8.26894e-14;1.26299e-13;-1.36247e-13;-8.50875e-14;-5.28466e-14;4.88498e-14;-1.35092e-13;-1.50324e-13;6.01297e-14;1.65645e-14;-4.583e-14;-3.46834e-14;5.13811e-14;-1.8785e-14;-1.53477e-13;-5.79536e-14,-8.29914e-13;1.09068e-13;8.18368e-13;-5.05374e-13;-7.30083e-14;-4.60965e-14;-6.71463e-14;1.93978e-13;-3.91243e-14;-6.91447e-14;2.56684e-14;8.41993e-14;1.8674e-14;1.66644e-14;-1.02029e-14;1.6509e-14;-5.55112e-15,-4.65405e-13;6.07869e-13;9.90141e-13;-1.65912e-13;2.58993e-13;-4.30767e-13;-2.53486e-13;-6.70219e-13;5.83533e-13;-4.83169e-13;-1.17417e-12;6.38778e-13;3.52429e-13;7.9261e-13;8.56204e-14;2.58638e-13;9.166e-14,-1.98597e-13;-1.37135e-13;-2.96296e-13;-3.61666e-13;6.33804e-13;-3.87246e-13;5.27578e-13;-1.75771e-13;-1.75238e-13;-1.80478e-13;-1.96909e-13;1.41043e-13;1.57785e-13;-9.1438e-14;2.63789e-14;-6.25722e-14;8.89511e-14,32.0,0.8,500
8,32,0.6,0.0,2,1.0,32.0,-6.066258606551855e-14,12.72417268372292,-3.2557290197132716e-14,113.67602111697659,-8.29913915367797e-13,17.502853442116514,2.7650104428289525e-15,70.5573770491801,-4.654054919228656e-13,51.82954979707224,6.02007332872745e-14,128.0,-1.98596694644948e-13,31.102118118577017,-3.1649127762989337e-14,0;0.05;0.1;0.15;0.2;0.25;0.3;0.35;0.4;0.45;0.5;0.55;0.6;0.65;0.7;0.75;0.8,-6.06626e-14;-8.26894e-14;1.26299e-13;-1.36247e-13;-8.50875e-14;-5.28466e-14;4.88498e-14;-1.35092e-13;-1.50324e-13;6.01297e-14;1.65645e-14;-4.583e-14;-3.46834e-14;5.13811e-14;-1.8785e-14;-1.53477e-13;-5.79536e-14,-8.29914e-13;1.09068e-13;8.18368e-13;-5.05374e-13;-7.30083e-14;-4.60965e-14;-6.71463e-14;1.93978e-13;-3.91243e-14;-6.91447e-14;2.56684e-14;8.41993e-14;1.8674e-14;1.66644e-14;-1.02029e-14;1.6509e-14;-5.55112e-15,-4.65405e-13;6.07869e-13;9.90141e-13;-1.65912e-13;2.58993e-13;-4.30767e-13;-2.53486e-13;-6.70219e-13;5.83533e-13;-4.83169e-13;-1.17417e-12;6.38778e-13;3.52429e-13;7.9261e-13;8.56204e-14;2.58638e-13;9.166e-14,-1.98597e-13;-1.37135e-13;-2.96296e-13;-3.61666e-13;6.33804e-13;-3.87246e-13;5.27578e-13;-1.75771e-13;-1.75238e-13;-1.80478e-13;-1.96909e-13;1.41043e-13;1.57785e-13;-9.1438e-14;2.63789e-14;-6.25722e-14;8.89511e-14,32.0,0.8,500
8,32,0.6,0.0,3,1.0,32.0,-6.066258606551855e-14,12.72417268372292,-3.2557290197132716e-14,113.67602111697659,-8.29913915367797e-13,17.502853442116514,2.7650104428289525e-15,70.5573770491801,-4.654054919228656e-13,51.82954979707224,6.02007332872745e-14,128.0,-1.98596694644948e-13,31.102118118577017,-3.1649127762989337e-14,0;0.05;0.1;0.15;0.2;0.25;0.3;0.35;0.4;0.45;0.5;0.55;0.6;0.65;0.7;0.75;0.8,-6.06626e-14;-8.26894e-14;1.26299e-13;-1.36247e-13;-8.50875e-14;-5.28466e-14;4.88498e-14;-1.35092e-13;-1.50324e-13;6.01297e-14;1.65645e-14;-4.583e-14;-3.46834e-14;5.13811e-14;-1.8785e-14;-1.53477e-13;-5.79536e-14,-8.29914e-13;1.09068e-13;8.18368e-13;-5.05374e-13;-7.30083e-14;-4.60965e-14;-6.71463e-14;1.93978e-13;-3.91243e-14;-6.91447e-14;2.56684e-14;8.41993e-14;1.8674e-14;1.66644e-14;-1.02029e-14;1.6509e-14;-5.55112e-15,-4.65405e-13;6.07869e-13;9.90141e-13;-1.65912e-13;2.58993e-13;-4.30767e-13;-2.53486e-13;-6.70219e-13;5.83533e-13;-4.83169e-13;-1.17417e-12;6.38778e-13;3.52429e-13;7.9261e-13;8.56204e-14;2.58638e-13;9.166e-14,-1.98597e-13;-1.37135e-13;-2.96296e-13;-3.61666e-13;6.33804e-13;-3.87246e-13;5.27578e-13;-1.75771e-13;-1.75238e-13;-1.80478e-13;-1.96909e-13;1.41043e-13;1.57785e-13;-9.1438e-14;2.63789e-14;-6.25722e-14;8.89511e-14,32.0,0.8,500
8,32,0.6,0.0,4,1.0,32.0,-6.066258606551855e-14,12.72417268372292,-3.2557290197132716e-14,113.67602111697659,-8.29913915367797e-13,17.502853442116514,2.7650104428289525e-15,70.5573770491801,-4.654054919228656e-13,51.82954979707224,6.02007332872745e-14,128.0,-1.98596694644948e-13,31.102118118577017,-3.1649127762989337e-14,0;0.05;0.1;0.15;0.2;0.25;0.3;0.35;0.4;0.45;0.5;0.55;0.6;0.65;0.7;0.75;0.8,-6.06626e-14;-8.26894e-14;1.26299e-13;-1.36247e-13;-8.50875e-14;-5.28466e-14;4.88498e-14;-1.35092e-13;-1.50324e-13;6.01297e-14;1.65645e-14;-4.583e-14;-3.46834e-14;5.13811e-14;-1.8785e-14;-1.53477e-13;-5.79536e-14,-8.29914e-13;1.09068e-13;8.18368e-13;-5.05374e-13;-7.30083e-14;-4.60965e-14;-6.71463e-14;1.93978e-13;-3.91243e-14;-6.91447e-14;2.56684e-14;8.41993e-14;1.8674e-14;1.66644e-14;-1.02029e-14;1.6509e-14;-5.55112e-15,-4.65405e-13;6.07869e-13;9.90141e-13;-1.65912e-13;2.58993e-13;-4.30767e-13;-2.53486e-13;-6.70219e-13;5.83533e-13;-4.83169e-13;-1.17417e-12;6.38778e-13;3.52429e-13;7.9261e-13;8.56204e-14;2.58638e-13;9.166e-14,-1.98597e-13;-1.37135e-13;-2.96296e-13;-3.61666e-13;6.33804e-13;-3.87246e-13;5.27578e-13;-1.75771e-13;-1.75238e-13;-1.80478e-13;-1.96909e-13;1.41043e-13;1.57785e-13;-9.1438e-14;2.63789e-14;-6.25722e-14;8.89511e-14,32.0,0.8,500
8,32,0.6,0.0,5,1.0,32.0,-6.066258606551855e-14,12.72417268372292,-3.2557290197132716e-14,113.67602111697659,-8.29913915367797e-13,17.502853442116514,2.7650104428289525e-15,70.5573770491801,-4.654054919228656e-13,51.82954979707224,6.02007332872745e-14,128.0,-1.98596694644948e-13,31.102118118577017,-3.1649127762989337e-14,0;0.05;0.1;0.15;0.2;0.25;0.3;0.35;0.4;0.45;0.5;0.55;0.6;0.65;0.7;0.75;0.8,-6.06626e-14;-8.26894e-14;1.26299e-13;-1.36247e-13;-8.50875e-14;-5.28466e-14;4.88498e-14;-1.35092e-13;-1.50324e-13;6.01297e-14;1.65645e-14;-4.583e-14;-3.46834e-14;5.13811e-14;-1.8785e-14;-1.53477e-13;-5.79536e-14,-8.29914e-13;1.09068e-13;8.18368e-13;-5.05374e-13;-7.30083e-14;-4.60965e-14;-6.71463e-14;1.93978e-13;-3.91243e-14;-6.91447e-14;2.56684e-14;8.41993e-14;1.8674e-14;1.66644e-14;-1.02029e-14;1.6509e-14;-5.55112e-15,-4.65405e-13;6.07869e-13;9.90141e-13;-1.65912e-13;2.58993e-13;-4.30767e-13;-2.53486e-13;-6.70219e-13;5.83533e-13;-4.83169e-13;-1.17417e-12;6.38778e-13;3.52429e-13;7.9261e-13;8.56204e-14;2.58638e-13;9.166e-14,-1.98597e-13;-1.37135e-13;-2.96296e-13;-3.61666e-13;6.33804e-13;-3.87246e-13;5.27578e-13;-1.75771e-13;-1.75238e-13;-1.80478e-13;-1.96909e-13;1.41043e-13;1.57785e-13;-9.1438e-14;2.63789e-14;-6.25722e-14;8.89511e-14,32.0,0.8,500
8,32,0.6,0.0,6,1.0,32.0,-6.066258606551855e-14,12.72417268372292,-3.2557290197132716e-14,113.67602111697659,-8.29913915367797e-13,17.502853442116514,2.7650104428289525e-15,70.5573770491801,-4.654054919228656e-13,51.82954979707224,6.02007332872745e-14,128.0,-1.98596694644948e-13,31.102118118577017,-3.1649127762989337e-14,0;0.05;0.1;0.15;0.2;0.25;0.3;0.35;0.4;0.45;0.5;0.55;0.6;0.65;0.7;0.75;0.8,-6.06626e-14;-8.26894e-14;1.26299e-13;-1.36247e-13;-8.50875e-14;-5.28466e-14;4.88498e-14;-1.35092e-13;-1.50324e-13;6.01297e-14;1.65645e-14;-4.583e-14;-3.46834e-14;5.13811e-14;-1.8785e-14;-1.53477e-13;-5.79536e-14,-8.29914e-13;1.09068e-13;8.18368e-13;-5.05374e-13;-7.30083e-14;-4.60965e-14;-6.71463e-14;1.93978e-13;-3.91243e-14;-6.91447e-14;2.56684e-14;8.41993e-14;1.8674e-14;1.66644e-14;-1.02029e-14;1.6509e-14;-5.55112e-15,-4.65405e-13;6.07869e-13;9.90141e-13;-1.65912e-13;2.58993e-13;-4.30767e-13;-2.53486e-13;-6.70219e-13;5.83533e-13;-4.83169e-13;-1.17417e-12;6.38778e-13;3.52429e-13;7.9261e-13;8.56204e-14;2.58638e-13;9.166e-14,-1.98597e-13;-1.37135e-13;-2.96296e-13;-3.61666e-13;6.33804e-13;-3.87246e-13;5.27578e-13;-1.75771e-13;-1.75238e-13;-1.80478e-13;-1.96909e-13;1.41043e-13;1.57785e-13;-9.1438e-14;2.63789e-14;-6.25722e-14;8.89511e-14,32.0,0.8,500
8,32,0.6,2.0,1,1.0,24.591295064873737,-6.752078644468161,4.2347354177997385,-2.553861835581151,125.4199455383761,12.809516975315933,13.831956764414482,0.8953566202431478,70.41226963853958,0.6129050983468997,24.77478660386932,0.1579639368810476,137.21182257838592,11.275568611744974,21.41555576758223,0.8410522590584387,0;0.05;0.1;0.15;0.2;0.25;0.3;0.35;0.4;0.45;0.5;0.55;0.6;0.65;0.7;0.75;0.8,-6.75208;-6.05603;-5.38322;-4.76536;-4.2229;-3.75686;-3.35775;-3.01651;-2.72558;-2.4757;-2.26275;-2.07987;-1.92048;-1.77802;-1.65079;-1.53475;-1.42922,12.8095;6.57946;3.25899;1.52805;0.652081;0.232374;0.0473368;-0.0245032;-0.0449479;-0.0451386;-0.0439804;-0.0510399;-0.0660049;-0.091557;-0.12905;-0.179052;-0.241299,0.612905;0.466758;0.376852;0.292656;0.238779;0.209103;0.185476;0.160993;0.117805;0.105369;0.0976635;0.103003;0.11964;0.108;0.107238;0.106304;0.114378,11.2756;6.93879;4.12932;2.32395;1.18214;0.463779;0.0385091;-0.211587;-0.350378;-0.415311;-0.446096;-0.457603;-0.453426;-0.448021;-0.443506;-0.442895;-0.448818,32.0,0.8,500
8,32,0.6,2.0,2,1.0,24.5842893670713,-6.751538922326583,4.235674051878306,-2.5462116396865135,125.4133405655721,12.82915899685661,13.831885611248572,0.8984545249388152,70.40114998531618,0.579542713700544,24.742501905541115,0.13886766793354183,137.21810774895928,11.285023080154412,21.42249438933457,0.8470449987723427,0;0.05;0.1;0.15;0.2;0.25;0.3;0.35;0.4;0.45;0.5;0.55;0.6;0.65;0.7;0.75;0.8,-6.75154;-6.05897;-5.37876;-4.76263;-4.21745;-3.74862;-3.34975;-3.0054;-2.71473;-2.46587;-2.25247;-2.06747;-1.90519;-1.76138;-1.63383;-1.51899;-1.41389,12.8292;6.59025;3.26298;1.52746;0.653238;0.238758;0.0534183;-0.0158017;-0.0365027;-0.0387981;-0.0413286;-0.0492619;-0.0651864;-0.0910328;-0.129844;-0.181319;-0.245049,0.579543;0.426239;0.311206;0.24636;0.190839;0.151187;0.126574;0.107876;0.108466;0.113506;0.106145;0.115472;0.113987;0.11429;0.0990535;0.103321;0.106119,11.285;6.95764;4.1348;2.33043;1.18767;0.4724;0.0417789;-0.209492;-0.349245;-0.415754;-0.443333;-0.446086;-0.444195;-0.437098;-0.431424;-0.431501;-0.436396,32.0,0.8,500
8,32,0.6,2.0,3,1.0,24.587781974223144,-6.758495176585159,4.236857251143342,-2.5504094547127116,125.4469672763186,12.843134039856,13.831888413971399,0.9007537318004044,70.42394986742943,0.6564794048373642,24.724726068810064,0.14373898905343113,137.2440405703582,11.282233694344528,21.417532830354485,0.8400297010791856,0;0.05;0.1;0.15;0.2;0.25;0.3;0.35;0.4;0.45;0.5;0.55;0.6;0.65;0.7;0.75;0.8,-6.7585;-6.05691;-5.37873;-4.76788;-4.221;-3.75379;-3.35438;-3.01098;-2.7194;-2.47293;-2.25859;-2.07299;-1.91112;-1.76908;-1.64245;-1.52772;-1.42199,12.8431;6.59844;3.27085;1.53452;0.660799;0.241983;0.055108;-0.0144595;-0.0372473;-0.0406902;-0.0385034;-0.0460175;-0.0626298;-0.0909458;-0.130939;-0.183053;-0.247414,0.656479;0.463962;0.365918;0.276281;0.221997;0.175936;0.164865;0.140983;0.115808;0.093102;0.082507;0.0779086;0.0844434;0.0755531;0.0758063;0.0809348;0.10107,11.2822;6.93665;4.12432;2.32262;1.17654;0.462177;0.0320785;-0.217553;-0.352254;-0.421834;-0.44751;-0.453194;-0.4519;-0.444152;-0.44066;-0.441895;-0.447895,32.0,0.8,500
8,32,0.6,2.0,4,1.0,24.60040693365061,-6.753068099666012,4.245267268326075,-2.5467734837533045,125.44815587985985,12.83421727074182,13.833096022547721,0.9000799877747244,70.40488170941454,0.6049631256310519,24.735732864288366,0.1355150172429755,137.24057472010526,11.267838819878396,21.422127867314465,0.8371127152636418,0;0.05;0.1;0.15;0.2;0.25;0.3;0.35;0.4;0.45;0.5;0.55;0.6;0.65;0.7;0.75;0.8,-6.75307;-6.0522;-5.37414;-4.76305;-4.21811;-3.74723;-3.34487;-3.00742;-2.71512;-2.46726;-2.25432;-2.07055;-1.91006;-1.76567;-1.63877;-1.52238;-1.41556,12.8342;6.59143;3.26425;1.53636;0.666292;0.24333;0.0550996;-0.0185351;-0.0387499;-0.0401681;-0.0416851;-0.0459507;-0.0619771;-0.0898256;-0.129777;-0.182541;-0.246135,0.604963;0.422527;0.32739;0.250298;0.206282;0.160523;0.147427;0.118812;0.117356;0.100131;0.0832829;0.0736848;0.0774363;0.089014;0.0826303;0.0979772;0.106094,11.2678;6.93049;4.10809;2.314;1.17293;0.465375;0.0350749;-0.21822;-0.352753;-0.422837;-0.454541;-0.460908;-0.456245;-0.448166;-0.441935;-0.439824;-0.444371,32.0,0.8,500
8,32,0.6,2.0,5,1.0,24.58685825421324,-6.771871413225805,4.225566055326807,-2.5699196614908084,125.4350244665734,12.810741154276462,13.836330686799494,0.8974420410862736,70.37350682332564,0.6129245736084166,24.749676863050336,0.1517267309612099,137.26125986215195,11.292425395766367,21.430551278624627,0.848720087886635,0;0.05;0.1;0.15;0.2;0.25;0.3;0.35;0.4;0.45;0.5;0.55;0.6;0.65;0.7;0.75;0.8,-6.77187;-6.07492;-5.40405;-4.78418;-4.24279;-3.77499;-3.37441;-3.03583;-2.74167;-2.49682;-2.28363;-2.09988;-1.94087;-1.80012;-1.67244;-1.55854;-1.45467,12.8107;6.57421;3.25918;1.52921;0.659386;0.236809;0.0512011;-0.0194201;-0.0404447;-0.0392343;-0.0395482;-0.0453445;-0.0622143;-0.0903669;-0.129119;-0.179777;-0.242114,0.612925;0.472124;0.360723;0.299235;0.246129;0.221989;0.189604;0.164659;0.139855;0.113011;0.101662;0.0928804;0.0811971;0.0746992;0.0749312;0.0610701;0.068609,11.2924;6.94305;4.14346;2.33538;1.19843;0.489485;0.0540052;-0.203719;-0.33786;-0.406957;-0.43872;-0.449011;-0.449058;-0.443619;-0.440413;-0.442275;-0.447966,32.0,0.8,500
8,32,0.6,2.0,6,1.0,24.581696917334288,-6.756647216641393,4.235277345359988,-2.5508260020180997,125.39114273704585,12.813458249475605,13.828220346982087,0.8984185521974034,70.41510133457044,0.6504259860230341,24.72849366972119,0.15075780828368646,137.22644323467253,11.302947629725141,21.41997789016336,0.8455463409110016,0;0.05;0.1;0.15;0.2;0.25;0.3;0.35;0.4;0.45;0.5;0.55;0.6;0.65;0.7;0.75;0.8,-6.75665;-6.05853;-5.37979;-4.767;-4.22212;-3.75148;-3.35087;-3.0091;-2.71935;-2.47298;-2.25921;-2.07663;-1.91355;-1.77131;-1.64426;-1.52966;-1.4247,12.8135;6.57647;3.25594;1.52757;0.656572;0.239872;0.0590207;-0.0129388;-0.0350002;-0.0366866;-0.0389179;-0.0460316;-0.0603861;-0.0897948;-0.129548;-0.182027;-0.244935,0.650426;0.464716;0.335181;0.259488;0.22422;0.192647;0.171542;0.171288;0.140899;0.109594;0.0845649;0.0855195;0.101732;0.0974392;0.0873605;0.112669;0.102168,11.3029;6.95875;4.13545;2.32927;1.18393;0.472381;0.0437656;-0.210002;-0.351545;-0.417085;-0.444988;-0.45286;-0.449451;-0.441875;-0.437529;-0.437227;-0.443053,32.0,0.8,500
8,32,0.6,3.0,1,1.0,21.772752010951304,-8.790923648391251,2.8192300694943313,-2.372108324844279,130.3252608039583,19.067654285180343,12.56744248891778,1.2402685360739034,70.52001872116058,1.6375303042941378,18.122811946896718,0.2750661273721414,140.7876652168918,17.364339563804037,18.485090683531944,1.3399825718195735,0;0.05;0.1;0.15;0.2;0.25;0.3;0.35;0.4;0.45;0.5;0.55;0.6;0.65;0.7;0.75;0.8,-8.79092;-7.33014;-6.09142;-5.05343;-4.20749;-3.52031;-2.96152;-2.50665;-2.13705;-1.83378;-1.58488;-1.37967;-1.20981;-1.06641;-0.945565;-0.841443;-0.754268,19.0677;9.17624;4.23524;1.81558;0.676268;0.174664;-0.0184741;-0.0785924;-0.0853621;-0.0720334;-0.0616432;-0.0563377;-0.0610733;-0.0740664;-0.095828;-0.123985;-0.158099,1.63753;1.16017;0.836404;0.611364;0.429137;0.323647;0.255602;0.207989;0.176981;0.14248;0.114151;0.0968547;0.0863255;0.0750646;0.0658995;0.0674138;0.0661537,17.3643;10.1956;5.80302;3.12681;1.5414;0.60403;0.0906537;-0.192163;-0.329828;-0.384705;-0.399093;-0.39123;-0.372654;-0.352601;-0.335996;-0.32555;-0.320361,32.0,0.8,500
8,32,0.6,3.0,2,1.0,21.788460116607432,-8.80361018347561,2.8229065390230645,-2.376138563421507,130.4251525751443,19.10239749156895,12.57818479616371,1.243036026844194,70.56239807841762,1.642787516657324,18.152971579374167,0.2979122938557846,140.90707549139762,17.388046637015066,18.505276841323376,1.3428463936657777,0;0.05;0.1;0.15;0.2;0.25;0.3;0.35;0.4;0.45;0.5;0.55;0.6;0.65;0.7;0.75;0.8,-8.80361;-7.34714;-6.09817;-5.06235;-4.21114;-3.52308;-2.96524;-2.51018;-2.14154;-1.83911;-1.59027;-1.38396;-1.2113;-1.06743;-0.94646;-0.84477;-0.757625,19.1024;9.19212;4.23774;1.81268;0.678973;0.183256;-0.0159196;-0.0742028;-0.0802868;-0.0684587;-0.0601127;-0.0555796;-0.0599085;-0.0750829;-0.0973353;-0.127457;-0.161814,1.64279;1.13654;0.872156;0.629383;0.469826;0.406454;0.307419;0.235207;0.208655;0.157648;0.14491;0.142197;0.122303;0.0930457;0.0909783;0.0796417;0.0809754,17.388;10.2289;5.79615;3.12833;1.53682;0.6106;0.0930944;-0.189187;-0.331817;-0.384258;-0.399718;-0.38809;-0.36701;-0.349429;-0.335495;-0.32573;-0.32059,32.0,0.8,500
8,32,0.6,3.0,3,1.0,21.787073170069277,-8.78296599727744,2.8239938596047525,-2.3694803217058515,130.28408128655468,19.05649576256435,12.561281157863382,1.2422489393566825,70.52949866932465,1.631857372433322,18.146890763831827,0.29233558642815616,140.81310676617355,17.380088354434196,18.48603046629183,1.3419177772204702,0;0.05;0.1;0.15;0.2;0.25;0.3;0.35;0.4;0.45;0.5;0.55;0.6;0.65;0.7;0.75;0.8,-8.78297;-7.31768;-6.07909;-5.05417;-4.20156;-3.5157;-2.95869;-2.50275;-2.13269;-1.83411;-1.5861;-1.38003;-1.20783;-1.06452;-0.943919;-0.842249;-0.754089,19.0565;9.17158;4.22452;1.81531;0.684285;0.186071;-0.0122259;-0.067192;-0.0737251;-0.0655334;-0.0552422;-0.0524815;-0.0602116;-0.0745388;-0.0967532;-0.126526;-0.161209,1.63186;1.12039;0.873048;0.643962;0.460135;0.356303;0.287714;0.233522;0.18183;0.147859;0.154079;0.14091;0.11917;0.101735;0.079818;0.0865818;0.0874385,17.3801;10.201;5.80048;3.14844;1.54958;0.613057;0.0925625;-0.191391;-0.329865;-0.387486;-0.400303;-0.389047;-0.37272;-0.354712;-0.340661;-0.329389;-0.322574,32.0,0.8,500
8,32,0.6,3.0,4,1.0,21.77082104916436,-8.793250184091548,2.818774258823553,-2.3698904627096113,130.37192218174465,19.095259897070765,12.563095271544526,1.2419926727123554,70.45228465508212,1.5735252415000602,18.066403090704817,0.25025373279549373,140.75139300357762,17.33607310060984,18.479507402946886,1.3424621451847747,0;0.05;0.1;0.15;0.2;0.25;0.3;0.35;0.4;0.45;0.5;0.55;0.6;0.65;0.7;0.75;0.8,-8.79325;-7.32338;-6.07721;-5.05092;-4.20126;-3.51019;-2.95264;-2.50314;-2.13315;-1.83223;-1.58504;-1.38217;-1.21178;-1.06757;-0.94746;-0.844576;-0.756961,19.0953;9.17066;4.21687;1.81107;0.687652;0.185517;-0.0123975;-0.0738963;-0.0786976;-0.0678313;-0.0581565;-0.0523938;-0.0590962;-0.075089;-0.0971874;-0.1254;-0.158792,1.57353;1.05073;0.742595;0.54649;0.39049;0.312004;0.224278;0.180799;0.148404;0.117964;0.0794315;0.0709894;0.0668169;0.082805;0.0809514;0.0820281;0.0830662,17.3361;10.181;5.78057;3.12577;1.54911;0.626281;0.10521;-0.179346;-0.314722;-0.375581;-0.390474;-0.38387;-0.367756;-0.351966;-0.33574;-0.326222;-0.32208,32.0,0.8,500
8,32,0.6,3.0,5,1.0,21.792452797172633,-8.787430717301621,2.825434944627168,-2.368696775251575,130.3676941242685,19.085580464770636,12.570435933337956,1.2445728842261807,70.53841757148213,1.6121385376810928,18.12330463054898,0.2751990453504084,140.83314263464277,17.349438123995707,18.49877442816308,1.3461342444542899,0;0.05;0.1;0.15;0.2;0.25;0.3;0.35;0.4;0.45;0.5;0.55;0.6;0.65;0.7;0.75;0.8,-8.78743;-7.32398;-6.08394;-5.05003;-4.20245;-3.51192;-2.95474;-2.50284;-2.12976;-1.83357;-1.58538;-1.37823;-1.20603;-1.06264;-0.941205;-0.838179;-0.750687,19.0856;9.17576;4.22935;1.81786;0.691148;0.190926;-0.00571274;-0.0675778;-0.0757607;-0.0649558;-0.0564667;-0.0535502;-0.0584024;-0.0739553;-0.0954515;-0.125062;-0.158965,1.61214;1.10568;0.766398;0.564557;0.434024;0.354977;0.30842;0.206423;0.195835;0.166652;0.132964;0.113962;0.0936492;0.0722252;0.0675319;0.0745089;0.0802095,17.3494;10.1777;5.80383;3.12315;1.55623;0.631272;0.102985;-0.179983;-0.31266;-0.371153;-0.384571;-0.376463;-0.362179;-0.347715;-0.333263;-0.321293;-0.315823,32.0,0.8,500
8,32,0.6,3.0,6,1.0,21.772675943591373,-8.797847693253226,2.819770615604196,-2.371942029017199,130.36502391139828,19.093389653824207,12.574090206515843,1.2484062382129666,70.63816162714635,1.7532232114728417,18.133266038109603,0.3084889806388123,140.82801702157312,17.386968774451685,18.499782047384493,1.3486866273003304,0;0.05;0.1;0.15;0.2;0.25;0.3;0.35;0.4;0.45;0.5;0.55;0.6;0.65;0.7;0.75;0.8,-8.79785;-7.33293;-6.08761;-5.05598;-4.20617;-3.51562;-2.95843;-2.50299;-2.13459;-1.83431;-1.58636;-1.38258;-1.20942;-1.06581;-0.945403;-0.843404;-0.756603,19.0934;9.19694;4.23446;1.8268;0.696867;0.19761;0.0045409;-0.0620522;-0.0690365;-0.0617932;-0.0548719;-0.0509778;-0.0580311;-0.0743016;-0.0977399;-0.126487;-0.160992,1.75322;1.25518;0.913049;0.668039;0.514329;0.385988;0.265385;0.208019;0.184527;0.163269;0.158482;0.127421;0.120319;0.106738;0.0931939;0.0862241;0.0860146,17.387;10.215;5.80827;3.14215;1.55798;0.634087;0.109678;-0.175536;-0.317001;-0.376959;-0.392311;-0.387106;-0.367334;-0.350277;-0.33579;-0.325254;-0.318614,32.0,0.8,500
8,32,0.7,0.0,1,1.0,32.0,-1.8207657603852567e-14,12.259770151875065,1.1567413693569507e-14,111.10821665038434,-7.194245199571014e-13,16.8797819742781,-3.135741666326908e-14,69.40540540540593,8.032685627767932e-13,51.47632401618489,4.884981308350689e-14,128.0,-2.7213786779611835e-13,28.00682603337267,-7.91866572313893e-15,0;0.05;0.1;0.15;0.2;0.25;0.3;0.35;0.4;0.45;0.5;0.55;0.6;0.65;0.7;0.75;0.8,-1.82077e-14;3.20632e-14;6.66134e-14;-9.70779e-14;1.42109e-13;-1.38334e-13;-1.18572e-13;1.17639e-13;6.2661e-14;6.8745e-14;-6.11511e-14;1.01252e-13;-3.01981e-15;5.82645e-14;8.26006e-14;-8.39329e-14;2.11831e-14,-7.19425e-13;-1.68754e-13;-3.24185e-13;3.20632e-13;8.85514e-14;-1.59872e-15;-1.44995e-13;4.16112e-14;-1.31584e-13;3.95461e-14;-1.79412e-14;1.70752e-14;-3.04645e-14;3.77254e-14;3.49054e-14;-2.85438e-14;1.16573e-15,8.03269e-13;7.42517e-14;-1.247e-13;1.71951e-13;-6.55298e-13;-5.09459e-13;5.41611e-13;1.00204e-12;4.52083e-13;-2.65565e-13;-3.85114e-13;-3.47811e-13;6.56186e-13;5.96145e-13;-1.76215e-13;-7.11253e-13;5.13012e-13,-2.72138e-13;-3.03402e-13;-1.87939e-13;6.6418e-13;-1.98419e-13;-1.64668e-13;-1.69464e-13;2.63078e-13;-2.75868e-13;3.93463e-14;3.39284e-14;2.0588e-13;2.18048e-14;-1.21636e-13;7.94032e-14;5.3535e-14;7.58726e-14,32.0,0.8,500
8,32,0.7,0.0,2,1.0,32.0,-1.8207657603852567e-14,12.259770151875065,1.1567413693569507e-14,111.10821665038434,-7.194245199571014e-13,16.8797819742781,-3.135741666326908e-14,69.40540540540593,8.032685627767932e-13,51.47632401618489,4.884981308350689e-14,128.0,-2.7213786779611835e-13,28.00682603337267,-7.91866572313893e-15,0;0.05;0.1;0.15;0.2;0.25;0.3;0.35;0.4;0.45;0.5;0.55;0.6;0.65;0.7;0.75;0.8,-1.82077e-14;3.20632e-14;6.66134e-14;-9.70779e-14;1.42109e-13;-1.38334e-13;-1.18572e-13;1.17639e-13;6.2661e-14;6.8745e-14;-6.11511e-14;1.01252e-13;-3.01981e-15;5.82645e-14;8.26006e-14;-8.39329e-14;2.11831e-14,-7.19425e-13;-1.68754e-13;-3.24185e-13;3.20632e-13;8.85514e-14;-1.59872e-15;-1.44995e-13;4.16112e-14;-1.31584e-13;3.95461e-14;-1.79412e-14;1.70752e-14;-3.04645e-14;3.77254e-14;3.49054e-14;-2.85438e-14;1.16573e-15,8.03269e-13;7.42517e-14;-1.247e-13;1.71951e-13;-6.55298e-13;-5.09459e-13;5.41611e-13;1.00204e-12;4.52083e-13;-2.65565e-13;-3.85114e-13;-3.47811e-13;6.56186e-13;5.96145e-13;-1.76215e-13;-7.11253e-13;5.13012e-13,-2.72138e-13;-3.03402e-13;-1.87939e-13;6.6418e-13;-1.98419e-13;-1.64668e-13;-1.69464e-13;2.63078e-13;-2.75868e-13;3.93463e-14;3.39284e-14;2.0588e-13;2.18048e-14;-1.21636e-13;7.94032e-14;5.3535e-14;7.58726e-14,32.0,0.8,500
8,32,0.7,0.0,3,1.0,32.0,-1.8207657603852567e-14,12.259770151875065,1.1567413693569507e-14,111.10821665038434,-7.194245199571014e-13,16.8797819742781,-3.135741666326908e-14,69.40540540540593,8.032685627767932e-13,51.47632401618489,4.884981308350689e-14,128.0,-2.7213786779611835e-13,28.00682603337267,-7.91866572313893e-15,0;0.05;0.1;0.15;0.2;0.25;0.3;0.35;0.4;0.45;0.5;0.55;0.6;0.65;0.7;0.75;0.8,-1.82077e-14;3.20632e-14;6.66134e-14;-9.70779e-14;1.42109e-13;-1.38334e-13;-1.18572e-13;1.17639e-13;6.2661e-14;6.8745e-14;-6.11511e-14;1.01252e-13;-3.01981e-15;5.82645e-14;8.26006e-14;-8.39329e-14;2.11831e-14,-7.19425e-13;-1.68754e-13;-3.24185e-13;3.20632e-13;8.85514e-14;-1.59872e-15;-1.44995e-13;4.16112e-14;-1.31584e-13;3.95461e-14;-1.79412e-14;1.70752e-14;-3.04645e-14;3.77254e-14;3.49054e-14;-2.85438e-14;1.16573e-15,8.03269e-13;7.42517e-14;-1.247e-13;1.71951e-13;-6.55298e-13;-5.09459e-13;5.41611e-13;1.00204e-12;4.52083e-13;-2.65565e-13;-3.85114e-13;-3.47811e-13;6.56186e-13;5.96145e-13;-1.76215e-13;-7.11253e-13;5.13012e-13,-2.72138e-13;-3.03402e-13;-1.87939e-13;6.6418e-13;-1.98419e-13;-1.64668e-13;-1.69464e-13;2.63078e-13;-2.75868e-13;3.93463e-14;3.39284e-14;2.0588e-13;2.18048e-14;-1.21636e-13;7.94032e-14;5.3535e-14;7.58726e-14,32.0,0.8,500
8,32,0.7,0.0,4,1.0,32.0,-1.8207657603852567e-14,12.259770151875065,1.1567413693569507e-14,111.10821665038434,-7.194245199571014e-13,16.8797819742781,-3.135741666326908e-14,69.40540540540593,8.032685627767932e-13,51.47632401618489,4.884981308350689e-14,128.0,-2.7213786779611835e-13,28.00682603337267,-7.91866572313893e-15,0;0.05;0.1;0.15;0.2;0.25;0.3;0.35;0.4;0.45;0.5;0.55;0.6;0.65;0.7;0.75;0.8,-1.82077e-14;3.20632e-14;6.66134e-14;-9.70779e-14;1.42109e-13;-1.38334e-13;-1.18572e-13;1.17639e-13;6.2661e-14;6.8745e-14;-6.11511e-14;1.01252e-13;-3.01981e-15;5.82645e-14;8.26006e-14;-8.39329e-14;2.11831e-14,-7.19425e-13;-1.68754e-13;-3.24185e-13;3.20632e-13;8.85514e-14;-1.59872e-15;-1.44995e-13;4.16112e-14;-1.31584e-13;3.95461e-14;-1.79412e-14;1.70752e-14;-3.04645e-14;3.77254e-14;3.49054e-14;-2.85438e-14;1.16573e-15,8.03269e-13;7.42517e-14;-1.247e-13;1.71951e-13;-6.55298e-13;-5.09459e-13;5.41611e-13;1.00204e-12;4.52083e-13;-2.65565e-13;-3.85114e-13;-3.47811e-13;6.56186e-13;5.96145e-13;-1.76215e-13;-7.11253e-13;5.13012e-13,-2.72138e-13;-3.03402e-13;-1.87939e-13;6.6418e-13;-1.98419e-13;-1.64668e-13;-1.69464e-13;2.63078e-13;-2.75868e-13;3.93463e-14;3.39284e-14;2.0588e-13;2.18048e-14;-1.21636e-13;7.94032e-14;5.3535e-14;7.58726e-14,32.0,0.8,500
8,32,0.7,0.0,5,1.0,32.0,-1.8207657603852567e-14,12.259770151875065,1.1567413693569507e-14,111.10821665038434,-7.194245199571014e-13,16.8797819742781,-3.135741666326908e-14,69.40540540540593,8.032685627767932e-13,51.47632401618489,4.884981308350689e-14,128.0,-2.7213786779611835e-13,28.00682603337267,-7.91866572313893e-15,0;0.05;0.1;0.15;0.2;0.25;0.3;0.35;0.4;0.45;0.5;0.55;0.6;0.65;0.7;0.75;0.8,-1.82077e-14;3.20632e-14;6.66134e-14;-9.70779e-14;1.42109e-13;-1.38334e-13;-1.18572e-13;1.17639e-13;6.2661e-14;6.8745e-14;-6.11511e-14;1.01252e-13;-3.01981e-15;5.82645e-14;8.26006e-14;-8.39329e-14;2.11831e-14,-7.19425e-13;-1.68754e-13;-3.24185e-13;3.20632e-13;8.85514e-14;-1.59872e-15;-1.44995e-13;4.16112e-14;-1.31584e-13;3.95461e-14;-1.79412e-14;1.70752e-14;-3.04645e-14;3.77254e-14;3.49054e-14;-2.85438e-14;1.16573e-15,8.03269e-13;7.42517e-14;-1.247e-13;1.71951e-13;-6.55298e-13;-5.09459e-13;5.41611e-13;1.00204e-12;4.52083e-13;-2.65565e-13;-3.85114e-13;-3.47811e-13;6.56186e-13;5.96145e-13;-1.76215e-13;-7.11253e-13;5.13012e-13,-2.72138e-13;-3.03402e-13;-1.87939e-13;6.6418e-13;-1.98419e-13;-1.64668e-13;-1.69464e-13;2.63078e-13;-2.75868e-13;3.93463e-14;3.39284e-14;2.0588e-13;2.18048e-14;-1.21636e-13;7.94032e-14;5.3535e-14;7.58726e-14,32.0,0.8,500
8,32,0.7,0.0,6,1.0,32.0,-1.8207657603852567e-14,12.259770151875065,1.1567413693569507e-14,111.10821665038434,-7.194245199571014e-13,16.8797819742781,-3.135741666326908e-14,69.40540540540593,8.032685627767932e-13,51.47632401618489,4.884981308350689e-14,128.0,-2.7213786779611835e-13,28.00682603337267,-7.91866572313893e-15,0;0.05;0.1;0.15;0.2;0.25;0.3;0.35;0.4;0.45;0.5;0.55;0.6;0.65;0.7;0.75;0.8,-1.82077e-14;3.20632e-14;6.66134e-14;-9.70779e-14;1.42109e-13;-1.38334e-13;-1.18572e-13;1.17639e-13;6.2661e-14;6.8745e-14;-6.11511e-14;1.01252e-13;-3.01981e-15;5.82645e-14;8.26006e-14;-8.39329e-14;2.11831e-14,-7.19425e-13;-1.68754e-13;-3.24185e-13;3.20632e-13;8.85514e-14;-1.59872e-15;-1.44995e-13;4.16112e-14;-1.31584e-13;3.95461e-14;-1.79412e-14;1.70752e-14;-3.04645e-14;3.77254e-14;3.49054e-14;-2.85438e-14;1.16573e-15,8.03269e-13;7.42517e-14;-1.247e-13;1.71951e-13;-6.55298e-13;-5.09459e-13;5.41611e-13;1.00204e-12;4.52083e-13;-2.65565e-13;-3.85114e-13;-3.47811e-13;6.56186e-13;5.96145e-13;-1.76215e-13;-7.11253e-13;5.13012e-13,-2.72138e-13;-3.03402e-13;-1.87939e-13;6.6418e-13;-1.98419e-13;-1.64668e-13;-1.69464e-13;2.63078e-13;-2.75868e-13;3.93463e-14;3.39284e-14;2.0588e-13;2.18048e-14;-1.21636e-13;7.94032e-14;5.3535e-14;7.58726e-14,32.0,0.8,500
8,32,0.7,2.0,1,1.0,24.98928263425311,-6.436209267647503,4.223132318264463,-2.388088089624314,122.19784627675013,11.991841169315345,13.363194542792879,0.833138281555601,69.30871948338495,0.5518795629831746,24.63817775839479,0.15541525317298585,136.92063273891824,10.675885286481156,19.80288474370893,0.6667175180309894,0;0.05;0.1;0.15;0.2;0.25;0.3;0.35;0.4;0.45;0.5;0.55;0.6;0.65;0.7;0.75;0.8,-6.43621;-5.76218;-5.10451;-4.4975;-3.96604;-3.51264;-3.12595;-2.79911;-2.5241;-2.28902;-2.08851;-1.91676;-1.76657;-1.63183;-1.51101;-1.39959;-1.29672,11.9918;6.07237;2.96198;1.36769;0.577208;0.207806;0.0537561;-0.00376423;-0.0160811;-0.0143161;-0.0143421;-0.0227327;-0.0401981;-0.0705036;-0.111226;-0.165148;-0.231321,0.55188;0.407324;0.355061;0.306436;0.246918;0.224229;0.166204;0.15352;0.135394;0.102604;0.105836;0.097787;0.112556;0.114001;0.121237;0.124348;0.117818,10.6759;6.16966;3.38459;1.69069;0.677341;0.0848305;-0.226363;-0.384185;-0.452666;-0.46093;-0.448045;-0.423772;-0.394429;-0.369765;-0.349241;-0.335518;-0.33156,32.0,0.8,500
8,32,0.7,2.0,2,1.0,24.970005128827268,-6.444115142872545,4.20939705119745,-2.394356720196759,122.16179571032231,12.003581533390026,13.358315339850353,0.831787409261915,69.36942642311504,0.598444086725911,24.66650352747805,0.1806111992160875,136.8870842678108,10.679654788031462,19.80349959045691,0.6718028243937544,0;0.05;0.1;0.15;0.2;0.25;0.3;0.35;0.4;0.45;0.5;0.55;0.6;0.65;0.7;0.75;0.8,-6.44412;-5.77393;-5.10887;-4.50517;-3.97266;-3.51784;-3.13426;-2.80555;-2.52997;-2.29657;-2.0974;-1.92487;-1.77329;-1.63892;-1.51966;-1.41094;-1.31038,12.0036;6.0757;2.95677;1.35962;0.570059;0.205566;0.0472299;-0.00625539;-0.0158024;-0.0155611;-0.0164459;-0.0234631;-0.0413959;-0.070691;-0.112325;-0.164431;-0.229233,0.598444;0.451323;0.370497;0.325647;0.283435;0.252737;0.213568;0.194328;0.186729;0.164783;0.154379;0.145313;0.12545;0.134114;0.13542;0.115714;0.119127,10.6797;6.19311;3.3947;1.69829;0.686385;0.101876;-0.220586;-0.380227;-0.44752;-0.458839;-0.445171;-0.418104;-0.391737;-0.365656;-0.348146;-0.336013;-0.332284,32.0,0.8,500
8,32,0.7,2.0,3,1.0,24.96791100135923,-6.450920356985745,4.207214773652355,-2.40265118671644,122.18124958543424,12.006634615127075,13.354695216586174,0.8326947204083032,69.31261275659477,0.5923127247416687,24.62227941320217,0.1609535413367554,136.883012890172,10.668875670269019,19.796963730633145,0.6654118242166115,0;0.05;0.1;0.15;0.2;0.25;0.3;0.35;0.4;0.45;0.5;0.55;0.6;0.65;0.7;0.75;0.8,-6.45092;-5.77368;-5.11083;-4.51253;-3.98052;-3.52815;-3.14319;-2.81636;-2.54;-2.30864;-2.1091;-1.93712;-1.78611;-1.65426;-1.53635;-1.42767;-1.32612,12.0066;6.07797;2.96134;1.36074;0.574554;0.206967;0.0493177;-0.00381404;-0.0170505;-0.0167758;-0.016406;-0.023178;-0.0411847;-0.0715298;-0.111977;-0.164226;-0.228356,0.592313;0.466203;0.361187;0.284233;0.229215;0.218073;0.186134;0.168698;0.16152;0.150346;0.133824;0.10944;0.10854;0.10416;0.0967784;0.101102;0.0869201,10.6689;6.16611;3.37863;1.69092;0.678513;0.0931788;-0.224259;-0.385534;-0.45179;-0.467418;-0.451851;-0.424793;-0.398281;-0.371184;-0.352356;-0.339009;-0.33416,32.0,0.8,500
8,32,0.7,2.0,4,1.0,24.97516129249511,-6.443015456565883,4.212533149717359,-2.397172770738611,122.18109404640772,11.994284598322773,13.356751742606662,0.8320014866452958,69.18378761598962,0.49652316543142305,24.563855396526243,0.12436953036250795,136.86653489172195,10.657132852062016,19.79562444820119,0.6625719219971552,0;0.05;0.1;0.15;0.2;0.25;0.3;0.35;0.4;0.45;0.5;0.55;0.6;0.65;0.7;0.75;0.8,-6.44302;-5.76843;-5.10615;-4.50672;-3.97487;-3.51886;-3.13242;-2.81029;-2.53316;-2.30068;-2.10154;-1.93121;-1.78267;-1.64796;-1.52885;-1.41933;-1.31763,11.9943;6.0715;2.95629;1.36181;0.57868;0.20908;0.0500584;-0.00644597;-0.0195895;-0.0166817;-0.0175286;-0.023043;-0.0407574;-0.0706727;-0.111677;-0.163936;-0.228419,0.496523;0.342184;0.269247;0.207451;0.168646;0.159201;0.139192;0.12136;0.112123;0.115022;0.100505;0.0894003;0.0886123;0.0835727;0.0864601;0.0969631;0.118381,10.6571;6.16951;3.37602;1.67956;0.670974;0.0919099;-0.229123;-0.389667;-0.454188;-0.469493;-0.456006;-0.430086;-0.400901;-0.373111;-0.353496;-0.340945;-0.336169,32.0,0.8,500
8,32,0.7,2.0,5,1.0,24.94442254102085,-6.473433454689603,4.180700612953855,-2.428512715608419,122.15176375304875,11.979756241387138,13.354535242766975,0.8286427954551513,69.2183699457159,0.5293522977554115,24.580038400608437,0.12707679566724056,136.9025961044096,10.689096252253284,19.80264324884532,0.672614108602816,0;0.05;0.1;0.15;0.2;0.25;0.3;0.35;0.4;0.45;0.5;0.55;0.6;0.65;0.7;0.75;0.8,-6.47343;-5.79884;-5.14142;-4.5368;-4.00902;-3.55462;-3.17062;-2.84741;-2.56979;-2.34035;-2.14196;-1.97185;-1.82402;-1.69435;-1.57632;-1.47015;-1.37205,11.9798;6.05987;2.94558;1.35291;0.569797;0.198646;0.0428531;-0.0111769;-0.0236329;-0.0196696;-0.0186578;-0.0245428;-0.0418649;-0.068837;-0.108572;-0.159071;-0.221304,0.529352;0.395428;0.290063;0.245362;0.19713;0.171966;0.156679;0.143117;0.146674;0.12651;0.0969811;0.0748673;0.0723965;0.054751;0.039538;0.038198;0.0543973,10.6891;6.17729;3.40166;1.69684;0.696459;0.112875;-0.214771;-0.377024;-0.440792;-0.451544;-0.441705;-0.418564;-0.394435;-0.370999;-0.353638;-0.342982;-0.341883,32.0,0.8,500
8,32,0.7,2.0,6,1.0,24.95915880306033,-6.456083887976033,4.198522773933826,-2.40796680171809,122.1781714104081,12.001926042780065,13.35681223120891,0.8315901605885883,69.24725697877327,0.534875167308756,24.599909017520293,0.14193816417595467,136.9238072356726,10.69768311179,19.805879991436008,0.6708080523997854,0;0.05;0.1;0.15;0.2;0.25;0.3;0.35;0.4;0.45;0.5;0.55;0.6;0.65;0.7;0.75;0.8,-6.45608;-5.78031;-5.11647;-4.51833;-3.98703;-3.53106;-3.14677;-2.82103;-2.54609;-2.31553;-2.11566;-1.94554;-1.79461;-1.66243;-1.54448;-1.4371;-1.33768,12.0019;6.06706;2.9519;1.35693;0.568499;0.202025;0.0516725;-0.00426707;-0.0168743;-0.0159143;-0.0153915;-0.0218081;-0.038964;-0.0695199;-0.10957;-0.162017;-0.225841,0.534875;0.403608;0.2778;0.21804;0.190286;0.179216;0.152135;0.128527;0.126408;0.122339;0.123385;0.130421;0.119022;0.124382;0.0998682;0.117572;0.116633,10.6977;6.19576;3.39748;1.70258;0.683509;0.101851;-0.222802;-0.382147;-0.448212;-0.461487;-0.447113;-0.423771;-0.395568;-0.370307;-0.352252;-0.341395;-0.337629,32.0,0.8,500
8,32,0.7,3.0,1,1.0,22.26186071214171,-8.457559484966717,2.8305002651141207,-2.263393246347225,126.83218764755182,17.82827637149132,12.150049490638164,1.1473877691690788,69.4173311168091,1.494880206514185,18.044858927475566,0.2702289672708811,140.4479248098881,16.430236957476822,17.27047616452743,1.0996134524970966,0;0.05;0.1;0.15;0.2;0.25;0.3;0.35;0.4;0.45;0.5;0.55;0.6;0.65;0.7;0.75;0.8,-8.45756;-7.0499;-5.84388;-4.8341;-4.01064;-3.34435;-2.80613;-2.37195;-2.02072;-1.73418;-1.50042;-1.30832;-1.14832;-1.01235;-0.897306;-0.798866;-0.715328,17.8283;8.45706;3.83038;1.60961;0.590544;0.153103;-0.0105693;-0.0554888;-0.0562228;-0.043846;-0.0359069;-0.0332607;-0.0406974;-0.0583915;-0.0833714;-0.113894;-0.150865,1.49488;1.07112;0.782205;0.58372;0.412942;0.303717;0.278352;0.250096;0.218613;0.162279;0.139862;0.125187;0.0947621;0.0694959;0.0631952;0.0656251;0.0719376,16.4302;9.07385;4.76372;2.29033;0.910282;0.159347;-0.202609;-0.36915;-0.426069;-0.423135;-0.395014;-0.357195;-0.322319;-0.29145;-0.266527;-0.247867;-0.238094,32.0,0.8,500
8,32,0.7,3.0,2,1.0,22.271106971870413,-8.46852544854838,2.8354462410763275,-2.2661258605006394,126.87060440620442,17.863136221434907,12.157988239228208,1.1548141867311432,69.50379370972664,1.5290712205114487,18.120734042570398,0.3144611191581407,140.50488239638116,16.450529286540153,17.283945518835232,1.1019749290694105,0;0.05;0.1;0.15;0.2;0.25;0.3;0.35;0.4;0.45;0.5;0.55;0.6;0.65;0.7;0.75;0.8,-8.46853;-7.06745;-5.85336;-4.84242;-4.01363;-3.3473;-2.81044;-2.37529;-2.02242;-1.73686;-1.50266;-1.30843;-1.14648;-1.01027;-0.895458;-0.798473;-0.714579,17.8631;8.47671;3.84447;1.61919;0.59902;0.166132;-0.00146893;-0.0434726;-0.0422192;-0.0322096;-0.0255907;-0.0273645;-0.0365055;-0.0560584;-0.0833406;-0.116203;-0.152749,1.52907;1.10211;0.830703;0.645672;0.530514;0.438169;0.356635;0.300617;0.253197;0.234783;0.203592;0.149816;0.129864;0.109278;0.10275;0.0960699;0.0818248,16.4505;9.10842;4.77889;2.29598;0.913752;0.164997;-0.213856;-0.377871;-0.434371;-0.42818;-0.39887;-0.358381;-0.320606;-0.287286;-0.262664;-0.246988;-0.237468,32.0,0.8,500
8,32,0.7,3.0,3,1.0,22.256722475690708,-8.458262620875718,2.830423244286875,-2.2649595222083008,126.82287419535928,17.849924709244718,12.14436572216266,1.1529767811787626,69.511665965283,1.5895480551966403,18.09234540042973,0.3030262214723188,140.39528588449326,16.40452137824329,17.263303633588468,1.0962419348296315,0;0.05;0.1;0.15;0.2;0.25;0.3;0.35;0.4;0.45;0.5;0.55;0.6;0.65;0.7;0.75;0.8,-8.45826;-7.044;-5.83758;-4.83782;-4.01096;-3.34725;-2.81138;-2.37521;-2.02286;-1.73908;-1.50498;-1.31122;-1.14992;-1.01436;-0.900595;-0.803302;-0.719063,17.8499;8.46705;3.84508;1.62061;0.602478;0.16263;0.00129012;-0.0436031;-0.0471774;-0.0397357;-0.0309081;-0.0309236;-0.0392899;-0.0585365;-0.0835914;-0.115108;-0.151386,1.58955;1.1571;0.873348;0.640725;0.491279;0.407671;0.336157;0.263997;0.229151;0.187772;0.152583;0.115187;0.101408;0.0929502;0.0898888;0.083607;0.0858436,16.4045;9.05504;4.75798;2.29668;0.916172;0.160227;-0.216344;-0.379039;-0.433186;-0.430715;-0.399567;-0.359167;-0.321201;-0.289221;-0.265544;-0.249691;-0.239707,32.0,0.8,500
8,32,0.7,3.0,4,1.0,22.258923330243327,-8.478800067292593,2.8286186357040086,-2.2716307649089655,126.86251581567771,17.852583460061645,12.150503139708075,1.1517314294900205,69.27856394734347,1.327539446412794,18.002855053189883,0.2218019135879281,140.4677964360719,16.434318351183784,17.275991640094364,1.1017948508709565,0;0.05;0.1;0.15;0.2;0.25;0.3;0.35;0.4;0.45;0.5;0.55;0.6;0.65;0.7;0.75;0.8,-8.4788;-7.0657;-5.85387;-4.84748;-4.02287;-3.35378;-2.81407;-2.38009;-2.02834;-1.74263;-1.50921;-1.31736;-1.15718;-1.02095;-0.90725;-0.809734;-0.725446,17.8526;8.46493;3.83206;1.61239;0.597468;0.158751;-0.0036111;-0.0442008;-0.0471981;-0.035386;-0.029764;-0.0302993;-0.039075;-0.0578009;-0.0819749;-0.113087;-0.149739,1.32754;0.902888;0.600577;0.442904;0.335059;0.269032;0.198251;0.164149;0.144915;0.126493;0.117386;0.0998424;0.0927771;0.0824131;0.0753836;0.0795574;0.0812822,16.4343;9.08573;4.77025;2.2961;0.918405;0.177142;-0.198619;-0.368325;-0.425948;-0.422364;-0.398417;-0.35898;-0.322903;-0.291767;-0.268038;-0.252005;-0.243045,32.0,0.8,500
8,32,0.7,3.0,5,1.0,22.272555740603963,-8.45927152776265,2.83377232467758,-2.26206690756551,126.82778051443275,17.81174230721356,12.149856344010756,1.147097333181988,69.29134826010433,1.3493085355656096,18.042732736299662,0.24682316110045485,140.50979169917844,16.43384374857408,17.279068340967466,1.1030313046066818,0;0.05;0.1;0.15;0.2;0.25;0.3;0.35;0.4;0.45;0.5;0.55;0.6;0.65;0.7;0.75;0.8,-8.45927;-7.04827;-5.84269;-4.8338;-4.01052;-3.34019;-2.80274;-2.37231;-2.01821;-1.73503;-1.50009;-1.30609;-1.14512;-1.00969;-0.894323;-0.79647;-0.712316,17.8117;8.43255;3.81642;1.60347;0.59607;0.15754;-0.00721902;-0.05056;-0.0477949;-0.0355086;-0.0279239;-0.0291302;-0.0396661;-0.0583535;-0.0829701;-0.115349;-0.150993,1.34931;0.934038;0.65769;0.497998;0.381569;0.343447;0.285944;0.216276;0.180285;0.142362;0.119564;0.100624;0.0924982;0.094543;0.0839142;0.0873897;0.0873325,16.4338;9.0565;4.77545;2.309;0.929529;0.183864;-0.201532;-0.376667;-0.423549;-0.420318;-0.392623;-0.355882;-0.320097;-0.289405;-0.265217;-0.246669;-0.237341,32.0,0.8,500
8,32,0.7,3.0,6,1.0,22.25786546219578,-8.480221440234427,2.826936944460005,-2.2701330536261253,126.87901863851786,17.855547042037845,12.152697199713463,1.151327795381293,69.45088146125548,1.518827085105396,18.064347642449793,0.2828022374178018,140.55650230516594,16.47112261268681,17.28863436432303,1.1025925964918328,0;0.05;0.1;0.15;0.2;0.25;0.3;0.35;0.4;0.45;0.5;0.55;0.6;0.65;0.7;0.75;0.8,-8.48022;-7.07189;-5.85546;-4.8503;-4.01983;-3.35055;-2.81252;-2.37794;-2.02616;-1.74268;-1.50703;-1.31446;-1.15185;-1.01574;-0.901049;-0.8044;-0.721374,17.8555;8.47188;3.82979;1.61422;0.594736;0.157832;-0.000943722;-0.0518212;-0.0495198;-0.0378144;-0.0319451;-0.0306392;-0.0387673;-0.0576984;-0.0824761;-0.113509;-0.14909,1.51883;1.08156;0.782615;0.592616;0.448623;0.365516;0.317988;0.267775;0.209331;0.172535;0.150798;0.120815;0.114622;0.0907503;0.0724257;0.0731285;0.071064,16.4711;9.1065;4.77665;2.31197;0.920258;0.172516;-0.206178;-0.375717;-0.433895;-0.430797;-0.399529;-0.359707;-0.324489;-0.293882;-0.27089;-0.254722;-0.243604,32.0,0.8,500
