L,nup,delta,U,seed,n,eq_son_full,eq_son_vertex,chi_son_full,chi_son_vertex,eq_sext_full,eq_sext_vertex,chi_sext_full,chi_sext_vertex,eq_d_full,eq_d_vertex,chi_d_full,chi_d_vertex,eq_dxy_full,eq_dxy_vertex,chi_dxy_full,chi_dxy_vertex
10,43,0.0,4.0,1,0.86,30.992124677721584,-16.891182218212542,4.037149118933908,-5.051998009600922,244.7735918240831,53.80813100774877,23.201643295809795,3.4144234878733664,192.04847462025273,15.787975087490748,51.19855501959921,2.73301920399751,219.61771776507672,-1.9872068649981365,46.100121666401286,-0.3214236314829939
10,43,0.0,4.0,2,0.86,31.048703034103703,-16.837612257737597,4.046630824592759,-5.056856628144102,244.5700579386641,53.90863923912436,23.12321707107007,3.3703047354827596,194.2896445086622,17.595661446306124,52.495975499022975,3.870067743916958,219.53847270996553,-2.6612504383286577,45.84950093736971,-0.9022866367936891
10,43,0.0,4.0,3,0.86,31.06773265706682,-16.80689569126148,4.052088367352521,-5.015894385595412,243.96131168385017,53.667034428513,23.10913783392151,3.4029673284823003,194.1621106041001,17.375882233517917,52.94487321029642,4.200952399477811,218.7836083228091,-2.975797700927975,45.82656745972894,-0.7673951418615548
10,43,0.0,4.0,4,0.86,30.96213302349114,-16.7877509311897,4.031131035979252,-5.00891656819155,244.2208195958462,53.74458634259033,23.168304488898183,3.444660407091509,194.8651798627421,18.098257860576613,53.50318716906243,4.8638519673272995,216.8693913412887,-4.054305838859882,44.977685280484096,-1.313804453175988
10,43,0.0,4.0,5,0.86,30.95496542138543,-16.736864502901277,4.036228147154153,-4.998424225601092,243.96027485554424,53.55407936212906,23.10213739494467,3.3979605055332187,195.3414737353247,19.38140094660222,53.37033745795465,5.132951699679803,218.30151405046604,-2.762435893584461,45.34038459328888,-0.8978247759684932
10,43,0.0,4.0,6,0.86,30.975030179939836,-16.675412527381546,4.039753432416916,-4.979685104767528,244.00136562538515,53.51718977173243,23.07631970548502,3.3973073414949204,197.93217835059767,20.66843424224146,53.50373374942192,4.663422870731359,219.47968634357417,-1.9285798494919777,46.03111524575231,-0.4654539258474964
10,43,0.1,4.0,1,0.86,31.04864920346588,-16.755779506566466,4.015111782137773,-5.00786073282249,242.83053097098735,53.017169799738824,22.94652144838468,3.392532964555619,194.44881989574083,18.885479017061797,52.41920547320444,4.22554589828173,219.10157924525296,-1.798061254292017,44.70334341531841,-1.4440982119235877
10,43,0.1,4.0,2,0.86,30.977642353823605,-16.676106716587974,3.994275611987308,-4.970134906929293,242.3947703947131,52.56934400185528,22.926892333759604,3.334815658434114,188.8578176276108,14.95275425049007,50.65949353235137,2.9725937543735403,217.3294866119361,-2.6887640409711273,44.46542394519139,-1.5492271601963494
10,43,0.1,4.0,3,0.86,31.05998010901369,-16.650269626252157,4.026371758149382,-4.959354091070391,241.68187890826897,51.89871950711402,22.85783677971404,3.2979302931276195,191.49157466267656,17.13543790138153,50.90491370386932,3.358806435982912,217.28227527334616,-3.675950820723471,44.32627896281971,-1.7253347865088564
10,43,0.1,4.0,4,0.86,31.029570521725212,-16.55466317697389,4.017842119117146,-4.982263189793401,241.55149250878665,51.96499771662451,22.7993805292467,3.258138308699908,193.50659778946903,18.565350624383047,52.45816305142032,4.378282276300099,217.1589391625112,-2.8289413505993033,44.30195988474982,-1.6435875990124558
10,43,0.1,4.0,5,0.86,31.237924579106657,-16.626961872437832,4.056897901858791,-5.013240738927602,242.51672664542608,52.36974366858452,22.893311216206328,3.2945794333255165,195.99075694835383,19.91886733589753,53.31334801197987,4.806973395440425,219.11206520270065,-2.750083379808511,44.906179460765536,-1.6813341267118715
10,43,0.1,4.0,6,0.86,31.099365435062644,-16.76421398435631,4.040839605780426,-5.0046673897095655,242.24479469452584,52.517474742855654,22.877739824103863,3.2940160986509377,192.74821110647056,16.928532093945034,52.42763875049205,4.037147666086201,216.36404949990043,-3.45102118915685,44.059473613653346,-1.773830618133298
10,43,0.2,4.0,1,0.86,31.29185149689987,-16.702642863264177,3.9814961138536766,-5.044565794614694,238.8663687770758,51.0734656003433,22.48055210293854,3.283854522127111,190.45408338779663,16.68422906319828,52.52347766083917,4.854631955270198,216.76843142419912,-1.6568174611588635,42.41050418467931,-2.6780284857056644
10,43,0.2,4.0,2,0.86,31.36464221347298,-16.56236054330387,3.9961506863374496,-4.991792546980942,238.11531167787575,50.191139173349505,22.39489242847958,3.1788022180313553,185.54655403596635,12.712648178836512,49.601551878468946,2.2888489349584207,214.92543611887567,-3.3351318162220616,41.5663766592623,-3.5082390987628203
10,43,0.2,4.0,3,0.86,31.314109731657076,-16.507559651652734,3.978785762812003,-4.963448148786858,238.49473140907875,50.55091746378277,22.369119482046035,3.190765305978953,188.59361235792736,16.127423500500623,49.657107996709286,2.5580296026410423,217.57664579377212,-0.4949965955647372,42.15080055826985,-2.6271964384154596
10,43,0.2,4.0,4,0.86,31.21330467163741,-16.399461082620086,3.9740305815565846,-4.922970794482014,237.41742044338488,49.55804606125302,22.279049007549908,3.106849906856138,187.302581825962,15.266878202818368,50.37116983027495,3.3990539571802207,214.95952866324052,-2.409600999288544,41.35217396923779,-3.297747622177012
10,43,0.2,4.0,5,0.86,31.412015680161563,-16.639018655399504,3.99295956171078,-5.049255411225635,238.08417790945228,50.13303227868452,22.379199937579997,3.1921589940632775,187.38493366100357,14.12247353426709,50.797405543751175,3.1196253747192224,217.0967998373239,-1.275189969841557,42.15474346190791,-2.921303547885383
10,43,0.2,4.0,6,0.86,31.32103054655294,-16.480635342825128,3.987411796872246,-4.952373464266879,238.17889050280127,50.41198473918378,22.361415434877028,3.1839763130513283,190.9745401337156,17.667026360010468,51.73620266626617,4.22219255898775,216.4699408335755,-1.3779843954723716,42.234826061634294,-2.671280385792053
10,43,0.3,4.0,1,0.86,31.47458696963646,-15.886478423999025,3.870757471841125,-4.765142043970751,232.6240939928278,46.75790734579394,21.672385932963476,2.9496314820047003,180.3154608146894,12.874809936953913,48.32053474998232,2.8469366067924193,212.76098160555995,3.707840184281867,36.26804048115491,-3.8101688953202975
10,43,0.3,4.0,2,0.86,31.52726999418017,-15.969015215182171,3.899991830446438,-4.8120555739667,232.0645208583529,46.549946039605075,21.655624712054117,2.967944574746277,179.52494998663428,11.933216101511729,47.72230847183673,2.0446947161293707,212.14029465935175,3.579256959119725,36.422481555735445,-3.849230593779425
10,43,0.3,4.0,3,0.86,31.628814028645536,-16.17737533142774,3.926938580422393,-4.89497045686114,232.34330337307432,47.074317587243655,21.685369062436223,2.994932873858634,179.71332204142095,12.067663393799222,47.36021347719397,1.6397151209122338,212.66392767228632,3.799923622708101,36.62418392486223,-3.838202891045216
10,43,0.3,4.0,4,0.86,31.652234869450385,-16.14045922702351,3.919278666726719,-4.92890025059219,232.11301617351955,46.75703782268803,21.684889463399628,2.9939573853414374,182.399440414872,13.573655542795262,48.486962577936445,2.2528481353229575,212.7403647301412,3.6047057387003423,36.617406929292756,-3.9054706963871304
10,43,0.3,4.0,5,0.86,31.595600901856432,-15.841921026595877,3.928357943314933,-4.802687091175893,231.99165669288237,46.30587855882369,21.720386769449497,2.9490640926248988,180.8868005456833,12.76471896276738,47.72555727319691,1.648186775982601,213.72967266765917,4.986083806240829,36.429413489754594,-3.483912273908686
10,43,0.3,4.0,6,0.86,31.524963961402097,-15.730314004316885,3.9049638830504847,-4.739207562601891,232.08996176903185,46.33566251328901,21.64288459747383,2.950465620262334,181.1394198636988,12.50170433952636,49.036212826618154,3.0319999280420067,212.54139078886504,3.598358761683662,36.623051043282224,-3.4929993336398604
10,43,0.4,4.0,1,0.86,32.63556603150941,-16.2219972612989,3.995332272695128,-5.050150657341532,224.86115274627596,42.7161559015021,20.784556321500745,2.5693724031559793,195.54246004407185,7.38855073123292,57.72266109696238,1.2184467697434451,217.9106383044244,26.059988909907332,30.129190618135347,0.3457021957875561
10,43,0.4,4.0,2,0.86,32.537892363057075,-16.02077840273861,3.9742207110038903,-4.985869919555226,223.9408857899693,42.09996288634151,20.619540588420826,2.4229503412642925,195.0709352053049,7.248600485037357,56.961360795588746,0.5996636669636498,216.55934016698728,25.125531535770826,29.76299373122929,0.1124762100468995
10,43,0.4,4.0,3,0.86,32.56916085465136,-15.996742188925332,3.9860201878125823,-4.998781456187705,223.87727431971624,42.19162183569134,20.686334771381684,2.504769872699429,195.01671876913065,7.338195579831113,57.305647581412,0.9095957694957468,215.88826148782624,24.545740219532465,29.67242497818204,0.0050284820614987
10,43,0.4,4.0,4,0.86,32.58243641532759,-16.059873003813536,3.995669406046171,-4.973894768594638,224.7290816260835,42.34112141024666,20.71540745030318,2.4638146822927096,198.1646258840657,9.819036109396198,58.47775178435514,2.050275138072349,216.07746110664417,24.64343303717274,29.776357595986656,0.0726736446443316
10,43,0.4,4.0,5,0.86,32.61149208437597,-16.091348116724458,3.994416809155184,-5.013472780560839,223.8930642697871,42.05776244913815,20.6452848487111,2.4664523628042687,196.69561247477083,8.291547967460001,58.14435871043688,1.3570807664437805,217.6546905562107,25.823554383936784,29.87909780993325,0.0780104146334105
10,43,0.4,4.0,6,0.86,32.60657437801161,-16.134225514516054,3.990569938253637,-4.997115871959262,224.3610139424236,42.36841782643907,20.693344011716945,2.495284103242424,195.33769781288748,7.141296364632195,56.79780607927184,0.5559318967255965,217.6693268860668,26.131582239128456,29.672109218864513,0.0401510067784647
10,45,0.0,4.0,1,0.9,28.627223301066316,-16.393378473926873,3.509048683266593,-4.192804164634067,244.07200081874765,53.89012545734946,22.583624928103813,3.48213208533742,179.79293990820327,23.43480940801853,42.41905315419898,4.923444741924098,208.9022599667832,-3.6578158662344977,40.19527570292654,-0.9534761238470744
10,45,0.0,4.0,2,0.9,28.771691008573725,-16.597217275756986,3.5388695993791317,-4.285747188860066,243.55147643013373,53.68705028960318,22.61539177871613,3.5108620951641525,176.87896016308713,21.53378133942608,42.132561476537624,4.57520640904107,207.65151060066557,-5.644098641796523,40.20745335982887,-1.222555143700882
10,45,0.0,4.0,3,0.9,28.704088295164695,-16.78661453986933,3.518206968501059,-4.32674362930455,243.5094196174774,54.21592566956408,22.604434621343596,3.571109952154166,178.55116375390165,22.20819126413287,42.23539849745964,4.5849214259128495,206.08132349162597,-7.075667174132971,40.041669184619714,-1.3694605690773014
10,45,0.0,4.0,4,0.9,28.563420013288464,-16.252816421853097,3.5105437062299005,-4.165024719435317,243.1590455505112,53.65992853131989,22.557537724409656,3.510635843096137,179.65642335897536,23.08226417596773,42.9079699766526,5.149037004354611,207.6052077319404,-4.371936295782989,39.87894335231876,-1.2763595242427888
10,45,0.0,4.0,5,0.9,28.66723046311903,-16.424115047017835,3.512110082241338,-4.184044883397332,242.827829920349,52.85661484224772,22.532362526618613,3.424707931093322,178.24094321747583,22.5445727616679,42.15104660433866,4.7202592654112285,209.7421990167616,-3.45867038186964,40.14704436624112,-1.0491156558672174
10,45,0.0,4.0,6,0.9,28.649109567153392,-16.330404935615043,3.5219504457769544,-4.202974186925196,243.0155589289459,53.25155185135028,22.450133916313177,3.4378537305117653,175.53763304727653,20.173880579076037,41.07099902819107,3.7556061054467103,205.63167254600876,-5.4748506621166815,39.80872371640724,-1.1037727460288411
10,45,0.1,4.0,1,0.9,28.90216190144606,-16.782334559884255,3.538007811763239,-4.324142877330911,242.4577035663544,53.740733849851345,22.348125027679565,3.445151564887873,171.27711901631216,20.70977547327204,39.68081934371104,4.414296088811447,210.4315856637658,-2.727423895928485,39.866085609475775,-1.4531684985056963
10,45,0.1,4.0,2,0.9,28.97317089899456,-16.434831556010757,3.5453758954901957,-4.25918414407415,241.0101116142001,52.21124479238715,22.32312352780054,3.3781040441623644,170.55587605123185,19.35960324350125,39.532637466909215,4.013130168728102,210.6173297946372,-2.3701057746377265,39.926241849754376,-1.3663216876023498
10,45,0.1,4.0,3,0.9,28.92215452876628,-16.49036529999431,3.5349940923487964,-4.266031917799189,241.4499430025879,52.35812836352308,22.38978221458023,3.4248433196749746,168.46386470040733,17.035691608253863,38.54158150554336,3.0583545995424344,209.53289093246576,-2.986539608792872,39.35294836510177,-1.6591054407658583
10,45,0.1,4.0,4,0.9,28.9214507140044,-16.666635149423424,3.5418321065929583,-4.319557852572361,241.4391948681152,52.65002095127088,22.32611615847288,3.3970237975198763,168.54064315886828,17.193336747044423,38.72344812601128,3.0566104094575812,211.7171080537304,-0.9814897115068234,40.24555583654204,-1.0053806188473882
10,45,0.1,4.0,5,0.9,28.98565106643892,-16.89169284882702,3.553871985495948,-4.366275840083588,242.18023817554297,53.47223936140583,22.393610828806924,3.454227524593769,169.68503882236917,18.484244506141827,38.68555169643496,3.2345435424518927,211.610988876435,-1.973148579083189,40.33786310206948,-1.1124225677958637
10,45,0.1,4.0,6,0.9,28.9260301648316,-16.164258162695244,3.5522671055271418,-4.1717481950264546,241.67581743982964,51.960301628095145,22.3163992486178,3.3371011437770997,171.7452948740542,18.245756199081935,40.34785666374303,4.212472291974788,209.70790653563236,-4.011154841131004,39.566319672351526,-1.5993939623615312
10,45,0.2,4.0,1,0.9,29.374792983165776,-16.669725165765314,3.537674384307671,-4.350051540269801,238.05973935502507,51.109314606623585,21.879975292291153,3.2846001673867646,167.33929470808386,17.424884128741095,38.53433750631123,3.2410181163250025,211.37306477341707,-0.4792049900823514,38.107001850348816,-2.482640349794013
10,45,0.2,4.0,2,0.9,29.33503965241504,-16.606297268237533,3.540443336399396,-4.308283472418862,237.12380955297448,50.77792597866734,21.80052863739077,3.2602291842141584,163.48397500892722,14.92852627620788,36.87000665437303,2.09562960879962,211.62757734364183,0.3315058670859478,37.812526890443166,-2.499677176082896
10,45,0.2,4.0,3,0.9,29.384060678495267,-16.522391241853263,3.549277636052075,-4.3215030202914475,237.574199185927,50.893533006145226,21.83805209257067,3.268523863572652,165.8139173502106,16.537909824934697,38.36302224064063,3.173831973521946,210.6219575170463,-0.1669241858621618,37.69588554718878,-2.5462011222828567
10,45,0.2,4.0,4,0.9,29.319318572066766,-16.454081459857758,3.537454999258452,-4.277812427384139,238.1711951743789,51.082208086653154,21.90219019245229,3.331174985749054,166.76188078797338,18.042459888277637,38.10252662313732,3.21482528191767,212.2099197833412,0.2015065337001118,38.57116054579849,-2.1158063437454393
10,45,0.2,4.0,5,0.9,29.367142200726427,-16.55447362004964,3.5314590772631447,-4.321839581004671,237.27456487629684,50.47921770111062,21.83952803098535,3.260437205548169,163.0926608324142,14.941675423199325,37.566627555509264,2.74574314998134,211.34400825211668,0.0696806279152518,37.750359191313784,-2.550194945832522
10,45,0.2,4.0,6,0.9,29.30466330485868,-16.434795501248384,3.5452995884773415,-4.269768355906444,237.14069405410228,50.518368670498184,21.832050149043663,3.3041167274507446,164.11907170561986,15.750073387339564,37.86825935992415,3.0146154390883755,210.50014118279668,0.6389181315504331,37.627379491403545,-2.3783080093280007
10,45,0.3,4.0,1,0.9,29.870133535088826,-16.224415538253755,3.526015275018975,-4.264116466950254,232.9692469657949,48.297313118633795,21.255905642733648,3.121809157752092,168.95448817271668,13.744364924475098,43.01676621088605,4.056503762270165,208.5073902891862,12.675826513631552,31.632903798456443,-1.0937170536252998
10,45,0.3,4.0,2,0.9,29.86170813828146,-16.173531266235734,3.508717074147902,-4.268595785330037,231.2629642429772,47.08512424883747,21.170569667849968,3.05228242983917,165.86079418121693,12.591835462723138,39.631893418719805,1.7349274600271811,209.98076051758488,13.45322168046612,31.721455667950345,-1.2673348744111028
10,45,0.3,4.0,3,0.9,29.928309321899775,-16.13610169851786,3.54151747534223,-4.249919699009732,230.83635972114217,47.019864440522966,21.090613736637582,2.999195521634694,167.8480006984939,14.349098325468145,40.72750976884499,2.5168529187475506,209.65919404983583,13.239560619437574,31.730184932792497,-1.1500101790791777
10,45,0.3,4.0,4,0.9,29.820557828326145,-16.267908196810637,3.508431469975745,-4.264152610168087,231.22834051578153,47.47561617522563,21.167043053993225,3.118493597771459,169.00587949540153,15.097947936664552,41.085894633112126,2.946541476040172,210.16474908117397,14.235207012068326,31.89336161450648,-0.7986572096664679
10,45,0.3,4.0,5,0.9,29.872272566516415,-16.177154161458073,3.5132617283364924,-4.259792221068418,230.8131264525368,47.094194867909046,21.08651021617836,3.0215022230397817,170.45965429322587,17.203027231040597,40.24426982316108,2.428539183888258,208.64960340008335,12.595059235992998,31.6238721008988,-1.1204818732530482
10,45,0.3,4.0,6,0.9,29.897154949339296,-16.356432710665377,3.522921522672236,-4.294859247131663,231.2899269397241,47.131095359850605,21.158407735725397,3.0442037737276477,168.88176072151745,13.737753994330188,40.82608551899416,2.342746621198647,207.94761561884735,12.19217262505735,31.53654655654632,-1.181029291582161
10,45,0.4,4.0,1,0.9,31.0937078851686,-16.233949144649593,3.6395790468800073,-4.407768190809632,224.5655109053503,44.07753650895539,20.44113724458369,2.8438015335096507,187.45350274086044,10.761651650556882,51.70710261645054,2.24646179991054,215.7939565572351,26.063716491259612,28.92495054514277,0.4459761807427812
10,45,0.4,4.0,2,0.9,31.003883237138872,-16.15913267555193,3.613022868934498,-4.3530186403028415,224.46066483786672,43.844584925009805,20.355469492463,2.766703421534563,185.5418090707251,10.00371946180261,50.83516116269878,2.031443924770758,216.16999490029536,26.548012208872812,28.8442827612137,0.5165252264708954
10,45,0.4,4.0,3,0.9,31.03976705804009,-16.056436110510308,3.625907239065049,-4.320329880660729,225.1282360987805,44.25490351355411,20.4696122825144,2.8828603341793695,186.3376760673675,9.730985953425687,50.90000831282305,1.777666942831668,216.27595560543585,26.21218708980681,28.731021691135744,0.3809343790816584
10,45,0.4,4.0,4,0.9,30.972403541436808,-16.065999640899378,3.6173000979610337,-4.349663262169558,224.3704951724667,43.6265482810079,20.32654344781606,2.752930130550537,187.38709521751497,11.68882306479345,51.263307210417544,2.455246154578014,215.06512359636127,26.094726118875492,28.727251072498767,0.5085507192159865
10,45,0.4,4.0,5,0.9,30.990290437812813,-16.177649928183975,3.6231186449385375,-4.340273946062749,224.59726613332035,44.15138363139451,20.355134915775317,2.7892303565054495,188.2157825849201,11.79673084990343,51.65083763067313,2.58969647919411,216.1851644133049,26.63727246871832,28.84571659524528,0.5818557861852675
10,45,0.4,4.0,6,0.9,30.973135722297418,-16.127166003137695,3.610662488938329,-4.36332621848665,224.3438581002121,43.80638905673734,20.338442572078513,2.7686201336978695,188.07605313183535,11.491700820934277,51.33710991155965,2.2065793789317576,215.9305956664551,26.631825407606293,28.908424298977916,0.5662078377312938
10,47,0.0,4.0,1,0.94,26.582266544963822,-16.66048422684786,3.09263567862093,-3.749093248946534,241.9710768754368,54.06196101406471,22.034814758846665,3.6307879057797714,158.3817781259168,21.741829403255736,33.10969621416646,4.2810320668753175,198.27805293771232,-6.2943586625821375,35.83715905386249,-1.3066323952053858
10,47,0.0,4.0,2,0.94,26.69411379380973,-16.72130624309728,3.1095192545309027,-3.774065395600304,242.79204480816344,54.56960581049439,22.07197959296476,3.6615178006803335,158.40728357585328,21.150888192770896,32.717300864189795,3.736423046711257,198.67316239416377,-6.672203425771807,36.054693053564954,-1.2652325107210556
10,47,0.0,4.0,3,0.94,26.52621461796112,-16.473408500774678,3.0825699375205833,-3.6766472885007127,241.33585676618367,53.567986035612435,21.96787554932295,3.62018191891904,159.2899184331656,22.869937842390943,32.890517688059575,4.239050563317295,200.18444241311596,-4.089435529557582,36.21158486707498,-0.7184675248153485
10,47,0.0,4.0,4,0.94,26.5625454598732,-16.379640727762425,3.092835407536316,-3.65922375830626,242.6867644219048,54.444521719524595,22.04937774033217,3.66167494000416,160.01600900271694,22.310775066353496,33.504236517409055,4.374948150765377,199.67231186768808,-4.868160651499454,36.17346877909964,-0.858910888831306
10,47,0.0,4.0,5,0.94,26.647173477858207,-16.335483811670574,3.108556979082907,-3.663537748794115,241.84515991152293,53.71321964464306,21.966701764879573,3.6120290261398615,157.10541719474645,20.467044296705797,32.672494245352084,3.728279712355522,200.59285901529964,-4.957268691299028,36.24028285779727,-1.0422623501474824
10,47,0.0,4.0,6,0.94,26.41642059140409,-16.2692383643623,3.0621702727126605,-3.638719651261265,241.9800494054561,53.765971582761914,21.96204777977257,3.5801606719472003,161.87658608278696,23.553300222768165,33.827282938732,4.513114158073121,196.6986038552733,-6.384675115943444,35.378589304109425,-1.41260389010051
10,47,0.1,4.0,1,0.94,27.05976367579864,-16.72207713324683,3.1591809034320457,-3.7887345765300537,241.03578031334024,53.68912071850283,21.852831159543214,3.548851910024865,145.10881349238417,16.505114164874946,28.39833330787376,2.807539253946167,207.11614935202087,0.287634283952103,37.163633252218645,-0.581206485068618
10,47,0.1,4.0,2,0.94,27.05213569752825,-16.67603298366676,3.158126324110781,-3.7693253668028306,240.36631453039823,53.170694205593385,21.803661034838775,3.5082900749960246,145.3117649719017,16.884245845680265,28.125311001396497,2.491363212970636,206.4298954000324,-0.4856313212511359,36.902276914530106,-0.9241511179141686
10,47,0.1,4.0,3,0.94,27.143010763453628,-16.550485320006945,3.170383767284498,-3.7739512691069166,240.89952554133055,52.818663281517914,21.931393866049383,3.519991762493727,143.91862515388098,15.789214486891968,27.86119778009556,2.427993149074468,206.3382834321773,-1.1565033276232497,37.11455148851936,-0.816608388245274
10,47,0.1,4.0,4,0.94,27.079480473521578,-16.83857282647232,3.167060286747959,-3.826774006034312,241.05290834316784,54.14098780693274,21.872628105939604,3.6189689911713856,150.9911164030828,21.56881810379047,29.5823448056159,3.712453940976964,205.3072358940031,-2.785711090386465,37.137726025837075,-0.9194290807425184
10,47,0.1,4.0,5,0.94,27.111277223502817,-16.79752537208521,3.160150404763635,-3.814143317435337,241.23756244809087,53.498090582819785,21.90694617763168,3.565513863713162,143.90231853110674,14.961689046772031,27.95520694149843,2.3138127738130745,206.7798276641055,-0.8991426231805463,36.99954223127563,-0.8921065125237948
10,47,0.1,4.0,6,0.94,27.028074716266428,-16.618424824919632,3.1456315584800674,-3.766297409768957,240.61040348136424,53.40894274115296,21.89937122616657,3.5916375651995565,144.6683118888861,16.130595517762927,28.04433437615968,2.4276504520145643,205.9311551212617,-0.7226663692089715,36.894202257095984,-0.7159183551039893
10,47,0.2,4.0,1,0.94,27.71450199570476,-16.641177716782373,3.200228284597723,-3.827088969145005,237.4526235673988,51.20372563937751,21.41789755530727,3.338652645845439,140.03095639332247,14.09020844677517,27.387417318883355,2.267875838929256,208.79206581246444,1.421079471944801,35.87669496771656,-1.6492072102679445
10,47,0.2,4.0,2,0.94,27.755116780232907,-16.79081011765026,3.205232091704913,-3.8743253807593248,237.20220886377948,51.496812702727766,21.385885010921456,3.3466827501211527,141.1219414446486,15.205180817918484,27.853926540186684,2.6018729595479906,208.96812628134657,1.68330228754357,35.57532139398192,-2.048359387883224
10,47,0.2,4.0,3,0.94,27.68302570378453,-16.475034749922308,3.1981388207170705,-3.787397104329964,236.17750243482405,50.49361460268936,21.34957269130011,3.320959603108242,139.16017140572208,13.550963389684616,27.431093015124414,2.209822461733273,207.88723162104503,2.17815517050907,35.3835400818733,-1.6603746232113952
10,47,0.2,4.0,4,0.94,27.650614550566893,-16.47103337469549,3.1860575387569186,-3.7785388675662888,236.43582022993743,50.949869365116214,21.32510165060661,3.323042115282574,140.45279316819708,14.034412531436084,27.606650859959085,2.3061431930191647,208.7175806347572,2.212348552246552,35.66606192413864,-1.496774435957429
10,47,0.2,4.0,5,0.94,27.736665729274677,-16.59912506859684,3.2042065360655037,-3.821422467992561,236.9819848103361,51.19941636276516,21.375865447435793,3.3398294106263293,140.93847704409475,14.25875139394742,27.642673426266384,2.276883235306573,209.0787119776898,2.677261633556979,35.481527345843425,-1.684710636648242
10,47,0.2,4.0,6,0.94,27.691386774169256,-16.511487264276514,3.198596734899958,-3.803669773112334,235.7369817658492,50.33421835393763,21.27861357940451,3.2752941976328613,139.9837406686342,13.9008099273302,27.464448313855826,2.295938143902732,209.79304698562424,3.519277905211146,36.11156796461218,-1.163589612631597
10,47,0.3,4.0,1,0.94,28.40117170905021,-16.462469173319125,3.220499945443252,-3.833868179382584,230.23344005759836,47.542762375772696,20.61818239200935,3.06902211340718,150.2631759759163,13.660944474645072,32.18969597811787,2.1260489501180055,209.29476543134237,20.978649872477817,29.87423865366007,1.065054750400608
10,47,0.3,4.0,2,0.94,28.42503716508285,-16.509017144593848,3.213439713347616,-3.8517581294002254,230.5332400809014,47.89988217701167,20.64464198687684,3.094533066848856,150.28668324702272,12.970622296340212,32.21773982164755,1.9741057349209368,209.68468290273785,22.05102246877228,30.032491164579984,1.3691129840299885
10,47,0.3,4.0,3,0.94,28.46174659337074,-16.39532298446624,3.224658400655275,-3.821449933197661,230.1001156912392,47.53255787678051,20.651700839574435,3.0880502634272773,149.57472873401517,12.676718885036,32.299134734459926,2.1219499149359566,209.41685968725633,21.627051207227055,30.022515262414373,1.3984601898441185
10,47,0.3,4.0,4,0.94,28.43022605487347,-16.31662848967263,3.216781412062223,-3.787531525383822,230.9238243455853,47.89495845184515,20.64981443653504,3.0731258826153587,151.10642970030648,13.820502390513544,32.226329909779125,2.135445223670429,208.66663331395745,20.729942633500276,30.1171070108199,1.3952629171764404
10,47,0.3,4.0,5,0.94,28.38220575684385,-16.411839295887482,3.2129165876011876,-3.820662329789001,230.36434226765633,47.760147884474875,20.68587873984048,3.140250249492319,149.90200297003452,12.983454325235522,31.6800499637519,1.6802230503177071,210.3642676624009,22.510333272656304,30.00832339029615,1.4558846752755443
10,47,0.3,4.0,6,0.94,28.48222204967609,-16.484325006780843,3.2335716725665975,-3.834987432872365,230.52138450984185,47.783917181255,20.6310193645951,3.0642543556720816,150.81656561088823,13.444103827902724,32.18938250575601,1.943524679783939,209.24157207877755,21.270144667522494,29.70811819489462,1.0179122374556542
10,47,0.4,4.0,1,0.94,29.75015242472545,-16.38334359665839,3.3483016874630387,-3.924297648768711,223.83698259498223,44.44073084278149,19.881127567349587,2.80442273740589,162.5525717307268,10.559367906674144,40.02332148841954,1.78274780666483,219.65020235634975,32.87546553232232,28.80604785163747,2.2462348321589465
10,47,0.4,4.0,2,0.94,29.6568471023511,-16.289129921634732,3.3314332525139987,-3.8642317565927016,223.71120510739516,44.3201280386448,19.868026601288157,2.789815596403456,162.71601143152122,10.881383114508273,39.911183733961614,1.9265395738029931,219.76121975506527,33.33547620590268,28.82999836149785,2.46190250795767
10,47,0.4,4.0,3,0.94,29.694378045219903,-16.356740893338007,3.342931294127881,-3.900956566449641,224.0067272824703,44.55287809558333,19.918645655701273,2.836816320717388,163.14723435016555,11.499772088484042,39.924753321602154,1.7727314191317898,219.53091694913775,32.94478701161687,28.801081480610076,2.2919696611126907
10,47,0.4,4.0,4,0.94,29.671410895978635,-16.251743436401107,3.335058798188322,-3.865459441922851,223.55488893463024,44.227773415771786,19.85142822971815,2.782489662736399,161.9192339424555,9.845235717468077,39.870096565739246,1.7244834161814295,218.72545717664084,32.624418230073935,28.641983725045083,2.240819138948207
10,47,0.4,4.0,5,0.94,29.69213112237841,-16.308753611651753,3.3406016679492465,-3.898127237606866,223.70744084713533,44.30118377578348,19.88952344809744,2.8132268097778232,163.14020679218163,10.957369732324231,40.06707166733464,1.734523283589106,219.277499042178,32.63798132312727,28.825142248264875,2.2940400674264807
10,47,0.4,4.0,6,0.94,29.710671754813177,-16.34227510282049,3.3488159918816836,-3.8871651432098338,223.4827963053473,44.14869218981696,19.897877362325797,2.823909525647847,162.30888452367168,10.769172370671978,39.798668844170926,1.8032896260617952,219.3714494919002,33.05547532519025,28.816063977961868,2.363815660870715
10,25,0.0,4.0,1,0.5,56.684895683902326,-13.983950168501034,13.491144947255444,-23.53179915844019,230.6694167566184,18.89532667806322,32.86296455393659,-8.341371342088575,325.58331217115426,-0.2933189045812966,247.60728915753415,-0.5349005900032658,334.1173598739978,1.7983493750111703,183.64944358041743,2.0786641449611745
10,25,0.0,4.0,2,0.5,56.72153195825287,-13.91515020406573,13.51867606501933,-23.533285901318195,230.74466461612332,19.08414748428794,33.06643314661959,-8.18053486680075,326.0545376790368,0.0512889079773387,247.89161979398497,-0.5801621475524825,333.4178778740903,1.270417765059051,183.84921455142435,2.3742056837862835
10,25,0.0,4.0,3,0.5,56.726253016886425,-13.916766365393864,13.47373311623833,-23.439191363144865,230.40135512228613,18.96109556898445,32.47023375640426,-8.467021244379932,327.82506832759105,0.9169384219851608,250.31779191643136,1.5784695934363626,334.2875973755714,1.6310345306774778,184.2762591584,2.855066041401813
10,25,0.0,4.0,4,0.5,56.7717674873785,-13.95227160782498,13.555434436191302,-23.66950243680086,230.8184179433355,19.17101410399663,33.08959913258307,-8.172722987999233,327.87480439883103,0.5824038171024967,251.73546666664424,1.037680995744373,333.2262475943639,0.7286916345492116,183.6458435039223,1.895075839702029
10,25,0.0,4.0,5,0.5,56.74660892473878,-13.895720555124626,13.527603962827786,-23.472166583682252,230.71334900216843,19.027834149187715,32.89918111654556,-8.2805898509982,326.860806904147,0.2321958627417942,248.68646396565563,-0.5114471153467279,333.7978916144959,1.5365438192743626,182.887357484732,1.9865528436246631
10,25,0.0,4.0,6,0.5,56.74428788562515,-13.954564861435362,13.519950728189048,-23.489963493878637,230.82007657955936,19.134097424174325,32.64375191693919,-8.421093859349076,326.7759213942089,-0.0249437601909008,247.4392079645294,-1.4509574659276503,334.1158477804799,1.769220700714038,183.67995774134653,2.741312170762776
10,25,0.1,4.0,1,0.5,56.68735138603453,-14.020816410975456,13.639665222851637,-23.927343062929832,230.8561464153438,19.58078542465045,32.84696757869076,-8.276267742900261,327.1414661798095,0.5200602700394441,249.40561433480588,-0.0364256739148709,333.0585391498581,0.5786922764169716,186.5708557979604,0.6726280314677282
10,25,0.1,4.0,2,0.5,56.68164912111588,-13.53925784529261,13.688855237150182,-23.26764283679677,231.14280958556884,19.183391490153618,33.344596244157984,-7.906747814105128,325.82876530568143,-0.0168539871116919,245.8031673220465,-0.3574747990059985,331.9329086678345,0.9157434554189038,186.1105412371975,1.4289803308437845
10,25,0.1,4.0,3,0.5,56.68382223551313,-13.92567949786679,13.642483803341452,-23.689094277158414,230.7273344195644,19.384517437688466,32.81506012043427,-8.140465654825917,325.4897022980092,-0.6192389009142346,248.11918634383784,-0.1341912818662776,332.5374159511374,0.6843801686757004,186.4948144374044,1.803465308718269
10,25,0.1,4.0,4,0.5,56.68145638183576,-13.911269035398488,13.643379067460838,-23.79785065497497,230.20565521417353,18.931134187305908,32.63716097310224,-8.47190934612505,327.24493710819127,1.0857529375254005,249.88882536082264,1.121053222246411,332.68898814191635,1.00409757962734,186.68145121115597,1.4384208110100205
10,25,0.1,4.0,5,0.5,56.66692864070461,-13.988744094927398,13.612354573017296,-23.786937598670665,230.37982042526704,19.033502491366583,32.87011396560253,-8.19632422123693,326.70727174375537,0.2124124933335096,248.18038055324504,-0.1161772168690667,333.24479546237427,1.3124743852258036,186.6754797815489,1.8270578478886512
10,25,0.1,4.0,6,0.5,56.68567908296201,-13.888953549979906,13.677076459315408,-23.527781402451375,230.66691276891228,19.407488119933205,32.871345059849574,-8.029290937319354,325.72972390857404,0.0362000771888517,246.56188294965713,-0.3374339788745025,332.3318762205443,0.6667072378045958,184.9702748753291,0.6845160811843967
10,25,0.2,4.0,1,0.5,56.427570529356174,-13.792750395501258,13.980237147147903,-24.326544786242657,228.53464185690456,18.483195847727867,33.300104055701894,-7.376599893318918,325.3551202534726,1.1445101061735172,247.23126407409785,0.5447515718681305,329.19792659198833,0.4589507886593196,194.78485463878212,-0.7178160099196795
10,25,0.2,4.0,2,0.5,56.41896002290592,-13.806903236393612,13.912181745719954,-24.513568633717405,228.59503829830243,18.26920261507994,31.729303127995134,-9.0792422578743,323.95706799341673,0.3035762128060341,244.68909833634075,-1.6958937323889316,328.8252532225839,0.1290979856204799,195.92570621243652,-0.2618952929892966
10,25,0.2,4.0,3,0.5,56.4237980105117,-13.8167509935931,13.90306805002659,-24.34303511504431,229.0922379619463,18.837837583461848,31.80088562167712,-8.802327884730058,322.48299311154676,-1.5955180776528024,242.82963876939212,-3.3760353495142112,329.01179690481484,0.0251987529046317,192.30000324568937,-2.5664181122911907
10,25,0.2,4.0,4,0.5,56.43114037544641,-13.808049829839067,13.904990975136233,-24.36432564006906,228.71808935356776,18.612156637569846,31.49327294780137,-9.078138921103257,325.2864916954401,0.8411386794360226,247.9394795612087,1.2454636443229747,329.1178849496482,0.4875416327934317,192.9829327952923,-2.1456073485628893
10,25,0.2,4.0,5,0.5,56.44067073799174,-13.825754240642746,13.93335907664082,-24.57553679747613,228.79645318773015,18.684468416747272,31.956458975396856,-8.844494761288399,324.22173569553115,-0.4174130117475471,245.57951491009905,-2.092384339629067,328.06917291680395,-0.692380928703814,194.7953771454242,-1.6184437702379229
10,25,0.2,4.0,6,0.5,56.428034231699755,-13.835503547333014,13.911434907171468,-24.38436955973707,228.90804879017855,18.961775622643543,32.01507223961879,-8.544612422556828,324.9706740481032,-0.0753946507812401,245.49296331322412,-1.1457393678043832,327.9690246975169,-0.4102266982860058,191.7165049450556,-3.216766412701098
10,25,0.3,4.0,1,0.5,56.01782885407887,-13.626760257766994,14.405283595094897,-25.347544233437475,226.0593936132429,17.598142111413956,30.76205121271436,-9.231502826734316,321.8232585955864,0.2504924091832904,241.461445270796,-1.9112495147754471,321.292068104503,-1.2150439316016417,202.5216258967432,-7.8292482044978895
10,25,0.3,4.0,2,0.5,56.00854182673313,-13.594858006913432,14.313789987089162,-25.25249724725724,225.87668090638783,17.285686627234327,30.521589176331595,-9.339541872102467,321.15698904366224,-0.544610884710589,239.8188100064179,-2.672253184559689,319.24095683509967,-3.00370686153245,200.6519695462403,-9.58909753716305
10,25,0.3,4.0,3,0.5,55.98040873655903,-13.51548674759594,14.324819294777765,-25.042454682147785,226.5275661784914,17.909706206691663,30.664719730472996,-9.156315128593612,319.6069631466404,-1.0132774509228937,238.0060996266471,-3.0076472920675164,319.3710081465849,-2.4600638969995146,199.90191697789575,-9.56524782358051
10,25,0.3,4.0,4,0.5,56.00348898646243,-13.5277241228566,14.39214413731501,-25.19429857034508,226.5953157825097,18.017829587048833,30.79581588570257,-9.15091076967838,319.93560433150145,-0.9265954514229862,239.68897519125585,-2.625355158289725,320.0630559723747,-2.5462942723307065,202.68613097552984,-8.210051623388967
10,25,0.3,4.0,5,0.5,56.02430170851456,-13.57659291198712,14.371666313441096,-25.310607904887075,226.80906589684713,18.248237746752153,31.261196584005337,-8.793626218184176,321.91703508624477,0.2369717413830059,242.035636399533,-1.792496711381728,320.33916997561346,-2.027700263571111,199.4538646868869,-10.608192338735408
10,25,0.3,4.0,6,0.5,56.02000659652714,-13.605439005674612,14.380461693745367,-25.23467515808908,226.5902758972345,18.087544137207267,30.555174643386408,-9.341323515780488,321.91708845475273,0.3487060072140622,244.35702312903837,1.6203569769976045,320.155012250965,-2.195019725129195,203.81914331209651,-6.4867049935127366
10,25,0.4,4.0,1,0.5,55.4321539933483,-13.22520526569993,14.87425432427822,-26.41325865066215,218.6732716689151,12.826651711699492,30.740595341979866,-12.309564806679136,335.0713597184995,-0.1499010175911507,266.8273424349283,-3.888230748178412,273.2949130358694,-4.878904850036963,150.11736482973646,-13.143096511883774
10,25,0.4,4.0,2,0.5,55.4139485257003,-13.336053385314958,14.746912056501486,-26.639294604992177,218.83305656503688,12.644923512166311,30.441127079015395,-12.779354374231923,335.2349109613343,-0.7965619640046953,266.98486502325136,-4.56897004268326,273.3494467473765,-4.530763511536551,149.9729074645151,-13.252137461062608
10,25,0.4,4.0,3,0.5,55.543305192338856,-13.324116014299731,15.024337245345055,-26.394450542891445,219.06539754445407,13.136895203139456,31.192807709085333,-12.199536966417096,335.28643107634707,-1.1969961925164228,266.76702182599035,-4.793292184019069,272.98145933706644,-5.721867525309134,153.95845089078836,-10.012061196515608
10,25,0.4,4.0,4,0.5,55.4420009999248,-13.293939744931931,14.879013830408564,-26.32714573722793,218.66387076412315,12.544826976979085,30.919786120165405,-12.2612659364046,334.8967767982294,-0.9330062829220764,267.4665507002237,-3.710771221822509,270.55214312631523,-7.340950949731666,147.01562243309303,-15.286110061804658
10,25,0.4,4.0,5,0.5,55.46718035591964,-13.084384721080834,14.882477058577336,-26.286877290938538,218.78780688597536,13.291334042046609,31.06146669627784,-11.851045980438352,335.23336039281463,-1.9573501278638332,269.5443238216537,-3.530916900272284,270.6272751704802,-7.798273851679208,148.9725172638464,-15.59323983761708
10,25,0.4,4.0,6,0.5,55.40835230841284,-13.306177253467132,14.84089710648467,-26.26079175474697,219.1162856601355,12.939754613199266,30.77804597014344,-12.358586042945868,333.3469117624007,-2.022090658600844,265.1427471011354,-4.1611119949195565,272.08750797852133,-6.054127657493275,149.05625274297154,-13.748940540791768
10,29,0.0,4.0,1,0.58,49.95160156734972,-14.703687130148705,10.29992848932972,-16.127603255079,232.22923570105544,23.242166676089383,29.430061926409543,-5.83092560698672,269.69403832259957,0.8068470143310037,153.68839398861553,-1.4161924979054323,318.5249196220004,0.4828959354095161,145.50912140887513,-0.6044248214703112
10,29,0.0,4.0,2,0.58,49.96351485433837,-14.759799604462607,10.280453333370904,-16.110993131510572,232.32018382487763,23.344338496621724,29.307835633875904,-5.8889470157507535,270.14228682769146,2.1283937732507128,155.12657311821394,0.7844878481760856,317.9959764221856,0.5903245315330992,144.7290636240268,-0.4659005035412655
10,29,0.0,4.0,3,0.58,49.954046215745805,-14.796575382555258,10.305473140545612,-16.151240137897894,232.1051011506068,23.203444603477102,29.532373437046488,-5.709875773845928,268.08384212751446,0.4071554994401168,153.4367392905703,-0.7913429853764321,319.0284650626656,0.7942618232486751,146.48568374455468,0.6742690513295236
10,29,0.0,4.0,4,0.58,49.96346186751654,-14.749640563263478,10.29279411442264,-16.171906804755015,231.6439223511265,22.948503213120585,29.478159173203995,-5.794700340620453,268.19369850065107,-0.1058758075739724,154.38568505441714,-0.1298190475946272,318.0504152510706,0.7803334628574816,146.31115808373693,0.399681411037127
10,29,0.0,4.0,5,0.58,49.91743896014281,-14.655315836565894,10.248870469302547,-16.011682659797618,231.56728024322993,22.79944275055861,29.07512028573974,-6.038063056845794,268.4967491532505,1.3110598912617824,153.02256618523464,0.012305347548753,317.49892552052086,0.3222091817528977,144.5556469845551,-0.0797884626635138
10,29,0.0,4.0,6,0.58,49.94899274183498,-14.78121756406679,10.270974193551504,-16.15317582576851,231.8460117883963,23.093568024211084,29.039660592704703,-6.2113057247097165,270.2174272071675,1.993746689406457,153.62328568429243,-0.4192959504443889,318.3358589298412,0.8161621525005855,145.42339838649383,0.2711350650048915
10,29,0.1,4.0,1,0.58,49.77347478335275,-14.658459583955558,10.279846179039104,-16.17046948539902,231.1615363678546,22.86639773508385,29.24187621233874,-5.80367440350715,268.0671190213353,1.4023095133412276,151.99197093884212,-0.2821741370782999,314.77564466230064,-1.00695863682284,145.338713559592,-1.936354126541297
10,29,0.1,4.0,2,0.58,49.87170764678259,-14.595174783077107,10.345073749903946,-16.037112417519413,231.92206105606584,23.28438837151304,29.266416648960387,-5.709393651198042,267.74482055482065,0.3440037271349404,152.41193441927436,-0.403611066151776,314.351525668311,-0.984951847409134,144.49856030505194,-1.7654488228480552
10,29,0.1,4.0,3,0.58,49.852456699742866,-14.71019651458271,10.355252953432409,-16.181081022890925,231.5646578211309,23.007259484888436,29.23788749117052,-5.899384322679462,268.3741408435996,0.2650907372217304,152.52344816345558,-1.1654747589997172,316.772450684743,1.0536686072624877,146.1565380858019,-0.7117996280860583
10,29,0.1,4.0,4,0.58,49.871400972337014,-14.699166434790005,10.301971801420915,-16.282486587269712,231.2553027662212,22.858505767472725,29.038337354623764,-6.053792906582556,268.8876137877105,0.9163050237907228,154.39837483306832,0.5572879588025093,315.69738152207447,0.1897861710550571,146.08105094645495,-0.9446987167151452
10,29,0.1,4.0,5,0.58,49.83570697514302,-14.728056075905894,10.31091308928738,-16.221272209522994,232.0538996117968,23.605830738288383,29.18941587544275,-5.871778445152503,267.96577532414113,0.5991342417244212,150.71718316351868,-1.884164010781302,315.5303447841871,-0.2385829779948238,145.80702603693567,-1.0110333451086908
10,29,0.1,4.0,6,0.58,49.855576036962034,-14.747161452796991,10.341823206946472,-16.250570890743802,231.81412733983993,23.560787333040157,29.28178340558653,-5.713492560627431,269.8761488001197,1.5178920321444855,153.62467535113709,-0.352457242584241,315.0096766679666,-0.3896952463044272,144.58966436741056,-1.8011505441695994
10,29,0.2,4.0,1,0.58,49.60117505222301,-14.65512224842776,10.437007084283032,-16.586026081827573,230.52655857039275,25.85177519664333,27.1673614792574,-5.087614968536632,286.205731572728,3.1120234121890773,172.64432761627626,3.4051809277003757,295.2280556057062,0.0126829836022793,130.1021754865241,-1.2137863018551704
10,29,0.2,4.0,2,0.58,49.58253837044085,-14.543250854219082,10.39157829515664,-16.539459016304676,230.6481099927551,26.076175777847,26.812019223111577,-5.32750123741324,284.65444096135263,1.469869742392008,169.58233506590256,-0.0882462691088731,292.5300841230244,-1.370537183648534,127.6848743372183,-2.9542714200412465
10,29,0.2,4.0,3,0.58,49.59823430000469,-14.580411287292597,10.397537741086596,-16.574231469016393,230.8860347589519,26.158002578379403,27.117796211251232,-5.139360236531486,284.35726588250975,2.5737613313406142,167.55130912863916,-0.4755779238835161,294.95808794896345,-0.2100220359804595,129.87053404473403,-1.7052223630218326
10,29,0.2,4.0,4,0.58,49.60537123299211,-14.636984012800838,10.433314262946888,-16.623475735350535,230.88380619004107,26.08705082719347,26.96464298761195,-5.2460929009490025,285.3684407236357,1.7033325377754678,169.55554200471028,-0.8503711066733859,294.4971262745684,-0.4324289820182159,129.4858255750885,-1.8595019167490776
10,29,0.2,4.0,5,0.58,49.576803254731125,-14.519141882616818,10.416505293615726,-16.293032498071813,230.8099259978731,25.943752539851243,27.312522911759693,-4.792938044821641,282.82703854111253,0.7862565161857787,166.21518314442875,-1.2282525853289368,293.73320993051203,-1.1669668963875637,127.4052122697035,-2.978389262276843
10,29,0.2,4.0,6,0.58,49.57002277708926,-14.414167528678409,10.388881434721284,-16.31312943114092,230.43654956137615,25.561816541753437,26.80461838679373,-5.219076737410822,283.3113578212278,1.828267852070843,167.7603889363583,0.2542919556416775,293.2856539561413,-1.2309500967810765,127.08436452048518,-3.3138546389105756
10,29,0.3,4.0,1,0.58,49.31397946234083,-14.506189521354932,10.548755050961908,-16.9615075553051,226.42229204412385,25.554870947464902,25.611877751964848,-4.7325438286788755,300.2165212039832,0.1752048381143524,186.62438760534525,-1.4124013645939713,267.5881079272666,-4.174291023766974,111.70788529297606,-6.792703680071528
10,29,0.3,4.0,2,0.58,49.324855378807754,-14.459391063251818,10.5598298459612,-16.93976048782078,226.47107062738056,25.74565597608909,25.599878244934,-4.672383357721484,299.8298743799554,-0.3860019962300697,187.86694546690217,-0.3751819392881318,268.04322704342565,-3.4959883073292795,111.6442140625286,-6.915350884464277
10,29,0.3,4.0,3,0.58,49.31593807773303,-14.461316661160046,10.53351415521986,-16.89557824059124,226.3042379006844,25.27266782922835,25.502337399808976,-4.864790120533294,300.24329425970984,0.4787619638807371,185.84689933707145,-2.119100095888675,268.74771218516463,-2.8343827829927877,111.83655301983158,-6.448598030097173
10,29,0.3,4.0,4,0.58,49.32588020033816,-14.37741491481756,10.607298408253412,-16.926090786996596,226.0620022452486,25.42598247838751,25.60957129576243,-4.689698689326543,301.68152747554444,2.3768276515698448,189.68475146257225,1.4112594653006445,268.29792146857335,-4.704962095681279,110.2042661532754,-9.039920488709123
10,29,0.3,4.0,5,0.58,49.34210020815912,-14.35928333091672,10.572787288843353,-16.949784638845728,225.86423925981543,25.06805981138884,25.64247167440296,-4.629336444511826,301.28739757552745,0.4480848354152428,190.09604952830105,0.2213419029227483,269.66355597888884,-2.517621584975223,112.5234893880594,-6.568808450741256
10,29,0.3,4.0,6,0.58,49.24603160675681,-14.335234609347628,10.503216595396625,-16.80884602250592,225.98820684184693,25.08491814634671,25.35131343531867,-4.865739681475359,298.9751494977154,-0.4314169081055922,187.26888151736551,-0.603379196327112,268.9495158638843,-2.475453334145435,112.59011485881274,-5.722102721121872
10,29,0.4,4.0,1,0.58,49.10403564455411,-14.281457756733513,10.707157530950369,-17.68168538351645,222.49279920722415,24.061539185263143,24.94579520350893,-4.898917129062771,299.98023839708094,0.5763613260311942,187.40461590467953,-0.9788196224816034,258.6577089615164,-7.261075461500036,111.23416135400302,-13.634141697601253
10,29,0.4,4.0,2,0.58,49.09958063515053,-14.282090860467315,10.775303234382346,-17.58016376914351,221.56030501721025,22.89224566070491,25.57291734343692,-4.211814563263344,301.55851863646956,2.165255548634194,182.14447538687628,-5.094394899559173,259.6539911548848,-4.961115759452818,113.16769897443332,-11.342410251084113
10,29,0.4,4.0,3,0.58,49.088965313681506,-14.188141844960745,10.676562064929325,-17.51560846318576,222.688579925096,23.89967477346589,25.36582196963884,-4.428165506719311,300.00555965514695,1.038638146083407,188.85082758473536,1.3910982579126,258.77107414057303,-6.172807175425988,112.3375280106306,-11.34931513802169
10,29,0.4,4.0,4,0.58,49.07985223181872,-14.228971704876988,10.660694075280876,-17.62933096013453,222.65780351425488,24.063901528634904,25.21430345598406,-4.572066007026034,299.47494315683866,0.5526528847356389,186.84483083198657,-0.6026077735381196,257.09293904548457,-7.380642088123578,110.06671525466018,-13.21133940352298
10,29,0.4,4.0,5,0.58,48.64957924556815,-14.66586149212193,10.042433346691862,-18.294145036180236,221.53349152281135,23.01627108880111,24.385513488691338,-5.305342122278551,299.9216453762736,0.3477527209996509,185.77648732139724,-2.431603031797223,257.87458482425507,-7.189043694137564,108.11737674723136,-15.556742155014955
10,29,0.4,4.0,6,0.58,49.156940150946795,-14.165706811521565,10.719127737293505,-17.6723516122503,222.48352737536396,24.036148478332187,24.772302191276665,-4.9762292789950155,300.62444920817853,0.7405421130662063,186.17627951685364,-2.1316795698298328,257.4295571937902,-6.946697668448893,113.02860307298783,-11.454425848142014
10,33,0.0,4.0,1,0.66,43.71547491847747,-15.59891616844874,7.788880684577822,-11.258310711021698,235.3311378133168,32.065478774828875,25.97099280276969,-2.7496256683057068,240.78342824283672,6.043236074216908,106.85952369810892,1.2261403883478743,287.9644917882768,1.4274560763738862,101.22283171183128,-0.3597080434219752
10,33,0.0,4.0,2,0.66,43.71385885706549,-15.58917803397829,7.797062843687977,-11.212331538394556,235.17663888770284,31.902708090178457,25.75407617087691,-2.9591034311147686,240.0009094388667,5.07953688540755,107.24930513922934,1.7941134302497133,286.55862426999084,0.1415310101613428,101.77101979283457,0.1658988690500017
10,33,0.0,4.0,3,0.66,43.67953268164818,-15.584379087271463,7.768543198551136,-11.258614852742012,235.52576939823143,31.976571666020696,26.055109781173098,-2.7539473608015412,237.4748762434784,2.886773294101638,104.79016226234332,-0.5270699567990487,286.1850746438387,0.0831610461262315,101.62109431791087,0.0941348347988254
10,33,0.0,4.0,4,0.66,43.735326681124334,-15.5093474433001,7.820378058951084,-11.188438511243028,235.94368074357791,32.330301432978594,26.241623292515925,-2.4796258831625573,239.2745059063188,4.159642576010131,106.09664051323251,0.2689175006682817,286.9294849513168,0.4441844705335072,100.00571551413692,-1.2868238690410196
10,33,0.0,4.0,5,0.66,43.75924371723739,-15.520823121664716,7.81044472834157,-11.151433964642871,235.61199822499847,32.230856645217486,26.132265764633225,-2.556845017504134,239.66668726028448,4.468970414261731,107.61838336598866,2.2153169370202788,287.7516052593153,0.9308395520050324,101.49806890628506,0.0285788232316947
10,33,0.0,4.0,6,0.66,43.65764328967103,-15.44610036513088,7.769901533467037,-11.091013804274024,235.53431484964412,32.08697922008926,26.264647512810264,-2.419189940070141,238.6669903155859,4.576022817868482,104.9869698696146,0.3189262516180241,285.0043639916032,-0.823201357668944,99.07935730111129,-1.775307597352634
10,33,0.1,4.0,1,0.66,43.60431590023459,-15.385738895863293,7.735793552839789,-11.16218787506623,235.3137070076954,31.99583832810901,25.923157672017332,-2.600085689424737,235.9921142199451,2.892100748531322,104.28772879776662,0.1507032957989236,283.1945754799984,-1.0084207158370446,99.25440303080214,-1.7094495303969737
10,33,0.1,4.0,2,0.66,43.60786115577953,-15.47923565273609,7.761345411785646,-11.18235117304638,235.0896190207959,32.0695235569158,26.017421713414763,-2.528392776299946,234.8820834457152,1.2482945850070108,104.7397840736642,0.4528684132338368,283.6347900690124,-0.4296563081669077,99.84815798731344,-1.1865725326351193
10,33,0.1,4.0,3,0.66,43.595334524591735,-15.419975986782209,7.757077225072368,-11.183383111951311,234.5451677230644,31.51620233035867,25.919931262501677,-2.656554728018151,239.6550517443225,5.256381220985247,105.64912482338995,0.6606031984716367,282.7299969022213,-1.3356499154483934,100.74580306903025,-0.5889517102967579
10,33,0.1,4.0,4,0.66,43.58354015150472,-15.462881357697931,7.732907773382723,-11.169085498716132,234.3898094497872,31.41018442569048,25.706081073095692,-2.831236138430659,234.2896968128857,1.0731966922537652,103.2921079625966,-0.9872052530151192,284.71267157335944,-0.1271099179994138,99.90047792618644,-1.2876874757365584
10,33,0.1,4.0,5,0.66,43.54085768871398,-15.347717353777051,7.72387657736814,-11.137553952104511,234.45087862251165,31.455288077295176,25.752929810912757,-2.845449366104793,238.8309023138835,6.004119956182522,106.25420758120792,2.248031761754786,284.3012947614484,0.0753571174798381,99.55447627174745,-1.7675347563093962
10,33,0.1,4.0,6,0.66,43.62426097030745,-15.528262774472376,7.78313708978808,-11.236725327954538,234.74184207127809,31.931238698677657,25.81922642444541,-2.7184396252265812,237.79541214960804,3.8691907836385737,105.83516380076762,1.2242756888840312,283.6240461123782,-0.9742326844159224,98.4924324215098,-2.8974666248066905
10,33,0.2,4.0,1,0.66,43.44603659873481,-15.37696348552657,7.724234020203402,-11.28647758446892,234.0473692191701,34.65943679273394,24.865376591803795,-1.398228736117463,257.1672697754851,4.774936053716323,125.97484415605098,1.896030853329075,270.78395024858906,-0.3546606209880579,93.40077162992282,-3.3519007375404657
10,33,0.2,4.0,2,0.66,43.44665038382589,-15.419901116190562,7.711962943601246,-11.349606839572964,233.713190077129,34.53569901449167,24.64150215824732,-1.6428091499866269,258.2038325803303,5.416501230060325,127.1277450184762,3.003871773973293,270.1015007291941,-1.527360044283101,93.34349342323812,-3.4823218627594317
10,33,0.2,4.0,3,0.66,43.49800602743803,-15.412103287082209,7.740058180255852,-11.340144226915177,234.5180278510024,34.98099243191017,24.829690222088825,-1.4998151723825726,258.06773413442426,4.690970174008447,126.54969722812268,1.6508825930062976,268.49434484904293,-3.0050147251073094,93.88695325223178,-2.9462475197791385
10,33,0.2,4.0,4,0.66,43.48676860734535,-15.418200532070312,7.725648231451241,-11.348332820380236,234.0991736411212,34.708058972697856,24.58742883824751,-1.6665219555341544,256.9724892058615,3.7221492845029593,125.55155723024332,0.9030022510170708,269.1278098718727,-1.8956598193121947,93.33366377110748,-3.252114855445349
10,33,0.2,4.0,5,0.66,43.45575326652023,-15.418872148080734,7.746329600535006,-11.344693055876192,234.3437790412649,34.76345216118047,25.025502191963817,-1.3255124519015329,258.4038950095529,5.184232776836734,126.5997556259198,2.022143595319487,271.0133682542642,-0.5574391852191809,94.27648973317017,-2.79466408001601
10,33,0.2,4.0,6,0.66,43.528525665156195,-15.367962654132551,7.820534245893038,-11.289842442314685,234.1550767727292,34.74768228438336,24.950031480402068,-1.3566461819062106,256.3276670636942,3.749516654301072,126.31201068015926,2.098707238668176,270.0966983127086,-1.5987801984365368,94.81591808059244,-2.5847083416664676
10,33,0.3,4.0,1,0.66,43.28292581140727,-15.312944157875751,7.692252883107602,-11.749043600363445,228.80368370498024,33.53715674650691,23.657714370903655,-1.218078174671343,266.0642075741563,4.411896777934115,131.5218296524218,1.2497362831002758,245.12673396308173,-0.3354864235764623,75.47014413299539,-3.1669973024868243
10,33,0.3,4.0,2,0.66,43.248438057892486,-15.06428472165876,7.7058216905618675,-11.4846317116298,228.78734349672837,33.60828299897305,23.790625694493517,-1.0917309998315277,263.98030349288985,2.4545780191255893,130.18560479902948,0.0195235420436017,243.94613670860753,-0.8985124928311017,72.90897677596334,-4.662662260024744
10,33,0.3,4.0,3,0.66,43.245773509969304,-15.159458208156366,7.673919708112942,-11.533184521876615,228.43989120989357,33.17610695783544,23.464858432444583,-1.3475211212514835,261.78552982364727,0.8762132526367225,128.30942010355858,-1.1205089663943784,241.1509587992603,-3.498686257594237,72.03334676524067,-5.5421655219272
10,33,0.3,4.0,4,0.66,43.336261684307495,-15.132318971291536,7.711143681938395,-11.49491567135173,228.6827781275152,33.34838856413718,23.446272770054897,-1.2973308278860602,263.34002227853625,2.740557462495122,128.86135153243066,-0.2011620878055543,246.73004972810608,0.7725915747124347,74.20732386113153,-3.998019785444785
10,33,0.3,4.0,5,0.66,43.29413149470864,-15.068085976082989,7.724813702533741,-11.500443777200964,228.24207161565224,32.54791138008135,23.73821957860974,-1.0484843894364952,262.6788204544575,1.267673464149042,130.20815632425575,0.3028515637251847,239.36712735212973,-5.316694859984609,70.84432077103229,-7.496409435272417
10,33,0.3,4.0,6,0.66,43.30595490096909,-15.214629243977194,7.743815866203616,-11.552432580206808,228.31671260054657,33.09998172715892,23.604681578974965,-1.2145290078601914,264.2431981364221,3.1729133816967328,130.14357738487786,0.3137714481329408,241.37043629563215,-3.8852765701135334,71.72129958928936,-6.114618454492302
10,33,0.4,4.0,1,0.66,43.31151229971184,-15.059194550851682,7.681783658945529,-11.936750751884269,223.44528956633167,30.913863819813077,23.06122367433043,-1.2221330197140154,265.6317844620115,2.9871247255910864,133.96130184823934,1.492163136974159,236.08255390967352,-2.200514371819125,69.540876037769,-6.77414722768948
10,33,0.4,4.0,2,0.66,43.331124247242464,-14.96929010977366,7.663958138102636,-11.871512333236408,223.93982316282032,31.26479774685608,23.19032895241342,-1.123567295921822,264.22826530674917,1.660992449508054,131.2102710243449,-0.584608464587908,234.5097260104727,-2.98757416524266,69.06213030830794,-6.892144460248178
10,33,0.4,4.0,3,0.66,43.39904894031737,-14.956961093436126,7.703524639826843,-11.80751641266221,223.6835809556547,31.358348398052406,23.369459344345938,-0.859415230493358,266.1681596326515,1.812790971217708,131.774819126213,-1.4231373868210313,236.35150140953377,-2.32041703847457,70.62668218653265,-6.090450309838519
10,33,0.4,4.0,4,0.66,43.36096746971096,-14.8102451257449,7.718859917476067,-11.70135476991574,224.02008830253095,31.04601204812454,23.30475977704991,-0.9915846385555582,264.99382994790926,2.607979705393993,132.84679324563868,0.6948026765719438,234.06997704530983,-3.6885809337692,68.07221955834196,-7.435081461518808
10,33,0.4,4.0,5,0.66,43.302057947329345,-15.00686749863363,7.648896712668252,-11.814483457847931,223.87170998558773,30.93868529568308,23.31707668633421,-1.0468484348218543,264.4458954022065,2.293022610780177,131.3448030181887,-0.0740717877971464,235.26053372235432,-2.25754948239967,68.7188375515911,-6.71744447920315
10,33,0.4,4.0,6,0.66,43.36072916167949,-14.768999375897996,7.67649491254335,-11.711361993061796,223.57234493965285,30.541814866788776,22.902925291716095,-1.3849861662107863,261.61082262964953,-0.6501979224267671,131.102370664171,-0.2272499732897077,233.95471835082895,-3.2700806290297293,68.41384630988452,-6.660714546423158
10,37,0.0,4.0,1,0.74,38.14717665482633,-16.25792240055961,5.919623343962504,-7.958253946731743,240.45755069410112,42.2493692763,24.58863893916034,0.3439863381425251,219.7100812140871,8.421685743824854,79.86438433411433,1.5219744260692445,266.3644733686945,1.1562648272325695,77.63458801175152,-0.3258186290015294
10,37,0.0,4.0,2,0.74,38.269384097283506,-16.314480666829972,5.950904019940731,-8.055447641039757,240.38659483876913,41.81058692801931,24.696266911143272,0.341181178087124,221.6723858002943,9.656027430841284,81.5975365877426,2.442453676768287,265.9337251225356,-1.0245375240089707,77.43324414903796,-1.382934083329508
10,37,0.0,4.0,3,0.74,38.14234342537834,-16.261343925621293,5.926390198060157,-7.947657562102532,239.8494534992548,41.74299492195447,24.73499725659769,0.4891007378855274,221.73048496014036,10.171170882920109,80.84888788012465,2.181595258747458,265.232384816171,-0.0948120588048944,77.17611922213021,-0.9454732556993936
10,37,0.0,4.0,4,0.74,38.204404499574814,-15.96700228238858,5.876031951498293,-7.893204839087984,239.31306924130587,40.6651895343811,24.260634850594524,0.2091543549267743,222.7194196068228,8.3030659647353,83.12631353225603,2.980732582102535,267.734140382977,0.2526455304118151,78.57673658657266,-1.0088604811696833
10,37,0.0,4.0,5,0.74,38.19725993686022,-16.284101505073636,5.928180057403013,-7.994840915885862,239.39221789754689,41.14827076576646,24.586404437945465,0.3311975523736331,220.58908857223432,9.66444842593739,80.95501204692391,2.503617972528343,265.45550936716285,-0.0670238579513586,77.03669767467163,-1.0610943920218894
10,37,0.0,4.0,6,0.74,38.181476015117006,-16.27496981185465,5.928259826547816,-7.952638889939119,239.61104503545943,41.552525434369706,24.58133088879456,0.3144515881221199,218.85304999498027,7.586885038917478,80.74487736693474,2.6243442388592313,266.00289593838943,0.8535702483515074,78.2433239142564,0.1551974599801335
10,37,0.1,4.0,1,0.74,38.16231600939203,-16.101538771228974,5.897050881131638,-7.976319983473306,238.48262858389688,40.74841141657785,24.401103085092604,0.2824558524571885,218.0096203975756,7.917434038230972,79.7827036560097,1.8951046662554532,263.6891731754205,-0.1887671747296408,76.60603796529394,-1.565979901503299
10,37,0.1,4.0,2,0.74,38.12705399288718,-15.921751515114645,5.906852289005972,-7.868911726522642,238.7622249547725,40.932254421534765,24.403807537584004,0.2927998986967275,216.13134318116732,6.9752214686509975,79.03739802125827,1.685329390306266,264.2857641112754,0.8368593712660903,75.95360195943003,-1.943513469998415
10,37,0.1,4.0,3,0.74,38.14442354287796,-16.177253842415137,5.916255366111056,-8.007846637772804,238.9431122254892,41.16972449632786,24.50420629095064,0.3408745293341255,218.8262037393415,8.98734920509176,80.17517971343304,2.141132405729504,263.2271102200024,-0.417567953323244,75.90232593375632,-2.5366870916321536
10,37,0.1,4.0,4,0.74,38.130991796335906,-16.213147393553292,5.912773700760173,-7.985195711598368,238.93256465451933,41.059477864368965,24.483156167310774,0.3333896179014795,219.22644436937844,9.199385815711844,80.8814871971704,2.7905800523415634,262.52270921452066,-1.0397767972012866,76.69358505001836,-1.7086181082385945
10,37,0.1,4.0,5,0.74,38.08148597490832,-16.11976722047695,5.882575358821255,-7.940576397769649,238.59738577696345,40.99868051346906,24.400927834481266,0.3475397436001845,215.4329727367404,6.026635587632864,78.07744637377607,0.5603871051975359,260.54162283787116,-2.1267267423404825,75.58379662295927,-2.050485889956757
10,37,0.1,4.0,6,0.74,38.09931700654292,-16.009104367165158,5.886612643907165,-7.9088292704063745,238.8499640661059,40.9967390082842,24.446747185544325,0.3569285708079316,218.7253418925772,8.684802185998123,81.05348114890293,2.905217432432063,262.5246856945418,-0.6461788028103725,76.29434118669909,-1.6140041276395594
10,37,0.2,4.0,1,0.74,37.93588316613148,-16.033888823391077,5.776974347236312,-7.914936534509098,236.33302500740356,39.733151856933304,24.031802149995848,0.3892621360159782,214.2612860186612,8.270580900716777,77.62697290208212,2.3329007959012293,256.55509017421116,-2.229392787366419,73.84199556083733,-3.5925393823994214
10,37,0.2,4.0,2,0.74,38.01210963646234,-16.027619346169534,5.8083381337779425,-7.929192488214852,235.76740296797644,39.85812041298531,23.92421380025349,0.3539809452068196,216.54053931812217,8.734257171246636,78.68854373839206,1.9365601974058464,254.58989677785263,-3.2504392420024955,73.38294721729322,-3.4866865268211003
10,37,0.2,4.0,3,0.74,37.96751602050038,-15.900561628610472,5.8119421143265715,-7.8663152988932605,235.88481727125605,39.75668404541999,24.0926587497678,0.5101653018846679,214.742448943978,7.936504882982469,78.15364049081852,1.7508143116015171,255.86625216001352,-2.252767348445354,73.60800453723814,-3.5341017972681867
10,37,0.2,4.0,4,0.74,37.96595833570206,-15.919903416463615,5.79785653625259,-7.8982911296353056,236.31957520809905,40.08951763369574,23.92185241767821,0.3179230687748461,218.5860730966922,11.54295301818792,78.54584315048145,2.16902703559379,255.7409665667383,-1.2940306906100338,74.48897589869941,-2.2536136521896557
10,37,0.2,4.0,5,0.74,38.02221097062724,-15.965142639941057,5.8360908667261615,-7.914627500104328,236.50284061908556,40.33772941858826,24.1003438122948,0.5049844832968577,219.04924652149293,10.774458730721957,79.46636799354769,2.4754628944642256,255.513952494002,-2.4801236638311934,73.5230823091739,-3.44428060812609
10,37,0.2,4.0,6,0.74,37.93444132473191,-15.951692738445743,5.79179394993844,-7.869628162892289,235.66311184454457,39.67930829691969,23.98147823134,0.3930761458726364,215.17166736108987,8.445262777636668,78.07476996844251,2.28026575002211,254.9349457567805,-2.489135998760377,72.89167499952077,-3.962874334310878
10,37,0.3,4.0,1,0.74,38.12994313359271,-15.933688757415206,5.744202191490953,-8.130162457211679,231.9715711436976,42.19986179331409,22.707990544635624,1.7479129321078708,237.0339949651406,4.334869706572163,96.89691317076624,0.4010218290312653,225.71705633944256,-1.4267249407177451,50.3219470564863,-6.8966982190123245
10,37,0.3,4.0,2,0.74,38.20204716115017,-15.923583262666222,5.786709147741971,-8.107075802341438,232.02006372141196,42.22828723323061,22.886243908617505,1.85487259752359,240.03300380521935,5.650708315287933,99.65303861719562,2.626848717724782,227.2385911902085,0.1439022984525252,51.354943690062214,-5.786765970325015
10,37,0.3,4.0,3,0.74,38.16852313065867,-15.777609552204789,5.759193079375402,-7.972360277622114,230.97877123118752,41.24841321393306,22.693409120135573,1.6618438669932964,237.7798148946954,5.671637440487231,97.3107879240991,2.012281012848427,226.6580202392715,-0.4793526123495006,51.081449390310034,-5.926731069709179
10,37,0.3,4.0,4,0.74,38.06306115698317,-15.78700259556658,5.736203593563292,-7.94202875251824,230.15628574443448,40.51420856439049,22.792587247977217,1.7868760843324154,236.33959889355933,4.608344545382819,95.3264350519158,0.2998212475370077,226.5007329436147,0.3633255849781321,51.81584927461756,-4.653635280049206
10,37,0.3,4.0,5,0.74,38.164909044483046,-15.775000317526164,5.76411008429716,-7.992270533652809,231.52872563910677,41.48809902759974,22.81917775871136,1.745151917647771,237.55905340392903,5.798675906782231,96.12948788112382,0.5025695650763985,226.6805272320608,0.2426491396561054,51.76940990999149,-4.901215431008501
10,37,0.3,4.0,6,0.74,38.114467335701946,-15.669237272395986,5.74094546777567,-7.912576039170422,231.1185107341703,41.07400401201859,22.773510775154733,1.7503496151141296,237.7316050949636,6.452002286697427,97.36079170067528,2.1681271287702937,226.7593453992882,0.8527741010015063,51.45058972328968,-4.759499963153916
10,37,0.4,4.0,1,0.74,38.50030538612557,-15.106814694686344,5.712932225430604,-7.935573706534214,224.966443355309,37.67735722415064,22.210203430486985,1.7074653313092607,237.62261305367815,4.758580052305527,97.90549492008844,1.3469812002529309,222.02803762777455,0.6521555321008649,48.599521501853665,-6.77075246733516
10,37,0.4,4.0,2,0.74,38.44932656861422,-15.420265604797766,5.71165337215029,-8.06560980292447,224.8864045486023,37.88989993172617,22.121915801476824,1.6565578861258117,237.79348612969943,5.571678619870742,97.4587787068198,0.9209744203707796,222.28949248744084,1.409362236994519,47.24335238118845,-7.666967137451311
10,37,0.4,4.0,3,0.74,38.42440254186566,-15.46117835622186,5.695179578186495,-8.082683404361834,224.84238049359925,38.02988889901134,22.18775158901361,1.6996190736099237,237.35349364354775,5.209231168200689,96.96868839384894,0.8243201269342542,221.74359454975473,0.4794755306597473,47.218846882280566,-8.019270511061691
10,37,0.4,4.0,4,0.74,38.35254687491742,-15.432899873827049,5.667348038940588,-8.074099942196426,225.23845118387544,38.25026399496096,22.126197362844184,1.662119327992103,237.7550399182825,6.399013741284763,100.11768052864429,3.1265170925507126,221.63012344377907,-0.0706395407995259,47.68018187367037,-7.702059934193559
10,37,0.4,4.0,5,0.74,38.4489521944506,-15.6795591657475,5.690587989238682,-8.178387793103997,225.48733505953192,38.68838109200813,22.301237106059837,1.8769325583072003,237.7121410450764,4.225060251012221,98.60424199859736,1.5188933514030587,223.37551157984277,1.782343906094524,48.02011174744967,-7.167500485389181
10,37,0.4,4.0,6,0.74,38.45790334131651,-15.49821708445343,5.693049618966613,-8.134951397369141,224.8919003398114,38.13537819621072,22.083981160116473,1.7062705528773534,238.41001514493004,5.328103710604044,98.29874359475431,1.0142129238938775,222.9886142160437,1.251320215085773,48.075996629894064,-7.55556926651536
10,39,0.0,4.0,1,0.78,35.68771676498719,-16.58334621572401,5.1985581852472516,-6.8260973013336095,239.69873939729467,42.87072411495833,24.002108613699736,0.8487443656677556,196.7584074999525,8.706495591948633,61.82515978004849,1.755170593165212,256.7566685061701,-2.1413686585369947,69.23159947452375,-1.3702933536409907
10,39,0.0,4.0,2,0.78,35.73771184259294,-16.589928340505885,5.237947981296725,-6.844683334601763,240.37239603188385,43.35040074018194,24.117612785841708,0.9107874362082696,200.4683903805816,12.19253512703234,64.28382922334295,4.125184614243464,257.486720432728,-2.2355878357788157,69.8685098231946,-1.4610027639717962
10,39,0.0,4.0,3,0.78,35.55539068241418,-16.46783955768685,5.195488673391319,-6.776263666633059,239.03566469568196,42.543093958806296,23.915428105594877,0.7716928360970041,197.59534584751623,10.975441882919007,61.76908020144525,2.48085804714323,258.3484741749647,-0.0187505928758199,69.55729552491576,-1.3524156551025044
10,39,0.0,4.0,4,0.78,35.66521712787995,-16.553651828541255,5.2123651583816635,-6.843015206657746,239.19228305437335,42.74054573273966,23.924878424506343,0.7559307034073759,198.92711557582732,11.067204509499096,62.27125595004891,2.1585353484362866,258.2761166004853,-1.3674402177924063,70.36017854275107,-0.9919674868712268
10,39,0.0,4.0,5,0.78,35.63574339758906,-16.407443458358095,5.203018986016968,-6.732624286450236,239.8873048811673,42.93866087097395,23.926844575110845,0.7593777227067274,196.6069495821228,9.7340488135261,61.68281975363995,2.454729092924611,256.7303515133809,-1.4433272869605382,68.74995995007365,-1.6776502973373213
10,39,0.0,4.0,6,0.78,35.671621701496306,-15.884425798840828,5.218073057525599,-6.54719956268319,239.67038788210553,42.14082108252339,23.733151832901655,0.727082352341237,197.62076581442244,10.70333391594275,62.64134408105417,2.662475004923885,258.55603395303604,-0.5697651458338541,69.15434453209438,-1.6361395330701751
10,39,0.1,4.0,1,0.78,35.48280205117415,-16.259367771986938,5.122280636673329,-6.695004304305703,238.12336573959388,42.12848595392598,23.811415910031847,0.9020547560901973,195.3338817320568,9.76587219584775,60.784247124156515,2.0138741283076564,253.494737647781,-1.693811977240289,67.9548368164003,-1.4287098947530472
10,39,0.1,4.0,2,0.78,35.491119830246525,-16.422612828329587,5.142507668927048,-6.726039875408441,238.50581073049085,42.291337102810154,23.84759891563156,0.9079564461502316,195.8354805593284,9.741756992821667,59.797580255969294,0.717079754647534,254.05292708270136,-2.669025696920193,67.77317937457208,-2.2959231738187436
10,39,0.1,4.0,3,0.78,35.565865338017964,-16.25264814242605,5.165008259169224,-6.7212861245185875,237.58118688493187,41.848226374882714,23.740868048306147,0.8183711842200502,195.0408468452639,9.828105589535484,60.44422369936429,1.7059068772575254,253.8915008356408,-2.109020381023325,68.7382716377042,-1.4007512087691605
10,39,0.1,4.0,4,0.78,35.61964711842309,-16.421407998274674,5.176017682420759,-6.741516739606324,238.52358588573688,42.27015748640689,23.90703977980076,0.9401873062753,196.61701118450264,10.57774395423596,62.06942054236015,3.0656177095206476,253.94230160965083,-3.387322928041777,68.37954948530357,-2.1305022292846907
10,39,0.1,4.0,5,0.78,35.6597711947605,-16.565509675498994,5.192208854681564,-6.808609191014358,239.15027026749448,42.69756991168363,23.80708922219972,0.7551239374093721,197.65481689535292,11.105200658450284,62.41357364211408,3.0974175639010846,256.23555753179795,-1.9960033979188736,68.48950266295341,-2.214271452813192
10,39,0.1,4.0,6,0.78,35.58031119784668,-16.25577054995132,5.16993861787415,-6.6832682046626655,238.32299250654623,42.43404378142886,23.710512958577176,0.8423435598449869,197.1359673572198,10.797245315963398,61.64657551899127,2.3683465755048614,253.43643195848335,-2.364624552270242,67.44860656056258,-2.342136064396366
10,39,0.2,4.0,1,0.78,35.554980387323546,-16.133635807111176,5.085197092163748,-6.666014284604207,237.4775298008645,44.877827562094915,23.374298483734083,1.8386552993088965,208.0381079594104,8.036235309251452,69.36696826149327,1.587243370109086,234.12468981678916,-0.8327375265276992,53.85197106778899,-3.231985231965344
10,39,0.2,4.0,2,0.78,35.51942293359966,-16.337172697245983,5.076760069795382,-6.813137640339538,237.21999194132133,44.79868726912698,23.39686116830574,1.8432708869121208,210.4077712178235,10.39631219275741,70.51655653385957,2.6556475478557737,233.2730901348091,-1.5175602669839514,54.458564862660445,-2.889566784875973
10,39,0.2,4.0,3,0.78,35.559283199211976,-16.174142755209154,5.098308771426285,-6.713638967392089,237.53430194401983,45.110259337937634,23.512339728726097,1.9641002452709264,208.63744674829215,8.637924037658,70.13782921763365,1.9090858750977873,234.5811207465084,-1.2529246993233136,54.4614804394822,-3.2215801998233786
10,39,0.2,4.0,4,0.78,35.60847696978336,-15.964997603107207,5.098149773659324,-6.650827134954464,237.7189367819543,44.98327229855143,23.320012533944823,1.7311909636610756,210.309964796568,9.818469445783098,71.0838322269204,2.743934118312479,233.79678337353857,-1.2388295394656048,54.81725543914661,-2.6051385072544164
10,39,0.2,4.0,5,0.78,35.54979423766456,-16.17825359671639,5.095011410533924,-6.739430384208679,237.35828167361024,44.71719022104067,23.34650460499576,1.7544564359319366,209.3361297961328,9.662277127255736,70.80124734821848,2.9561172270644995,233.4516644471504,-1.606391431477551,54.65868818888164,-2.5603588660669523
10,39,0.2,4.0,6,0.78,35.602423873382044,-16.241612394445404,5.0875879424880095,-6.8023207876664555,237.15578457318344,44.5465762235394,23.345035378111227,1.7385432607525124,209.4052244391511,9.444341780191095,69.16560073748035,1.1220175461653432,232.7142891379452,-1.9536181249945153,54.24824758057116,-3.3704147789626377
10,39,0.3,4.0,1,0.78,35.760676354038694,-15.855850312137516,5.0034031604951705,-6.64614661652719,231.9272614155428,43.60458733714822,22.511751613790683,2.39887999611041,218.1726116075532,8.746240570822707,78.12077702209122,3.1602792860775497,222.2224768802095,0.7793014672891487,46.304125854037814,-4.73008129061738
10,39,0.3,4.0,2,0.78,35.73331579470067,-15.818904020737644,5.005412214509714,-6.63292039821682,231.96263954185815,43.67093611097217,22.565885236171663,2.419218147907664,217.2365635650689,8.002466393489094,76.19931671935726,1.9833090210721744,221.29108314865567,0.0171015879869536,44.63410563666226,-6.1778431750194915
10,39,0.3,4.0,3,0.78,35.76524131260369,-15.895541987379868,5.006620278903439,-6.714828366901377,231.70391342061689,43.58901667744582,22.557641318262657,2.428354048467626,219.62885601324493,9.528186189135772,77.34172785479076,2.2720930869011027,221.6362662610879,-0.0930528963430099,45.825034350696505,-5.338555598434084
10,39,0.3,4.0,4,0.78,35.82232098168671,-15.62156996406947,5.057436352119349,-6.647339319203158,231.4351653533568,43.348588504149006,22.449729398548296,2.359250671687652,216.27948154113648,6.68408419429544,76.75934142276148,1.2011262293770288,223.11944851241185,1.8028111051788491,47.36282373217105,-4.139165495160482
10,39,0.3,4.0,5,0.78,35.748203284660995,-15.782278779656938,4.9848792847760794,-6.637951664153587,231.86752164251652,43.39057673147274,22.497600151304088,2.3324258589866833,218.35801342886097,9.426818935120798,77.08488434809128,2.7094217389877215,221.04567700264283,0.2917082818680775,45.37132676353906,-4.878398408748152
10,39,0.3,4.0,6,0.78,35.754403386807425,-15.92243106881412,4.996920368461517,-6.769146473523458,232.14563623668943,44.111715013334184,22.425815701203465,2.3041559610201183,218.35420882302955,8.185566275604264,77.24875567202382,2.0829787746764135,221.02958863386337,-1.066450049986387,45.32343956940749,-6.104375398950994
10,39,0.4,4.0,1,0.78,36.20172188152563,-15.717706070091005,4.968956734445723,-6.751183456670098,224.18103830471009,39.157171771169075,21.617317194728564,1.9515925561316785,226.67376331320065,5.313656305995284,84.31869599840249,0.1312776689757481,218.09089202560213,11.98608311885161,36.03916351668302,-4.677456000782895
10,39,0.4,4.0,2,0.78,36.28455431304279,-15.84713889970232,5.005310182626987,-6.83673402526861,224.1908786864019,39.2316687921418,21.46582525300107,1.824540976767139,227.6531467576712,5.0072621641202915,85.61628316251728,0.7373367654369813,217.37443920219644,11.194615062464203,36.198523700585675,-4.878660404956117
10,39,0.4,4.0,3,0.78,36.33292400139141,-15.6197957051358,5.023767173440232,-6.771373985394537,224.76223501493817,39.20288111993925,21.62548731165664,1.9070936667427432,228.5252199647612,5.974762792893597,87.31777001144545,1.9960734271499168,217.58505440802568,11.155598891395382,36.811457185740494,-4.267062387920835
10,39,0.4,4.0,4,0.78,36.3204245941309,-15.751749425664183,5.003503742125292,-6.780149571834971,225.01176088557685,39.68181958989468,21.67565979024484,2.0026588884508394,227.67584346934945,5.528920947439751,85.02443607374208,0.6895101950164084,216.3152702456204,10.315477251055896,36.35104465578833,-4.390361081017385
10,39,0.4,4.0,5,0.78,36.35093432525514,-15.78239208087904,5.00519561875613,-6.82546510225571,223.97927810844303,38.88803702548866,21.475906086027813,1.8312101494202755,228.2373562758267,5.617059248281487,85.23558197629691,0.3198690306492998,216.55203899035405,10.49282946242598,35.58983144434011,-5.376075483399367
10,39,0.4,4.0,6,0.78,36.27519968284442,-15.816405945403709,5.002686271592323,-6.8825842593483415,224.4802325623237,39.51528575262377,21.58140794110946,1.9473216345147144,228.68657638005465,4.939759911302781,86.19959014091766,0.6371855698842431,217.553204533316,11.83272522563807,35.67604372852834,-5.319599925719189
10,41,0.0,4.0,1,0.82,33.230623480930014,-16.69955450737446,4.568564230207696,-5.807850016704144,242.31103752057228,48.45960964988906,23.53119869680305,2.181909418518073,195.2045898081042,14.328780568329552,56.7015525556685,3.3924691386328987,234.3705825133723,-1.8253453615388535,53.70540590856449,-0.9365341362755152
10,41,0.0,4.0,2,0.82,33.224747160851415,-16.73493576258,4.569590937063675,-5.831535226764471,241.6805109250619,48.050815905943665,23.441078897154437,2.1369535827618775,193.48857120221024,12.806165552330276,57.02336380849713,3.5910198051237807,235.08047118257755,-0.6475004840532769,53.65245243626653,-0.5889195664387976
10,41,0.0,4.0,3,0.82,33.186821565793586,-16.729423669252583,4.569969897355891,-5.82142283053139,241.69497323808417,48.42024061608257,23.428287987961426,2.145278276398928,197.56060150401748,16.61791197515627,56.81878958895707,3.335535604542953,232.73408018068204,-1.969965366461213,53.23949387702552,-0.9128969724497814
10,41,0.0,4.0,4,0.82,33.24867217071672,-16.754478378921135,4.574032405824403,-5.858211246214275,241.54317876060176,48.08207803880824,23.428067631782945,2.146965908996651,193.00806590713813,11.387488978959311,56.70620653260503,2.8377168321148596,234.5958331065729,-1.069268696890616,54.099707821684184,-0.3994915794369854
10,41,0.0,4.0,5,0.82,33.297281175457144,-16.618145517248234,4.5782447101505195,-5.7943354005457435,242.11111347541373,48.29609010502382,23.485861300676067,2.1928856700441495,195.84011876476407,14.024867411072464,57.3516974290187,3.55637024803733,234.0825845731769,-1.4890611631353914,53.13252940956418,-1.1434913512143745
10,41,0.0,4.0,6,0.82,33.20470489158627,-16.66124549441681,4.581892853253221,-5.783841419695927,241.88930451925089,48.49833762432529,23.46459857556994,2.1838164077755655,193.654345723182,12.498270124187906,56.57749581160407,3.170565549791942,234.10659731958336,-0.8130429687600866,53.69956673622043,-0.3745240278023885
10,41,0.1,4.0,1,0.82,33.321964718124086,-16.511289217028267,4.580358407021215,-5.800168401831592,240.97451396203985,47.80516288937899,23.31527777366526,2.1229225160623826,193.4009858718424,12.664736694962793,55.92966593722891,2.305001459470988,234.63680867825303,-0.0935850161358288,53.866291275239575,-0.2328325411639375
10,41,0.1,4.0,2,0.82,33.1695746889447,-16.15106601560276,4.527662945449113,-5.629790793369365,240.89053694280193,46.96362460579018,23.301457603760092,2.159060593450435,192.43740598285973,13.075645940459026,55.02434322812169,2.250975269779775,231.11153524113743,-1.6369411620064205,51.93082773916088,-1.177398692164015
10,41,0.1,4.0,3,0.82,33.22647497809387,-16.468051928028036,4.542164424388806,-5.767732457618701,240.60164572830857,47.55599196982935,23.285116529795236,2.171990216278232,194.56773490097495,12.60121900534997,56.4294031668441,2.845315477586096,231.5456110275275,-1.602824901766138,52.34454956934506,-1.1330940230322202
10,41,0.1,4.0,4,0.82,33.25569854325417,-16.658768171449683,4.539869675065075,-5.819521597565604,240.8551561145833,48.0488506667897,23.378285351305134,2.259492242059012,194.66994794480465,13.81530146079362,57.11580857521464,3.8312387966672663,233.0646120742652,-0.554772941302921,52.59714202335523,-1.118071920206236
10,41,0.1,4.0,5,0.82,33.21919428430913,-16.552290270659967,4.565286109965574,-5.73931634513851,239.98651740311516,47.21081914351147,23.138992553074832,2.0535706877586737,189.7287380726783,10.3862041862239,54.95131246406761,2.2119822777497147,231.8562135912152,-1.691880859930037,52.48239427355113,-1.1540473272334093
10,41,0.1,4.0,6,0.82,33.26434610295058,-16.527458771135137,4.535708314802504,-5.746471809301528,240.96677324324625,47.57242835182676,23.38561410186498,2.196578278608977,191.79353719058284,11.788649826685624,55.579668136076045,2.7379587677457606,230.1820370211369,-3.4762331213202886,51.77877515779348,-1.9795929471158824
10,41,0.2,4.0,1,0.82,33.38715370440573,-16.352589205656656,4.486068948608356,-5.775975110828537,238.42648819545624,49.29161286996698,22.91379549704231,3.0350025435700565,207.38728115468467,12.637485270877695,65.27018387686624,3.816363875965554,222.05242698717876,0.3713102304547675,45.52750979664473,-3.0813174843570263
10,41,0.2,4.0,2,0.82,33.39687533594413,-16.374845821565685,4.509049249207846,-5.760247672905087,238.6540094563931,49.33043122496971,22.87331727890767,3.005448088262209,206.95082142792612,11.954115269227255,64.55369427435426,2.8484370902743263,222.22102181400132,-0.5266240762393124,46.20724142946116,-2.7344907223626675
10,41,0.2,4.0,3,0.82,33.419959177770636,-16.209311794482606,4.509210138334948,-5.710271709876801,239.41237696321656,49.48755667801502,23.089928866235766,3.131730198080196,204.49916046006896,11.86526719129102,64.17976008562054,3.1228357603806316,224.11425641121664,-0.4517951287857379,47.01363194730279,-3.012975509051312
10,41,0.2,4.0,4,0.82,33.42198386481779,-16.369097396434192,4.5010634628990775,-5.744403136894155,238.6387880615727,49.55164328244665,22.890791878791063,3.0461325582139844,208.4598787515412,14.35731363510393,65.12347743581464,4.008775315456306,222.45688408486347,-0.7658855585161255,46.18072902538573,-2.84404722161027
10,41,0.2,4.0,5,0.82,33.37031077688739,-16.528202223777726,4.4867144166481285,-5.831681434020299,238.7647425995698,49.46420673488997,22.927918673087017,3.0593285353975403,205.72499296675196,11.197127319345528,63.39268852191407,1.907158579251759,220.8382014092464,-1.5126192002193164,45.33014747490605,-3.466465301666647
10,41,0.2,4.0,6,0.82,33.43147867703864,-16.509262602284192,4.508213184466203,-5.838270525087526,238.82698717877793,49.450659165718285,23.029161739486486,3.148300084890053,209.38118694996345,15.027985048216715,65.27073645121183,3.9005763862714375,221.441756028065,-1.3604912113577114,45.17464812505496,-3.6479600321755967
10,41,0.3,4.0,1,0.82,33.6592074092658,-16.173552706789632,4.429788507067158,-5.776223320960559,233.18499572282363,46.61111326482371,22.31567324081761,2.9455146540270833,203.79334787742823,10.92009846152376,63.53174211765852,2.386537377012665,217.10290688738797,-0.5851777658528746,41.78592185354821,-5.196267131849117
10,41,0.3,4.0,2,0.82,33.59639370552387,-16.113310676266156,4.401336297817662,-5.7458860142639425,232.50874868495993,46.07114226136823,22.159668805561004,2.8373621273653926,205.09017300734348,13.217500483196114,63.509277093312825,3.102114282118003,217.03647975941553,-0.6236233392134501,41.788146002028725,-5.012481730069235
10,41,0.3,4.0,3,0.82,33.642655695829134,-15.975930199292383,4.41375215821975,-5.732779462788063,232.51593616516345,46.01739090966854,22.190748559186876,2.833947936204244,205.82770379935,13.227437776844749,64.71294673160658,3.8379884035455794,217.3180049738262,0.0466000385716121,41.739000907964886,-4.966620865646826
10,41,0.3,4.0,4,0.82,33.610552421550224,-16.001097135128116,4.398480628126519,-5.722034006262803,232.549885441276,45.89551375911525,22.250384848316937,2.892956076027283,203.52503791771943,11.210428466979636,63.24567541030751,2.686552356336188,216.3883612686572,-0.5802209930629708,41.77875098129484,-5.012536126476131
10,41,0.3,4.0,5,0.82,33.594945265607635,-15.976248556648894,4.424274745470767,-5.672933182651643,231.9626766266293,45.57078218818789,22.104620038671666,2.764843466886136,202.70413639626747,11.210980369474257,62.84999997435068,2.3473310664566553,216.168868988118,-1.2972978781763842,41.24876396632824,-5.499696447342265
10,41,0.3,4.0,6,0.82,33.67809013654879,-16.015432612366155,4.4343480117549445,-5.704099440730357,232.8160995488595,46.32157019599675,22.288903076673233,2.956385767464228,206.8651773469688,13.704907224347725,64.26634286874004,3.1011169166143064,217.0124736159693,-0.151948056345104,41.34055449470721,-5.297133095278283
10,41,0.4,4.0,1,0.82,34.37380736341828,-16.142910069958127,4.4564283305228996,-5.906471856848763,223.0037752799477,39.989035482339254,20.919108317956017,2.0333065746386487,221.08752693695504,6.746165934697639,77.03750364706038,1.304347183267143,218.59264767717795,24.670522548050837,30.868057372946502,-0.5937211821172748
10,41,0.4,4.0,2,0.82,34.37178886736743,-16.07061210845125,4.444599441209519,-5.8917320893119935,223.6595715510321,40.299588084086615,21.022236200819016,2.1046397720815415,220.4427449478037,6.29441551327976,76.71678593805623,0.9327799988357356,217.4368788107441,23.817836042316145,30.766386659562567,-0.6347768970837409
10,41,0.4,4.0,3,0.82,34.36656332934125,-15.949205605475646,4.4316676834975155,-5.81617105207238,223.80398490983671,40.224285284440256,21.04067546491034,2.121823413699204,218.73142277852224,6.347262231614382,75.58818263216722,1.115532470570755,217.2012910245809,23.501775273806285,30.48355346954973,-0.7729186182276522
10,41,0.4,4.0,4,0.82,34.40302788752878,-15.97856078309579,4.44692680042891,-5.8397934944932235,223.75632843031775,40.43626517308217,20.963367688851413,2.047952808571954,218.08392302595408,4.598918035287719,76.80965723933168,1.6343573931780306,217.74167095051635,23.94300023278034,30.632912455392223,-0.7311357548274456
10,41,0.4,4.0,5,0.82,34.406985840035,-16.169880886982746,4.452951315896253,-5.945670860919888,223.38445460637877,40.3208966549986,20.969117037814208,2.0937734487682764,220.48109613877497,5.908996676651361,78.0534782579786,1.9577563686649853,217.62355816604492,24.381657911312907,30.75384029781747,-0.5518906604920002
10,41,0.4,4.0,6,0.82,34.44220044241628,-15.985094269027792,4.462340569023785,-5.8474536217761655,223.70038810450447,40.24189884538069,20.97159767670467,2.0745791942202643,216.93046183709637,2.4127455842508736,75.6478949314153,0.004814142325101,218.08017844710744,24.435541802539568,30.773245581377648,-0.4809305067081393
10,49,0.0,4.0,1,0.98,24.99370874427729,-16.584526348170474,2.7789703135148387,-3.3204583615186194,241.1628113602541,53.84720390141115,21.540553190492755,3.678344786968659,142.8417305994767,20.996455804383345,27.13135545857176,3.902750256552872,193.36575562662156,-6.0338703965939375,33.089205518285006,-1.111205233221987
10,49,0.0,4.0,2,0.98,24.989695383256432,-16.612408066938603,2.7852356603226247,-3.3258205334093573,241.2164777159358,54.33834710237504,21.548863656233568,3.7042316732800287,144.00994777010357,21.487096270220984,27.147442791090945,3.7540484428862273,192.96209765226956,-6.236800243893688,33.068604277940146,-1.174517388554864
10,49,0.0,4.0,3,0.98,24.94452595135303,-16.593575035522743,2.771374726425963,-3.316476759823864,241.06146772149495,54.11481837310521,21.563454361885913,3.712075665404997,141.63184702681158,18.7812328627956,27.02868085752356,3.6390296787745458,193.1542908599004,-5.736271942581721,32.9975249587074,-1.1138963124119974
10,49,0.0,4.0,4,0.98,24.98352758962007,-16.527897106296777,2.7762482786921554,-3.325323054456303,241.36436807001795,54.007603408584465,21.58613854562514,3.694640761463591,144.66118068393308,22.433318631921544,27.536068804081168,4.182004585934506,193.34422998250685,-5.869310793832296,33.210975532578736,-0.979282364651002
10,49,0.0,4.0,5,0.98,25.004887892613475,-16.672721950983497,2.78674017889195,-3.3538713593535276,241.04156983059752,54.20334167707159,21.535250237510947,3.671167915576103,141.58225364603538,19.26333669327662,26.971099502249512,3.4809245290318827,193.1327577451481,-6.575962177746587,33.17647884660848,-1.1039776840460287
10,49,0.0,4.0,6,0.98,24.8277057396025,-16.257479260795243,2.7498793614016073,-3.2468006779731136,241.49936508400685,54.04828928181361,21.539320175134456,3.65518445298939,142.92621812615545,20.674216694469383,27.055185272554603,3.794407383846784,192.06253470704263,-5.761510370005645,32.701740454116795,-1.0993910596532133
10,49,0.1,4.0,1,0.98,25.183586610462974,-16.401128169360806,2.7925837958460327,-3.2896751511190603,240.08659116387216,53.55251302771554,21.351106079118573,3.5799177113796268,137.09249267644228,17.628979060115498,25.300944746304673,2.8534879054409727,195.81387990480349,-3.653292651297729,32.899723043153465,-1.18142177137564
10,49,0.1,4.0,2,0.98,25.302882324645896,-16.643841399717576,2.8098100133017567,-3.371489779083999,239.66481421345665,53.193260930695565,21.379408183556865,3.591055014701088,137.67417772698855,17.959391752885058,25.649396804962112,3.0929514360709516,197.21071570041985,-2.5873677031129754,33.15909512498498,-1.0890368559743506
10,49,0.1,4.0,3,0.98,25.168369467276623,-16.421868222519475,2.7901873689689483,-3.2959818596343013,239.2806624188647,52.98079709009107,21.36871620783756,3.623596976942386,138.25652846244162,18.79085842567475,26.06335872833693,3.649659016112666,197.25241745052423,-1.8173364640913376,33.27482277120903,-0.8411480420107003
10,49,0.1,4.0,4,0.98,25.176692188968513,-16.672565453024944,2.7945954811684297,-3.350906900949957,239.62309842651325,53.38719171081031,21.365560512903635,3.6191256055367824,135.9742533427495,17.30655073470002,25.0910447262073,2.8449248461310583,195.5496516369252,-4.23276757237244,32.92179609774996,-1.359355546052749
10,49,0.1,4.0,5,0.98,25.266294088173737,-16.568464733108918,2.806587271264283,-3.336710135855653,239.86709476252076,53.5116477343469,21.36448376874088,3.596961447676494,137.92365086867383,18.430201791782327,25.54055863267236,3.0819431493552463,195.50112392875872,-3.8522148562279552,32.8285613939831,-1.2209158576601875
10,49,0.1,4.0,6,0.98,25.264013930268177,-16.73107638983906,2.8002629893188384,-3.387493077048415,240.35659102731265,53.89834264782053,21.44248794810475,3.6613547622761873,138.74736108934331,19.182600765184404,25.75654450812424,3.2561360684453495,196.56942163573237,-3.705096150876231,33.13871140781941,-1.162778960810405
10,49,0.2,4.0,1,0.98,26.135316472061923,-16.652831881021765,2.8846881507926825,-3.42498761006089,235.65930872385655,51.06592488310074,20.937254464436187,3.399102713831175,131.6991548386165,13.351564235449752,24.3165384239666,1.9127797625274203,205.9059657731495,16.348549258646422,31.66805237832651,1.277006998585636
10,49,0.2,4.0,2,0.98,26.15462368535666,-16.73889777326548,2.891110269288636,-3.4447248974235456,235.1099943916642,50.92154647774177,20.85884347835638,3.358103318158437,131.39083641706333,12.756955847324146,24.632357693673907,2.105221238560832,203.73277046922308,14.05371259886238,31.27568456939634,0.7953526609399708
10,49,0.2,4.0,3,0.98,26.20994373124808,-16.618945306189595,2.8986566744649096,-3.41900115581126,235.6971510283622,50.88590436173896,20.874438820071987,3.3483853774419545,133.47524954533932,15.280092853011508,24.683513690928965,2.2596855823915765,206.75307919413785,16.456353650434387,31.784231737145273,1.143177118622351
10,49,0.2,4.0,4,0.98,26.128382391301045,-16.554349179683474,2.886147741993463,-3.3834390478895124,235.52099885480143,50.891298903472006,20.868213789006433,3.3547485758292717,131.49665415409825,13.009408844146748,24.361529858431776,2.062717201318576,204.91728440013696,14.8225248350553,31.584253585764134,1.0306779825700658
10,49,0.2,4.0,5,0.98,26.1536943048752,-16.59341053014556,2.892435705448887,-3.406638305493624,235.2819012994562,50.883256524653774,20.874323199323342,3.376227422419569,130.9850283385046,12.64226139104864,24.25813917700713,1.9446006669495757,205.2168441636073,15.485914376012104,31.697130202316867,1.1627142391804546
10,49,0.2,4.0,6,0.98,26.074271171724405,-16.4714969324746,2.8844159674056926,-3.351754351598997,235.63366382728125,50.83672481683358,20.898690743983828,3.3766814016669295,132.69735518140692,13.853402252494387,24.573099687806593,2.195070130759114,205.96843688165097,16.374182576867458,31.70606589888792,1.2974175825913374
10,49,0.3,4.0,1,0.98,27.33581734657151,-16.601908750533305,3.006205741638567,-3.481890196243652,229.51534772674736,47.7667425741948,20.201429145839903,3.1062075182240654,129.6739185290733,8.69846596437877,25.236077344311873,1.027078628832525,211.6316350433749,27.5918733944793,29.341707044573507,2.6386889060504792
10,49,0.3,4.0,2,0.98,27.261390875551605,-16.459451749071512,2.9894436823111015,-3.4283103299996673,229.60888943913443,47.69231522973727,20.222643244407035,3.0735377202647927,133.00057673702278,11.667463079439475,26.02963275441825,1.7025689427459696,210.71941901136347,26.717425801923017,29.207161221482977,2.572274555922766
10,49,0.3,4.0,3,0.98,27.26743432873862,-16.55410214675859,2.9833266570115393,-3.4598368201550045,229.29236638660825,47.575376246045046,20.16760407106806,3.0614757835492834,132.6169022536077,11.123111368740869,25.972667381241376,1.5631413520915889,211.98823379497725,28.167961743732818,29.27125693350433,2.664446272196366
10,49,0.3,4.0,4,0.98,27.29610197761727,-16.661623036636904,2.999556167597631,-3.4785992239353747,230.30316152603191,48.38004939742299,20.28212236070962,3.170565553417368,133.91502730842657,12.782638670582802,26.33295812742763,2.0690075027511967,212.33916249383736,28.5534161330112,29.35693396087018,2.7848472766942143
10,49,0.3,4.0,5,0.98,27.2469327921494,-16.543688095307786,2.9887183838261175,-3.449902215188871,229.53658152246055,47.731332313803314,20.21548304372625,3.1051122078446705,133.87676979719598,12.088671708053209,26.460783175831967,1.9682549254291544,211.32540037020513,27.685284939254014,29.219611323449705,2.613975516166126
10,49,0.3,4.0,6,0.98,27.35669834351006,-16.657084772380625,3.002387319768143,-3.4864597449465107,229.756158272302,47.98078107408266,20.24399685775604,3.132153008555208,133.3658256534323,11.621304827437516,26.396832173080355,1.957129509529852,211.97290081320244,28.175847547529152,29.40165466670276,2.8485153401421046
10,49,0.4,4.0,1,0.98,28.646617124339684,-16.569328141062975,3.12459006800017,-3.520115313742213,223.32919598522753,44.78687506439655,19.480936640611535,2.8101947154260944,135.85759065386088,7.801591498152453,29.86468242213928,1.0323087733818823,222.78278824396853,38.837182403929795,28.84214902937624,3.935708595345821
10,49,0.4,4.0,2,0.98,28.671915157253757,-16.484490586081257,3.125327324384198,-3.5153391552009543,222.76590650995504,44.28527906434075,19.442636163105497,2.77625563549957,135.8980042431609,8.558099984924329,30.158609047797007,1.4613496608350716,222.31312867124103,38.613249351633286,28.83290547902516,3.976115446405591
10,49,0.4,4.0,3,0.98,28.55543618959688,-16.471808374969267,3.1149490290784243,-3.4965050261318025,222.22465085137165,44.153380578763105,19.374415224957705,2.7515015662060716,136.26026705242387,8.950245428042686,30.314585390002016,1.722552535511727,222.13931528258016,38.882459988332,28.8126065144694,4.036374932933503
10,49,0.4,4.0,4,0.98,28.577534308197365,-16.501665469088337,3.113508558704105,-3.525253695168169,222.6874986865862,44.40774853266576,19.432324691151223,2.8015860283276983,136.58568455288676,9.139785505089224,30.394560297718936,1.6438426496379115,222.2552774902707,38.672365032864754,28.813934749888073,3.947936693112342
10,49,0.4,4.0,5,0.98,28.640009574845056,-16.51637317827628,3.1256852980456067,-3.5282580533746524,223.01265028421508,44.546906128310475,19.43702370059798,2.782974027989602,136.60946029195992,8.42611588529794,30.834057381739,1.7343793854876588,223.27639765462104,39.288004700463574,28.9748461691127,4.033808086293206
10,49,0.4,4.0,6,0.98,28.632922689655715,-16.500226710140513,3.1248807046753524,-3.5170364484288372,222.18521560430096,44.06017698327192,19.4058849371746,2.7695724697460484,136.48878076677718,9.135138212060406,30.30004521868291,1.6014153220403724,222.8296512315624,39.21016841073572,28.879389777971472,4.037656164104848
10,50,0.0,4.0,1,1.0,24.351012668613674,-16.672763577548743,2.655656452897768,-3.1870381482432757,241.0888406422223,54.1324080100664,21.35388245254891,3.668367752917321,137.47237638233182,19.07705694391529,25.412208764747493,3.3337619394282383,191.05724443171,-6.479260559831045,31.95116905020607,-1.2002004809203546
10,50,0.0,4.0,2,1.0,24.074335270798272,-15.996294398163103,2.61993856471998,-3.0498796327425715,240.31255506892307,53.09219213490114,21.255140132562843,3.598833293946015,137.79382010837804,18.70025394226902,25.37358795853763,3.2583466553893174,189.86396857850855,-4.883710631138415,31.453873063940257,-1.0761625499199112
10,50,0.0,4.0,3,1.0,24.21986125228608,-16.453827134589424,2.6345353938173233,-3.139791436047419,241.12081568098716,54.16020849773523,21.32157826106207,3.666477215374935,138.4106332887678,20.118920723374337,25.808515509764614,3.772175520084157,190.04681790489587,-6.377970780587388,31.69260767970859,-1.2059329022188865
10,50,0.0,4.0,4,1.0,24.238515489884264,-16.42426577635926,2.6399392232620658,-3.1345584810092033,240.57339110886332,53.97277266051564,21.33989335323532,3.7109786562517,140.79309509786876,21.55525361048286,26.315270133117416,4.043381223828551,189.79710695627296,-6.712445903401553,31.60502540459861,-1.3364750001360242
10,50,0.0,4.0,5,1.0,24.243461210048373,-16.735619691079478,2.638060346979509,-3.1868929158864434,241.29970898752384,54.47756888871056,21.345635210760612,3.7137934120880502,137.98985758240957,19.93533313841544,25.430530368427743,3.4543765735249052,190.75877416660543,-5.925947916267583,31.780035414701096,-1.125911606720178
10,50,0.0,4.0,6,1.0,24.358185600801036,-16.435593332957474,2.6542807160359763,-3.136801896580485,240.8071020354842,53.83459693881095,21.344832357476843,3.663584898621312,139.73769846180738,20.324884935708106,26.368255457152713,4.101581282106009,191.87035019944463,-5.1751388057842975,32.01295243555854,-1.0228600835946455
10,50,0.1,4.0,1,1.0,24.38312150593253,-16.639662510304763,2.6449616898047994,-3.1686058352761615,239.5592633407641,53.57372907133507,21.13198335819377,3.626139419954722,134.25093591786538,19.323137489431065,24.689957038994507,3.5509918800666243,194.38787497133603,-2.4133148361246923,32.16271913804114,-0.5673814513632642
10,50,0.1,4.0,2,1.0,24.413885714053357,-16.349438597449225,2.6497049227723197,-3.125146924600886,239.55391854248023,53.18584190905587,21.18637169054034,3.6016587141190284,134.3052298383014,18.881741387140927,24.47707897296612,3.287309170304274,191.01683071542976,-5.432349844529233,31.214615634391492,-1.5070978307676917
10,50,0.1,4.0,3,1.0,24.468036119858336,-16.557775750443348,2.652977998828231,-3.167942909387944,239.23834504003875,53.26225407733434,21.165349029240268,3.6331396210666207,133.16236338600245,18.380567244772894,24.030161398767017,2.989126174369427,192.40691107267335,-4.429811309693722,31.557114862683697,-1.2430584319659244
10,50,0.1,4.0,4,1.0,24.350339461478768,-16.381738896937556,2.633578453229068,-3.123599202314118,238.77020649753587,52.94797142610454,21.107010621933096,3.615774639129504,132.7590411749833,17.183190763708303,24.32435175487449,3.175840011154499,192.72104055139255,-3.177439760587384,31.890796785869895,-0.761460798623761
10,50,0.1,4.0,5,1.0,24.423486360527345,-16.57235442242176,2.650243559936002,-3.164281796700925,239.42419845791787,53.53857024833569,21.185635503708905,3.658173882870801,133.33725350027237,18.617773121566252,24.107267524277944,3.0248717364267166,193.0075862977333,-3.770509215880733,31.485767920580155,-1.253234806288678
10,50,0.1,4.0,6,1.0,24.360845649559256,-16.32050602553068,2.6412860076601374,-3.1161301169537854,238.7554459263706,52.55713762505583,21.08179444637393,3.5210918591620604,131.79929408065624,16.312515113073704,23.98320761231177,2.8023751643351047,190.4724825062357,-5.694265984988239,31.157865102546236,-1.421284186293283
10,50,0.2,4.0,1,1.0,25.45836962265243,-16.58363412375907,2.7629475752439423,-3.2474924728700616,235.2304597568232,51.063788366194856,20.69920261971536,3.3794815374092257,126.371350260659,11.753947010518877,22.897242915709267,1.6753117293458863,207.05440329023625,24.256075427910975,30.656632848958655,2.6961006971723274
10,50,0.2,4.0,2,1.0,25.47526476662195,-16.65068135617074,2.7659478294727795,-3.2512714511268626,235.34119086439765,51.06322811769534,20.720295256833683,3.404414507192032,128.9062184411753,13.882483587277392,23.538211439466515,2.305862904286227,205.5084208243653,23.100823237356167,30.47797771805785,2.6669065359477364
10,50,0.2,4.0,3,1.0,25.48479390337981,-16.727059462978424,2.769345329610533,-3.2671341685804913,234.7091835806196,50.798083151732136,20.661064332195103,3.399328520091238,129.1264567688922,14.202477188267276,23.50330215757227,2.247206650168713,205.56140137362155,23.17701201575779,30.401203518458452,2.6389379461133644
10,50,0.2,4.0,4,1.0,25.560087903607716,-16.613070712861326,2.773738868847846,-3.256191581495244,235.61878810680383,51.05292236138173,20.75945752799665,3.410764725848093,127.7556091752402,13.697523994892912,23.33756814624356,2.203708497448486,211.37291983201544,25.76256225918872,30.694914228920016,2.6679584427955496
10,50,0.2,4.0,5,1.0,25.416118736314807,-16.516431429499193,2.761857034919196,-3.2147630733158508,234.85152199070484,50.99900056583041,20.67294381754659,3.4017403515845244,128.1300047321333,13.866334567098558,23.149103525857733,2.1067870487152187,206.5740700754423,23.939144862722788,30.50945123281645,2.672978026800421
10,50,0.2,4.0,6,1.0,25.517584172892946,-16.73937460569463,2.7715137490849573,-3.269678597523413,234.7462203638869,50.80412803934284,20.61931789779986,3.345966421857425,127.15115283115628,12.754961728687602,23.06473645134251,1.974973063485122,207.39323567917455,24.48111166432672,30.815110089824508,2.863123029424604
10,50,0.3,4.0,1,1.0,26.797874478503793,-16.82719663852375,2.905828317098082,-3.3485932389061928,229.2935742777574,48.03293182751503,19.9841292667842,3.07293273078802,129.45951434489854,11.30757014778347,25.098296633326605,1.8304239045433777,215.494237736593,34.20037025530624,29.333880824642144,3.8349349753857966
10,50,0.3,4.0,2,1.0,26.797452044016666,-16.73803881935303,2.902710803470735,-3.327689190573323,229.2348263936934,47.84232921108817,19.998056622861185,3.065188563916688,126.64039612010222,8.92072859723711,24.128743090484537,1.0518190571800754,214.81379723519436,33.64442643128776,29.233772691712023,3.7708156386870897
10,50,0.3,4.0,3,1.0,26.662527920312204,-16.50974589056829,2.8748635019312507,-3.270222202804722,228.4612624208121,47.14764444464822,19.92847451380939,3.046550360817199,127.81725835124112,11.199235083342312,24.623794942939117,1.907653739524737,214.62271554627324,33.92567257564494,29.19952794283988,3.79716414239036
10,50,0.3,4.0,4,1.0,26.795028809812088,-16.722443039191422,2.8941386871460084,-3.3400322171118075,229.32181330319264,47.921140738299265,19.97175982242784,3.0547044012361626,128.4423789087793,10.804919187527942,24.6864659293922,1.6489236688445186,213.8992705907784,32.8986307529408,29.0638036390685,3.627777489298392
10,50,0.3,4.0,5,1.0,26.811130929481244,-16.739236136482496,2.899535563274555,-3.3267214970679335,229.24175712712932,47.92300316492937,19.99712117669718,3.0979381251200016,127.9708150357703,10.136562446930302,24.719208679322406,1.5663085733925983,214.97980699033124,33.95496562146032,29.31150706289177,3.851572268134016
10,50,0.3,4.0,6,1.0,26.812703001063095,-16.551006804674525,2.8998001221273264,-3.2897108539343067,228.9174440694469,47.28195120775045,19.95548326419592,3.0322290968779426,126.85443758696567,10.087014312218123,24.468550507417937,1.540312883104331,215.02372140908184,33.14603258564599,29.29776342613988,3.662889198311086
10,50,0.4,4.0,1,1.0,28.072915079257022,-16.518484760382528,3.0124223282242615,-3.3215075157958003,222.75106891029264,44.40913899516592,19.241197500723608,2.7532651182642094,118.089763736197,8.386633042428048,22.435007079337637,1.1078645241855911,222.8402115154704,38.75679514788011,28.543151303786452,3.9469461092728766
10,50,0.4,4.0,2,1.0,28.072792558508144,-16.536070417504686,3.0165990936610543,-3.323495834596014,222.0560427999013,44.26867233436602,19.204640758426187,2.7626074891598145,118.4236643938946,8.497871280756147,22.546886330105075,1.255443085792136,222.17947796802008,38.646631871124946,28.409302989508024,3.915283195711673
10,50,0.4,4.0,3,1.0,27.97990419072456,-16.43939955021095,3.0051586441266793,-3.3003794574545253,221.82877590120347,44.05582177198562,19.18385901672239,2.7504579771846345,116.55415360344855,7.182159207043455,22.221046762654925,1.0025627147307763,221.56105527141656,38.43605555616096,28.310165543180197,3.8865759675570177
10,50,0.4,4.0,4,1.0,28.07023242193753,-16.459129497404042,3.017330433040093,-3.3038465974712894,222.35411123899672,44.27854406169549,19.23619876027148,2.777798106392395,119.51178079934792,9.778948825673051,22.79585729201492,1.4746541201956045,221.94856481234928,38.50212964337248,28.432204060140283,3.921925571853061
10,50,0.4,4.0,5,1.0,28.127210172474257,-16.601884886472632,3.026616386612119,-3.3489907713255667,222.29203308122248,44.32920639931474,19.23477541792909,2.7701722518335656,116.5422336549871,6.591320943687286,22.48316314901952,0.976450258229,222.99743166552267,39.05468338720804,28.5647396143042,3.9675325305086937
10,50,0.4,4.0,6,1.0,28.081745771679714,-16.509531539494823,3.0174942206966646,-3.322690832759798,222.03779438555463,44.285992562973455,19.187529105964824,2.7505088476526742,118.0824663349924,7.974428859162532,22.43020758134286,1.0984392314216276,221.73812647113817,38.38035775256091,28.40247069682251,3.906454136595477
