L,nup,delta,U,seed,Spipi,m,M_raw,mdelta,Psi_dxy,Psi_dx2y2,chi_pipi,chi_pipi_err,n
8,16,0.0,0.0,1,0.125,0.0441941738241592,0.3535533905932738,0.0,1.8431436932253575e-18,-0.0022581629586051,0.0307815776510251,2.3434823675551146e-18,0.5
8,16,0.0,0.0,2,0.125,0.0441941738241592,0.3535533905932738,0.0,1.8431436932253575e-18,-0.0022581629586051,0.0307815776510251,2.3434823675551146e-18,0.5
8,16,0.0,0.0,3,0.125,0.0441941738241592,0.3535533905932738,0.0,1.8431436932253575e-18,-0.0022581629586051,0.0307815776510251,2.3434823675551146e-18,0.5
8,16,0.0,0.0,4,0.125,0.0441941738241592,0.3535533905932738,0.0,1.8431436932253575e-18,-0.0022581629586051,0.0307815776510251,2.3434823675551146e-18,0.5
8,16,0.0,0.0,5,0.125,0.0441941738241592,0.3535533905932738,0.0,1.8431436932253575e-18,-0.0022581629586051,0.0307815776510251,2.3434823675551146e-18,0.5
8,16,0.0,0.0,6,0.125,0.0441941738241592,0.3535533905932738,0.0,1.8431436932253575e-18,-0.0022581629586051,0.0307815776510251,2.3434823675551146e-18,0.5
8,18,0.0,0.0,1,0.140625,0.046875,0.375,0.0,-0.0003853671794189,0.0009819330173227,0.0373179326415476,2.1174998587429784e-18,0.5625
8,18,0.0,0.0,2,0.140625,0.046875,0.375,0.0,-0.0003853671794189,0.0009819330173227,0.0373179326415476,2.1174998587429784e-18,0.5625
8,18,0.0,0.0,3,0.140625,0.046875,0.375,0.0,-0.0003853671794189,0.0009819330173227,0.0373179326415476,2.1174998587429784e-18,0.5625
8,18,0.0,0.0,4,0.140625,0.046875,0.375,0.0,-0.0003853671794189,0.0009819330173227,0.0373179326415476,2.1174998587429784e-18,0.5625
8,18,0.0,0.0,5,0.140625,0.046875,0.375,0.0,-0.0003853671794189,0.0009819330173227,0.0373179326415476,2.1174998587429784e-18,0.5625
8,18,0.0,0.0,6,0.140625,0.046875,0.375,0.0,-0.0003853671794189,0.0009819330173227,0.0373179326415476,2.1174998587429784e-18,0.5625
8,21,0.0,0.0,1,0.1640625,0.0506307867063114,0.4050462936504913,0.0,-0.000177667836593,0.0013148060278604,0.0447543864112165,4.807406715958909e-18,0.65625
8,21,0.0,0.0,2,0.1640625,0.0506307867063114,0.4050462936504913,0.0,-0.000177667836593,0.0013148060278604,0.0447543864112165,4.807406715958909e-18,0.65625
8,21,0.0,0.0,3,0.1640625,0.0506307867063114,0.4050462936504913,0.0,-0.000177667836593,0.0013148060278604,0.0447543864112165,4.807406715958909e-18,0.65625
8,21,0.0,0.0,4,0.1640625,0.0506307867063114,0.4050462936504913,0.0,-0.000177667836593,0.0013148060278604,0.0447543864112165,4.807406715958909e-18,0.65625
8,21,0.0,0.0,5,0.1640625,0.0506307867063114,0.4050462936504913,0.0,-0.000177667836593,0.0013148060278604,0.0447543864112165,4.807406715958909e-18,0.65625
8,21,0.0,0.0,6,0.1640625,0.0506307867063114,0.4050462936504913,0.0,-0.000177667836593,0.0013148060278604,0.0447543864112165,4.807406715958909e-18,0.65625
8,25,0.0,0.0,1,0.1953125,0.055242717280199,0.4419417382415922,0.0,5.421010862427522e-19,5.204170427930421e-18,0.0546696581041082,5.782122458781651e-18,0.78125
8,25,0.0,0.0,2,0.1953125,0.055242717280199,0.4419417382415922,0.0,5.421010862427522e-19,5.204170427930421e-18,0.0546696581041082,5.782122458781651e-18,0.78125
8,25,0.0,0.0,3,0.1953125,0.055242717280199,0.4419417382415922,0.0,5.421010862427522e-19,5.204170427930421e-18,0.0546696581041082,5.782122458781651e-18,0.78125
8,25,0.0,0.0,4,0.1953125,0.055242717280199,0.4419417382415922,0.0,5.421010862427522e-19,5.204170427930421e-18,0.0546696581041082,5.782122458781651e-18,0.78125
8,25,0.0,0.0,5,0.1953125,0.055242717280199,0.4419417382415922,0.0,5.421010862427522e-19,5.204170427930421e-18,0.0546696581041082,5.782122458781651e-18,0.78125
8,25,0.0,0.0,6,0.1953125,0.055242717280199,0.4419417382415922,0.0,5.421010862427522e-19,5.204170427930421e-18,0.0546696581041082,5.782122458781651e-18,0.78125
8,28,0.0,0.0,1,0.1970934089558005,0.0554940043151905,0.4439520345215241,0.0,-9.778206898180773e-05,-0.0013464862563547,0.0560943852687487,8.822787227051603e-17,0.875
8,28,0.0,0.0,2,0.1970934089558005,0.0554940043151905,0.4439520345215241,0.0,-9.778206898180773e-05,-0.0013464862563547,0.0560943852687487,8.822787227051603e-17,0.875
8,28,0.0,0.0,3,0.1970934089558005,0.0554940043151905,0.4439520345215241,0.0,-9.778206898180773e-05,-0.0013464862563547,0.0560943852687487,8.822787227051603e-17,0.875
8,28,0.0,0.0,4,0.1970934089558005,0.0554940043151905,0.4439520345215241,0.0,-9.778206898180773e-05,-0.0013464862563547,0.0560943852687487,8.822787227051603e-17,0.875
8,28,0.0,0.0,5,0.1970934089558005,0.0554940043151905,0.4439520345215241,0.0,-9.778206898180773e-05,-0.0013464862563547,0.0560943852687487,8.822787227051603e-17,0.875
8,28,0.0,0.0,6,0.1970934089558005,0.0554940043151905,0.4439520345215241,0.0,-9.778206898180773e-05,-0.0013464862563547,0.0560943852687487,8.822787227051603e-17,0.875
8,32,0.0,0.0,1,0.2035293453109979,0.0563927834078469,0.4511422672627759,0.0,0.0002709202548614,-0.0008171360714211,0.0612431343529066,7.298218962490744e-18,1.0
8,32,0.0,0.0,2,0.2035293453109979,0.0563927834078469,0.4511422672627759,0.0,0.0002709202548614,-0.0008171360714211,0.0612431343529066,7.298218962490744e-18,1.0
8,32,0.0,0.0,3,0.2035293453109979,0.0563927834078469,0.4511422672627759,0.0,0.0002709202548614,-0.0008171360714211,0.0612431343529066,7.298218962490744e-18,1.0
8,32,0.0,0.0,4,0.2035293453109979,0.0563927834078469,0.4511422672627759,0.0,0.0002709202548614,-0.0008171360714211,0.0612431343529066,7.298218962490744e-18,1.0
8,32,0.0,0.0,5,0.2035293453109979,0.0563927834078469,0.4511422672627759,0.0,0.0002709202548614,-0.0008171360714211,0.0612431343529066,7.298218962490744e-18,1.0
8,32,0.0,0.0,6,0.2035293453109979,0.0563927834078469,0.4511422672627759,0.0,0.0002709202548614,-0.0008171360714211,0.0612431343529066,7.298218962490744e-18,1.0
8,16,0.1,0.0,1,0.1245701393052588,0.0441181190288601,0.3529449522308809,0.004411811902886,-0.0001574493651319,0.0001216897552807,0.0261181993558944,2.5919462405342317e-18,0.5
8,16,0.1,0.0,2,0.1245701393052588,0.0441181190288601,0.3529449522308809,0.004411811902886,-0.0001574493651319,0.0001216897552807,0.0261181993558944,2.5919462405342317e-18,0.5
8,16,0.1,0.0,3,0.1245701393052588,0.0441181190288601,0.3529449522308809,0.004411811902886,-0.0001574493651319,0.0001216897552807,0.0261181993558944,2.5919462405342317e-18,0.5
8,16,0.1,0.0,4,0.1245701393052588,0.0441181190288601,0.3529449522308809,0.004411811902886,-0.0001574493651319,0.0001216897552807,0.0261181993558944,2.5919462405342317e-18,0.5
8,16,0.1,0.0,5,0.1245701393052588,0.0441181190288601,0.3529449522308809,0.004411811902886,-0.0001574493651319,0.0001216897552807,0.0261181993558944,2.5919462405342317e-18,0.5
8,16,0.1,0.0,6,0.1245701393052588,0.0441181190288601,0.3529449522308809,0.004411811902886,-0.0001574493651319,0.0001216897552807,0.0261181993558944,2.5919462405342317e-18,0.5
8,18,0.1,0.0,1,0.1396879609300924,0.0467185657906221,0.3737485263249775,0.0046718565790622,0.0002571492526233,0.0002558985079365,0.030891717489517,1.1275702593849245e-18,0.5625
8,18,0.1,0.0,2,0.1396879609300924,0.0467185657906221,0.3737485263249775,0.0046718565790622,0.0002571492526233,0.0002558985079365,0.030891717489517,1.1275702593849245e-18,0.5625
8,18,0.1,0.0,3,0.1396879609300924,0.0467185657906221,0.3737485263249775,0.0046718565790622,0.0002571492526233,0.0002558985079365,0.030891717489517,1.1275702593849245e-18,0.5625
8,18,0.1,0.0,4,0.1396879609300924,0.0467185657906221,0.3737485263249775,0.0046718565790622,0.0002571492526233,0.0002558985079365,0.030891717489517,1.1275702593849245e-18,0.5625
8,18,0.1,0.0,5,0.1396879609300924,0.0467185657906221,0.3737485263249775,0.0046718565790622,0.0002571492526233,0.0002558985079365,0.030891717489517,1.1275702593849245e-18,0.5625
8,18,0.1,0.0,6,0.1396879609300924,0.0467185657906221,0.3737485263249775,0.0046718565790622,0.0002571492526233,0.0002558985079365,0.030891717489517,1.1275702593849245e-18,0.5625
8,21,0.1,0.0,1,0.1615031812093379,0.0502343229913164,0.4018745839305316,0.0050234322991316,4.87890977618477e-19,-3.469446951953614e-18,0.0373627849635469,2.8819390842226273e-18,0.65625
8,21,0.1,0.0,2,0.1615031812093379,0.0502343229913164,0.4018745839305316,0.0050234322991316,4.87890977618477e-19,-3.469446951953614e-18,0.0373627849635469,2.8819390842226273e-18,0.65625
8,21,0.1,0.0,3,0.1615031812093379,0.0502343229913164,0.4018745839305316,0.0050234322991316,4.87890977618477e-19,-3.469446951953614e-18,0.0373627849635469,2.8819390842226273e-18,0.65625
8,21,0.1,0.0,4,0.1615031812093379,0.0502343229913164,0.4018745839305316,0.0050234322991316,4.87890977618477e-19,-3.469446951953614e-18,0.0373627849635469,2.8819390842226273e-18,0.65625
8,21,0.1,0.0,5,0.1615031812093379,0.0502343229913164,0.4018745839305316,0.0050234322991316,4.87890977618477e-19,-3.469446951953614e-18,0.0373627849635469,2.8819390842226273e-18,0.65625
8,21,0.1,0.0,6,0.1615031812093379,0.0502343229913164,0.4018745839305316,0.0050234322991316,4.87890977618477e-19,-3.469446951953614e-18,0.0373627849635469,2.8819390842226273e-18,0.65625
8,25,0.1,0.0,1,0.1927531812093379,0.0548795814160048,0.4390366513280388,0.0054879581416004,4.9873299934333204e-18,-1.0408340855860844e-17,0.0535929332327449,1.1765467043548785e-18,0.78125
8,25,0.1,0.0,2,0.1927531812093379,0.0548795814160048,0.4390366513280388,0.0054879581416004,4.9873299934333204e-18,-1.0408340855860844e-17,0.0535929332327449,1.1765467043548785e-18,0.78125
8,25,0.1,0.0,3,0.1927531812093379,0.0548795814160048,0.4390366513280388,0.0054879581416004,4.9873299934333204e-18,-1.0408340855860844e-17,0.0535929332327449,1.1765467043548785e-18,0.78125
8,25,0.1,0.0,4,0.1927531812093379,0.0548795814160048,0.4390366513280388,0.0054879581416004,4.9873299934333204e-18,-1.0408340855860844e-17,0.0535929332327449,1.1765467043548785e-18,0.78125
8,25,0.1,0.0,5,0.1927531812093379,0.0548795814160048,0.4390366513280388,0.0054879581416004,4.9873299934333204e-18,-1.0408340855860844e-17,0.0535929332327449,1.1765467043548785e-18,0.78125
8,25,0.1,0.0,6,0.1927531812093379,0.0548795814160048,0.4390366513280388,0.0054879581416004,4.9873299934333204e-18,-1.0408340855860844e-17,0.0535929332327449,1.1765467043548785e-18,0.78125
8,28,0.1,0.0,1,0.2005424505276198,0.0559774578691642,0.447819662953314,0.0055977457869164,-1.8519687433866928e-05,2.7755575615628914e-17,0.0598243486873702,5.580851038989246e-18,0.875
8,28,0.1,0.0,2,0.2005424505276198,0.0559774578691642,0.447819662953314,0.0055977457869164,-1.8519687433866928e-05,2.7755575615628914e-17,0.0598243486873702,5.580851038989246e-18,0.875
8,28,0.1,0.0,3,0.2005424505276198,0.0559774578691642,0.447819662953314,0.0055977457869164,-1.8519687433866928e-05,2.7755575615628914e-17,0.0598243486873702,5.580851038989246e-18,0.875
8,28,0.1,0.0,4,0.2005424505276198,0.0559774578691642,0.447819662953314,0.0055977457869164,-1.8519687433866928e-05,2.7755575615628914e-17,0.0598243486873702,5.580851038989246e-18,0.875
8,28,0.1,0.0,5,0.2005424505276198,0.0559774578691642,0.447819662953314,0.0055977457869164,-1.8519687433866928e-05,2.7755575615628914e-17,0.0598243486873702,5.580851038989246e-18,0.875
8,28,0.1,0.0,6,0.2005424505276198,0.0559774578691642,0.447819662953314,0.0055977457869164,-1.8519687433866928e-05,2.7755575615628914e-17,0.0598243486873702,5.580851038989246e-18,0.875
8,32,0.1,0.0,1,0.1927531812093379,0.0548795814160048,0.4390366513280387,0.0054879581416004,-0.0002645238863624,-1.457167719820518e-16,0.0535929332327449,3.8399741062557675e-18,1.0
8,32,0.1,0.0,2,0.1927531812093379,0.0548795814160048,0.4390366513280387,0.0054879581416004,-0.0002645238863624,-1.457167719820518e-16,0.0535929332327449,3.8399741062557675e-18,1.0
8,32,0.1,0.0,3,0.1927531812093379,0.0548795814160048,0.4390366513280387,0.0054879581416004,-0.0002645238863624,-1.457167719820518e-16,0.0535929332327449,3.8399741062557675e-18,1.0
8,32,0.1,0.0,4,0.1927531812093379,0.0548795814160048,0.4390366513280387,0.0054879581416004,-0.0002645238863624,-1.457167719820518e-16,0.0535929332327449,3.8399741062557675e-18,1.0
8,32,0.1,0.0,5,0.1927531812093379,0.0548795814160048,0.4390366513280387,0.0054879581416004,-0.0002645238863624,-1.457167719820518e-16,0.0535929332327449,3.8399741062557675e-18,1.0
8,32,0.1,0.0,6,0.1927531812093379,0.0548795814160048,0.4390366513280387,0.0054879581416004,-0.0002645238863624,-1.457167719820518e-16,0.0535929332327449,3.8399741062557675e-18,1.0
8,16,0.2,0.0,1,0.1231845056632953,0.0438720628759235,0.3509765030073885,0.0087744125751847,0.0008700450380272,-0.0008057676834161,0.0261396826583776,9.053029710008205e-18,0.5
8,16,0.2,0.0,2,0.1231845056632953,0.0438720628759235,0.3509765030073885,0.0087744125751847,0.0008700450380272,-0.0008057676834161,0.0261396826583776,9.053029710008205e-18,0.5
8,16,0.2,0.0,3,0.1231845056632953,0.0438720628759235,0.3509765030073885,0.0087744125751847,0.0008700450380272,-0.0008057676834161,0.0261396826583776,9.053029710008205e-18,0.5
8,16,0.2,0.0,4,0.1231845056632953,0.0438720628759235,0.3509765030073885,0.0087744125751847,0.0008700450380272,-0.0008057676834161,0.0261396826583776,9.053029710008205e-18,0.5
8,16,0.2,0.0,5,0.1231845056632953,0.0438720628759235,0.3509765030073885,0.0087744125751847,0.0008700450380272,-0.0008057676834161,0.0261396826583776,9.053029710008205e-18,0.5
8,16,0.2,0.0,6,0.1231845056632953,0.0438720628759235,0.3509765030073885,0.0087744125751847,0.0008700450380272,-0.0008057676834161,0.0261396826583776,9.053029710008205e-18,0.5
8,18,0.2,0.0,1,0.1363163000004288,0.0461512967044989,0.3692103736359919,0.0092302593408997,0.0004539314474185,0.0003827710036752,0.029912204202836,2.058043061960285e-18,0.5625
8,18,0.2,0.0,2,0.1363163000004288,0.0461512967044989,0.3692103736359919,0.0092302593408997,0.0004539314474185,0.0003827710036752,0.029912204202836,2.058043061960285e-18,0.5625
8,18,0.2,0.0,3,0.1363163000004288,0.0461512967044989,0.3692103736359919,0.0092302593408997,0.0004539314474185,0.0003827710036752,0.029912204202836,2.058043061960285e-18,0.5625
8,18,0.2,0.0,4,0.1363163000004288,0.0461512967044989,0.3692103736359919,0.0092302593408997,0.0004539314474185,0.0003827710036752,0.029912204202836,2.058043061960285e-18,0.5625
8,18,0.2,0.0,5,0.1363163000004288,0.0461512967044989,0.3692103736359919,0.0092302593408997,0.0004539314474185,0.0003827710036752,0.029912204202836,2.058043061960285e-18,0.5625
8,18,0.2,0.0,6,0.1363163000004288,0.0461512967044989,0.3692103736359919,0.0092302593408997,0.0004539314474185,0.0003827710036752,0.029912204202836,2.058043061960285e-18,0.5625
8,21,0.2,0.0,1,0.1548290652467885,0.0491854058078315,0.3934832464626525,0.0098370811615663,1.3552527156068805e-18,1.734723475976807e-18,0.0346230455120512,5.0783270534261896e-18,0.65625
8,21,0.2,0.0,2,0.1548290652467885,0.0491854058078315,0.3934832464626525,0.0098370811615663,1.3552527156068805e-18,1.734723475976807e-18,0.0346230455120512,5.0783270534261896e-18,0.65625
8,21,0.2,0.0,3,0.1548290652467885,0.0491854058078315,0.3934832464626525,0.0098370811615663,1.3552527156068805e-18,1.734723475976807e-18,0.0346230455120512,5.0783270534261896e-18,0.65625
8,21,0.2,0.0,4,0.1548290652467885,0.0491854058078315,0.3934832464626525,0.0098370811615663,1.3552527156068805e-18,1.734723475976807e-18,0.0346230455120512,5.0783270534261896e-18,0.65625
8,21,0.2,0.0,5,0.1548290652467885,0.0491854058078315,0.3934832464626525,0.0098370811615663,1.3552527156068805e-18,1.734723475976807e-18,0.0346230455120512,5.0783270534261896e-18,0.65625
8,21,0.2,0.0,6,0.1548290652467885,0.0491854058078315,0.3934832464626525,0.0098370811615663,1.3552527156068805e-18,1.734723475976807e-18,0.0346230455120512,5.0783270534261896e-18,0.65625
8,25,0.2,0.0,1,0.1860790652467885,0.0539211034241795,0.4313688273934367,0.0107842206848359,-2.6562953225894866e-18,-3.469446951953614e-18,0.0508531937812495,4.7570659914016345e-18,0.78125
8,25,0.2,0.0,2,0.1860790652467885,0.0539211034241795,0.4313688273934367,0.0107842206848359,-2.6562953225894866e-18,-3.469446951953614e-18,0.0508531937812495,4.7570659914016345e-18,0.78125
8,25,0.2,0.0,3,0.1860790652467885,0.0539211034241795,0.4313688273934367,0.0107842206848359,-2.6562953225894866e-18,-3.469446951953614e-18,0.0508531937812495,4.7570659914016345e-18,0.78125
8,25,0.2,0.0,4,0.1860790652467885,0.0539211034241795,0.4313688273934367,0.0107842206848359,-2.6562953225894866e-18,-3.469446951953614e-18,0.0508531937812495,4.7570659914016345e-18,0.78125
8,25,0.2,0.0,5,0.1860790652467885,0.0539211034241795,0.4313688273934367,0.0107842206848359,-2.6562953225894866e-18,-3.469446951953614e-18,0.0508531937812495,4.7570659914016345e-18,0.78125
8,25,0.2,0.0,6,0.1860790652467885,0.0539211034241795,0.4313688273934367,0.0107842206848359,-2.6562953225894866e-18,-3.469446951953614e-18,0.0508531937812495,4.7570659914016345e-18,0.78125
8,28,0.2,0.0,1,0.1875667526246402,0.0541362217905904,0.4330897743247238,0.010827244358118,0.0001565152372745,-3.4694469519536136e-17,0.0520433436835309,1.766268830997567e-17,0.875
8,28,0.2,0.0,2,0.1875667526246402,0.0541362217905904,0.4330897743247238,0.010827244358118,0.0001565152372745,-3.4694469519536136e-17,0.0520433436835309,1.766268830997567e-17,0.875
8,28,0.2,0.0,3,0.1875667526246402,0.0541362217905904,0.4330897743247238,0.010827244358118,0.0001565152372745,-3.4694469519536136e-17,0.0520433436835309,1.766268830997567e-17,0.875
8,28,0.2,0.0,4,0.1875667526246402,0.0541362217905904,0.4330897743247238,0.010827244358118,0.0001565152372745,-3.4694469519536136e-17,0.0520433436835309,1.766268830997567e-17,0.875
8,28,0.2,0.0,5,0.1875667526246402,0.0541362217905904,0.4330897743247238,0.010827244358118,0.0001565152372745,-3.4694469519536136e-17,0.0520433436835309,1.766268830997567e-17,0.875
8,28,0.2,0.0,6,0.1875667526246402,0.0541362217905904,0.4330897743247238,0.010827244358118,0.0001565152372745,-3.4694469519536136e-17,0.0520433436835309,1.766268830997567e-17,0.875
8,32,0.2,0.0,1,0.1860790652467885,0.0539211034241795,0.4313688273934367,0.0107842206848359,-0.000244140625,-2.7755575615628914e-17,0.0508531937812495,3.9595799592289265e-18,1.0
8,32,0.2,0.0,2,0.1860790652467885,0.0539211034241795,0.4313688273934367,0.0107842206848359,-0.000244140625,-2.7755575615628914e-17,0.0508531937812495,3.9595799592289265e-18,1.0
8,32,0.2,0.0,3,0.1860790652467885,0.0539211034241795,0.4313688273934367,0.0107842206848359,-0.000244140625,-2.7755575615628914e-17,0.0508531937812495,3.9595799592289265e-18,1.0
8,32,0.2,0.0,4,0.1860790652467885,0.0539211034241795,0.4313688273934367,0.0107842206848359,-0.000244140625,-2.7755575615628914e-17,0.0508531937812495,3.9595799592289265e-18,1.0
8,32,0.2,0.0,5,0.1860790652467885,0.0539211034241795,0.4313688273934367,0.0107842206848359,-0.000244140625,-2.7755575615628914e-17,0.0508531937812495,3.9595799592289265e-18,1.0
8,32,0.2,0.0,6,0.1860790652467885,0.0539211034241795,0.4313688273934367,0.0107842206848359,-0.000244140625,-2.7755575615628914e-17,0.0508531937812495,3.9595799592289265e-18,1.0
8,16,0.3,0.0,1,0.1211620758260149,0.0435104290346749,0.3480834322773994,0.0130531287104024,-7.823318665626025e-05,-0.0001196008684803,0.0260962461921019,5.4492134934549634e-18,0.5
8,16,0.3,0.0,2,0.1211620758260149,0.0435104290346749,0.3480834322773994,0.0130531287104024,-7.823318665626025e-05,-0.0001196008684803,0.0260962461921019,5.4492134934549634e-18,0.5
8,16,0.3,0.0,3,0.1211620758260149,0.0435104290346749,0.3480834322773994,0.0130531287104024,-7.823318665626025e-05,-0.0001196008684803,0.0260962461921019,5.4492134934549634e-18,0.5
8,16,0.3,0.0,4,0.1211620758260149,0.0435104290346749,0.3480834322773994,0.0130531287104024,-7.823318665626025e-05,-0.0001196008684803,0.0260962461921019,5.4492134934549634e-18,0.5
8,16,0.3,0.0,5,0.1211620758260149,0.0435104290346749,0.3480834322773994,0.0130531287104024,-7.823318665626025e-05,-0.0001196008684803,0.0260962461921019,5.4492134934549634e-18,0.5
8,16,0.3,0.0,6,0.1211620758260149,0.0435104290346749,0.3480834322773994,0.0130531287104024,-7.823318665626025e-05,-0.0001196008684803,0.0260962461921019,5.4492134934549634e-18,0.5
8,18,0.3,0.0,1,0.1311949352384933,0.0452760517614053,0.362208414091243,0.0135828155284216,0.0004898235513366,0.0013543379435139,0.0281729303255938,1.102300409438538e-17,0.5625
8,18,0.3,0.0,2,0.1311949352384933,0.0452760517614053,0.362208414091243,0.0135828155284216,0.0004898235513366,0.0013543379435139,0.0281729303255938,1.102300409438538e-17,0.5625
8,18,0.3,0.0,3,0.1311949352384933,0.0452760517614053,0.362208414091243,0.0135828155284216,0.0004898235513366,0.0013543379435139,0.0281729303255938,1.102300409438538e-17,0.5625
8,18,0.3,0.0,4,0.1311949352384933,0.0452760517614053,0.362208414091243,0.0135828155284216,0.0004898235513366,0.0013543379435139,0.0281729303255938,1.102300409438538e-17,0.5625
8,18,0.3,0.0,5,0.1311949352384933,0.0452760517614053,0.362208414091243,0.0135828155284216,0.0004898235513366,0.0013543379435139,0.0281729303255938,1.102300409438538e-17,0.5625
8,18,0.3,0.0,6,0.1311949352384933,0.0452760517614053,0.362208414091243,0.0135828155284216,0.0004898235513366,0.0013543379435139,0.0281729303255938,1.102300409438538e-17,0.5625
8,21,0.3,0.0,1,0.1461726885730368,0.0477906712544791,0.3823253700358333,0.0143372013763437,-4.6078592330633954e-18,-5.204170427930421e-18,0.0312307278984927,2.687422053093286e-18,0.65625
8,21,0.3,0.0,2,0.1461726885730368,0.0477906712544791,0.3823253700358333,0.0143372013763437,-4.6078592330633954e-18,-5.204170427930421e-18,0.0312307278984927,2.687422053093286e-18,0.65625
8,21,0.3,0.0,3,0.1461726885730368,0.0477906712544791,0.3823253700358333,0.0143372013763437,-4.6078592330633954e-18,-5.204170427930421e-18,0.0312307278984927,2.687422053093286e-18,0.65625
8,21,0.3,0.0,4,0.1461726885730368,0.0477906712544791,0.3823253700358333,0.0143372013763437,-4.6078592330633954e-18,-5.204170427930421e-18,0.0312307278984927,2.687422053093286e-18,0.65625
8,21,0.3,0.0,5,0.1461726885730368,0.0477906712544791,0.3823253700358333,0.0143372013763437,-4.6078592330633954e-18,-5.204170427930421e-18,0.0312307278984927,2.687422053093286e-18,0.65625
8,21,0.3,0.0,6,0.1461726885730368,0.0477906712544791,0.3823253700358333,0.0143372013763437,-4.6078592330633954e-18,-5.204170427930421e-18,0.0312307278984927,2.687422053093286e-18,0.65625
8,25,0.3,0.0,1,0.1774226885730368,0.0526519658602952,0.4212157268823623,0.0157955897580885,-1.2902005852577504e-17,-3.469446951953614e-18,0.0474608761676908,6.0092583949486385e-18,0.78125
8,25,0.3,0.0,2,0.1774226885730368,0.0526519658602952,0.4212157268823623,0.0157955897580885,-1.2902005852577504e-17,-3.469446951953614e-18,0.0474608761676908,6.0092583949486385e-18,0.78125
8,25,0.3,0.0,3,0.1774226885730368,0.0526519658602952,0.4212157268823623,0.0157955897580885,-1.2902005852577504e-17,-3.469446951953614e-18,0.0474608761676908,6.0092583949486385e-18,0.78125
8,25,0.3,0.0,4,0.1774226885730368,0.0526519658602952,0.4212157268823623,0.0157955897580885,-1.2902005852577504e-17,-3.469446951953614e-18,0.0474608761676908,6.0092583949486385e-18,0.78125
8,25,0.3,0.0,5,0.1774226885730368,0.0526519658602952,0.4212157268823623,0.0157955897580885,-1.2902005852577504e-17,-3.469446951953614e-18,0.0474608761676908,6.0092583949486385e-18,0.78125
8,25,0.3,0.0,6,0.1774226885730368,0.0526519658602952,0.4212157268823623,0.0157955897580885,-1.2902005852577504e-17,-3.469446951953614e-18,0.0474608761676908,6.0092583949486385e-18,0.78125
8,28,0.3,0.0,1,0.1888887649895405,0.0543266688925574,0.4346133511404597,0.0162980006677672,-4.9913881791498714e-05,0.0035165003695603,0.0566337373008936,4.810535519880076e-18,0.875
8,28,0.3,0.0,2,0.1888887649895405,0.0543266688925574,0.4346133511404597,0.0162980006677672,-4.9913881791498714e-05,0.0035165003695603,0.0566337373008936,4.810535519880076e-18,0.875
8,28,0.3,0.0,3,0.1888887649895405,0.0543266688925574,0.4346133511404597,0.0162980006677672,-4.9913881791498714e-05,0.0035165003695603,0.0566337373008936,4.810535519880076e-18,0.875
8,28,0.3,0.0,4,0.1888887649895405,0.0543266688925574,0.4346133511404597,0.0162980006677672,-4.9913881791498714e-05,0.0035165003695603,0.0566337373008936,4.810535519880076e-18,0.875
8,28,0.3,0.0,5,0.1888887649895405,0.0543266688925574,0.4346133511404597,0.0162980006677672,-4.9913881791498714e-05,0.0035165003695603,0.0566337373008936,4.810535519880076e-18,0.875
8,28,0.3,0.0,6,0.1888887649895405,0.0543266688925574,0.4346133511404597,0.0162980006677672,-4.9913881791498714e-05,0.0035165003695603,0.0566337373008936,4.810535519880076e-18,0.875
8,32,0.3,0.0,1,0.1795809115804219,0.0529712350568126,0.4237698804545008,0.0158913705170437,0.000491521588504,0.0001495162287725,0.0491874545735988,7.534153895343648e-17,1.0
8,32,0.3,0.0,2,0.1795809115804219,0.0529712350568126,0.4237698804545008,0.0158913705170437,0.000491521588504,0.0001495162287725,0.0491874545735988,7.534153895343648e-17,1.0
8,32,0.3,0.0,3,0.1795809115804219,0.0529712350568126,0.4237698804545008,0.0158913705170437,0.000491521588504,0.0001495162287725,0.0491874545735988,7.534153895343648e-17,1.0
8,32,0.3,0.0,4,0.1795809115804219,0.0529712350568126,0.4237698804545008,0.0158913705170437,0.000491521588504,0.0001495162287725,0.0491874545735988,7.534153895343648e-17,1.0
8,32,0.3,0.0,5,0.1795809115804219,0.0529712350568126,0.4237698804545008,0.0158913705170437,0.000491521588504,0.0001495162287725,0.0491874545735988,7.534153895343648e-17,1.0
8,32,0.3,0.0,6,0.1795809115804219,0.0529712350568126,0.4237698804545008,0.0158913705170437,0.000491521588504,0.0001495162287725,0.0491874545735988,7.534153895343648e-17,1.0
8,16,0.4,0.0,1,0.1185063068076072,0.0430309312456616,0.3442474499652935,0.0172123724982646,-0.0007676156112292,0.0009773018848792,0.0257326005997787,8.485972208701487e-18,0.5
8,16,0.4,0.0,2,0.1185063068076072,0.0430309312456616,0.3442474499652935,0.0172123724982646,-0.0007676156112292,0.0009773018848792,0.0257326005997787,8.485972208701487e-18,0.5
8,16,0.4,0.0,3,0.1185063068076072,0.0430309312456616,0.3442474499652935,0.0172123724982646,-0.0007676156112292,0.0009773018848792,0.0257326005997787,8.485972208701487e-18,0.5
8,16,0.4,0.0,4,0.1185063068076072,0.0430309312456616,0.3442474499652935,0.0172123724982646,-0.0007676156112292,0.0009773018848792,0.0257326005997787,8.485972208701487e-18,0.5
8,16,0.4,0.0,5,0.1185063068076072,0.0430309312456616,0.3442474499652935,0.0172123724982646,-0.0007676156112292,0.0009773018848792,0.0257326005997787,8.485972208701487e-18,0.5
8,16,0.4,0.0,6,0.1185063068076072,0.0430309312456616,0.3442474499652935,0.0172123724982646,-0.0007676156112292,0.0009773018848792,0.0257326005997787,8.485972208701487e-18,0.5
8,18,0.4,0.0,1,0.1267567991972474,0.0445036513946551,0.3560292111572412,0.017801460557862,1.2648251698241166e-05,0.0003391108163839,0.0272030979291163,1.2212872159986653e-17,0.5625
8,18,0.4,0.0,2,0.1267567991972474,0.0445036513946551,0.3560292111572412,0.017801460557862,1.2648251698241166e-05,0.0003391108163839,0.0272030979291163,1.2212872159986653e-17,0.5625
8,18,0.4,0.0,3,0.1267567991972474,0.0445036513946551,0.3560292111572412,0.017801460557862,1.2648251698241166e-05,0.0003391108163839,0.0272030979291163,1.2212872159986653e-17,0.5625
8,18,0.4,0.0,4,0.1267567991972474,0.0445036513946551,0.3560292111572412,0.017801460557862,1.2648251698241166e-05,0.0003391108163839,0.0272030979291163,1.2212872159986653e-17,0.5625
8,18,0.4,0.0,5,0.1267567991972474,0.0445036513946551,0.3560292111572412,0.017801460557862,1.2648251698241166e-05,0.0003391108163839,0.0272030979291163,1.2212872159986653e-17,0.5625
8,18,0.4,0.0,6,0.1267567991972474,0.0445036513946551,0.3560292111572412,0.017801460557862,1.2648251698241166e-05,0.0003391108163839,0.0272030979291163,1.2212872159986653e-17,0.5625
8,21,0.4,0.0,1,0.137357441282746,0.046327206046155,0.3706176483692405,0.018530882418462,2.6020852139652106e-18,-3.469446951953614e-18,0.0279887667239531,2.6762010351784173e-18,0.65625
8,21,0.4,0.0,2,0.137357441282746,0.046327206046155,0.3706176483692405,0.018530882418462,2.6020852139652106e-18,-3.469446951953614e-18,0.0279887667239531,2.6762010351784173e-18,0.65625
8,21,0.4,0.0,3,0.137357441282746,0.046327206046155,0.3706176483692405,0.018530882418462,2.6020852139652106e-18,-3.469446951953614e-18,0.0279887667239531,2.6762010351784173e-18,0.65625
8,21,0.4,0.0,4,0.137357441282746,0.046327206046155,0.3706176483692405,0.018530882418462,2.6020852139652106e-18,-3.469446951953614e-18,0.0279887667239531,2.6762010351784173e-18,0.65625
8,21,0.4,0.0,5,0.137357441282746,0.046327206046155,0.3706176483692405,0.018530882418462,2.6020852139652106e-18,-3.469446951953614e-18,0.0279887667239531,2.6762010351784173e-18,0.65625
8,21,0.4,0.0,6,0.137357441282746,0.046327206046155,0.3706176483692405,0.018530882418462,2.6020852139652106e-18,-3.469446951953614e-18,0.0279887667239531,2.6762010351784173e-18,0.65625
8,25,0.4,0.0,1,0.152982441282746,0.0488912123498989,0.3911296987991912,0.0195564849399595,-1.27430382517033e-05,0.0006862904879903,0.0361038408585521,4.1669487823665626e-18,0.78125
8,25,0.4,0.0,2,0.152982441282746,0.0488912123498989,0.3911296987991912,0.0195564849399595,-1.27430382517033e-05,0.0006862904879903,0.0361038408585521,4.1669487823665626e-18,0.78125
8,25,0.4,0.0,3,0.152982441282746,0.0488912123498989,0.3911296987991912,0.0195564849399595,-1.27430382517033e-05,0.0006862904879903,0.0361038408585521,4.1669487823665626e-18,0.78125
8,25,0.4,0.0,4,0.152982441282746,0.0488912123498989,0.3911296987991912,0.0195564849399595,-1.27430382517033e-05,0.0006862904879903,0.0361038408585521,4.1669487823665626e-18,0.78125
8,25,0.4,0.0,5,0.152982441282746,0.0488912123498989,0.3911296987991912,0.0195564849399595,-1.27430382517033e-05,0.0006862904879903,0.0361038408585521,4.1669487823665626e-18,0.78125
8,25,0.4,0.0,6,0.152982441282746,0.0488912123498989,0.3911296987991912,0.0195564849399595,-1.27430382517033e-05,0.0006862904879903,0.0361038408585521,4.1669487823665626e-18,0.78125
8,28,0.4,0.0,1,0.1752499729768849,0.0523285851878667,0.418628681502934,0.0209314340751467,0.0001256541888428,-4.163336342344337e-17,0.0495329403484623,9.035561634386108e-18,0.875
8,28,0.4,0.0,2,0.1752499729768849,0.0523285851878667,0.418628681502934,0.0209314340751467,0.0001256541888428,-4.163336342344337e-17,0.0495329403484623,9.035561634386108e-18,0.875
8,28,0.4,0.0,3,0.1752499729768849,0.0523285851878667,0.418628681502934,0.0209314340751467,0.0001256541888428,-4.163336342344337e-17,0.0495329403484623,9.035561634386108e-18,0.875
8,28,0.4,0.0,4,0.1752499729768849,0.0523285851878667,0.418628681502934,0.0209314340751467,0.0001256541888428,-4.163336342344337e-17,0.0495329403484623,9.035561634386108e-18,0.875
8,28,0.4,0.0,5,0.1752499729768849,0.0523285851878667,0.418628681502934,0.0209314340751467,0.0001256541888428,-4.163336342344337e-17,0.0495329403484623,9.035561634386108e-18,0.875
8,28,0.4,0.0,6,0.1752499729768849,0.0523285851878667,0.418628681502934,0.0209314340751467,0.0001256541888428,-4.163336342344337e-17,0.0495329403484623,9.035561634386108e-18,0.875
8,32,0.4,0.0,1,0.168607441282746,0.0513272955652536,0.4106183645220292,0.0205309182261014,-0.0019722021211784,7.28583859910259e-17,0.0442189149931511,2.3013707539344672e-18,1.0
8,32,0.4,0.0,2,0.168607441282746,0.0513272955652536,0.4106183645220292,0.0205309182261014,-0.0019722021211784,7.28583859910259e-17,0.0442189149931511,2.3013707539344672e-18,1.0
8,32,0.4,0.0,3,0.168607441282746,0.0513272955652536,0.4106183645220292,0.0205309182261014,-0.0019722021211784,7.28583859910259e-17,0.0442189149931511,2.3013707539344672e-18,1.0
8,32,0.4,0.0,4,0.168607441282746,0.0513272955652536,0.4106183645220292,0.0205309182261014,-0.0019722021211784,7.28583859910259e-17,0.0442189149931511,2.3013707539344672e-18,1.0
8,32,0.4,0.0,5,0.168607441282746,0.0513272955652536,0.4106183645220292,0.0205309182261014,-0.0019722021211784,7.28583859910259e-17,0.0442189149931511,2.3013707539344672e-18,1.0
8,32,0.4,0.0,6,0.168607441282746,0.0513272955652536,0.4106183645220292,0.0205309182261014,-0.0019722021211784,7.28583859910259e-17,0.0442189149931511,2.3013707539344672e-18,1.0
8,16,0.5,0.0,1,0.1067582769614294,0.0408423564149074,0.3267388513192598,0.0204211782074537,0.0007547536824037,-0.0001416038272256,0.0250980263605734,6.03974689435119e-17,0.5
8,16,0.5,0.0,2,0.1067582769614294,0.0408423564149074,0.3267388513192598,0.0204211782074537,0.0007547536824037,-0.0001416038272256,0.0250980263605734,6.03974689435119e-17,0.5
8,16,0.5,0.0,3,0.1067582769614294,0.0408423564149074,0.3267388513192598,0.0204211782074537,0.0007547536824037,-0.0001416038272256,0.0250980263605734,6.03974689435119e-17,0.5
8,16,0.5,0.0,4,0.1067582769614294,0.0408423564149074,0.3267388513192598,0.0204211782074537,0.0007547536824037,-0.0001416038272256,0.0250980263605734,6.03974689435119e-17,0.5
8,16,0.5,0.0,5,0.1067582769614294,0.0408423564149074,0.3267388513192598,0.0204211782074537,0.0007547536824037,-0.0001416038272256,0.0250980263605734,6.03974689435119e-17,0.5
8,16,0.5,0.0,6,0.1067582769614294,0.0408423564149074,0.3267388513192598,0.0204211782074537,0.0007547536824037,-0.0001416038272256,0.0250980263605734,6.03974689435119e-17,0.5
8,18,0.5,0.0,1,0.1150306267563803,0.0423952066048562,0.3391616528388496,0.0211976033024281,0.0011163506492076,0.000524305171667,0.0267473774520155,6.180675142351551e-17,0.5625
8,18,0.5,0.0,2,0.1150306267563803,0.0423952066048562,0.3391616528388496,0.0211976033024281,0.0011163506492076,0.000524305171667,0.0267473774520155,6.180675142351551e-17,0.5625
8,18,0.5,0.0,3,0.1150306267563803,0.0423952066048562,0.3391616528388496,0.0211976033024281,0.0011163506492076,0.000524305171667,0.0267473774520155,6.180675142351551e-17,0.5625
8,18,0.5,0.0,4,0.1150306267563803,0.0423952066048562,0.3391616528388496,0.0211976033024281,0.0011163506492076,0.000524305171667,0.0267473774520155,6.180675142351551e-17,0.5625
8,18,0.5,0.0,5,0.1150306267563803,0.0423952066048562,0.3391616528388496,0.0211976033024281,0.0011163506492076,0.000524305171667,0.0267473774520155,6.180675142351551e-17,0.5625
8,18,0.5,0.0,6,0.1150306267563803,0.0423952066048562,0.3391616528388496,0.0211976033024281,0.0011163506492076,0.000524305171667,0.0267473774520155,6.180675142351551e-17,0.5625
8,21,0.5,0.0,1,0.1250938385400414,0.0442107591790521,0.3536860734324175,0.022105379589526,-0.0001069414572596,-0.0009771146549936,0.0272824336149961,1.2825813839305204e-17,0.65625
8,21,0.5,0.0,2,0.1250938385400414,0.0442107591790521,0.3536860734324175,0.022105379589526,-0.0001069414572596,-0.0009771146549936,0.0272824336149961,1.2825813839305204e-17,0.65625
8,21,0.5,0.0,3,0.1250938385400414,0.0442107591790521,0.3536860734324175,0.022105379589526,-0.0001069414572596,-0.0009771146549936,0.0272824336149961,1.2825813839305204e-17,0.65625
8,21,0.5,0.0,4,0.1250938385400414,0.0442107591790521,0.3536860734324175,0.022105379589526,-0.0001069414572596,-0.0009771146549936,0.0272824336149961,1.2825813839305204e-17,0.65625
8,21,0.5,0.0,5,0.1250938385400414,0.0442107591790521,0.3536860734324175,0.022105379589526,-0.0001069414572596,-0.0009771146549936,0.0272824336149961,1.2825813839305204e-17,0.65625
8,21,0.5,0.0,6,0.1250938385400414,0.0442107591790521,0.3536860734324175,0.022105379589526,-0.0001069414572596,-0.0009771146549936,0.0272824336149961,1.2825813839305204e-17,0.65625
8,25,0.5,0.0,1,0.13584770855046,0.0460719051711662,0.3685752413693302,0.0230359525855831,-0.0004939795750454,0.0,0.0304590058215437,7.674558602588242e-18,0.78125
8,25,0.5,0.0,2,0.13584770855046,0.0460719051711662,0.3685752413693302,0.0230359525855831,-0.0004939795750454,0.0,0.0304590058215437,7.674558602588242e-18,0.78125
8,25,0.5,0.0,3,0.13584770855046,0.0460719051711662,0.3685752413693302,0.0230359525855831,-0.0004939795750454,0.0,0.0304590058215437,7.674558602588242e-18,0.78125
8,25,0.5,0.0,4,0.13584770855046,0.0460719051711662,0.3685752413693302,0.0230359525855831,-0.0004939795750454,0.0,0.0304590058215437,7.674558602588242e-18,0.78125
8,25,0.5,0.0,5,0.13584770855046,0.0460719051711662,0.3685752413693302,0.0230359525855831,-0.0004939795750454,0.0,0.0304590058215437,7.674558602588242e-18,0.78125
8,25,0.5,0.0,6,0.13584770855046,0.0460719051711662,0.3685752413693302,0.0230359525855831,-0.0004939795750454,0.0,0.0304590058215437,7.674558602588242e-18,0.78125
8,28,0.5,0.0,1,0.1371527777777777,0.046292679256852,0.3703414340548161,0.023146339628426,-8.077306185017008e-18,1.8395007739258062e-14,0.0293105982706975,1.5098074861102592e-18,0.875
8,28,0.5,0.0,2,0.1371527777777777,0.046292679256852,0.3703414340548161,0.023146339628426,-8.077306185017008e-18,1.8395007739258062e-14,0.0293105982706975,1.5098074861102592e-18,0.875
8,28,0.5,0.0,3,0.1371527777777777,0.046292679256852,0.3703414340548161,0.023146339628426,-8.077306185017008e-18,1.8395007739258062e-14,0.0293105982706975,1.5098074861102592e-18,0.875
8,28,0.5,0.0,4,0.1371527777777777,0.046292679256852,0.3703414340548161,0.023146339628426,-8.077306185017008e-18,1.8395007739258062e-14,0.0293105982706975,1.5098074861102592e-18,0.875
8,28,0.5,0.0,5,0.1371527777777777,0.046292679256852,0.3703414340548161,0.023146339628426,-8.077306185017008e-18,1.8395007739258062e-14,0.0293105982706975,1.5098074861102592e-18,0.875
8,28,0.5,0.0,6,0.1371527777777777,0.046292679256852,0.3703414340548161,0.023146339628426,-8.077306185017008e-18,1.8395007739258062e-14,0.0293105982706975,1.5098074861102592e-18,0.875
8,32,0.5,0.0,1,0.1605902777777777,0.0500921459939357,0.4007371679514863,0.0250460729969678,-0.0021158854166666,9.774819842434113e-14,0.0414832094725963,3.345813473843216e-18,1.0
8,32,0.5,0.0,2,0.1605902777777777,0.0500921459939357,0.4007371679514863,0.0250460729969678,-0.0021158854166666,9.774819842434113e-14,0.0414832094725963,3.345813473843216e-18,1.0
8,32,0.5,0.0,3,0.1605902777777777,0.0500921459939357,0.4007371679514863,0.0250460729969678,-0.0021158854166666,9.774819842434113e-14,0.0414832094725963,3.345813473843216e-18,1.0
8,32,0.5,0.0,4,0.1605902777777777,0.0500921459939357,0.4007371679514863,0.0250460729969678,-0.0021158854166666,9.774819842434113e-14,0.0414832094725963,3.345813473843216e-18,1.0
8,32,0.5,0.0,5,0.1605902777777777,0.0500921459939357,0.4007371679514863,0.0250460729969678,-0.0021158854166666,9.774819842434113e-14,0.0414832094725963,3.345813473843216e-18,1.0
8,32,0.5,0.0,6,0.1605902777777777,0.0500921459939357,0.4007371679514863,0.0250460729969678,-0.0021158854166666,9.774819842434113e-14,0.0414832094725963,3.345813473843216e-18,1.0
8,16,0.6,0.0,1,0.0864111154646976,0.0367447095394139,0.2939576763153119,0.0220468257236483,2.7767613411210925e-05,0.0002220729587519,0.0173180729347885,2.8494516279452266e-17,0.5
8,16,0.6,0.0,2,0.0864111154646976,0.0367447095394139,0.2939576763153119,0.0220468257236483,2.7767613411210925e-05,0.0002220729587519,0.0173180729347885,2.8494516279452266e-17,0.5
8,16,0.6,0.0,3,0.0864111154646976,0.0367447095394139,0.2939576763153119,0.0220468257236483,2.7767613411210925e-05,0.0002220729587519,0.0173180729347885,2.8494516279452266e-17,0.5
8,16,0.6,0.0,4,0.0864111154646976,0.0367447095394139,0.2939576763153119,0.0220468257236483,2.7767613411210925e-05,0.0002220729587519,0.0173180729347885,2.8494516279452266e-17,0.5
8,16,0.6,0.0,5,0.0864111154646976,0.0367447095394139,0.2939576763153119,0.0220468257236483,2.7767613411210925e-05,0.0002220729587519,0.0173180729347885,2.8494516279452266e-17,0.5
8,16,0.6,0.0,6,0.0864111154646976,0.0367447095394139,0.2939576763153119,0.0220468257236483,2.7767613411210925e-05,0.0002220729587519,0.0173180729347885,2.8494516279452266e-17,0.5
8,18,0.6,0.0,1,0.090820487759912,0.0376705471323237,0.30136437705859,0.0226023282793942,-0.0006196463175174,0.0005686335520171,0.0171354610186565,1.5098074861102592e-18,0.5625
8,18,0.6,0.0,2,0.090820487759912,0.0376705471323237,0.30136437705859,0.0226023282793942,-0.0006196463175174,0.0005686335520171,0.0171354610186565,1.5098074861102592e-18,0.5625
8,18,0.6,0.0,3,0.090820487759912,0.0376705471323237,0.30136437705859,0.0226023282793942,-0.0006196463175174,0.0005686335520171,0.0171354610186565,1.5098074861102592e-18,0.5625
8,18,0.6,0.0,4,0.090820487759912,0.0376705471323237,0.30136437705859,0.0226023282793942,-0.0006196463175174,0.0005686335520171,0.0171354610186565,1.5098074861102592e-18,0.5625
8,18,0.6,0.0,5,0.090820487759912,0.0376705471323237,0.30136437705859,0.0226023282793942,-0.0006196463175174,0.0005686335520171,0.0171354610186565,1.5098074861102592e-18,0.5625
8,18,0.6,0.0,6,0.090820487759912,0.0376705471323237,0.30136437705859,0.0226023282793942,-0.0006196463175174,0.0005686335520171,0.0171354610186565,1.5098074861102592e-18,0.5625
8,21,0.6,0.0,1,0.1067853049458182,0.0408475261157687,0.32678020892615,0.0245085156694612,0.0001127628042503,0.000588496583278,0.0193117642886136,1.438356721209042e-18,0.65625
8,21,0.6,0.0,2,0.1067853049458182,0.0408475261157687,0.32678020892615,0.0245085156694612,0.0001127628042503,0.000588496583278,0.0193117642886136,1.438356721209042e-18,0.65625
8,21,0.6,0.0,3,0.1067853049458182,0.0408475261157687,0.32678020892615,0.0245085156694612,0.0001127628042503,0.000588496583278,0.0193117642886136,1.438356721209042e-18,0.65625
8,21,0.6,0.0,4,0.1067853049458182,0.0408475261157687,0.32678020892615,0.0245085156694612,0.0001127628042503,0.000588496583278,0.0193117642886136,1.438356721209042e-18,0.65625
8,21,0.6,0.0,5,0.1067853049458182,0.0408475261157687,0.32678020892615,0.0245085156694612,0.0001127628042503,0.000588496583278,0.0193117642886136,1.438356721209042e-18,0.65625
8,21,0.6,0.0,6,0.1067853049458182,0.0408475261157687,0.32678020892615,0.0245085156694612,0.0001127628042503,0.000588496583278,0.0193117642886136,1.438356721209042e-18,0.65625
8,25,0.6,0.0,1,0.1253143822371679,0.0442497143771092,0.3539977150168739,0.0265498286262655,0.0007191681900565,-4.8572257327350605e-17,0.0253945305190771,2.407706197318431e-17,0.78125
8,25,0.6,0.0,2,0.1253143822371679,0.0442497143771092,0.3539977150168739,0.0265498286262655,0.0007191681900565,-4.8572257327350605e-17,0.0253945305190771,2.407706197318431e-17,0.78125
8,25,0.6,0.0,3,0.1253143822371679,0.0442497143771092,0.3539977150168739,0.0265498286262655,0.0007191681900565,-4.8572257327350605e-17,0.0253945305190771,2.407706197318431e-17,0.78125
8,25,0.6,0.0,4,0.1253143822371679,0.0442497143771092,0.3539977150168739,0.0265498286262655,0.0007191681900565,-4.8572257327350605e-17,0.0253945305190771,2.407706197318431e-17,0.78125
8,25,0.6,0.0,5,0.1253143822371679,0.0442497143771092,0.3539977150168739,0.0265498286262655,0.0007191681900565,-4.8572257327350605e-17,0.0253945305190771,2.407706197318431e-17,0.78125
8,25,0.6,0.0,6,0.1253143822371679,0.0442497143771092,0.3539977150168739,0.0265498286262655,0.0007191681900565,-4.8572257327350605e-17,0.0253945305190771,2.407706197318431e-17,0.78125
8,28,0.6,0.0,1,0.1302228049458183,0.0451079962676066,0.3608639701408528,0.0270647977605639,5.9631119486702744e-18,-0.0031723865490475,0.0271288057532971,1.7584141549711616e-18,0.875
8,28,0.6,0.0,2,0.1302228049458183,0.0451079962676066,0.3608639701408528,0.0270647977605639,5.9631119486702744e-18,-0.0031723865490475,0.0271288057532971,1.7584141549711616e-18,0.875
8,28,0.6,0.0,3,0.1302228049458183,0.0451079962676066,0.3608639701408528,0.0270647977605639,5.9631119486702744e-18,-0.0031723865490475,0.0271288057532971,1.7584141549711616e-18,0.875
8,28,0.6,0.0,4,0.1302228049458183,0.0451079962676066,0.3608639701408528,0.0270647977605639,5.9631119486702744e-18,-0.0031723865490475,0.0271288057532971,1.7584141549711616e-18,0.875
8,28,0.6,0.0,5,0.1302228049458183,0.0451079962676066,0.3608639701408528,0.0270647977605639,5.9631119486702744e-18,-0.0031723865490475,0.0271288057532971,1.7584141549711616e-18,0.875
8,28,0.6,0.0,6,0.1302228049458183,0.0451079962676066,0.3608639701408528,0.0270647977605639,5.9631119486702744e-18,-0.0031723865490475,0.0271288057532971,1.7584141549711616e-18,0.875
8,32,0.6,0.0,1,0.1536603049458182,0.0489994108615441,0.3919952868923532,0.0293996465169264,0.0022282346865053,1.52655665885959e-16,0.0393014169551957,5.504843682496162e-18,1.0
8,32,0.6,0.0,2,0.1536603049458182,0.0489994108615441,0.3919952868923532,0.0293996465169264,0.0022282346865053,1.52655665885959e-16,0.0393014169551957,5.504843682496162e-18,1.0
8,32,0.6,0.0,3,0.1536603049458182,0.0489994108615441,0.3919952868923532,0.0293996465169264,0.0022282346865053,1.52655665885959e-16,0.0393014169551957,5.504843682496162e-18,1.0
8,32,0.6,0.0,4,0.1536603049458182,0.0489994108615441,0.3919952868923532,0.0293996465169264,0.0022282346865053,1.52655665885959e-16,0.0393014169551957,5.504843682496162e-18,1.0
8,32,0.6,0.0,5,0.1536603049458182,0.0489994108615441,0.3919952868923532,0.0293996465169264,0.0022282346865053,1.52655665885959e-16,0.0393014169551957,5.504843682496162e-18,1.0
8,32,0.6,0.0,6,0.1536603049458182,0.0489994108615441,0.3919952868923532,0.0293996465169264,0.0022282346865053,1.52655665885959e-16,0.0393014169551957,5.504843682496162e-18,1.0
8,16,0.7,0.0,1,0.0848489455241199,0.0364110529072474,0.2912884232579797,0.0254877370350732,0.0005525546990174,0.0002456511845214,0.0182341910324982,7.424940717479475e-18,0.5
8,16,0.7,0.0,2,0.0848489455241199,0.0364110529072474,0.2912884232579797,0.0254877370350732,0.0005525546990174,0.0002456511845214,0.0182341910324982,7.424940717479475e-18,0.5
8,16,0.7,0.0,3,0.0848489455241199,0.0364110529072474,0.2912884232579797,0.0254877370350732,0.0005525546990174,0.0002456511845214,0.0182341910324982,7.424940717479475e-18,0.5
8,16,0.7,0.0,4,0.0848489455241199,0.0364110529072474,0.2912884232579797,0.0254877370350732,0.0005525546990174,0.0002456511845214,0.0182341910324982,7.424940717479475e-18,0.5
8,16,0.7,0.0,5,0.0848489455241199,0.0364110529072474,0.2912884232579797,0.0254877370350732,0.0005525546990174,0.0002456511845214,0.0182341910324982,7.424940717479475e-18,0.5
8,16,0.7,0.0,6,0.0848489455241199,0.0364110529072474,0.2912884232579797,0.0254877370350732,0.0005525546990174,0.0002456511845214,0.0182341910324982,7.424940717479475e-18,0.5
8,18,0.7,0.0,1,0.0851345922108899,0.0364722908972709,0.2917783271781677,0.0255306036280896,0.0007238023883615,0.0004449829151655,0.0153076294246634,9.265863510385772e-18,0.5625
8,18,0.7,0.0,2,0.0851345922108899,0.0364722908972709,0.2917783271781677,0.0255306036280896,0.0007238023883615,0.0004449829151655,0.0153076294246634,9.265863510385772e-18,0.5625
8,18,0.7,0.0,3,0.0851345922108899,0.0364722908972709,0.2917783271781677,0.0255306036280896,0.0007238023883615,0.0004449829151655,0.0153076294246634,9.265863510385772e-18,0.5625
8,18,0.7,0.0,4,0.0851345922108899,0.0364722908972709,0.2917783271781677,0.0255306036280896,0.0007238023883615,0.0004449829151655,0.0153076294246634,9.265863510385772e-18,0.5625
8,18,0.7,0.0,5,0.0851345922108899,0.0364722908972709,0.2917783271781677,0.0255306036280896,0.0007238023883615,0.0004449829151655,0.0153076294246634,9.265863510385772e-18,0.5625
8,18,0.7,0.0,6,0.0851345922108899,0.0364722908972709,0.2917783271781677,0.0255306036280896,0.0007238023883615,0.0004449829151655,0.0153076294246634,9.265863510385772e-18,0.5625
8,21,0.7,0.0,1,0.0985793597994566,0.0392466877184114,0.3139735017472917,0.027472681402888,0.0001129745342261,-0.0003396104952735,0.0196356342165722,2.119080288143613e-17,0.65625
8,21,0.7,0.0,2,0.0985793597994566,0.0392466877184114,0.3139735017472917,0.027472681402888,0.0001129745342261,-0.0003396104952735,0.0196356342165722,2.119080288143613e-17,0.65625
8,21,0.7,0.0,3,0.0985793597994566,0.0392466877184114,0.3139735017472917,0.027472681402888,0.0001129745342261,-0.0003396104952735,0.0196356342165722,2.119080288143613e-17,0.65625
8,21,0.7,0.0,4,0.0985793597994566,0.0392466877184114,0.3139735017472917,0.027472681402888,0.0001129745342261,-0.0003396104952735,0.0196356342165722,2.119080288143613e-17,0.65625
8,21,0.7,0.0,5,0.0985793597994566,0.0392466877184114,0.3139735017472917,0.027472681402888,0.0001129745342261,-0.0003396104952735,0.0196356342165722,2.119080288143613e-17,0.65625
8,21,0.7,0.0,6,0.0985793597994566,0.0392466877184114,0.3139735017472917,0.027472681402888,0.0001129745342261,-0.0003396104952735,0.0196356342165722,2.119080288143613e-17,0.65625
8,25,0.7,0.0,1,0.1129343351570772,0.0420071301903537,0.3360570415228303,0.0294049911332476,0.0005092155135904,-0.0010364415644343,0.0229458349661822,3.0530517147015306e-17,0.78125
8,25,0.7,0.0,2,0.1129343351570772,0.0420071301903537,0.3360570415228303,0.0294049911332476,0.0005092155135904,-0.0010364415644343,0.0229458349661822,3.0530517147015306e-17,0.78125
8,25,0.7,0.0,3,0.1129343351570772,0.0420071301903537,0.3360570415228303,0.0294049911332476,0.0005092155135904,-0.0010364415644343,0.0229458349661822,3.0530517147015306e-17,0.78125
8,25,0.7,0.0,4,0.1129343351570772,0.0420071301903537,0.3360570415228303,0.0294049911332476,0.0005092155135904,-0.0010364415644343,0.0229458349661822,3.0530517147015306e-17,0.78125
8,25,0.7,0.0,5,0.1129343351570772,0.0420071301903537,0.3360570415228303,0.0294049911332476,0.0005092155135904,-0.0010364415644343,0.0229458349661822,3.0530517147015306e-17,0.78125
8,25,0.7,0.0,6,0.1129343351570772,0.0420071301903537,0.3360570415228303,0.0294049911332476,0.0005092155135904,-0.0010364415644343,0.0229458349661822,3.0530517147015306e-17,0.78125
8,28,0.7,0.0,1,0.1243402664712904,0.0440773940202221,0.3526191521617771,0.0308541758141554,-7.480994990149979e-18,-0.0006055351135095,0.0254211752164257,1.802777518484591e-18,0.875
8,28,0.7,0.0,2,0.1243402664712904,0.0440773940202221,0.3526191521617771,0.0308541758141554,-7.480994990149979e-18,-0.0006055351135095,0.0254211752164257,1.802777518484591e-18,0.875
8,28,0.7,0.0,3,0.1243402664712904,0.0440773940202221,0.3526191521617771,0.0308541758141554,-7.480994990149979e-18,-0.0006055351135095,0.0254211752164257,1.802777518484591e-18,0.875
8,28,0.7,0.0,4,0.1243402664712904,0.0440773940202221,0.3526191521617771,0.0308541758141554,-7.480994990149979e-18,-0.0006055351135095,0.0254211752164257,1.802777518484591e-18,0.875
8,28,0.7,0.0,5,0.1243402664712904,0.0440773940202221,0.3526191521617771,0.0308541758141554,-7.480994990149979e-18,-0.0006055351135095,0.0254211752164257,1.802777518484591e-18,0.875
8,28,0.7,0.0,6,0.1243402664712904,0.0440773940202221,0.3526191521617771,0.0308541758141554,-7.480994990149979e-18,-0.0006055351135095,0.0254211752164257,1.802777518484591e-18,0.875
8,32,0.7,0.0,1,0.1477777664712905,0.0480523423062176,0.3844187384497411,0.0336366396143523,0.0023169886707236,-4.790265406562355e-14,0.0375937864183241,7.949501638480627e-19,1.0
8,32,0.7,0.0,2,0.1477777664712905,0.0480523423062176,0.3844187384497411,0.0336366396143523,0.0023169886707236,-4.790265406562355e-14,0.0375937864183241,7.949501638480627e-19,1.0
8,32,0.7,0.0,3,0.1477777664712905,0.0480523423062176,0.3844187384497411,0.0336366396143523,0.0023169886707236,-4.790265406562355e-14,0.0375937864183241,7.949501638480627e-19,1.0
8,32,0.7,0.0,4,0.1477777664712905,0.0480523423062176,0.3844187384497411,0.0336366396143523,0.0023169886707236,-4.790265406562355e-14,0.0375937864183241,7.949501638480627e-19,1.0
8,32,0.7,0.0,5,0.1477777664712905,0.0480523423062176,0.3844187384497411,0.0336366396143523,0.0023169886707236,-4.790265406562355e-14,0.0375937864183241,7.949501638480627e-19,1.0
8,32,0.7,0.0,6,0.1477777664712905,0.0480523423062176,0.3844187384497411,0.0336366396143523,0.0023169886707236,-4.790265406562355e-14,0.0375937864183241,7.949501638480627e-19,1.0
8,16,0.0,2.0,1,0.1342377050687616,0.0457980801093168,0.3663846408745345,0.0,5.0185274137067005e-05,0.0014558464937843,0.0358747641330031,0.0002621213278309,0.5
8,16,0.0,2.0,2,0.134430775539201,0.0458310033470795,0.3666480267766364,0.0,-0.0001499157038077,0.0011970200041422,0.0361793784681358,0.0002744642155972,0.5
8,16,0.0,2.0,3,0.1348996513906102,0.0459108598588425,0.3672868788707407,0.0,-3.785665536355624e-05,0.0011608643276192,0.0363679174653538,0.0002766635524744,0.5
8,16,0.0,2.0,4,0.1343780702684944,0.0458220181566157,0.3665761452529262,0.0,-7.315380585873647e-05,0.0016310470998544,0.0359820647229709,0.000292871370749,0.5
8,16,0.0,2.0,5,0.1344501019026206,0.0458342976626504,0.3666743813012038,0.0,7.433709167747719e-05,0.0011041984672804,0.0359002341545725,0.0002763210187623,0.5
8,16,0.0,2.0,6,0.1335956242915636,0.0456884189872628,0.3655073518981028,0.0,-1.8879197877763297e-06,0.0013323678666919,0.0358100151077034,0.0003279869133016,0.5
8,18,0.0,2.0,1,0.1538712998169151,0.0490330404894424,0.3922643239155393,0.0,-0.0005013499172105,-0.0006715379171829,0.0449718972510871,0.0003740701750786,0.5625
8,18,0.0,2.0,2,0.1555343023302968,0.0492972968215386,0.3943783745723094,0.0,-0.0003887190252237,-0.0005255113913026,0.0459723420549292,0.0005058661861781,0.5625
8,18,0.0,2.0,3,0.1542963498235468,0.0491007175710591,0.3928057405684734,0.0,-0.0003153556175635,-0.000559172457422,0.0450836085486672,0.0003732243818627,0.5625
8,18,0.0,2.0,4,0.155057227710173,0.0492216332822413,0.3937730662579311,0.0,-0.0006135326067226,-0.0006533180972277,0.0454502058279847,0.0003409780295341,0.5625
8,18,0.0,2.0,5,0.1563917006978093,0.0494329882103365,0.3954639056826922,0.0,-0.000520357713399,-0.0004641286707111,0.0462466145729836,0.0004767311338028,0.5625
8,18,0.0,2.0,6,0.1551888141735301,0.0492425143698147,0.3939401149585177,0.0,-0.0004083127004019,-0.0004568012980196,0.0458821688778969,0.000374081345497,0.5625
8,21,0.0,2.0,1,0.185456480830474,0.0538308230754105,0.4306465846032846,0.0,0.0006015366741458,-0.0006822208297139,0.0576279190763824,0.0006263774558554,0.65625
8,21,0.0,2.0,2,0.1864641040496458,0.0539768619482062,0.43181489558565,0.0,0.0005993285253158,-0.0010114121067199,0.0588101252221437,0.0007086216867689,0.65625
8,21,0.0,2.0,3,0.1872608309556198,0.0540920556429644,0.4327364451437154,0.0,0.0006892257289636,-0.0008256858251274,0.0588048126565367,0.0005169112530253,0.65625
8,21,0.0,2.0,4,0.1873407270503309,0.0541035937823119,0.4328287502584954,0.0,0.0006997865451283,-0.0004744974032621,0.0591327609238801,0.0005426573181359,0.65625
8,21,0.0,2.0,5,0.1889534419516014,0.0543359690305949,0.4346877522447595,0.0,0.0005971326053362,-0.0006945142323014,0.0593394832163016,0.0008471573578099,0.65625
8,21,0.0,2.0,6,0.1869688753971933,0.0540498721375096,0.4323989771000775,0.0,0.0005672662889291,-0.000388897808418,0.058754737358671,0.0005607500135887,0.65625
8,25,0.0,2.0,1,0.2371834744310649,0.0608768575731812,0.4870148605854497,0.0,-6.530396215867441e-05,8.96028116192174e-05,0.0795831179235779,0.0006845750264672,0.78125
8,25,0.0,2.0,2,0.233139090355679,0.0603555986368082,0.4828447890944656,0.0,-1.6150118480626825e-05,-7.799067775268731e-05,0.0775035064429506,0.0006534408420578,0.78125
8,25,0.0,2.0,3,0.2392042643703153,0.0611356412478529,0.4890851299828234,0.0,-2.2864237507787136e-06,-0.000122107518897,0.0810858980025981,0.0008791862729597,0.78125
8,25,0.0,2.0,4,0.2384626532538802,0.0610407974807986,0.4883263798463895,0.0,-8.929350894167532e-05,0.0001096392814001,0.0804050718378872,0.0009445325844152,0.78125
8,25,0.0,2.0,5,0.2379523045394791,0.0609754438969439,0.4878035511755517,0.0,3.144288735818391e-05,-2.9306821217284923e-05,0.0794776695680722,0.0009342882309609,0.78125
8,25,0.0,2.0,6,0.2376366609264502,0.0609349885285603,0.4874799082284829,0.0,3.477520145085558e-05,0.0001538511044788,0.0806587330494075,0.0008939118106245,0.78125
8,28,0.0,2.0,1,0.2434015554881698,0.0616696789719441,0.4933574317755534,0.0,1.29082623321875e-05,1.088831398780507e-05,0.0832143710183951,0.0013158487889805,0.875
8,28,0.0,2.0,2,0.2399574352322416,0.061231813018265,0.4898545041461205,0.0,4.7170163438738696e-05,-0.0002952419925453,0.0814120967776751,0.0010262413835764,0.875
8,28,0.0,2.0,3,0.2412028023866018,0.061390502419272,0.4911240193541767,0.0,3.799539654761655e-05,-8.845267616805139e-05,0.0818707443722992,0.0008227306812899,0.875
8,28,0.0,2.0,4,0.2412387628664441,0.0613950785469665,0.4911606283757322,0.0,-8.488583194466142e-05,-6.0077345640337926e-05,0.081653795855797,0.0007799408739396,0.875
8,28,0.0,2.0,5,0.2425768884308508,0.0615651190344991,0.4925209522759929,0.0,1.4698624898508213e-05,-0.0001578724927879,0.0821615212289395,0.0011588181300638,0.875
8,28,0.0,2.0,6,0.2433715346647137,0.0616658757266622,0.4933270058132979,0.0,-1.5614581971247076e-05,-0.000300994754425,0.0837249712975929,0.0011803551964501,0.875
8,32,0.0,2.0,1,0.2725210607654222,0.06525443720131,0.5220354976104807,0.0,0.0005851351126872,0.0004427668647877,0.1052556767631043,0.001291521113699,1.0
8,32,0.0,2.0,2,0.2789364857684979,0.0660180474577428,0.5281443796619424,0.0,0.0006151282400026,0.0004397921566396,0.1098387994592525,0.0013567310191768,1.0
8,32,0.0,2.0,3,0.272461927518635,0.0652473571685372,0.5219788573482982,0.0,0.0005184481469292,-6.865586465125764e-05,0.1058365018411069,0.0012903909358525,1.0
8,32,0.0,2.0,4,0.2746063856616218,0.0655036241437284,0.5240289931498273,0.0,0.0003440145281936,-0.000279037273855,0.1058584676077167,0.0013227027546171,1.0
8,32,0.0,2.0,5,0.2758150700009394,0.0656476234814686,0.5251809878517495,0.0,0.0005242055277216,0.0004697771320627,0.1075942637656006,0.0014463569360686,1.0
8,32,0.0,2.0,6,0.2834782749108825,0.0665533473649713,0.5324267789197709,0.0,0.000532355319582,-5.206813816073519e-05,0.1129754692343479,0.0015205923813191,1.0
8,16,0.1,2.0,1,0.1314114252502088,0.0453133922757335,0.3625071382058687,0.0045313392275733,-0.0004246621223639,0.0001604952014455,0.0302201291861505,0.000266514989296,0.5
8,16,0.1,2.0,2,0.1312011350456606,0.0452771215415517,0.3622169723324138,0.0045277121541551,-0.0003067016006044,0.00017341732581,0.0298477940552311,0.0002292416723384,0.5
8,16,0.1,2.0,3,0.1316150624376873,0.0453484878533878,0.3627879028271027,0.0045348487853387,-0.0002072375456078,0.0002871905146255,0.0300702831667453,0.0002291600879964,0.5
8,16,0.1,2.0,4,0.1327526774102969,0.0455440510334323,0.3643524082674587,0.0045544051033432,-0.000531831169709,0.0003983793920276,0.0306555072570263,0.0002571775942438,0.5
8,16,0.1,2.0,5,0.1327251296360624,0.0455393253195902,0.3643146025567221,0.004553932531959,-0.000242271343376,0.0003889368096613,0.030414773027518,0.0002728472069466,0.5
8,16,0.1,2.0,6,0.1318756388009585,0.0453933569618394,0.3631468556947155,0.0045393356961839,-0.0002483811825609,0.0002233343209825,0.0302581180286307,0.000231432688436,0.5
8,18,0.1,2.0,1,0.1504241409281273,0.0484806889596464,0.3878455116771719,0.0048480688959646,-0.0009674682740394,-0.0018988036125656,0.0369648839267828,0.0006056275396665,0.5625
8,18,0.1,2.0,2,0.1498845419354442,0.0483936562758107,0.3871492502064859,0.004839365627581,-0.000987090496855,-0.0018515833967193,0.0366777568599597,0.0003104658203716,0.5625
8,18,0.1,2.0,3,0.1498631558491491,0.048390203658829,0.3871216292706326,0.0048390203658829,-0.0012327668691725,-0.0016113803066839,0.0366207261470224,0.0003318789244642,0.5625
8,18,0.1,2.0,4,0.1493373672864282,0.0483052415773944,0.3864419326191559,0.0048305241577394,-0.0012106789731533,-0.0018335329826405,0.0359346111204,0.0003278223566631,0.5625
8,18,0.1,2.0,5,0.1497505324727754,0.0483720174262673,0.3869761394101391,0.0048372017426267,-0.0010805180148349,-0.001911504449703,0.0364529598882909,0.0003147482955535,0.5625
8,18,0.1,2.0,6,0.1495322032550393,0.0483367425036068,0.3866939400288546,0.0048336742503606,-0.0009507581821346,-0.0018153009533613,0.0366423703091249,0.0003071068963832,0.5625
8,21,0.1,2.0,1,0.1782915859309905,0.052780735407644,0.4222458832611521,0.0052780735407644,-5.3446837418982536e-05,-8.869152658625562e-05,0.0468168941043752,0.0004289703015582,0.65625
8,21,0.1,2.0,2,0.1784437190730719,0.0528032490526553,0.4224259924212428,0.0052803249052655,-5.072171507956597e-05,0.0001087497268434,0.0471487174856284,0.0004569783188079,0.65625
8,21,0.1,2.0,3,0.1786545199501035,0.0528344288719048,0.4226754309752384,0.0052834428871904,1.88884854739874e-05,7.850789771729483e-05,0.0474745438755558,0.0004443082068685,0.65625
8,21,0.1,2.0,4,0.1806369297041133,0.0531267543392853,0.4250140347142824,0.0053126754339285,-1.61424775865323e-05,0.0001185139187018,0.0481994036474481,0.0005639974078378,0.65625
8,21,0.1,2.0,5,0.1790840259929908,0.0528979007725304,0.4231832061802439,0.005289790077253,-0.0001475269370054,-8.157299065583365e-05,0.0470933843548988,0.0004661289252532,0.65625
8,21,0.1,2.0,6,0.1786443577508729,0.0528329261905621,0.4226634095244974,0.0052832926190562,-9.144327894760816e-05,-0.0001168040180065,0.0476404596372832,0.0005805466799243,0.65625
8,25,0.1,2.0,1,0.2327456116191555,0.0603046447759151,0.4824371582073208,0.0060304644775915,-6.308860221962225e-05,-0.0001990638822596,0.077597562174084,0.0010558517709898,0.78125
8,25,0.1,2.0,2,0.2304233773062701,0.060003043842879,0.4800243507430327,0.0060003043842879,-4.691131959312308e-05,-6.067742907447243e-05,0.0761903874693162,0.0006858314111297,0.78125
8,25,0.1,2.0,3,0.233849373161657,0.0604474685628016,0.483579748502413,0.0060447468562801,8.856148762609285e-06,5.571124624767845e-05,0.078369361279381,0.0008666523723119,0.78125
8,25,0.1,2.0,4,0.2340812176657253,0.0604774257556235,0.4838194060449884,0.0060477425755623,-9.752453200634456e-05,5.8403933113345546e-05,0.0786403768655485,0.0008214311378365,0.78125
8,25,0.1,2.0,5,0.2342198249731561,0.0604953284577046,0.4839626276616368,0.0060495328457704,2.9369785939689153e-05,1.0606472796954177e-05,0.0776988772302429,0.0009306413087353,0.78125
8,25,0.1,2.0,6,0.2347359116758358,0.0605619403580741,0.4844955228645935,0.0060561940358074,-4.116947538160498e-05,-8.407057051525169e-06,0.0788695489099139,0.0008505842122975,0.78125
8,28,0.1,2.0,1,0.2658630167173539,0.0644523827038896,0.5156190616311174,0.0064452382703889,-8.594930386053785e-05,6.798484441378205e-08,0.102077860975223,0.0016796272880005,0.875
8,28,0.1,2.0,2,0.2627933722689125,0.0640792200459849,0.5126337603678796,0.0064079220045984,-4.310886246386772e-05,-3.736539999123906e-05,0.0992441690591034,0.0014251614385322,0.875
8,28,0.1,2.0,3,0.2706835344467194,0.0650340697306418,0.520272557845135,0.0065034069730641,7.545939152449734e-05,0.0002217563018027,0.1045007421673304,0.0010451692580679,0.875
8,28,0.1,2.0,4,0.2678267369244725,0.0646899742189227,0.5175197937513816,0.0064689974218922,-0.0001730220621253,0.000127086347006,0.1024868034324276,0.0014855741960806,0.875
8,28,0.1,2.0,5,0.2650897103654001,0.0643585792607277,0.5148686340858221,0.0064358579260727,8.175041684848521e-06,5.2237107630588586e-05,0.1004081152016777,0.0010185626485197,0.875
8,28,0.1,2.0,6,0.2643440310259268,0.0642679973608957,0.5141439788871662,0.0064267997360895,6.347436347083784e-05,0.0001580208428636,0.100825995714241,0.0012649002928845,0.875
8,32,0.1,2.0,1,0.2609661710943353,0.0638560601928195,0.5108484815425561,0.0063856060192819,0.0001095140472872,-3.62891517460516e-05,0.0976234168863643,0.0011991381104057,1.0
8,32,0.1,2.0,2,0.2578846144950469,0.0634779260962825,0.5078234087702603,0.0063477926096282,0.0001295597057445,0.0001824487012523,0.095501644949319,0.0012101862482356,1.0
8,32,0.1,2.0,3,0.2621154571878743,0.0639965156751563,0.511972125401251,0.0063996515675156,6.726264856013345e-05,-0.0002138175507149,0.0980470859658161,0.0013136435023425,1.0
8,32,0.1,2.0,4,0.2636267255159977,0.0641807415521779,0.5134459324174239,0.0064180741552177,-6.908759688131543e-05,0.0002721494215469,0.098822912570144,0.0010955121926642,1.0
8,32,0.1,2.0,5,0.2639815955482157,0.0642239241283252,0.5137913930266016,0.0064223924128325,0.0001381685807509,-0.0001319823525276,0.0983377944846886,0.0014057383931306,1.0
8,32,0.1,2.0,6,0.2594830259055404,0.0636743455386395,0.5093947643091166,0.0063674345538639,0.0001626674459632,-6.637079360553508e-05,0.0969496104121507,0.0011009532182916,1.0
8,16,0.2,2.0,1,0.1302197908389008,0.0451074742349627,0.3608597938797017,0.0090214948469925,0.0003816368265784,0.001058157488386,0.0302234555688598,0.000283673773042,0.5
8,16,0.2,2.0,2,0.1304164845704735,0.0451415282352475,0.3611322258819802,0.0090283056470495,0.0002406339615322,0.0010526215705194,0.0301442356462598,0.0002317115471449,0.5
8,16,0.2,2.0,3,0.1314819829611143,0.0453255555262967,0.3626044442103742,0.0090651111052593,0.0004559708757161,0.0008289344199302,0.0310114812549838,0.0002460885879387,0.5
8,16,0.2,2.0,4,0.131480524763104,0.0453253041845667,0.3626024334765337,0.0090650608369133,0.0001318873531959,0.0009447336407644,0.0306423823520459,0.0002733875599497,0.5
8,16,0.2,2.0,5,0.1315459467046628,0.0453365792408333,0.3626926339266664,0.0090673158481666,0.0003457314654442,0.0009652858542988,0.0307695016677855,0.0002514952935497,0.5
8,16,0.2,2.0,6,0.1310960556869226,0.0452589866226384,0.3620718929811076,0.0090517973245276,0.0003355048457182,0.0008919740076198,0.0309299273242413,0.0002300478675399,0.5
8,18,0.2,2.0,1,0.1464027242554703,0.0478282611694354,0.3826260893554833,0.009565652233887,5.304445911148741e-05,0.0016379863579864,0.0356765467001622,0.0003056184118472,0.5625
8,18,0.2,2.0,2,0.1460791032093191,0.0477753700942819,0.3822029607542557,0.0095550740188563,-1.99385747181079e-05,0.0015000362874501,0.0353992386053629,0.0003069541119223,0.5625
8,18,0.2,2.0,3,0.1477168205298887,0.0480424325027315,0.384339460021852,0.0096084865005463,0.0001533507764489,0.001627617311219,0.0361819122801137,0.0003443384001584,0.5625
8,18,0.2,2.0,4,0.1465451775408828,0.0478515245219658,0.3828121961757264,0.0095703049043931,0.0001321366425728,0.0016269794090356,0.035602411427181,0.0003428281746783,0.5625
8,18,0.2,2.0,5,0.1467372400113429,0.0478828714174205,0.3830629713393647,0.0095765742834841,0.0001685403878976,0.0018231545446747,0.0356033605675884,0.0003106422811923,0.5625
8,18,0.2,2.0,6,0.1472760736844542,0.0479707061790797,0.3837656494326377,0.0095941412358159,0.0001046726646625,0.0018864004191429,0.0362344025998732,0.0003788029732261,0.5625
8,21,0.2,2.0,1,0.1702729426397757,0.0515801776726922,0.4126414213815376,0.0103160355345384,-5.610060226115556e-05,7.470368936127181e-06,0.0433246624077529,0.0003643818921528,0.65625
8,21,0.2,2.0,2,0.1693336813104711,0.0514377173917749,0.4115017391341999,0.010287543478355,-0.0001219768535375,-0.0001204972159654,0.0426849908504542,0.0004115957562458,0.65625
8,21,0.2,2.0,3,0.1703423990754749,0.0515906966957638,0.4127255735661105,0.0103181393391527,-1.508165984226732e-05,-9.637900804485358e-05,0.043421398342738,0.0003297023676421,0.65625
8,21,0.2,2.0,4,0.1704356926759081,0.0516048224302832,0.4128385794422659,0.0103209644860566,-0.0001032994455847,-4.032708847252764e-05,0.0432477306595584,0.0004106573794107,0.65625
8,21,0.2,2.0,5,0.1703599448589013,0.0515933536264152,0.4127468290113218,0.010318670725283,-2.1170491324521584e-05,8.073514477452415e-05,0.0429500302329829,0.0004702402855113,0.65625
8,21,0.2,2.0,6,0.1696471636192076,0.0514853079193484,0.4118824633547872,0.0102970615838696,-5.2787472791429374e-05,6.058275553050968e-05,0.0432750612111397,0.0004136670354181,0.65625
8,25,0.2,2.0,1,0.219587727355465,0.0585752357223523,0.4686018857788187,0.0117150471444704,-8.00119410148844e-05,-5.942454129450117e-05,0.0714198976293528,0.0007343996295471,0.78125
8,25,0.2,2.0,2,0.2184802619107652,0.058427340281376,0.4674187222510083,0.0116854680562752,2.0181597000120592e-05,-0.0001514337618995,0.0702217503311566,0.0007604826806977,0.78125
8,25,0.2,2.0,3,0.2201864457018708,0.0586550357095768,0.4692402856766146,0.0117310071419153,-2.4606113676043935e-05,-1.6711070011173057e-05,0.0715877689600309,0.0006804808980739,0.78125
8,25,0.2,2.0,4,0.2213541268621103,0.0588103582051705,0.4704828656413646,0.0117620716410341,-0.0001030720546826,0.0001368774943644,0.0711652852775487,0.0007342794288643,0.78125
8,25,0.2,2.0,5,0.2212786731039409,0.0588003339042311,0.4704026712338494,0.0117600667808462,-4.428787523259783e-05,7.121715067779852e-05,0.0711762989444242,0.0009202548557387,0.78125
8,25,0.2,2.0,6,0.2229406326142646,0.0590207369032095,0.4721658952256766,0.0118041473806419,8.863784755858259e-05,-2.431377283009309e-05,0.0734357007918325,0.0010223508264978,0.78125
8,28,0.2,2.0,1,0.2256294055513137,0.0593755796749747,0.4750046373997981,0.0118751159349949,-0.0003524606060014,-5.908501727030363e-05,0.0742427215958184,0.0008637376413635,0.875
8,28,0.2,2.0,2,0.224602416198642,0.0592402966999979,0.4739223735999832,0.0118480593399995,-0.0001775752551511,-7.657719461737905e-06,0.0735389059682634,0.0008804507179604,0.875
8,28,0.2,2.0,3,0.2288652166722606,0.0597998245022848,0.4783985960182791,0.0119599649004569,-0.0002971071379573,-4.312424884890878e-05,0.076051699268791,0.0008368829372035,0.875
8,28,0.2,2.0,4,0.2261540840168701,0.059444575553734,0.4755566044298724,0.0118889151107468,-0.0005351362563588,3.210669695495258e-05,0.0742681041490159,0.0008892164920329,0.875
8,28,0.2,2.0,5,0.2269512646991978,0.0595492528158411,0.4763940225267292,0.0119098505631682,-0.000353816496968,0.0001508818853277,0.0744900932410171,0.0008289793873404,0.875
8,28,0.2,2.0,6,0.2292277258394296,0.0598471654820935,0.4787773238567482,0.0119694330964187,-0.0002132767325452,-6.96462446316895e-05,0.0769132598819384,0.0007903523087401,0.875
8,32,0.2,2.0,1,0.2295082063735404,0.0598837684567911,0.4790701476543288,0.0119767536913582,5.040819237441755e-05,-3.362970171799651e-05,0.0762994549053572,0.0007706002039937,1.0
8,32,0.2,2.0,2,0.2243064527036601,0.0592012527189644,0.4736100217517152,0.0118402505437928,0.0002705871591457,-8.794887489134429e-05,0.0729993560660128,0.0008252079844505,1.0
8,32,0.2,2.0,3,0.2296828640037099,0.0599065501431852,0.4792524011454819,0.011981310028637,0.0002163961842912,8.188633136354401e-05,0.0762554611325077,0.0007265424122168,1.0
8,32,0.2,2.0,4,0.2275203448130038,0.0596238659238327,0.476990927390662,0.0119247731847665,0.0001326088454441,2.5727231535540435e-05,0.074354145794861,0.0010104160601573,1.0
8,32,0.2,2.0,5,0.226073341511451,0.0594339630271818,0.475471704217455,0.0118867926054363,0.000200013190227,7.025518696204824e-05,0.0730732322700657,0.0008868486962532,1.0
8,32,0.2,2.0,6,0.2287412398994961,0.0597836254624092,0.4782690036992739,0.0119567250924818,0.0001643415650972,-0.0001642031129507,0.0761411758232902,0.0008157151923088,1.0
8,16,0.3,2.0,1,0.1292021115580396,0.044930869044504,0.3594469523560322,0.0134792607133512,0.0018385841164207,-6.897095404960474e-06,0.0308453380694349,0.0003050995102458,0.5
8,16,0.3,2.0,2,0.1287952524290278,0.0448600693178639,0.3588805545429117,0.0134580207953591,0.0018130079496033,-9.889576152677382e-05,0.0306007247416535,0.0002617103078798,0.5
8,16,0.3,2.0,3,0.1290998009778383,0.0449130759387366,0.359304607509893,0.0134739227816209,0.0017938741095243,-6.651822881013209e-05,0.0310405990073599,0.0002097083150629,0.5
8,16,0.3,2.0,4,0.128862806711955,0.0448718325330523,0.3589746602644189,0.0134615497599157,0.0017876616607072,0.0001443469836861,0.0305602012180304,0.0002587322834047,0.5
8,16,0.3,2.0,5,0.1295392187349635,0.0449894464595176,0.3599155716761411,0.0134968339378552,0.0019181726569832,-9.268149826435064e-05,0.0308615398486362,0.000275958368307,0.5
8,16,0.3,2.0,6,0.1293286759505812,0.0449528704503709,0.3596229636029674,0.0134858611351112,0.0018894435685183,0.0001619872408874,0.0311405097825624,0.000298851900334,0.5
8,18,0.3,2.0,1,0.1428160411428492,0.0472387620800653,0.3779100966405227,0.0141716286240196,0.0001826989041513,8.807427159554515e-05,0.0349768642826015,0.0003314773051815,0.5625
8,18,0.3,2.0,2,0.142243880929178,0.0471440413999309,0.3771523311994479,0.0141432124199792,0.0001032468288336,-7.288853643886914e-05,0.0349005644742246,0.0003333764934472,0.5625
8,18,0.3,2.0,3,0.1429392091500604,0.0472591276154109,0.3780730209232873,0.0141777382846232,0.0001584810682123,-3.963198993622158e-05,0.0352060055008387,0.0003348211367288,0.5625
8,18,0.3,2.0,4,0.1413303827631682,0.0469924167358362,0.3759393338866901,0.0140977250207508,5.493968297940539e-05,0.0003445585941249,0.0345414929288426,0.0003150975062032,0.5625
8,18,0.3,2.0,5,0.1435564763262362,0.0473610593483448,0.3788884747867586,0.0142083178045034,0.0002201033517202,-9.954117084397944e-05,0.0351200896590363,0.0003829656593289,0.5625
8,18,0.3,2.0,6,0.1421902633091147,0.0471351552899204,0.3770812423193637,0.0141405465869761,0.0001947540906793,2.9122399117082615e-05,0.0349873121796706,0.0003885235255729,0.5625
8,21,0.3,2.0,1,0.1585942578033608,0.0497798682016888,0.3982389456135108,0.0149339604605066,3.610659193542092e-05,0.0002757514220208,0.0380936408665102,0.0003875815657146,0.65625
8,21,0.3,2.0,2,0.1583913637389574,0.0497480156229493,0.3979841249835946,0.0149244046868847,1.993197986781465e-05,7.879188000137899e-05,0.0375798017922865,0.0003113130499098,0.65625
8,21,0.3,2.0,3,0.1599655633464579,0.0499946189833306,0.3999569518666451,0.0149983856949991,-1.9213174586111973e-05,0.0001251935333175,0.0388028560426299,0.0003399018052384,0.65625
8,21,0.3,2.0,4,0.1593381898283857,0.0498964850071478,0.3991718800571825,0.0149689455021443,-2.9260815079385036e-05,3.2322396841706624e-06,0.0380915499327098,0.0003480741372047,0.65625
8,21,0.3,2.0,5,0.1586819193807473,0.0497936239926777,0.3983489919414223,0.0149380871978033,3.544999407775176e-05,-1.819784762835744e-05,0.0376371362216795,0.0003746364811119,0.65625
8,21,0.3,2.0,6,0.1595755650830634,0.0499336380050849,0.3994691040406797,0.0149800914015254,7.592817534075766e-05,-6.473428349297941e-05,0.0386142450018986,0.0003934145658109,0.65625
8,25,0.3,2.0,1,0.2094763920432846,0.0572107387268887,0.4576859098151096,0.0171632216180666,-0.0001694398620341,8.994879850091411e-05,0.0668690985351185,0.0008703412235151,0.78125
8,25,0.3,2.0,2,0.2065698477574176,0.0568124446860866,0.4544995574886928,0.0170437334058259,8.795418631638529e-05,6.394903715200087e-05,0.0648388195722582,0.0005940002211377,0.78125
8,25,0.3,2.0,3,0.2087501144564696,0.0571114746647496,0.456891797317997,0.0171334423994248,1.3844663956755134e-05,-5.992431136179338e-05,0.0664924866703286,0.000668471894014,0.78125
8,25,0.3,2.0,4,0.2071496337047114,0.0568921174385003,0.4551369395080029,0.0170676352315501,-0.0001074342804544,0.0001306740042057,0.0650701077428716,0.0006225488073188,0.78125
8,25,0.3,2.0,5,0.2079463051562082,0.0570014124216738,0.4560112993733907,0.0171004237265021,-5.253620320189948e-06,0.0001940215650359,0.0656561038610992,0.0008055272027201,0.78125
8,25,0.3,2.0,6,0.2068473278545644,0.0568505892469688,0.4548047139757507,0.0170551767740906,0.0001124992240099,-9.697363310267812e-05,0.0649778644905972,0.0007735596415783,0.78125
8,28,0.3,2.0,1,0.2527080579712024,0.0628375954807314,0.5027007638458514,0.0188512786442194,-1.1457002821108456e-05,-0.0001739360996708,0.0990044685432006,0.0016377509080437,0.875
8,28,0.3,2.0,2,0.2505071740725316,0.0625633646384472,0.5005069171075777,0.0187690093915341,-8.632609480632909e-06,-0.000114881290589,0.0968720444091269,0.0012715424223641,0.875
8,28,0.3,2.0,3,0.2573552869242088,0.0634127460231045,0.5073019681848364,0.0190238238069313,5.822780762350778e-05,-0.0004002930899854,0.1025951163506925,0.000993139623262,0.875
8,28,0.3,2.0,4,0.2548148095183156,0.0630989809642254,0.5047918477138033,0.0189296942892676,-2.52413535497013e-06,-5.378157562942187e-06,0.0998556888001674,0.001616147791543,0.875
8,28,0.3,2.0,5,0.2463310049777529,0.062039680469659,0.4963174437572721,0.0186119041408977,-0.0001092184852228,-0.0004725659220271,0.0936627551401511,0.0012836770794033,0.875
8,28,0.3,2.0,6,0.2557692272079811,0.0632170402274948,0.505736321819959,0.0189651120682484,-3.579607476747557e-05,-0.0001696153514755,0.101500604045837,0.0017463002263748,0.875
8,32,0.3,2.0,1,0.2188006732763419,0.0584701677776183,0.467761342220947,0.0175410503332855,-0.0010254428736606,-3.196227714120925e-05,0.0720818716606535,0.0008533530413677,1.0
8,32,0.3,2.0,2,0.2146764171769971,0.0579164831320978,0.4633318650567831,0.0173749449396293,-0.0009180414438285,-0.0002700094680594,0.0695273782391536,0.0008233955022619,1.0
8,32,0.3,2.0,3,0.2186914317061216,0.0584555696269239,0.4676445570153913,0.0175366708880771,-0.00094301930415,0.0001630317742725,0.0719559906752912,0.0006574033760512,1.0
8,32,0.3,2.0,4,0.2205330334493566,0.0587011809731814,0.4696094477854514,0.0176103542919544,-0.0009315450690809,0.0001287022341668,0.0721223174991239,0.0007937757908693,1.0
8,32,0.3,2.0,5,0.2160355071570618,0.0580995249492548,0.464796199594039,0.0174298574847764,-0.0008991724396202,0.0001154475992013,0.0697635956540731,0.0008817424690008,1.0
8,32,0.3,2.0,6,0.2175013880527875,0.0582963051001073,0.466370440800859,0.0174888915300322,-0.000859624063643,-4.014423821737875e-05,0.071682585360191,0.0007168791932346,1.0
8,16,0.4,2.0,1,0.1236214996650193,0.0439498115157042,0.3515984921256337,0.0175799246062816,0.0012848443799494,-0.0008039782658857,0.028678724000611,0.0002960563520645,0.5
8,16,0.4,2.0,2,0.1242711201423169,0.0440651364711798,0.3525210917694386,0.0176260545884719,0.0011990040221829,-0.0009120624209494,0.0292593523981804,0.000237104647588,0.5
8,16,0.4,2.0,3,0.1253039281698667,0.0442478686227276,0.3539829489818213,0.017699147449091,0.0012637432325349,-0.0009435101105963,0.0298842273009643,0.0002428681963603,0.5
8,16,0.4,2.0,4,0.1246082205765981,0.0441248619998901,0.3529988959991208,0.017649944799956,0.0011900502235363,-0.0008044463464357,0.0290903681718715,0.0003246140376429,0.5
8,16,0.4,2.0,5,0.1239478306811908,0.0440077817481591,0.352062253985273,0.0176031126992636,0.0013756987448372,-0.0007601496951105,0.0286398310325308,0.0002498909021641,0.5
8,16,0.4,2.0,6,0.1245359068015156,0.0441120566713192,0.352896453370554,0.0176448226685277,0.0013434763589776,-0.0009535661774588,0.0294937666913512,0.0002538113021498,0.5
8,18,0.4,2.0,1,0.1356352540136635,0.0460358647574202,0.3682869180593623,0.0184143459029681,-0.000431954932951,-0.0014596867065044,0.0326124564064932,0.0003343457250999,0.5625
8,18,0.4,2.0,2,0.1361023108391126,0.0461150583525721,0.3689204668205771,0.0184460233410288,-0.0004954858041937,-0.0010358094281669,0.0333114588368674,0.0002959460562068,0.5625
8,18,0.4,2.0,3,0.1364922980460731,0.0461810800758264,0.3694486406066115,0.0184724320303305,-0.000404487248085,-0.0010852413865784,0.033543052043218,0.0002921277298803,0.5625
8,18,0.4,2.0,4,0.1375935304514963,0.0463670024187959,0.3709360193503676,0.0185468009675183,-0.000497969605889,-0.0011610216780352,0.0334532044484604,0.0003525018744403,0.5625
8,18,0.4,2.0,5,0.1359129569469339,0.0460829681367839,0.3686637450942714,0.0184331872547135,-0.0004496831344862,-0.0011131280500241,0.0325254025556962,0.0003270912176937,0.5625
8,18,0.4,2.0,6,0.1372227746939446,0.0463044906525585,0.3704359252204687,0.0185217962610234,-0.0004361724442643,-0.0013571347850059,0.0340821278425809,0.0004193244681204,0.5625
8,21,0.4,2.0,1,0.1482303270309604,0.0481258647699836,0.3850069181598695,0.0192503459079934,-3.291151363250106e-05,0.0001861540891587,0.0338461924316534,0.000352494313915,0.65625
8,21,0.4,2.0,2,0.1469541577444715,0.0479182503307181,0.383346002645745,0.0191673001322872,-1.865735620145125e-05,-0.0001926372112303,0.0331861159753194,0.0002616780979239,0.65625
8,21,0.4,2.0,3,0.1480814178505015,0.048101685562089,0.3848134844967124,0.0192406742248356,-4.784032332827437e-05,3.788883908549534e-05,0.0341998039403068,0.0003476022957024,0.65625
8,21,0.4,2.0,4,0.1480107498197596,0.0480902065490859,0.3847216523926872,0.0192360826196343,-0.0001076412860991,-0.0002243672457543,0.0332676407991766,0.0003612425255552,0.65625
8,21,0.4,2.0,5,0.1485376961847828,0.0481757356237269,0.3854058849898154,0.0192702942494907,-3.468500492260021e-05,1.7823055852784347e-05,0.0338792704966588,0.0002876264712311,0.65625
8,21,0.4,2.0,6,0.1479872330692679,0.0480863859809334,0.3846910878474675,0.0192345543923733,4.151349177643307e-05,5.768259979270843e-05,0.0339001472767049,0.000306269735497,0.65625
8,25,0.4,2.0,1,0.1721281351926187,0.0518604098748232,0.4148832789985862,0.0207441639499293,-0.0001472708601028,0.006508395901509,0.0467168531286337,0.00052423037826,0.78125
8,25,0.4,2.0,2,0.1720987632461481,0.0518559849556544,0.4148478796452358,0.0207423939822617,-0.0001752590897474,0.0063476127676416,0.0470569007856992,0.0004246410100522,0.78125
8,25,0.4,2.0,3,0.1722474116217454,0.0518783751344408,0.4150270010755269,0.0207513500537763,-0.0001144763774611,0.0063509207292458,0.0473971264122816,0.0003683456952584,0.78125
8,25,0.4,2.0,4,0.172861577031051,0.0519707816095753,0.4157662528766025,0.0207883126438301,-0.0002650300187584,0.0063112423832951,0.0466478624145969,0.0004665355278402,0.78125
8,25,0.4,2.0,5,0.1724014353563984,0.0519015647880073,0.4152125183040589,0.0207606259152029,-0.0001752144134517,0.0065187162903192,0.046839219156806,0.0004162711936416,0.78125
8,25,0.4,2.0,6,0.1734580854797162,0.0520603744283554,0.4164829954268436,0.0208241497713421,-4.6894989512480867e-05,0.0064007150341794,0.0479029591149146,0.0004193058190442,0.78125
8,28,0.4,2.0,1,0.2111282598034661,0.0574358691013652,0.4594869528109216,0.022974347640546,1.3755368127604415e-06,0.0001945988133871,0.0713092133305453,0.0008016791850634,0.875
8,28,0.4,2.0,2,0.2115350141139366,0.0574911697178815,0.4599293577430524,0.0229964678871526,5.7407593080888966e-05,-3.1084322752870236e-05,0.0715919192770908,0.0010246183801676,0.875
8,28,0.4,2.0,3,0.2132028914564823,0.057717373285758,0.4617389862860644,0.0230869493143032,0.0001459118727177,-0.0001840290084301,0.0728809867381951,0.00075688237684,0.875
8,28,0.4,2.0,4,0.2102740319811232,0.0573195581778597,0.4585564654228781,0.0229278232711439,6.0289538916711e-06,0.0001288437385567,0.0707054725823617,0.0007773405894356,0.875
8,28,0.4,2.0,5,0.2109879806748822,0.0574167849852726,0.4593342798821815,0.022966713994109,6.0880711263925497e-05,-0.0001812539420671,0.0709917965929395,0.0008004159614033,0.875
8,28,0.4,2.0,6,0.2130156361844585,0.0576920212454214,0.4615361699633719,0.0230768084981685,0.0001626667899114,5.441190691241396e-05,0.0733757925557289,0.000949806979384,0.875
8,32,0.4,2.0,1,0.2000684302972961,0.0559112620443793,0.4472900963550345,0.0223645048177517,0.002781945229028,-0.0003787915502642,0.0620110044435376,0.0005706227028315,1.0
8,32,0.4,2.0,2,0.1977663112161706,0.0555886554321353,0.4447092434570824,0.0222354621728541,0.0028097115463142,0.0003698332141845,0.0601923810966735,0.000528405722619,1.0
8,32,0.4,2.0,3,0.2005855382103328,0.0559834710833157,0.447867768666526,0.0223933884333263,0.0027544238544257,0.0001963208057533,0.0623215822606223,0.0006284166701748,1.0
8,32,0.4,2.0,4,0.2005353053670634,0.0559764606451709,0.4478116851613672,0.0223905842580683,0.0026441444370342,9.51522650248504e-07,0.0616735198673916,0.000708093094414,1.0
8,32,0.4,2.0,5,0.201042492053959,0.0560472027700144,0.4483776221601152,0.0224188811080057,0.0027343992833661,-0.0003984173687349,0.0618817798901287,0.0006805402902734,1.0
8,32,0.4,2.0,6,0.2009356971451787,0.0560323144970241,0.4482585159761928,0.0224129257988096,0.0027336090396478,-0.0002051744567106,0.0629960758346969,0.0007246335771424,1.0
8,16,0.5,2.0,1,0.1151574341250986,0.0424185679650393,0.3393485437203151,0.0212092839825196,0.0008594164979726,0.0001098598891645,0.0308205081866578,0.0003435803068692,0.5
8,16,0.5,2.0,2,0.1170078375358685,0.0427580104950867,0.3420640839606938,0.0213790052475433,0.0009488976727716,-0.0002793981619266,0.0325224634597716,0.0004630484305371,0.5
8,16,0.5,2.0,3,0.1170452306198303,0.0427648422005138,0.3421187376041107,0.0213824211002569,0.0010329668566684,-0.0002470418357141,0.0324220500558291,0.0003848877161809,0.5
8,16,0.5,2.0,4,0.1173182341280768,0.0428146868288348,0.3425174946306785,0.0214073434144174,0.0008814050575042,-0.0001058972066746,0.0324411962712869,0.0003698274436832,0.5
8,16,0.5,2.0,5,0.1161470824507965,0.0426004479236274,0.3408035833890198,0.0213002239618137,0.0010394866728731,-9.017204240297295e-05,0.0313379031465147,0.0003681261434937,0.5
8,16,0.5,2.0,6,0.1146732320126665,0.0423292954134357,0.3386343633074861,0.0211646477067178,0.0010658910634223,-0.0002403727388749,0.030592114080243,0.0004091641818449,0.5
8,18,0.5,2.0,1,0.1259929233195229,0.0443693523377065,0.3549548187016524,0.0221846761688532,0.0011197500186588,0.0008706787383915,0.0340894234027643,0.0004031450965591,0.5625
8,18,0.5,2.0,2,0.126210661309846,0.0444076748205346,0.3552613985642769,0.0222038374102673,0.0015017008820419,0.000551128623999,0.0340750335518538,0.0004418327481379,0.5625
8,18,0.5,2.0,3,0.1271352194720695,0.0445700325807721,0.3565602606461768,0.022285016290386,0.0014999173369924,0.0007112887947547,0.0345973949538326,0.0003703137591601,0.5625
8,18,0.5,2.0,4,0.1271929707132591,0.0445801544119653,0.3566412352957228,0.0222900772059826,0.0014722523510844,0.0007423094533244,0.035164016332705,0.000345155785119,0.5625
8,18,0.5,2.0,5,0.1260926759929616,0.0443869131883489,0.3550953055067915,0.0221934565941744,0.0014341261399301,0.0007908721260741,0.0339861408586284,0.0003186263279423,0.5625
8,18,0.5,2.0,6,0.1256245919148603,0.0443044495357937,0.3544355962863498,0.0221522247678968,0.0014689901367025,0.0008719873729456,0.0341389635942387,0.0003428200820449,0.5625
8,21,0.5,2.0,1,0.1352086742245856,0.0459634151772814,0.3677073214182519,0.0229817075886407,-0.0002430854588145,-0.0017018299160424,0.0334005813677104,0.0002887967210375,0.65625
8,21,0.5,2.0,2,0.1356438327602428,0.0460373205875276,0.3682985647002209,0.0230186602937638,-0.000196221488989,-0.0013955004215365,0.033670004379573,0.0003148988113062,0.65625
8,21,0.5,2.0,3,0.1359279928109066,0.046085517114061,0.3686841369124885,0.0230427585570305,-6.062510829334556e-05,-0.0016090113859585,0.0340278619268704,0.0003061565360445,0.65625
8,21,0.5,2.0,4,0.1362554095108628,0.0461409879999034,0.3691279039992273,0.0230704939999517,-0.0004265658870904,-0.0014261249383293,0.0340192650746887,0.0003102681261826,0.65625
8,21,0.5,2.0,5,0.1363718329553571,0.0461606963761104,0.3692855710088835,0.0230803481880552,-0.0002096964272543,-0.0017416108220995,0.0339515480231656,0.00038272676251,0.65625
8,21,0.5,2.0,6,0.1356646031989201,0.0460408451810251,0.3683267614482012,0.0230204225905125,-0.0001760055244236,-0.0015793071016604,0.0339124504983999,0.0003468292488547,0.65625
8,25,0.5,2.0,1,0.1539896926353119,0.0490519005485694,0.3924152043885556,0.0245259502742847,-0.0007255998761435,-0.0001911510856175,0.0418277857329261,0.0003971072144424,0.78125
8,25,0.5,2.0,2,0.1537241607613519,0.0490095910194741,0.3920767281557935,0.024504795509737,-0.0006264117820872,-5.490111503607051e-05,0.0414705484196252,0.000424189215321,0.78125
8,25,0.5,2.0,3,0.1550221634855801,0.0492160675436608,0.393728540349287,0.0246080337718304,-0.0006382659901847,0.0002261655148285,0.0424753401883957,0.000460731361429,0.78125
8,25,0.5,2.0,4,0.1552635842988702,0.049254375487563,0.394035003900504,0.0246271877437815,-0.0008140373613221,0.0001259153397537,0.0424536681941473,0.000449638852706,0.78125
8,25,0.5,2.0,5,0.1544553560918133,0.0491260108184511,0.3930080865476095,0.0245630054092255,-0.000692193496292,-5.220515636167322e-05,0.0418054637659512,0.0003737208630333,0.78125
8,25,0.5,2.0,6,0.1555193267658695,0.0492949234781504,0.3943593878252038,0.0246474617390752,-0.0006582936565993,7.975917723463885e-05,0.0428109085091459,0.000458769065805,0.78125
8,28,0.5,2.0,1,0.1523347501569186,0.0487876057129457,0.3903008457035657,0.0243938028564728,-2.9537675602323704e-05,-0.0001845261111373,0.037115577537616,0.0003239347882502,0.875
8,28,0.5,2.0,2,0.1507703487279569,0.04853644711837,0.38829157694696,0.024268223559185,4.056368695367599e-05,-0.0004308294398583,0.0362395372434821,0.0002775466726757,0.875
8,28,0.5,2.0,3,0.1519396896400753,0.0487243024642341,0.3897944197138734,0.024362151232117,-8.620957564931062e-05,9.712529286996438e-05,0.036716109047632,0.0002961530769571,0.875
8,28,0.5,2.0,4,0.1522317804842307,0.0487711140949856,0.390168912759885,0.0243855570474928,-8.01779855078218e-05,1.3901679046024462e-05,0.0367642314941349,0.0003659346481443,0.875
8,28,0.5,2.0,5,0.1524689828374736,0.0488090960460806,0.3904727683686452,0.0244045480230403,-2.0349535047576463e-05,3.0049165799281297e-05,0.0363980224712959,0.0002884936518755,0.875
8,28,0.5,2.0,6,0.1516402754224667,0.0486762704351519,0.3894101634812152,0.0243381352175759,6.995320641973448e-05,0.0002724342681353,0.0370089151618594,0.000312199155425,0.875
8,32,0.5,2.0,1,0.1875850767772054,0.0541388661189337,0.4331109289514702,0.0270694330594668,-0.0028833655718827,-0.0006959560958013,0.0566458965261334,0.0004169564846181,1.0
8,32,0.5,2.0,2,0.1867299085405983,0.0540153202429352,0.4321225619434819,0.0270076601214676,-0.0027924646462824,0.0004224778728749,0.0556879065488399,0.0005291385168497,1.0
8,32,0.5,2.0,3,0.1888552240469609,0.0543218452902123,0.4345747623216986,0.0271609226451061,-0.0027926371332204,3.872194211206048e-05,0.0574972276407125,0.0004683903671175,1.0
8,32,0.5,2.0,4,0.1892573623316746,0.0543796495615079,0.4350371964920639,0.0271898247807539,-0.0028831650254104,-0.0003433440836069,0.0571096971660116,0.0006068552770666,1.0
8,32,0.5,2.0,5,0.1893198003070558,0.0543886190282282,0.4351089522258256,0.0271943095141141,-0.0028448095952502,-0.0001282901658881,0.0567480177609078,0.0005847335740365,1.0
8,32,0.5,2.0,6,0.1877822643749304,0.0541673137681599,0.4333385101452794,0.0270836568840799,-0.0027759995485694,-0.000198950030446,0.0568935939577855,0.0005506961604265,1.0
8,16,0.6,2.0,1,0.091947066579943,0.0379034683810282,0.3032277470482262,0.0227420810286169,2.23199182602605e-05,0.0001795440742775,0.0205764410090177,0.0001314352965933,0.5
8,16,0.6,2.0,2,0.0915642121103476,0.037824473746824,0.3025957899745923,0.0226946842480944,5.93125615990708e-05,0.0003387566656943,0.0204021582418682,0.0001463009207386,0.5
8,16,0.6,2.0,3,0.0920611155013247,0.0379269683695942,0.3034157469567536,0.0227561810217565,0.000160911565867,0.0002412684325162,0.020738511087116,0.0001956185496544,0.5
8,16,0.6,2.0,4,0.0920478345540016,0.0379242325552709,0.3033938604421679,0.0227545395331625,-2.208072674154537e-05,0.0003647434760051,0.0206755905235427,0.0001905024997403,0.5
8,16,0.6,2.0,5,0.0919286136839271,0.0378996647585616,0.3031973180684934,0.022739798855137,0.0001006270139144,0.0005242592981625,0.0204589073166003,0.0002174154493358,0.5
8,16,0.6,2.0,6,0.0920106817361047,0.0379165781964385,0.303332625571508,0.0227499469178631,0.0001067296516519,0.0003389504528933,0.0206035219770293,0.0001923923830103,0.5
8,18,0.6,2.0,1,0.0964453974207764,0.0388195741179579,0.3105565929436638,0.0232917444707747,-0.0009923968636769,0.0007447539658846,0.0201427414299421,0.0001853956036407,0.5625
8,18,0.6,2.0,2,0.0968814544944395,0.0389072323157998,0.3112578585263986,0.0233443393894799,-0.0008560070693573,0.0007563028586512,0.0207286855991011,0.0001752950154851,0.5625
8,18,0.6,2.0,3,0.0966497785901574,0.0388606843798614,0.3108854750388918,0.0233164106279168,-0.0008096036393911,0.0007385009676113,0.0204148626365914,0.0001209367457285,0.5625
8,18,0.6,2.0,4,0.0965696587986117,0.0388445738646765,0.310756590917412,0.0233067443188059,-0.0010711791214955,0.0008099538210972,0.0202633022120378,0.0001864405804919,0.5625
8,18,0.6,2.0,5,0.0963024236215421,0.0387907897455903,0.3103263179647226,0.0232744738473541,-0.000968134456004,0.0009268137219355,0.0199593590516843,0.0001810659860759,0.5625
8,18,0.6,2.0,6,0.0966398214999032,0.0388586825681981,0.3108694605455854,0.0233152095409189,-0.0008305938871555,0.0007475330412407,0.0207543457160076,0.0002138724035439,0.5625
8,21,0.6,2.0,1,0.1132347990231564,0.0420629734414582,0.3365037875316657,0.0252377840648749,0.0001079512347784,0.0005850692121307,0.0224758634584785,0.0001488803961863,0.65625
8,21,0.6,2.0,2,0.1130734182544762,0.0420329889518481,0.3362639116147854,0.0252197933711089,0.0001250640210271,0.0008573034153959,0.0225484345394482,0.0001236236027093,0.65625
8,21,0.6,2.0,3,0.1127500577295913,0.0419728442212922,0.3357827537703378,0.0251837065327753,0.0001485446097653,0.0010986967436635,0.0224572731457103,0.0001517713822604,0.65625
8,21,0.6,2.0,4,0.1125645712246076,0.0419383049894066,0.3355064399152535,0.025162982993644,6.962156933260121e-06,0.0011775577307295,0.0220102687532993,0.0001799087476285,0.65625
8,21,0.6,2.0,5,0.1130443690592061,0.0420275893497366,0.3362207147978931,0.0252165536098419,0.0001042633485715,0.000900153299079,0.0221290025968761,0.0001849263673448,0.65625
8,21,0.6,2.0,6,0.1122776352564063,0.0418848188593594,0.3350785508748752,0.0251308913156156,0.0001717677602907,0.0008673312947347,0.0221015216424819,0.0001488456669719,0.65625
8,25,0.6,2.0,1,0.1415910495354726,0.0470357326826292,0.3762858614610341,0.0282214396095775,0.0009072830994934,0.000240149154827,0.0355357517062494,0.0004536800826812,0.78125
8,25,0.6,2.0,2,0.1405213955348875,0.0468577294075653,0.374861835260523,0.0281146376445392,0.0010515575638659,-0.0001908664153909,0.0346414626992355,0.0003713865849478,0.78125
8,25,0.6,2.0,3,0.141000173534757,0.0469374872727607,0.3754998981820861,0.0281624923636564,0.0009477061003449,-0.000137357035654,0.0350309886746855,0.0002851309976599,0.78125
8,25,0.6,2.0,4,0.140445013084028,0.0468449925759193,0.3747599406073546,0.0281069955455515,0.0009499616315292,-0.0001006961911672,0.0340670587152291,0.0003717548389724,0.78125
8,25,0.6,2.0,5,0.1407954029415849,0.0469033918918692,0.3752271351349538,0.0281420351351215,0.0010495950216208,3.754226699164212e-05,0.0343374164597257,0.0003383302853953,0.78125
8,25,0.6,2.0,6,0.1406361910271242,0.0468768651340809,0.3750149210726478,0.0281261190804485,0.0010564842563583,5.580740541963683e-05,0.0346255328000211,0.0004775897505339,0.78125
8,28,0.6,2.0,1,0.1418698319856597,0.0470820148759155,0.3766561190073244,0.0282492089255493,5.114712298036816e-06,-0.0049971671429062,0.0330209807888631,0.000249993535068,0.875
8,28,0.6,2.0,2,0.1422628723634455,0.0471471884705635,0.377177507764508,0.0282883130823381,8.189179328740685e-06,-0.0047998311313935,0.0329161858779187,0.0002614701850896,0.875
8,28,0.6,2.0,3,0.1421244244249062,0.0471242414436472,0.3769939315491779,0.0282745448661883,-1.401458378710906e-05,-0.0050487247873906,0.033334633238939,0.0002409053010312,0.875
8,28,0.6,2.0,4,0.1427603852555903,0.0472295566316115,0.3778364530528921,0.0283377339789669,-9.177716053041637e-05,-0.0050100085038745,0.033199079274233,0.0002920942794503,0.875
8,28,0.6,2.0,5,0.1430726839163282,0.0472811874448244,0.3782494995585959,0.0283687124668946,2.997339252739967e-06,-0.0050547393601622,0.0330101689347675,0.0002609147755186,0.875
8,28,0.6,2.0,6,0.1420853455344666,0.0471177622980553,0.3769420983844424,0.0282706573788331,-8.562283576063067e-06,-0.0048146235175107,0.0331906732484406,0.0002726957190334,0.875
8,32,0.6,2.0,1,0.1775002627181342,0.0526634750559706,0.4213078004477655,0.0315980850335824,0.002840878393922,-0.0001318123105007,0.0524273375865497,0.0003987168162894,1.0
8,32,0.6,2.0,2,0.1772674024742153,0.0526289194612583,0.4210313556900665,0.0315773516767549,0.0029254487800151,-0.0001972649680591,0.0522888109182332,0.000404500159269,1.0
8,32,0.6,2.0,3,0.1791911252165594,0.0529137159109879,0.4233097272879036,0.0317482295465927,0.0029019210291101,-0.0008923661625268,0.0534174868061692,0.0004012778432452,1.0
8,32,0.6,2.0,4,0.1793982430329443,0.0529442872025845,0.4235542976206761,0.0317665723215507,0.0028034028047839,0.0002545172624439,0.0533395478075939,0.0005478726127081,1.0
8,32,0.6,2.0,5,0.1784874435970602,0.0528097179144527,0.4224777433156216,0.0316858307486716,0.0028634264060466,-0.0003891575864693,0.0526138124945044,0.0004948095943297,1.0
8,32,0.6,2.0,6,0.1788278556301889,0.0528600533883735,0.4228804271069884,0.0317160320330241,0.0028571043480996,0.0001074226071178,0.0534404217334326,0.0004998629681185,1.0
8,16,0.7,2.0,1,0.0905980588264443,0.0376243892862488,0.3009951142899904,0.0263370725003741,0.000814714592722,0.0001730816549886,0.0222896159943381,0.0002993110448155,0.5
8,16,0.7,2.0,2,0.0902658655676832,0.0375553478148592,0.3004427825188736,0.0262887434704014,0.0006848469509485,0.0002137421786303,0.022013295958648,0.0002448262303971,0.5
8,16,0.7,2.0,3,0.0894303770336919,0.0373811401799281,0.299049121439425,0.0261667981259496,0.00076235200952,0.0002784722383421,0.0214658935109476,0.0002488834507321,0.5
8,16,0.7,2.0,4,0.0903064529932902,0.0375637901178802,0.3005103209430423,0.0262946530825162,0.0007814294480562,0.0004558832531118,0.0220949351455811,0.0002346145206342,0.5
8,16,0.7,2.0,5,0.0906748369374534,0.0376403284675852,0.3011226277406821,0.0263482299273096,0.0007569953730699,0.0003773431683109,0.0220165076661553,0.0002807208326603,0.5
8,16,0.7,2.0,6,0.0896923601276325,0.0374358534962709,0.2994868279701672,0.0262050974473896,0.000734532261723,0.0002412150478154,0.021609289992,0.000176824606137,0.5
8,18,0.7,2.0,1,0.090168671039873,0.0375351233513094,0.3002809868104755,0.0262745863459166,0.0010323427119875,0.0006814964719597,0.018121559778974,0.000126200330697,0.5625
8,18,0.7,2.0,2,0.0892228200972022,0.0373377364608352,0.298701891686682,0.0261364155225846,0.0009823277645644,0.0004444008616202,0.017673234358288,0.0001216301948482,0.5625
8,18,0.7,2.0,3,0.0898532247261516,0.0374694093407691,0.2997552747261533,0.0262285865385384,0.0010673547999883,0.0005534423857615,0.0182535109161461,0.0001371925374661,0.5625
8,18,0.7,2.0,4,0.0899119605641468,0.0374816539631696,0.2998532317053575,0.0262371577742187,0.0009427957709642,0.0004115889051512,0.0181795190107971,0.0001891995199704,0.5625
8,18,0.7,2.0,5,0.0897193985100812,0.0374414957195892,0.299531965756714,0.0262090470037124,0.0010755333541153,0.000643301423206,0.017889285485301,0.0001473881891112,0.5625
8,18,0.7,2.0,6,0.0892861345500161,0.0373509819461818,0.2988078555694547,0.0261456873623272,0.0010807245846881,0.0006072332879997,0.0178284595738981,0.0001310117547982,0.5625
8,21,0.7,2.0,1,0.1043637349014638,0.0403817205903286,0.3230537647226292,0.02826720441323,0.0001580328695528,-0.000673031436358,0.0233569453246842,0.0001643678392731,0.65625
8,21,0.7,2.0,2,0.1039030553023273,0.0402924960643897,0.3223399685151181,0.0282047472450728,2.1139181247488577e-05,-0.0004249818719726,0.0230211858418444,0.0001728336405629,0.65625
8,21,0.7,2.0,3,0.1050290694697296,0.0405102358727337,0.3240818869818701,0.0283571651109136,8.309283697649646e-05,-0.000386599057955,0.0236426506965299,0.0001955318982286,0.65625
8,21,0.7,2.0,4,0.105237298646089,0.0405503735043851,0.3244029880350812,0.0283852614530696,-4.7449815757775755e-06,-0.0005437570190086,0.0235739687753284,0.000233448426142,0.65625
8,21,0.7,2.0,5,0.1052037771721378,0.0405439146890708,0.3243513175125667,0.0283807402823495,0.000113812939786,-0.0005094463186699,0.023341298241086,0.0002227853228296,0.65625
8,21,0.7,2.0,6,0.1051164096804101,0.0405270761498582,0.3242166091988659,0.0283689533049007,0.0001046645980416,-0.000431433881038,0.0238832718901654,0.0002036895364548,0.65625
8,25,0.7,2.0,1,0.1208127424583448,0.04344765932604,0.3475812746083206,0.030413361528228,0.0008822981607162,-0.000950911216042,0.0276637811545168,0.0002703205962187,0.78125
8,25,0.7,2.0,2,0.1210444434138565,0.043489302458668,0.3479144196693442,0.0304425117210676,0.0007988305418791,-0.0010868300969127,0.0272755668136231,0.0002533627387872,0.78125
8,25,0.7,2.0,3,0.1214068232292795,0.0435543523997027,0.3484348191976221,0.0304880466797919,0.0008353831970312,-0.0009567544779214,0.0275956978026649,0.000256951201903,0.78125
8,25,0.7,2.0,4,0.1221687471671517,0.0436908076657635,0.3495264613261087,0.0305835653660345,0.0007340822765045,-0.0009368274876661,0.0278637580096718,0.0002276807362114,0.78125
8,25,0.7,2.0,5,0.1212645674233769,0.043528827987786,0.3482306239022882,0.0304701795914502,0.0008701459681373,-0.001086958384883,0.027100678249602,0.0002175914628842,0.78125
8,25,0.7,2.0,6,0.1218874816938218,0.0436404846612175,0.3491238772897406,0.0305483392628523,0.0009377935059421,-0.0008588535286589,0.0278645200870992,0.0002360770535696,0.78125
8,28,0.7,2.0,1,0.1352467874589368,0.0459698929087929,0.3677591432703432,0.032178925036155,8.406968950203466e-06,-0.0013174229166411,0.0307623238336096,0.0002072853665481,0.875
8,28,0.7,2.0,2,0.1351035115459733,0.0459455369748339,0.3675642957986716,0.0321618758823837,-1.223932946728954e-05,-0.0015573849272063,0.0305854163768494,0.0002227393947909,0.875
8,28,0.7,2.0,3,0.1362362607898856,0.0461377456627647,0.3691019653021177,0.0322964219639353,-7.242501214673293e-05,-0.0007602959447434,0.0313240857155658,0.0002068556288716,0.875
8,28,0.7,2.0,4,0.1359366851705515,0.0460869906349922,0.3686959250799383,0.0322608934444946,-8.54262334809402e-05,-0.001164547021981,0.0309836781716888,0.0002242390347433,0.875
8,28,0.7,2.0,5,0.1362183348853072,0.0461347101712249,0.3690776813697995,0.0322942971198574,3.585000732506897e-06,-0.0009149103811045,0.0309590358596345,0.0002369388335644,0.875
8,28,0.7,2.0,6,0.1361095436117562,0.046116283663514,0.3689302693081123,0.0322813985644598,-5.2769688198506465e-06,-0.0009616376759074,0.0314097827512095,0.0002185769301831,0.875
8,32,0.7,2.0,1,0.1697981322850323,0.05150821116049,0.4120656892839203,0.036055747812343,0.0028753735115099,0.0002644787622491,0.0495671461246015,0.0003571837772273,1.0
8,32,0.7,2.0,2,0.1690622898450502,0.0513964811911176,0.4111718495289411,0.0359775368337823,0.0029837051344512,0.0002544332077315,0.0492154946099511,0.0004151351740224,1.0
8,32,0.7,2.0,3,0.1701121431575029,0.051555816711948,0.4124465336955845,0.0360890716983636,0.0029348972025846,-0.0002437415210551,0.0500679017897307,0.0003739975303925,1.0
8,32,0.7,2.0,4,0.1706105300372022,0.0516312844294162,0.4130502754353303,0.0361418991005914,0.0028995548300263,0.0001280606132801,0.0500008862520985,0.0004767419652905,1.0
8,32,0.7,2.0,5,0.1711139874927684,0.0517074081208341,0.4136592649666733,0.0361951856845839,0.0028847154836409,-0.0001256104543437,0.0499916028315558,0.000459302597825,1.0
8,32,0.7,2.0,6,0.1709549450283868,0.0516833727234257,0.4134669817874057,0.036178360906398,0.00292692197178,0.0004172902726039,0.0507139333920468,0.0004714682317099,1.0
8,16,0.0,4.0,1,0.1373600314365904,0.0463276428409294,0.3706211427274359,0.0,2.8360643101166347e-05,0.0014497212374832,0.0390290943195617,0.0006005558510782,0.5
8,16,0.0,4.0,2,0.1358325368965948,0.0460693324133234,0.3685546593065875,0.0,-0.000113802811933,0.000907847624153,0.0384918156770812,0.0005572476520171,0.5
8,16,0.0,4.0,3,0.1359584924258529,0.0460906871738093,0.3687254973904746,0.0,-2.8895205527875457e-05,0.0011834748806847,0.0384917053097101,0.0005162178734801,0.5
8,16,0.0,4.0,4,0.1352137295805739,0.0459642744389212,0.3677141955113699,0.0,-0.0001398411415855,0.0016399021731146,0.038008188146785,0.0006550794945348,0.5
8,16,0.0,4.0,5,0.1367517471767782,0.04622495050984,0.3697996040787202,0.0,2.3501106925464025e-05,0.0012155509613644,0.0383884244244255,0.0006040971432136,0.5
8,16,0.0,4.0,6,0.1351636418038192,0.0459557602829577,0.3676460822636618,0.0,0.0001559053296427,0.0011269589472016,0.0380468028417244,0.000423626815543,0.5
8,18,0.0,4.0,1,0.1604015912986429,0.05006270931583,0.4005016745266402,0.0,-0.0004267750461615,-0.0005183469289135,0.0506567541379079,0.0007138848923287,0.5625
8,18,0.0,4.0,2,0.1572533240283846,0.0495689740457023,0.3965517923656186,0.0,-0.000661318171697,-0.0007303202466313,0.0498227184721849,0.0007718645245492,0.5625
8,18,0.0,4.0,3,0.1581385372926142,0.0497082955370338,0.3976663642962706,0.0,-0.0006754565825711,-0.0003158014982643,0.049827975562803,0.0005873590765333,0.5625
8,18,0.0,4.0,4,0.159470587391584,0.0499172107393181,0.3993376859145452,0.0,-0.0006451080447505,-0.0005729265574759,0.0506025334256692,0.0008629893991944,0.5625
8,18,0.0,4.0,5,0.1579255267699906,0.0496748060467386,0.3973984483739092,0.0,-0.0007956465000216,-0.000542701248415,0.0494187359912859,0.0009167734636736,0.5625
8,18,0.0,4.0,6,0.1562615135850813,0.0494124088642407,0.3952992709139258,0.0,-0.0004081587706912,-0.0008542962025805,0.0483069034303891,0.0006811536423603,0.5625
8,21,0.0,4.0,1,0.2006302171569197,0.0559897056884287,0.4479176455074301,0.0,0.0007532629631764,-0.0004298324300029,0.0716560871660869,0.0016390008491843,0.65625
8,21,0.0,4.0,2,0.1972863462026652,0.0555211595647699,0.4441692765181594,0.0,0.0007265014910313,-0.00031806926516,0.0683877005830374,0.0010720007022551,0.65625
8,21,0.0,4.0,3,0.2018673272116907,0.0561620600377395,0.4492964803019167,0.0,0.001405052862438,-0.0015849835213332,0.0730515737613854,0.0023780278558345,0.65625
8,21,0.0,4.0,4,0.1996376045263104,0.0558510301670757,0.4468082413366056,0.0,0.001007139107802,-0.0005737553030008,0.0689090339263314,0.0015523898822782,0.65625
8,21,0.0,4.0,5,0.1980286074808585,0.0556255066663523,0.4450040533308191,0.0,0.0007043258633969,-0.0004951436980776,0.0681791083308365,0.0013691840712939,0.65625
8,21,0.0,4.0,6,0.1977312976461822,0.0555837343628655,0.4446698749029242,0.0,0.0012165211544547,0.0001438060372339,0.069285622331559,0.0011897325893972,0.65625
8,25,0.0,4.0,1,0.2648955465630105,0.0643350053629207,0.5146800429033659,0.0,9.53788190194674e-05,0.0003918654095559,0.1040964455590894,0.0022123555490882,0.78125
8,25,0.0,4.0,2,0.2742638068486299,0.0654627526308651,0.5237020210469212,0.0,0.0002213958508903,1.4775895716259702e-05,0.109704758780562,0.0028235957722407,0.78125
8,25,0.0,4.0,3,0.2606375245243922,0.063815839105144,0.5105267128411521,0.0,-0.0003401162410849,-3.637897707280125e-05,0.1013463988898476,0.0023384484478566,0.78125
8,25,0.0,4.0,4,0.267063865636815,0.0645977778300092,0.516782222640074,0.0,0.0002082121987323,-0.0001778045529762,0.1050735343722879,0.0028495222462983,0.78125
8,25,0.0,4.0,5,0.2710311159931563,0.0650758110774892,0.5206064886199137,0.0,-0.0005356413726805,-9.21929610848693e-05,0.1070975768257522,0.0020741917880291,0.78125
8,25,0.0,4.0,6,0.2658699780773336,0.0644532265092938,0.5156258120743508,0.0,7.481049420304071e-05,-1.67075823994077e-05,0.1059218063582374,0.0020653367528921,0.78125
8,28,0.0,4.0,1,0.2928234348125524,0.067641453036922,0.5411316242953764,0.0,-4.392515951337852e-05,0.0010411831241025,0.1221437413225015,0.0024517101693881,0.875
8,28,0.0,4.0,2,0.2892640373032054,0.067229090302209,0.5378327224176727,0.0,-0.0004521501826244,-0.000945120822891,0.1176749343474457,0.0034743544625662,0.875
8,28,0.0,4.0,3,0.2834109535888143,0.0665454442454569,0.5323635539636559,0.0,0.0002428031369371,0.0004881628550255,0.1163404574862749,0.0034144287604035,0.875
8,28,0.0,4.0,4,0.3014778190578353,0.0686337447818394,0.5490699582547158,0.0,4.520296781839058e-06,-6.820784652708525e-08,0.1249653707761364,0.00404006945266,0.875
8,28,0.0,4.0,5,0.2931341766387418,0.067677333797811,0.5414186703824886,0.0,-0.0004383327787057,0.0003196555965731,0.120200034048243,0.0035765102635668,0.875
8,28,0.0,4.0,6,0.3094009753115029,0.069529779513833,0.5562382361106641,0.0,3.2131016486352127e-06,-0.000223843016535,0.1307923551521055,0.0042718685474626,0.875
8,32,0.0,4.0,1,0.3926523325255582,0.0783274708880086,0.6266197671040694,0.0,0.0007554004498029,0.0016680558290371,0.1880519303410956,0.0076060581870366,1.0
8,32,0.0,4.0,2,0.3730482652001963,0.0763470964985117,0.6107767719880941,0.0,0.000210513595772,-0.0001685875570174,0.1758371487452209,0.0058399132277578,1.0
8,32,0.0,4.0,3,0.3645068387032976,0.0754680021912533,0.603744017530027,0.0,-8.502996880776494e-05,0.0001071952702517,0.1700964064200342,0.0052728286134208,1.0
8,32,0.0,4.0,4,0.4182857194443457,0.0808437651666342,0.6467501213330739,0.0,0.0004656040698327,0.000533060130215,0.2045021106066099,0.0123380605107751,1.0
8,32,0.0,4.0,5,0.363949499630892,0.075410283991858,0.6032822719348647,0.0,0.0001391158288299,0.0001371859243139,0.1721132442445517,0.0045556472967727,1.0
8,32,0.0,4.0,6,0.3887412414422352,0.0779363964880012,0.6234911719040096,0.0,0.000352610520637,0.0003220999153201,0.1877599258167838,0.0084919437077198,1.0
8,16,0.1,4.0,1,0.1331294826142031,0.0456086413505919,0.3648691308047354,0.0045608641350591,-0.0004587527483627,0.0003059908704843,0.0327292408511641,0.0005048652796604,0.5
8,16,0.1,4.0,2,0.1327931366868838,0.0455509907766292,0.3644079262130337,0.0045550990776629,-0.0003056867952589,0.0001273870808725,0.0327598355613909,0.0004407559822073,0.5
8,16,0.1,4.0,3,0.1342558615161307,0.0458011772358478,0.3664094178867824,0.0045801177235847,-0.0003728871786952,0.0002160667018782,0.0331104477973657,0.0006787011185193,0.5
8,16,0.1,4.0,4,0.1325815729544446,0.045514690786747,0.3641175262939765,0.0045514690786747,-0.0004825017297514,0.000654618977874,0.0325542626215402,0.0004846810627857,0.5
8,16,0.1,4.0,5,0.1346612044106091,0.0458702661744595,0.3669621293956764,0.0045870266174459,-0.000317382605694,0.0004883532990538,0.0332448624878521,0.0004544097391964,0.5
8,16,0.1,4.0,6,0.1320618636721887,0.0454253961994603,0.3634031695956829,0.004542539619946,-0.0003093449641571,-3.602244498270707e-06,0.0330830176625564,0.0005874678401804,0.5
8,18,0.1,4.0,1,0.1509714319213993,0.048568802988872,0.3885504239109762,0.0048568802988872,-0.0010391020965801,-0.0017079208824252,0.0406047094149699,0.0006233392553207,0.5625
8,18,0.1,4.0,2,0.1520862491212963,0.0487477962837322,0.3899823702698576,0.0048747796283732,-0.0012686569267575,-0.0019167248002068,0.0408366034582072,0.0006806919850696,0.5625
8,18,0.1,4.0,3,0.1514612817094705,0.048647533613848,0.3891802689107845,0.0048647533613848,-0.0011709697035297,-0.0014441670250309,0.0402407996212399,0.0006388530133688,0.5625
8,18,0.1,4.0,4,0.1532632370913533,0.0489360611364706,0.3914884890917653,0.004893606113647,-0.0011031799115638,-0.0015385972398784,0.0411233204589898,0.0007714400503171,0.5625
8,18,0.1,4.0,5,0.1534577808884145,0.0489671096388328,0.3917368771106628,0.0048967109638832,-0.0011876234739687,-0.0019086407339502,0.04109268190953,0.0007992317635088,0.5625
8,18,0.1,4.0,6,0.1507125700407556,0.0485271460822373,0.388217168657899,0.0048527146082237,-0.00129369491824,-0.0020252338614131,0.0399442459427775,0.0005371002155644,0.5625
8,21,0.1,4.0,1,0.1861565601797574,0.0539323303113142,0.4314586424905143,0.0053932330311314,0.0002604142004501,-1.7872130125721336e-05,0.0549885692479714,0.0009330685392548,0.65625
8,21,0.1,4.0,2,0.1858292412250797,0.0538848948606366,0.4310791588850935,0.0053884894860636,-0.0001501944095714,0.0002523211266043,0.0551031361035377,0.0009294355419805,0.65625
8,21,0.1,4.0,3,0.1838871595358925,0.0536025826593115,0.428820661274492,0.0053602582659311,0.0001957210803026,0.0002478385794368,0.0550944812795342,0.0008760400460662,0.65625
8,21,0.1,4.0,4,0.1869894712298013,0.0540528490272774,0.4324227922182194,0.0054052849027277,-0.0001021908035876,0.00024542716104,0.0559431734174278,0.0008337152656885,0.65625
8,21,0.1,4.0,5,0.1839603958133883,0.0536132556797681,0.4289060454381453,0.0053613255679768,0.0001410046096304,0.0001465661645523,0.0539611967494696,0.0010013928058051,0.65625
8,21,0.1,4.0,6,0.1870373784070043,0.0540597728223994,0.4324781825791959,0.0054059772822399,0.000345924339034,-0.000407327667112,0.0592089145932988,0.0022419933710184,0.65625
8,25,0.1,4.0,1,0.2585329985054274,0.0635576753952447,0.5084614031619582,0.0063557675395244,-6.303256340092062e-05,5.492664926797994e-05,0.1000576228029793,0.0021817015454368,0.78125
8,25,0.1,4.0,2,0.2591351863544635,0.063631653182897,0.5090532254631763,0.0063631653182897,0.0001845247809733,-0.0001562165254637,0.0993080349994069,0.0022250001930578,0.78125
8,25,0.1,4.0,3,0.264577331461605,0.064296351405718,0.5143708112457442,0.0064296351405718,0.0001265710674463,0.0003631566354887,0.1042377574773929,0.0021418175383509,0.78125
8,25,0.1,4.0,4,0.2696354685502188,0.0649080441555372,0.5192643532442978,0.0064908044155537,-0.0001731725202605,-6.25129657115496e-05,0.1036604341313874,0.002431859228046,0.78125
8,25,0.1,4.0,5,0.2633214676964898,0.0641435728094222,0.513148582475378,0.0064143572809422,0.0003826126372484,0.0003486294683962,0.1026994887009614,0.0020451195145283,0.78125
8,25,0.1,4.0,6,0.2649432249617545,0.0643407949129276,0.514726359303421,0.0064340794912927,9.737077804520796e-05,0.0003681969169625,0.106357700995443,0.0026146371630716,0.78125
8,28,0.1,4.0,1,0.3261268506240194,0.0713843963412194,0.5710751707297556,0.0071384396341219,0.0001625512634338,0.0002296264486003,0.1472813077000868,0.0040280823079389,0.875
8,28,0.1,4.0,2,0.3216445556967947,0.0708921447183143,0.5671371577465144,0.0070892144718314,-0.0001418835433492,-0.0002398734752155,0.1444489874843136,0.0044718641025375,0.875
8,28,0.1,4.0,3,0.3461347663694592,0.0735415238115365,0.5883321904922926,0.0073541523811536,9.444313895555056e-05,0.0001505407936438,0.1573367180939578,0.004231161917763,0.875
8,28,0.1,4.0,4,0.3391871352883009,0.0727997183296728,0.5823977466373826,0.0072799718329672,-0.0003014053816316,-0.0006583724142739,0.1557903305246964,0.0039175087712809,0.875
8,28,0.1,4.0,5,0.3183186256943583,0.0705246660855218,0.5641973286841744,0.0070524666085521,-0.00039986188416,0.0002900179939882,0.1401861557082795,0.0037449040553228,0.875
8,28,0.1,4.0,6,0.3435735736000941,0.0732689367160563,0.5861514937284508,0.0073268936716056,0.0002896734616986,0.0002512622740724,0.1620960053955126,0.0034373103344663,0.875
8,32,0.1,4.0,1,0.3574905009640125,0.0747381367011694,0.5979050936093558,0.0074738136701169,0.0004854189146501,-0.0003457987235127,0.162730543969943,0.0050967366314226,1.0
8,32,0.1,4.0,2,0.3605774637743636,0.0750601283736874,0.6004810269894992,0.0075060128373687,0.0001094680508595,-0.0010178358949054,0.1644627764198435,0.0047197027106243,1.0
8,32,0.1,4.0,3,0.3877402611530333,0.0778359915496433,0.6226879323971466,0.0077835991549643,0.0007696529920053,-2.5682757172042908e-05,0.1827170391585125,0.0092695823621024,1.0
8,32,0.1,4.0,4,0.3955529858172511,0.078616254066157,0.6289300325292561,0.0078616254066157,-0.0001362118178139,0.000218801502916,0.1889912178112037,0.0144798586801967,1.0
8,32,0.1,4.0,5,0.3727134952001291,0.0763128322269722,0.6105026578157782,0.0076312832226972,3.145212233269319e-05,0.000333509397972,0.1772849365370984,0.0065727192487585,1.0
8,32,0.1,4.0,6,0.3441589506914725,0.0733313275793794,0.5866506206350356,0.0073331327579379,-2.261690281153239e-05,-0.0007717285783437,0.1595999189742314,0.0080683110325928,1.0
8,16,0.2,4.0,1,0.130722964912342,0.0451945386828468,0.3615563094627751,0.0090389077365693,3.9497157769491256e-05,0.0008965380788237,0.0324385202689548,0.0004771957018937,0.5
8,16,0.2,4.0,2,0.1333557367422801,0.045647380939087,0.3651790475126964,0.0091294761878174,0.0003365799255705,0.0008543299204492,0.0337017896813983,0.0004753253043743,0.5
8,16,0.2,4.0,3,0.1307076619293221,0.0451918932735248,0.3615351461881985,0.0090383786547049,0.0005261115123211,0.0006714041298344,0.0327384642436536,0.0004717868367154,0.5
8,16,0.2,4.0,4,0.132323037875938,0.0454702921346623,0.3637623370772984,0.0090940584269324,0.0003431494639495,0.0008202087695816,0.0338373877389157,0.0004511127475741,0.5
8,16,0.2,4.0,5,0.1321123616915285,0.0454340802859498,0.3634726422875985,0.0090868160571899,0.0001191752979063,0.0007932625635653,0.0327072321594645,0.0004348245341949,0.5
8,16,0.2,4.0,6,0.1318568103948027,0.0453901163516771,0.3631209308134174,0.0090780232703354,0.0004607711084581,0.0007905863414655,0.0332287443148783,0.0004572320239979,0.5
8,18,0.2,4.0,1,0.1473359958364536,0.0479804640968028,0.3838437127744229,0.0095960928193605,0.0002590103948422,0.0018152732779271,0.0391661343687406,0.0006423135260469,0.5625
8,18,0.2,4.0,2,0.1484203484761609,0.0481567019732457,0.3852536157859663,0.0096313403946491,0.0001691997088148,0.001237113942733,0.0395414177951066,0.0006264089199292,0.5625
8,18,0.2,4.0,3,0.1489259370177596,0.0482386542712635,0.3859092341701085,0.0096477308542527,3.7028539588043665e-05,0.0022053360458659,0.0403253545130648,0.0006462157154793,0.5625
8,18,0.2,4.0,4,0.1479051900904744,0.0480730547725403,0.3845844381803227,0.009614610954508,0.000362709387765,0.0017631068434483,0.0393426010435583,0.0005339460567869,0.5625
8,18,0.2,4.0,5,0.1527096456071501,0.0488476019125987,0.3907808153007899,0.0097695203825197,0.0001399181455833,0.0016132500359149,0.0406845231587398,0.0006524127879632,0.5625
8,18,0.2,4.0,6,0.1458831509106484,0.0477433161079002,0.3819465288632016,0.00954866322158,0.0002712231675076,0.001376823154373,0.0386301178616832,0.0006150607012417,0.5625
8,21,0.2,4.0,1,0.1769744870807552,0.0525854196582741,0.4206833572661929,0.0105170839316548,0.0001357571200906,5.802071787239585e-05,0.0512807665097408,0.0011243828024153,0.65625
8,21,0.2,4.0,2,0.1775109244018771,0.0526650566673893,0.4213204533391147,0.0105330113334778,-7.22547427717277e-05,-2.732535071627712e-05,0.0518797499759914,0.0009447507860327,0.65625
8,21,0.2,4.0,3,0.1776278188272405,0.0526823942999521,0.4214591543996174,0.0105364788599904,8.57830511041054e-06,1.9599520496391132e-05,0.0512678945193758,0.0009851036614628,0.65625
8,21,0.2,4.0,4,0.1775226086380358,0.0526667899151762,0.4213343193214099,0.0105333579830352,-0.0001561830372026,0.0001312838108963,0.0513233133170415,0.0009991535783621,0.65625
8,21,0.2,4.0,5,0.1766113487780632,0.0525314412962107,0.4202515303696861,0.0105062882592421,1.1096560914754792e-05,0.0002059450346845,0.0503187483781229,0.0008202034998618,0.65625
8,21,0.2,4.0,6,0.174058352597534,0.0521503764064696,0.4172030112517574,0.0104300752812939,0.0001425369610604,0.000267247494228,0.0497821678546234,0.0009326220096796,0.65625
8,25,0.2,4.0,1,0.250393632755717,0.0625491847413543,0.500393477930835,0.0125098369482708,0.0001964569452996,-5.5967433651729626e-05,0.0968500837656327,0.0022692191212639,0.78125
8,25,0.2,4.0,2,0.2448693653581177,0.0618553460399389,0.4948427683195114,0.0123710692079877,0.0001804807251872,-9.765945791229136e-05,0.0937707819332561,0.0019381213637529,0.78125
8,25,0.2,4.0,3,0.245143505543295,0.0618899610123805,0.4951196880990444,0.0123779922024761,-9.720115766126208e-05,0.0001652979402777,0.0926076328282329,0.0021639303764333,0.78125
8,25,0.2,4.0,4,0.2508458705672348,0.0626056445347625,0.5008451562781004,0.0125211289069525,-7.689508170174292e-05,-0.0003387737355861,0.0955020848409556,0.0029070755629804,0.78125
8,25,0.2,4.0,5,0.255420624524505,0.0631739444565193,0.5053915556521548,0.0126347888913038,-0.0002244688822625,-0.0008622916539268,0.0985734857589661,0.0029164927592218,0.78125
8,25,0.2,4.0,6,0.2537599964156234,0.0629682455210093,0.5037459641680749,0.0125936491042018,0.0002553009689417,-0.0007358704362801,0.0992023408829193,0.0028400029561627,0.78125
8,28,0.2,4.0,1,0.2744121125782418,0.0654804494413029,0.5238435955304234,0.0130960898882605,0.0002599190773233,-1.9210196725488737e-05,0.1119649557275467,0.0034310367011442,0.875
8,28,0.2,4.0,2,0.2815317447943738,0.0663244563672563,0.5305956509380507,0.0132648912734512,-0.0003841466028751,0.000256109847458,0.1153634429675776,0.0029919591355069,0.875
8,28,0.2,4.0,3,0.281895670459308,0.0663673101076628,0.5309384808613028,0.0132734620215325,-0.0009092849230822,0.0001158542608568,0.1146580148202106,0.0028871740716775,0.875
8,28,0.2,4.0,4,0.2675754456518618,0.0646596190702539,0.5172769525620312,0.0129319238140507,-0.000686367177106,9.414599806987708e-05,0.1050700074725172,0.0027463706475766,0.875
8,28,0.2,4.0,5,0.2743701012992527,0.0654754368660555,0.5238034949284442,0.0130950873732111,-0.000208916312152,0.0003193272625089,0.1092512666224637,0.0035009097184723,0.875
8,28,0.2,4.0,6,0.2795475857869754,0.0660903247678621,0.5287225981428971,0.0132180649535724,-0.0003744141549371,-0.0001607238908691,0.1151328435217462,0.0032047644929953,0.875
8,32,0.2,4.0,1,0.3073398029217349,0.0692977952077272,0.5543823616618182,0.0138595590415454,0.0006260274731275,-0.0003494749304845,0.1277373337974103,0.0037269065435122,1.0
8,32,0.2,4.0,2,0.2838930636911697,0.0666020203910851,0.5328161631286814,0.013320404078217,-0.0001433009343467,-0.0004208826191976,0.1125625168190924,0.0031726408566336,1.0
8,32,0.2,4.0,3,0.2948844372699056,0.067879078752899,0.5430326300231927,0.0135758157505798,0.0004056535087987,-2.381321089870922e-05,0.1210853734212913,0.0033677295788081,1.0
8,32,0.2,4.0,4,0.2940127142756842,0.0677786740837969,0.5422293926703755,0.0135557348167593,0.0001202527201517,-0.0001167369313429,0.1185170701469677,0.0032868212002526,1.0
8,32,0.2,4.0,5,0.2849431285069141,0.0667250806138181,0.5338006449105454,0.0133450161227636,0.0003018496436672,-0.0001180117279133,0.1128022387396522,0.0027236493443363,1.0
8,32,0.2,4.0,6,0.2753504257013606,0.0655923044387355,0.524738435509884,0.0131184608877471,0.000139043289781,0.0005433659472816,0.1103128398078913,0.0024834516866644,1.0
8,16,0.3,4.0,1,0.1302304737306231,0.045109324446737,0.3608745955738962,0.0135327973340211,0.0019155581013179,0.0001096988462343,0.0338620413535254,0.0005369741567949,0.5
8,16,0.3,4.0,2,0.1300181332302493,0.0450725341169391,0.3605802729355134,0.0135217602350817,0.0019972606606638,-2.6321956705852717e-05,0.0338047135758505,0.0005516217346042,0.5
8,16,0.3,4.0,3,0.1298447919802493,0.0450424785584829,0.3603398284678635,0.0135127435675448,0.0019688430209185,-8.017301084559114e-06,0.0337289510872073,0.0004064687306963,0.5
8,16,0.3,4.0,4,0.1312076049514399,0.0452782379004113,0.362225903203291,0.0135834713701234,0.0021537698331201,8.542136778036738e-05,0.0336032784957843,0.0004549971285756,0.5
8,16,0.3,4.0,5,0.1303089601574029,0.0451229154915705,0.3609833239325647,0.0135368746474711,0.0020675881227087,5.9894694164387e-05,0.03331652400877,0.0004437358315747,0.5
8,16,0.3,4.0,6,0.1299212441237577,0.0450557370313006,0.3604458962504049,0.0135167211093901,0.0021265341362092,-7.591087677670527e-05,0.033882491207638,0.0005660614883025,0.5
8,18,0.3,4.0,1,0.1451589140205048,0.0476246578105332,0.3809972624842662,0.0142873973431599,3.533737848147357e-05,0.0004429185715717,0.0392159043868439,0.0006532977471169,0.5625
8,18,0.3,4.0,2,0.1452332906062823,0.0476368572192074,0.3810948577536599,0.0142910571657622,9.222128210820364e-05,0.0007548148510063,0.0385150679798169,0.0008552795401466,0.5625
8,18,0.3,4.0,3,0.1471906139807259,0.0479567862085111,0.3836542896680889,0.0143870358625533,0.0001433729973511,0.0005781994780905,0.0398610507942587,0.0006391046073469,0.5625
8,18,0.3,4.0,4,0.1464177218045828,0.0478307108790639,0.3826456870325116,0.0143492132637191,-3.792454079683434e-05,1.096663233966788e-06,0.0405124802832086,0.0008671979264813,0.5625
8,18,0.3,4.0,5,0.1442032443525388,0.047467627842651,0.3797410227412082,0.0142402883527953,0.0001499186401729,0.0002597784323759,0.0384057114523696,0.0007650420276739,0.5625
8,18,0.3,4.0,6,0.1438177842423643,0.0474041441098448,0.3792331528787591,0.0142212432329534,-0.0001682857332579,0.0002419604374402,0.0381998263772187,0.0008105506475902,0.5625
8,21,0.3,4.0,1,0.1648042720713311,0.0507451155394738,0.4059609243157906,0.0152235346618421,-0.0002031378042955,0.000273731747947,0.0453297677487384,0.0009426198963411,0.65625
8,21,0.3,4.0,2,0.1648964596570715,0.050759306359935,0.4060744508794804,0.0152277919079805,-7.92756584833558e-05,-5.67779015540372e-05,0.0455904696275695,0.0008265708154851,0.65625
8,21,0.3,4.0,3,0.1672117344272494,0.051114414311677,0.4089153144934161,0.0153343242935031,0.0002022783388985,0.0002938956280625,0.0465465781396684,0.0009421815847201,0.65625
8,21,0.3,4.0,4,0.1681171314384385,0.0512526114332294,0.4100208914658356,0.0153757834299688,-0.000203520401927,6.630561481932654e-05,0.0464496083469481,0.0008653759041243,0.65625
8,21,0.3,4.0,5,0.164582661682331,0.0507109858786675,0.4056878870293406,0.0152132957636002,-1.741403494509889e-05,9.36637529363772e-05,0.0448323215635507,0.0008381309767332,0.65625
8,21,0.3,4.0,6,0.163327512106849,0.050517248308568,0.404137986468544,0.0151551744925703,-0.000108294495816,0.000375751896445,0.0451395111007919,0.0005853786314122,0.65625
8,25,0.3,4.0,1,0.2303937597612964,0.059999187463417,0.479993499707336,0.0179997562390251,-0.0001842731883236,-0.0005257890773454,0.0859749079853317,0.0026714048124592,0.78125
8,25,0.3,4.0,2,0.232399039920366,0.0602597294945448,0.4820778359563589,0.0180779188483634,-0.0002411702973094,-1.5118376627681898e-07,0.0856843510105499,0.001820612817856,0.78125
8,25,0.3,4.0,3,0.2365623268745427,0.060797091685497,0.4863767334839761,0.0182391275056491,0.0001550545445548,0.0005976849179866,0.0898193115423002,0.0021199405786714,0.78125
8,25,0.3,4.0,4,0.2351090855653512,0.0606100607321805,0.4848804858574442,0.0181830182196541,0.0002950778193044,3.8634321844442654e-05,0.087690451838987,0.0018074294086813,0.78125
8,25,0.3,4.0,5,0.2308464330339956,0.0600581011700851,0.4804648093606811,0.0180174303510255,-0.0004489990699054,0.0001607768262801,0.0848638067254501,0.0017308525346773,0.78125
8,25,0.3,4.0,6,0.2345765466451891,0.0605413787531394,0.4843310300251152,0.0181624136259418,-0.0002160262949167,4.876549193758711e-05,0.0890956073652298,0.0016128165280727,0.78125
8,28,0.3,4.0,1,0.2953127328616243,0.0679283552793888,0.5434268422351111,0.0203785065838166,-0.0001219472942372,-0.0004175952019447,0.1332461955981929,0.0033889595289425,0.875
8,28,0.3,4.0,2,0.2935373399577384,0.0677238579589177,0.5417908636713418,0.0203171573876753,0.0004191999337702,-0.0004558401040516,0.1301239509214614,0.0040221370407728,0.875
8,28,0.3,4.0,3,0.3356618221609787,0.0724204112889818,0.579363290311855,0.0217261233866945,-0.0002082142070206,0.0008963342498446,0.1583530966443907,0.0044549903215597,0.875
8,28,0.3,4.0,4,0.3204531080133262,0.0707607222455242,0.5660857779641936,0.0212282166736572,-0.0002482049763245,3.558841142205227e-05,0.1471515016995833,0.0045581849693658,0.875
8,28,0.3,4.0,5,0.2995135324210766,0.0684097869027474,0.5472782952219799,0.0205229360708242,0.000530162598255,-0.0007982112898188,0.1342843300943058,0.0034543443328424,0.875
8,28,0.3,4.0,6,0.3250194261458609,0.0712630937689985,0.5701047501519881,0.0213789281306995,-0.0002301711753959,-2.332624612983586e-05,0.1522683661812777,0.0037420965590161,0.875
8,32,0.3,4.0,1,0.2711322509218137,0.0650879514246172,0.5207036113969383,0.0195263854273851,-0.0014516833372059,-0.0001272701489267,0.1074023095603038,0.0029293382488371,1.0
8,32,0.3,4.0,2,0.2652252862583574,0.0643750347400825,0.5150002779206604,0.0193125104220247,-0.0011894666574687,-0.0008083254548203,0.1044988385333983,0.0028537654104957,1.0
8,32,0.3,4.0,3,0.2734302355153258,0.0653631962952162,0.5229055703617297,0.0196089588885648,-0.0010517571039982,0.0003497086817453,0.1083765990910473,0.0024599009634465,1.0
8,32,0.3,4.0,4,0.2650799777150558,0.0643573978016338,0.5148591824130709,0.0193072193404901,-0.0009651216385433,0.0008317738135694,0.1018651651870904,0.0021156544704006,1.0
8,32,0.3,4.0,5,0.2651736381319544,0.0643687664617847,0.5149501316942782,0.0193106299385354,-0.001523105327554,-0.0006025932659875,0.1032738500341224,0.0020418941238107,1.0
8,32,0.3,4.0,6,0.2613504536031599,0.0639030581236091,0.5112244649888734,0.0191709174370827,-0.0013212579717543,0.0006042139434654,0.1027528121611645,0.0023602116406363,1.0
8,16,0.4,4.0,1,0.1270723393919298,0.0445590092237125,0.3564720737897007,0.017823603689485,0.0014690706504588,-0.0010226754669859,0.0330429953562243,0.000453531043597,0.5
8,16,0.4,4.0,2,0.1268622277833987,0.0445221552613483,0.3561772420907865,0.0178088621045393,0.0014455766827022,-0.0010922989631109,0.0329545919871027,0.0005559429579844,0.5
8,16,0.4,4.0,3,0.1276480980367152,0.0446598424966286,0.3572787399730289,0.0178639369986514,0.001509833705575,-0.0004730687522532,0.0331739754030298,0.000509699513602,0.5
8,16,0.4,4.0,4,0.1281937649038466,0.0447551960851765,0.3580415686814125,0.0179020784340706,0.0014436963642972,-0.0005462805245795,0.0328903066230141,0.0005294612870076,0.5
8,16,0.4,4.0,5,0.127626971228225,0.044656146558352,0.3572491724668163,0.0178624586233408,0.0014066694406777,-0.0007307457641611,0.0329309641672941,0.0005755181092907,0.5
8,16,0.4,4.0,6,0.1254792529596994,0.0442788135285409,0.3542305082283277,0.0177115254114163,0.001637447519283,-0.0006343309511955,0.0327927173011305,0.0006542519861978,0.5
8,18,0.4,4.0,1,0.1399457206020873,0.0467616497186274,0.3740931977490199,0.0187046598874509,-0.0008974788631134,-0.0014321973212326,0.037296010205378,0.0006331636819069,0.5625
8,18,0.4,4.0,2,0.1388747197865459,0.0465823732399367,0.3726589859194943,0.0186329492959747,-0.00066688393632,-0.0016904420495844,0.0380214951486023,0.00047240275116,0.5625
8,18,0.4,4.0,3,0.1409127264176459,0.0469229298986723,0.3753834391893786,0.0187691719594689,-0.0004034102590492,-0.0012207264847682,0.038629853571201,0.0005206114056386,0.5625
8,18,0.4,4.0,4,0.1388255164335418,0.0465741204347875,0.3725929634783,0.018629648173915,-0.0005084751907609,-0.0015692314025035,0.0369921229954548,0.0007883520757457,0.5625
8,18,0.4,4.0,5,0.138613674180384,0.046538571734299,0.3723085738743925,0.0186154286937196,-0.0004683549417012,-0.001192971606034,0.0372521360648703,0.000583213312324,0.5625
8,18,0.4,4.0,6,0.1409963154024432,0.0469368451023625,0.3754947608189004,0.018774738040945,-0.0004448224754769,-0.0008833075181669,0.0393362795564837,0.0005998564748889,0.5625
8,21,0.4,4.0,1,0.1530641803221993,0.0489042719763249,0.3912341758105998,0.0195617087905299,-1.847359972161609e-05,4.720413750081143e-05,0.0407336367518822,0.0008773722622336,0.65625
8,21,0.4,4.0,2,0.1542936423968138,0.0491002867858245,0.3928022942865963,0.0196401147143298,-0.0001732378137731,-7.158362873350976e-05,0.0399094953118433,0.0007912445784428,0.65625
8,21,0.4,4.0,3,0.1566883659148424,0.0494798516309357,0.3958388130474858,0.0197919406523742,0.0002648020688023,0.0001215195490788,0.0420376227286601,0.0009891804745025,0.65625
8,21,0.4,4.0,4,0.1554417445229772,0.0492826263319186,0.394261010655349,0.0197130505327674,-4.7606193041998895e-05,-0.0003010970214737,0.0410167396809476,0.000982252593226,0.65625
8,21,0.4,4.0,5,0.1542886001676792,0.0490994844944423,0.3927958759555391,0.0196397937977769,-0.0001950041162651,-6.977430927776473e-05,0.0402369314062257,0.0007246645615833,0.65625
8,21,0.4,4.0,6,0.1556635759512944,0.0493177794942044,0.3945422359536358,0.0197271117976817,0.000241738988386,0.0004715413875449,0.0414662059192332,0.0008733134837722,0.65625
8,25,0.4,4.0,1,0.1857136153651419,0.0538681282399931,0.4309450259199449,0.0215472512959972,1.9695727754159256e-05,0.0071839181427205,0.0594814095056785,0.0010197336944527,0.78125
8,25,0.4,4.0,2,0.1859415861419758,0.053901180724251,0.4312094457940083,0.0215604722897004,-0.0001648467913985,0.0065674027185991,0.0598643410067227,0.0014494329417213,0.78125
8,25,0.4,4.0,3,0.189510973255923,0.0544160725992219,0.4353285807937759,0.0217664290396887,-9.342448327243504e-05,0.0066735536186227,0.061155506611602,0.001631706189046,0.78125
8,25,0.4,4.0,4,0.1894884527215487,0.0544128392364724,0.4353027138917798,0.0217651356945889,-0.0001590645702215,0.0065267796256722,0.0616018055017558,0.0015361706081675,0.78125
8,25,0.4,4.0,5,0.1911099410932226,0.0546451537611671,0.4371612300893374,0.0218580615044668,5.3038356615754657e-05,0.006634856521895,0.0626807621232317,0.0015376794180099,0.78125
8,25,0.4,4.0,6,0.1875848126694018,0.054138828006888,0.4331106240551042,0.0216555312027552,-0.0002527980121502,0.0069112471291974,0.0604130399200925,0.0013872384597213,0.78125
8,28,0.4,4.0,1,0.2562045438966607,0.0632708147441245,0.5061665179529962,0.0253083258976498,0.0001889903767263,-0.0007722798823736,0.1034625621991669,0.0023570111940768,0.875
8,28,0.4,4.0,2,0.2451129667182547,0.0618861059121732,0.4950888472973863,0.0247544423648693,-0.0002949846224333,-0.0003367981878846,0.0964422120868913,0.0021572644296266,0.875
8,28,0.4,4.0,3,0.252518802696337,0.0628140612612356,0.5025124900898852,0.0251256245044942,-8.920235038870918e-05,0.0003501729184497,0.1012090147486252,0.002210893212508,0.875
8,28,0.4,4.0,4,0.2508443510783035,0.0626054549188686,0.5008436393509491,0.0250421819675474,-0.0003403911269545,0.0001509606155059,0.0984973872355362,0.0022323404152521,0.875
8,28,0.4,4.0,5,0.2455782096492846,0.0619448103215279,0.4955584825722233,0.0247779241286111,-3.894435230538903e-05,-0.0007291323281077,0.0978404975330779,0.0023218589651775,0.875
8,28,0.4,4.0,6,0.2442794472002594,0.0617807928283868,0.4942463426270946,0.0247123171313547,-9.993128045419356e-05,-0.0001101221613062,0.0987346716304483,0.0027113592382408,0.875
8,32,0.4,4.0,1,0.2429058229541432,0.0616068460778385,0.4928547686227082,0.0246427384311354,0.0032157051353214,-0.0003215538568518,0.0906148001521105,0.0025351742537249,1.0
8,32,0.4,4.0,2,0.2377150227382063,0.0609450345006422,0.487560276005138,0.0243780138002569,0.0028555763715637,0.0002094676977508,0.0860291517593356,0.0018020120616714,1.0
8,32,0.4,4.0,3,0.2511944555705531,0.062649129030577,0.5011930322446164,0.0250596516122308,0.0031889446731783,0.0003420786600996,0.0945626760253223,0.0020583178394364,1.0
8,32,0.4,4.0,4,0.2443544189823616,0.0617902726697285,0.4943221813578282,0.0247161090678914,0.0030933003864381,-0.0010800278276111,0.0905008878547473,0.001708611383747,1.0
8,32,0.4,4.0,5,0.2372018639620579,0.0608792175081706,0.4870337400653655,0.0243516870032682,0.0034403070555853,9.10955276003933e-06,0.0865689403321696,0.001750164619123,1.0
8,32,0.4,4.0,6,0.2369085419069554,0.0608415644711424,0.4867325157691393,0.0243366257884569,0.003364955046484,-0.0002870840645501,0.0865744918395016,0.002023815544065,1.0
8,16,0.5,4.0,1,0.1168153519705752,0.0427228261534772,0.3417826092278178,0.0213614130767386,0.0011391059956419,5.872274862951318e-05,0.0337426647159884,0.0008179059753517,0.5
8,16,0.5,4.0,2,0.1183673294093277,0.0430056917398237,0.3440455339185901,0.0215028458699118,0.0008210235269034,-0.000124652422465,0.0345422994457085,0.0005880724174039,0.5
8,16,0.5,4.0,3,0.1188063467474908,0.0430853706950461,0.3446829655603694,0.021542685347523,0.0015011488082115,-0.0002094244622166,0.0346584917304185,0.0005962534867724,0.5
8,16,0.5,4.0,4,0.11735630305592,0.042821632795221,0.3425730623617683,0.0214108163976105,0.0009990362215831,-0.0001031311432005,0.0336813957170795,0.0007268941074535,0.5
8,16,0.5,4.0,5,0.1183598963817167,0.0430043414199581,0.3440347313596648,0.021502170709979,0.0009413162077204,-0.000363251191374,0.0343783643050802,0.0005718586977781,0.5
8,16,0.5,4.0,6,0.1172953137571537,0.0428105042887318,0.3424840343098547,0.0214052521443659,0.0009423697921793,0.0002063573418735,0.0347161584605202,0.0006347108855087,0.5
8,18,0.5,4.0,1,0.1308609980845849,0.0452183933269597,0.3617471466156782,0.0226091966634798,0.0017827724800225,0.0008043373318287,0.0391937685318367,0.0008268966184337,0.5625
8,18,0.5,4.0,2,0.1276729041545207,0.0446641817054156,0.3573134536433252,0.0223320908527078,0.0016286376295226,0.0008142375882115,0.0373078767194041,0.0007279888509588,0.5625
8,18,0.5,4.0,3,0.1303426397696304,0.0451287463419988,0.3610299707359908,0.0225643731709994,0.0018466099191426,0.0005746667036189,0.0382556451335625,0.0009430328963568,0.5625
8,18,0.5,4.0,4,0.1278753381046445,0.0446995767081196,0.357596613664957,0.0223497883540598,0.0017352909584252,0.0007221109578117,0.0368877722941049,0.0006277876922582,0.5625
8,18,0.5,4.0,5,0.1303842398819754,0.045135947405099,0.3610875792407922,0.0225679737025495,0.0019043471579577,0.0006296983958377,0.039119433566657,0.0006789525639333,0.5625
8,18,0.5,4.0,6,0.1295358420877866,0.044988860094713,0.3599108807577045,0.0224944300473565,0.0021015922688087,0.0004680469480043,0.0382254628027839,0.0006464917348922,0.5625
8,21,0.5,4.0,1,0.1408172867225467,0.046907036839261,0.3752562947140884,0.0234535184196305,-0.0002464984347649,-0.0020308091910548,0.0387157255634833,0.000662610443924,0.65625
8,21,0.5,4.0,2,0.1399477749436311,0.0467619929375795,0.3740959435006362,0.0233809964687897,-0.0002091128454781,-0.0017933309838378,0.0388132671967463,0.0006404416375764,0.65625
8,21,0.5,4.0,3,0.1432906808232228,0.0473171944208747,0.3785375553669976,0.0236585972104373,0.0001241954127294,-0.0020341587674426,0.0403632247731128,0.0007210294628543,0.65625
8,21,0.5,4.0,4,0.1399892146477059,0.0467689157333202,0.3741513258665616,0.0233844578666601,-0.0002758197585416,-0.0016475990648187,0.0392703265970627,0.0006615883596228,0.65625
8,21,0.5,4.0,5,0.1421747333411559,0.0471325811775205,0.3770606494201641,0.0235662905887602,-0.0001128554845028,-0.0022882332659589,0.0394452557230729,0.0007935872324408,0.65625
8,21,0.5,4.0,6,0.1395418920290285,0.0466941330678016,0.3735530645424134,0.0233470665339008,-0.000209738322504,-0.0023829559672265,0.0394534343785381,0.0006738363583845,0.65625
8,25,0.5,4.0,1,0.1642370215669091,0.0506577088110285,0.405261670488228,0.0253288544055142,-0.0006309986745934,0.0002746831782096,0.0502420865679636,0.0010530655211217,0.78125
8,25,0.5,4.0,2,0.1670966887991495,0.0510968273231001,0.408774618584801,0.02554841366155,-0.0011748004516576,-0.0008527049760669,0.0518537845653995,0.0013307897013243,0.78125
8,25,0.5,4.0,3,0.1669388855852728,0.051072694145403,0.4085815531632245,0.0255363470727015,-0.0005100413948593,-9.035678398347166e-05,0.0514519723213836,0.0013078200500028,0.78125
8,25,0.5,4.0,4,0.1635934945174557,0.050558365794745,0.4044669263579603,0.0252791828973725,-0.0008112974827025,-3.521866704137358e-05,0.0500087379158425,0.0011011439186611,0.78125
8,25,0.5,4.0,5,0.1674191794765745,0.0511461110869778,0.4091688886958227,0.0255730555434889,-0.0009868862273609,0.0002232326697931,0.0513177205928025,0.0012927368097484,0.78125
8,25,0.5,4.0,6,0.1651861060869397,0.0508038670536843,0.4064309364294747,0.0254019335268421,-0.0006198097563464,-4.462227741235808e-06,0.0511179318830246,0.0011497929398632,0.78125
8,28,0.5,4.0,1,0.164389732680519,0.050681254652318,0.4054500372185444,0.025340627326159,-0.0001083806245725,0.0010910314761766,0.0458940400472674,0.0006794944281008,0.875
8,28,0.5,4.0,2,0.1728361396531441,0.0519669575988471,0.4157356607907772,0.0259834787994235,-0.0001751246288096,-0.0003838389347411,0.0496574152469479,0.0012058071877991,0.875
8,28,0.5,4.0,3,0.1695340928578799,0.0514681474399882,0.4117451795199063,0.0257340737199941,-5.918277469847287e-05,0.0001082739410235,0.0486627170007632,0.0007786179865431,0.875
8,28,0.5,4.0,4,0.170520889977937,0.051617718914199,0.4129417513135927,0.0258088594570995,-7.867882362447536e-05,-3.678533658879948e-05,0.0486118632478428,0.0007246751593495,0.875
8,28,0.5,4.0,5,0.1721679167897628,0.0518664024185217,0.4149312193481743,0.0259332012092608,0.0001440699788753,-0.0002101274273066,0.0491651503503708,0.0011416147000021,0.875
8,28,0.5,4.0,6,0.1675034504509326,0.0511589817460807,0.4092718539686459,0.0255794908730403,5.856054622242757e-06,0.0010170471353016,0.0478031841711538,0.0008992864300145,0.875
8,32,0.5,4.0,1,0.2228337195619098,0.0590065832611484,0.4720526660891873,0.0295032916305742,-0.0036120665657343,0.0007552854762398,0.0796249632605375,0.0015042370683614,1.0
8,32,0.5,4.0,2,0.2196582537039311,0.0585846414525507,0.4686771316204057,0.0292923207262753,-0.0035169275377885,0.0005116352065459,0.0779979737626278,0.0012374118484442,1.0
8,32,0.5,4.0,3,0.2185315724674985,0.0584342007715059,0.4674736061720475,0.0292171003857529,-0.0032535517633832,0.0009585788275522,0.0775191600875241,0.0017125242058835,1.0
8,32,0.5,4.0,4,0.2222492373072956,0.0589291467181266,0.471433173745013,0.0294645733590633,-0.0037744185387319,0.000388172096832,0.0780467405375389,0.0014988413486701,1.0
8,32,0.5,4.0,5,0.2235737015768263,0.0591044760330206,0.4728358082641651,0.0295522380165103,-0.0036130546042349,0.0001325765860798,0.0790333782074199,0.0018098748040232,1.0
8,32,0.5,4.0,6,0.2187953989267027,0.0584694630403745,0.4677557043229967,0.0292347315201872,-0.0034344916296032,0.0002356154188897,0.0784219602012064,0.0012294694457123,1.0
8,16,0.6,4.0,1,0.0971291523777612,0.0389569378404222,0.3116555027233777,0.0233741627042533,0.0001671563750122,0.0002048936992301,0.0240408010137123,0.0004487064170593,0.5
8,16,0.6,4.0,2,0.0964537236755463,0.0388212497535874,0.3105699980286994,0.0232927498521524,8.076209675887517e-05,0.0001708329869867,0.0243193860716537,0.0004260581561093,0.5
8,16,0.6,4.0,3,0.0961977606358002,0.0387697047955536,0.3101576383644295,0.0232618228773322,9.491270302721364e-05,0.0003110050044188,0.0239771777230661,0.0003974277769211,0.5
8,16,0.6,4.0,4,0.0967964251719765,0.0388901548378523,0.3111212387028191,0.0233340929027114,0.0002010596136807,0.0001571181324867,0.0238058718695769,0.0003458682229581,0.5
8,16,0.6,4.0,5,0.095902098730059,0.0387100799877392,0.3096806399019142,0.0232260479926435,0.0003127686800386,0.0001030652843311,0.0233495848945181,0.0003869299269385,0.5
8,16,0.6,4.0,6,0.0972088749446137,0.0389729222795723,0.3117833782365791,0.0233837533677434,0.0001065010181515,-0.000115215698124,0.0244298288769615,0.0004547979096963,0.5
8,18,0.6,4.0,1,0.1009423603056358,0.0397142843291372,0.3177142746330983,0.0238285705974823,-0.0011998774774352,0.0008677940511894,0.0236703781721114,0.0004516615861619,0.5625
8,18,0.6,4.0,2,0.1011318252576059,0.0397515379532678,0.3180123036261427,0.0238509227719607,-0.0013935810935175,0.0006536916052409,0.0233735190816143,0.0003747950939103,0.5625
8,18,0.6,4.0,3,0.1021283214967458,0.039946902550594,0.319575220404752,0.0239681415303564,-0.0012366997496957,0.0008827923736294,0.0236987538256803,0.000882363432339,0.5625
8,18,0.6,4.0,4,0.1024979638628924,0.0400191289929915,0.3201530319439321,0.0240114773957949,-0.0011352036003969,0.0007237933436246,0.0241712613308442,0.0004514705538985,0.5625
8,18,0.6,4.0,5,0.102436868079296,0.0400072001487107,0.3200576011896858,0.0240043200892264,-0.0013251888115937,0.0009500574019855,0.0239978465486472,0.0004679357239456,0.5625
8,18,0.6,4.0,6,0.1026045105104675,0.0400399235354671,0.320319388283737,0.0240239541212802,-0.0013081006888891,0.0009788149967325,0.0244587298852181,0.0003396555211462,0.5625
8,21,0.6,4.0,1,0.1157535848035098,0.042528223129527,0.3402257850362165,0.0255169338777162,9.47479419420664e-05,0.0012582899841055,0.0257242646475698,0.0003690728930513,0.65625
8,21,0.6,4.0,2,0.1190167208096086,0.0431235001205854,0.3449880009646837,0.0258741000723512,-3.368500836664157e-05,0.0010077873849365,0.0273812793561744,0.0005449794780726,0.65625
8,21,0.6,4.0,3,0.1186683082009624,0.0430603334362384,0.3444826674899079,0.025836200061743,7.418977446494606e-05,0.0014052925301011,0.027160158421398,0.0004504470219883,0.65625
8,21,0.6,4.0,4,0.1187722690740665,0.0430791910820327,0.3446335286562619,0.0258475146492196,-5.769304060537902e-06,0.0008864900860328,0.0268848493998741,0.0004732237928244,0.65625
8,21,0.6,4.0,5,0.120770165325732,0.0434400026843296,0.3475200214746368,0.0260640016105977,0.0001207536395431,0.0008273923207097,0.0277333883291908,0.0005101555615976,0.65625
8,21,0.6,4.0,6,0.1167215279876653,0.0427056656054822,0.341645324843858,0.0256233993632893,0.0001263226237127,0.0006969997009312,0.0263690976773806,0.000427220674036,0.65625
8,25,0.6,4.0,1,0.1489833598489562,0.0482479533000099,0.3859836264000796,0.0289487719800059,0.0012846322450176,0.0004426263981141,0.0412187252767041,0.0007821576952217,0.78125
8,25,0.6,4.0,2,0.1492727757601651,0.0482947939352947,0.3863583514823578,0.0289768763611768,0.0012418481839358,0.0002996563241852,0.040666507964091,0.0008617007607157,0.78125
8,25,0.6,4.0,3,0.1490421208971928,0.0482574671840393,0.3860597374723151,0.0289544803104236,0.0014926784081181,-0.000144158962145,0.0418156764491567,0.0008546669218,0.78125
8,25,0.6,4.0,4,0.1497411324187977,0.0483704992122648,0.3869639936981188,0.0290222995273589,0.0013493275853979,-0.0005847596533519,0.0411514117169771,0.0008801252302138,0.78125
8,25,0.6,4.0,5,0.1487368981647537,0.0482080287278403,0.3856642298227224,0.0289248172367041,0.0014080883046183,0.00014971004928,0.0411308143150017,0.0010185971498772,0.78125
8,25,0.6,4.0,6,0.1454071931689606,0.047665368909356,0.3813229512748486,0.0285992213456136,0.0013141765565132,-0.0004250288129468,0.0398088571360272,0.0007391170186847,0.78125
8,28,0.6,4.0,1,0.1574717910955771,0.0496033943986537,0.3968271551892299,0.0297620366391922,-0.0001202916966923,-0.0053985376653246,0.0426999707012337,0.0006627403530948,0.875
8,28,0.6,4.0,2,0.1552834035129304,0.0492575190188212,0.3940601521505701,0.0295545114112927,0.0001412298251439,-0.0059789744949565,0.0423017395846435,0.0008846995413505,0.875
8,28,0.6,4.0,3,0.1577615145379573,0.0496490046693343,0.3971920373546747,0.0297894028016006,1.370956303500218e-05,-0.005791177843039,0.0433959815047315,0.0008491999787257,0.875
8,28,0.6,4.0,4,0.1593744200795302,0.0499021574056939,0.3992172592455519,0.0299412944434163,-6.474610703733155e-06,-0.0056617285118744,0.0432372772513224,0.0009882032857102,0.875
8,28,0.6,4.0,5,0.1581633262073611,0.0497121913818936,0.3976975310551489,0.0298273148291361,-0.0001651767706916,-0.0063943513118016,0.0430433240926199,0.0008945397994674,0.875
8,28,0.6,4.0,6,0.1552782112565502,0.0492566954929337,0.3940535639434698,0.0295540172957602,-1.8984219033662728e-05,-0.006184609175899,0.0416751589107618,0.000685926194862,0.875
8,32,0.6,4.0,1,0.2121282046244074,0.057571722201584,0.4605737776126724,0.0345430333209504,0.0034920274487816,0.0004538433335238,0.0748782807788343,0.0014894073479206,1.0
8,32,0.6,4.0,2,0.2056166020597592,0.0566812085896528,0.4534496687172229,0.0340087251537917,0.0033670276609139,-0.0002626216293448,0.0709625597985166,0.0012508301466208,1.0
8,32,0.6,4.0,3,0.2088283809757049,0.0571221800419538,0.4569774403356307,0.0342733080251723,0.0034042401848017,-8.124014773950097e-05,0.0730257433282711,0.0014464323585149,1.0
8,32,0.6,4.0,4,0.2089869889842602,0.0571438684626711,0.4571509477013694,0.0342863210776027,0.003232669220492,0.0001845111024632,0.0721718074337167,0.0012953928800064,1.0
8,32,0.6,4.0,5,0.2059146859791255,0.0567222792950339,0.4537782343602715,0.0340333675770203,0.0036068684185492,-0.0006028209603576,0.0704730632026083,0.0014278148671286,1.0
8,32,0.6,4.0,6,0.2018046546962635,0.056153341215186,0.4492267297214887,0.0336920047291116,0.0034181890089252,0.0001912747078887,0.0695566710192353,0.0011683996580975,1.0
8,16,0.7,4.0,1,0.0932275785024407,0.0381664894128427,0.3053319153027418,0.0267165425889899,0.0007441347692592,0.0001628260738267,0.0241639813682809,0.0005263688940044,0.5
8,16,0.7,4.0,2,0.0913333356127085,0.0377767569935346,0.3022140559482773,0.0264437298954742,0.0009234817931314,0.0001520701326312,0.0238840722721361,0.0005431872510048,0.5
8,16,0.7,4.0,3,0.0923506665952877,0.037986565593001,0.3038925247440083,0.0265905959151007,0.0008966299202543,0.00021874373427,0.0241508075197541,0.0003972217885479,0.5
8,16,0.7,4.0,4,0.0944851568444457,0.0384230474545482,0.3073843796363857,0.0268961332181837,0.0008400876196021,0.0001213716982662,0.0250232156464639,0.0003751477660187,0.5
8,16,0.7,4.0,5,0.092349899111961,0.0379864077483563,0.3038912619868511,0.0265904854238494,0.0006957328515291,0.0003084202784091,0.0238438841655901,0.0004162519514894,0.5
8,16,0.7,4.0,6,0.0935857589269263,0.0382397369660569,0.3059178957284558,0.0267678158762398,0.0011733663625744,0.000433216586851,0.0246410249891042,0.0003278583567495,0.5
8,18,0.7,4.0,1,0.0937278504348413,0.0382687557028497,0.3061500456227981,0.0267881289919948,0.001185127932129,0.000528844146087,0.0206906447173113,0.0003635359816104,0.5625
8,18,0.7,4.0,2,0.0937844577167295,0.038280310236777,0.3062424818942165,0.0267962171657439,0.0012983398430467,0.0002913410886866,0.0210327153491367,0.0003360811324383,0.5625
8,18,0.7,4.0,3,0.0947143128753687,0.0384696131859632,0.3077569054877059,0.0269287292301742,0.0012793695720957,0.0005510830777991,0.0210897263417075,0.0003336679487728,0.5625
8,18,0.7,4.0,4,0.0944396289122407,0.0384137892136894,0.3073103137095153,0.0268896524495825,0.0011752800876045,0.0006056563525867,0.0209552380647042,0.0002633009398748,0.5625
8,18,0.7,4.0,5,0.0941783942049699,0.0383606231629864,0.3068849853038919,0.0268524362140905,0.0012514963073926,0.0005633233072039,0.0207518659705957,0.000320073166763,0.5625
8,18,0.7,4.0,6,0.0939113615379387,0.0383062008561315,0.3064496068490523,0.026814340599292,0.0013435688689424,0.0007041361892411,0.0214522427498207,0.0003687556288942,0.5625
8,21,0.7,4.0,1,0.1091836883109479,0.0413036939008917,0.3304295512071339,0.0289125857306242,7.634123687355024e-06,-0.0006951312272686,0.027210502182364,0.0005312127776764,0.65625
8,21,0.7,4.0,2,0.1108513812148719,0.0416179388182833,0.3329435105462666,0.0291325571727983,0.0001353969068685,-0.0007983334222188,0.0276509933852859,0.0005207242276472,0.65625
8,21,0.7,4.0,3,0.1099106512579392,0.0414409691718871,0.3315277533750971,0.0290086784203209,7.543276146945407e-05,-0.0007130063005132,0.0275803336193992,0.0004445983692695,0.65625
8,21,0.7,4.0,4,0.1108836031514027,0.0416239870656412,0.3329918965251298,0.0291367909459488,8.129411594946193e-05,-0.0008507051185962,0.0278634768583804,0.0004860817960041,0.65625
8,21,0.7,4.0,5,0.1106077971416518,0.0415721881831869,0.3325775054654957,0.0291005317282308,-1.950687274677987e-05,-0.000522986000597,0.0272612906351303,0.0004509779746243,0.65625
8,21,0.7,4.0,6,0.1099434302027824,0.0414471482362595,0.3315771858900766,0.0290130037653817,-0.0001621601052205,-0.0005187040428524,0.02801512532919,0.0004087300749799,0.65625
8,25,0.7,4.0,1,0.1321270300481141,0.0454366024753368,0.3634928198026944,0.0318056217327357,0.0011776672399723,-0.0013029764524681,0.0350062329741588,0.0008522166094877,0.78125
8,25,0.7,4.0,2,0.128598132895298,0.0448257272834365,0.3586058182674927,0.0313780090984056,0.0013319250556395,-0.0013259615137532,0.0328568876544785,0.0006508415326533,0.78125
8,25,0.7,4.0,3,0.1296405668152614,0.0450070422988276,0.3600563383906211,0.0315049296091793,0.0011133137129681,-0.001297017567237,0.0333549728982199,0.0006280466533278,0.78125
8,25,0.7,4.0,4,0.129112385546683,0.0449152649348406,0.3593221194787249,0.0314406854543884,0.0013221360377811,-0.0017602432459222,0.0333438781187237,0.0007002237907466,0.78125
8,25,0.7,4.0,5,0.1314521217246971,0.0453204082279539,0.3625632658236313,0.0317242857595677,0.0008437659853249,-0.0015032675842518,0.0348905825899756,0.0006591182615634,0.78125
8,25,0.7,4.0,6,0.1284994154835303,0.0448085189102492,0.3584681512819937,0.0313659632371744,0.0011777692765449,-0.0011732140411987,0.033811950536483,0.0006040795902222,0.78125
8,28,0.7,4.0,1,0.1454362767926135,0.0476701355660395,0.3813610845283162,0.0333690948962276,-0.0001777670566246,-0.0017155162987466,0.0380963082013019,0.0005280323357694,0.875
8,28,0.7,4.0,2,0.1462962189479119,0.047810860911106,0.382486887288848,0.0334676026377742,-9.182236898270222e-05,-0.0012701549074344,0.0386321181294104,0.0005208512456164,0.875
8,28,0.7,4.0,3,0.1467595492918828,0.0478865112290055,0.383092089832044,0.0335205578603038,0.0001946392964315,-0.0008487651657066,0.0380594564420764,0.0006634513347373,0.875
8,28,0.7,4.0,4,0.1486619449211938,0.0481958804193227,0.3855670433545817,0.0337371162935258,-0.0001324644485307,-0.0015072967845934,0.0392745739509023,0.0005871987785892,0.875
8,28,0.7,4.0,5,0.1479530925394105,0.0480808389166442,0.3846467113331538,0.0336565872416509,9.935169944081249e-06,-0.0011430220673803,0.0389186812107106,0.0007181261508483,0.875
8,28,0.7,4.0,6,0.1460531612967228,0.0477711277369636,0.3821690218957088,0.0334397894158745,-6.120791623225226e-05,-0.0012575973774099,0.038451426039959,0.0006310521871715,0.875
8,32,0.7,4.0,1,0.1997035786285855,0.0558602579305864,0.4468820634446918,0.0391021805514105,0.0033680051011822,5.2404446797309906e-05,0.068857368922289,0.001577440528819,1.0
8,32,0.7,4.0,2,0.1925440710884381,0.0548498050202263,0.4387984401618107,0.0383948635141584,0.0033150203212458,-0.0001979565527567,0.0644683944821423,0.0009253812009602,1.0
8,32,0.7,4.0,3,0.1950961328141833,0.0552121098602617,0.4416968788820941,0.0386484769021832,0.0034556063466241,0.0005168434792218,0.0666922978599314,0.0013047662139119,1.0
8,32,0.7,4.0,4,0.1952032495696403,0.0552272647749789,0.4418181181998316,0.0386590853424852,0.0034537933351019,0.0004052248794387,0.0658373838448867,0.0009413354815043,1.0
8,32,0.7,4.0,5,0.1928311107948099,0.0548906741274772,0.4391253930198183,0.0384234718892341,0.0033025488509427,-0.0001749749804014,0.0639419479911442,0.0009898153540227,1.0
8,32,0.7,4.0,6,0.1920566069576551,0.0547803293501724,0.4382426348013793,0.0383462305451206,0.0034114532602781,-0.000420394903901,0.0653237454044193,0.0008976118386489,1.0
8,16,0.0,6.0,1,0.1363758909245528,0.0461613831648937,0.3692910653191501,0.0,3.9300600022480845e-05,0.0011605912047073,0.0400119835228974,0.0008657948849697,0.5
8,16,0.0,6.0,2,0.1328664805492702,0.0455635683258274,0.3645085466066197,0.0,0.000275931465501,0.0012005802510306,0.0380220700260183,0.0006787060889672,0.5
8,16,0.0,6.0,3,0.133196982205278,0.0456202021801467,0.3649616174411743,0.0,0.0003341666227784,0.0014398911401795,0.0387734741319555,0.00057577522231,0.5
8,16,0.0,6.0,4,0.136410901459742,0.0461673080795108,0.3693384646360869,0.0,0.0001742120869412,0.001055350483809,0.0402762120158527,0.0007526539433778,0.5
8,16,0.0,6.0,5,0.1337747156766762,0.0457190324968504,0.3657522599748034,0.0,-6.674947820292979e-06,0.0008584613245036,0.0382243570586921,0.0008976882376442,0.5
8,16,0.0,6.0,6,0.1364128546229922,0.0461676385954951,0.3693411087639612,0.0,0.0001814621253725,0.0010697549502227,0.0394473948129209,0.0008540427949545,0.5
8,18,0.0,6.0,1,0.1518255462342504,0.0487059971657511,0.3896479773260095,0.0,-0.0004734474196624,-0.0005239256593957,0.0489435846681555,0.0010911999771277,0.5625
8,18,0.0,6.0,2,0.1541044414393321,0.049070173196042,0.3925613855683364,0.0,-0.0007372093808456,-4.8646496384013166e-05,0.0501501422092797,0.0013956828418553,0.5625
8,18,0.0,6.0,3,0.1577406789058495,0.0496457259782138,0.397165807825711,0.0,-0.0002369653722308,-0.0005781539417002,0.0512719880696994,0.0012054398508808,0.5625
8,18,0.0,6.0,4,0.1560873738420991,0.0493848682926541,0.3950789463412333,0.0,-0.0007661285833824,-0.000559377709096,0.051100372897371,0.0012447990236084,0.5625
8,18,0.0,6.0,5,0.1567026962380117,0.0494821142304866,0.3958569138438935,0.0,-0.0006507938161792,-0.0010119707008506,0.0513725743826095,0.0011496161151904,0.5625
8,18,0.0,6.0,6,0.1578765063022656,0.0496670958580517,0.3973367668644139,0.0,-0.0004393282957523,-0.0009091845107054,0.0516239437050221,0.0010323672332407,0.5625
8,21,0.0,6.0,1,0.2000749366835375,0.0559121711765897,0.447297369412718,0.0,0.0013836579824104,-1.5332288132500344e-05,0.0745428974214127,0.0020943685794088,0.65625
8,21,0.0,6.0,2,0.1962655822136669,0.0553773394276805,0.4430187154214446,0.0,0.0004800556606174,-0.0019472453003831,0.0736245159182295,0.0020798695586246,0.65625
8,21,0.0,6.0,3,0.1965398724318381,0.0554160221122688,0.4433281768981509,0.0,0.0005191348977743,-0.0008665565454372,0.0736209952301979,0.0021384480967797,0.65625
8,21,0.0,6.0,4,0.199563914128641,0.0558407213264658,0.4467257706117266,0.0,0.0014644700162863,-0.0016097033390748,0.0745083471881618,0.0022882894820403,0.65625
8,21,0.0,6.0,5,0.1994960248476006,0.0558312223423754,0.4466497787390033,0.0,0.0009856141187177,-0.0006030333413674,0.0733657703092723,0.0021007173787615,0.65625
8,21,0.0,6.0,6,0.1928049422499035,0.05488694947485,0.4390955957988005,0.0,0.0010368511929189,0.000480999569368,0.0698785550625603,0.002411396301889,0.65625
8,25,0.0,6.0,1,0.2802845961030532,0.0661773889943552,0.5294191119548417,0.0,0.0005239683723885,0.0012910680148606,0.1272941529412607,0.0060096686182646,0.78125
8,25,0.0,6.0,2,0.2947422599827901,0.0678627129742916,0.5429017037943333,0.0,-0.0007736485705721,0.0001743817231564,0.1334187011609757,0.0050188554562475,0.78125
8,25,0.0,6.0,3,0.2778742591349881,0.0658922248750502,0.5271377990004019,0.0,-8.835693309258957e-05,0.0009348352525527,0.1231208381849644,0.006447921349141,0.78125
8,25,0.0,6.0,4,0.2866074353113687,0.0669196621086817,0.535357296869454,0.0,0.0007109240666783,-0.0015262349388051,0.130015838091906,0.0057564816310071,0.78125
8,25,0.0,6.0,5,0.2969197931738346,0.0681129339284483,0.5449034714275865,0.0,0.0004700344897705,0.0003144064113193,0.1320886340116583,0.007717068914031,0.78125
8,25,0.0,6.0,6,0.3045566732613471,0.0689833169665575,0.5518665357324605,0.0,-0.0001704264919295,0.0003969773064237,0.140736791917249,0.0074974297548981,0.78125
8,28,0.0,6.0,1,0.3415231591606222,0.0730499785207683,0.5843998281661471,0.0,-0.0002921518313597,0.0003516448918184,0.1644294971488135,0.0090422637138657,0.875
8,28,0.0,6.0,2,0.3149762681908058,0.0701534332052348,0.5612274656418784,0.0,-0.0002028590398416,0.0021949845372974,0.1458530254353451,0.0060617242709152,0.875
8,28,0.0,6.0,3,0.3310789584093195,0.0719243263795054,0.5753946110360433,0.0,-0.0002280550662779,-0.0032625445401949,0.1556122933329401,0.0108385499084436,0.875
8,28,0.0,6.0,4,0.3976754710286664,0.0788268941086918,0.6306151528695345,0.0,-0.0003923333332435,-0.0028197024975351,0.20226198060323,0.0146366205974859,0.875
8,28,0.0,6.0,5,0.3288308932133341,0.0716797231192918,0.573437784954335,0.0,-0.0011730337116275,-0.001923020695247,0.1539296072946874,0.0106037106205832,0.875
8,28,0.0,6.0,6,0.3419917817327772,0.0731000792720134,0.5848006341761073,0.0,0.0003131765291351,-0.0014300672458062,0.1652944131689713,0.0117900735350749,0.875
8,32,0.0,6.0,1,0.7082431695866418,0.1051964805722666,0.8415718445781333,0.0,0.0020321203878627,0.002559694840984,0.4087917706446131,0.0518053185449353,1.0
8,32,0.0,6.0,2,0.3702046113857048,0.0760555524133618,0.6084444193068951,0.0,-9.670778920055562e-05,-0.0010126428090978,0.1940933190273022,0.0159595291831293,1.0
8,32,0.0,6.0,3,0.5481564977029508,0.0925469895599452,0.7403759164795617,0.0,0.0001441864391743,0.0015005074365063,0.3023194667551704,0.0282889159425895,1.0
8,32,0.0,6.0,4,0.511642321387521,0.0894114717006717,0.7152917736053735,0.0,9.65548066242472e-05,0.0009679783668585,0.2761957119283613,0.0230978080591592,1.0
8,32,0.0,6.0,5,0.5184132821665671,0.0900011529584627,0.7200092236677021,0.0,0.0009042741522455,0.0021484444021818,0.2778826063659395,0.021248822999489,1.0
8,32,0.0,6.0,6,0.5521830028165057,0.0928862714237572,0.743090171390058,0.0,-3.138799895345307e-05,0.0005141916232382,0.3072857573888067,0.031400025524174,1.0
8,16,0.1,6.0,1,0.1302008581221171,0.0451041950172938,0.3608335601383511,0.0045104195017293,-0.0004189219680892,0.0009476264696608,0.0334789030062678,0.0006127325375441,0.5
8,16,0.1,6.0,2,0.1312439544517108,0.0452845093636663,0.3622760749093305,0.0045284509363666,-0.0004267558184405,-0.000451027397252,0.0336172286985239,0.0006043223927387,0.5
8,16,0.1,6.0,3,0.1321866524767943,0.0454468529708043,0.3635748237664351,0.0045446852970804,-0.0002896144487318,0.0003841758834777,0.0341344952104908,0.0006244391063855,0.5
8,16,0.1,6.0,4,0.1325523696720752,0.0455096778292944,0.3640774226343556,0.0045509677829294,-0.0002862904247055,0.0004496238588473,0.0332592799402803,0.0006578769668798,0.5
8,16,0.1,6.0,5,0.1316509476143408,0.0453546696214852,0.3628373569718818,0.0045354669621485,-0.0003695518282707,0.0006045714824521,0.0338307142364494,0.0006148322522395,0.5
8,16,0.1,6.0,6,0.1310900074043955,0.045257942570268,0.3620635405621443,0.0045257942570268,-0.0007850798611654,0.0007323491212034,0.0348054238787224,0.0007792088692977,0.5
8,18,0.1,6.0,1,0.1527830009114273,0.0488593326728993,0.390874661383195,0.0048859332672899,-0.0014991682658119,-0.0020382653763362,0.043772413238521,0.0015585094419122,0.5625
8,18,0.1,6.0,2,0.1515466483172961,0.048661241044159,0.3892899283532726,0.0048661241044159,-0.0012038491439045,-0.0028388267800033,0.0433582235734185,0.0011757813771223,0.5625
8,18,0.1,6.0,3,0.1489603578574512,0.0482442285825224,0.3859538286601796,0.0048244228582522,-0.0003837391656341,-0.002575549421735,0.0429648196985985,0.0011354911316184,0.5625
8,18,0.1,6.0,4,0.1503495602369463,0.0484686690419933,0.387749352335947,0.0048468669041993,-0.0013063290933278,-0.0017352994378747,0.0424178910995351,0.0013286923478226,0.5625
8,18,0.1,6.0,5,0.1494985661154603,0.0483313055436542,0.3866504443492343,0.0048331305543654,-0.0012782440908641,-0.0017556035773736,0.0413944458840669,0.0009211845421326,0.5625
8,18,0.1,6.0,6,0.1465066519355234,0.0478452342087752,0.3827618736702017,0.0047845234208775,-0.0016471000753592,-0.0025171168771501,0.0418189030325968,0.0010557719811785,0.5625
8,21,0.1,6.0,1,0.1852558820559116,0.0538017021768235,0.4304136174145883,0.0053801702176823,-2.4771243953909845e-06,-0.0009343406441656,0.0604989946616944,0.0019029634804423,0.65625
8,21,0.1,6.0,2,0.1862562739925319,0.0539467726665211,0.431574181332169,0.0053946772666521,-0.0001851509196579,-0.0002834732219655,0.0601783422271486,0.0016864782922064,0.65625
8,21,0.1,6.0,3,0.1851585644458722,0.0537875689120335,0.4303005512962681,0.0053787568912033,5.742050671520558e-05,0.0007500058537666,0.0594706976864533,0.0016251188246491,0.65625
8,21,0.1,6.0,4,0.1812468368143104,0.0532163680198451,0.4257309441587614,0.0053216368019845,-0.0002881847319827,-1.7640061992566652e-05,0.0578715266311912,0.0014271692653824,0.65625
8,21,0.1,6.0,5,0.1854067613002227,0.0538236067661391,0.4305888541291132,0.0053823606766139,-0.0001238528998239,-0.0003840856403056,0.0603921466210642,0.0013258863060053,0.65625
8,21,0.1,6.0,6,0.1831430278061652,0.0534940165763548,0.4279521326108391,0.0053494016576354,-5.870526581351046e-05,0.0002071851110459,0.0600827634565791,0.0014061449230564,0.65625
8,25,0.1,6.0,1,0.286333520276029,0.0668876764009107,0.535101411207286,0.006688767640091,6.986210935077514e-06,-0.0008653292253366,0.1249790310765465,0.0045725462549512,0.78125
8,25,0.1,6.0,2,0.261922848396199,0.0639729982585669,0.5117839860685356,0.0063972998258566,-0.0004828275443316,0.002010291369422,0.1131508504625251,0.0040849393153766,0.78125
8,25,0.1,6.0,3,0.2829788748207817,0.0664946984283312,0.5319575874266498,0.0066494698428331,0.0006296437530594,0.0004147502048022,0.1246538421793154,0.0060950042106276,0.78125
8,25,0.1,6.0,4,0.2717421044750592,0.0651611109667629,0.5212888877341039,0.0065161110966762,-0.0005150305992357,1.5491883434318177e-05,0.1170019804686733,0.0047904618319332,0.78125
8,25,0.1,6.0,5,0.2592533905720051,0.0636461642810278,0.5091693142482225,0.0063646164281027,-0.0002544267530897,-0.0013718432396458,0.1099056811926268,0.003672513656499,0.78125
8,25,0.1,6.0,6,0.2765222157396474,0.0657317246155309,0.5258537969242473,0.006573172461553,0.0002666612598261,5.2568352271346874e-05,0.1220540305779216,0.0041121714916473,0.78125
8,28,0.1,6.0,1,0.3694229356665283,0.0759752154968283,0.6078017239746267,0.0075975215496828,0.000632978585515,1.1212991503539022e-05,0.1888597123747903,0.0093231052885411,0.875
8,28,0.1,6.0,2,0.4209595136705834,0.0811017410485303,0.6488139283882425,0.008110174104853,-0.0003067908078658,-0.0015123355050689,0.2234400794405975,0.0163193636401595,0.875
8,28,0.1,6.0,3,0.3803870568390955,0.0770944081182991,0.6167552649463931,0.0077094408118299,0.0005732199009294,0.0020140903494222,0.1869271670435021,0.0101294312244641,0.875
8,28,0.1,6.0,4,0.3947278124174992,0.0785342095460534,0.6282736763684272,0.0078534209546053,-0.0010068971136906,0.0014378827439938,0.1961002451791828,0.0075197958727352,0.875
8,28,0.1,6.0,5,0.3471395410045342,0.0736481861840184,0.5891854894721477,0.0073648186184018,6.517717157795532e-05,0.0046809028357411,0.1756574221585931,0.00891479740107,0.875
8,28,0.1,6.0,6,0.3686020348513248,0.0758907556593815,0.6071260452750523,0.0075890755659381,0.0003113779744971,0.0007195007502643,0.1890282019263948,0.0094176219294292,0.875
8,32,0.1,6.0,1,0.4390109325927085,0.0828223751275044,0.6625790010200358,0.0082822375127504,0.0011077444504781,-0.0011900081477813,0.2294794109000249,0.0150945202246198,1.0
8,32,0.1,6.0,2,0.4853952905758695,0.0870878947687218,0.6967031581497743,0.0087087894768721,0.0004438270076146,0.0001781699147743,0.2633419359093343,0.0198432169191339,1.0
8,32,0.1,6.0,3,0.4113913152197569,0.0801747422840179,0.6413979382721439,0.0080174742284018,-0.0010735429967628,-0.0039371189275601,0.213664163209523,0.0171647599376834,1.0
8,32,0.1,6.0,4,0.5312510079412462,0.0911087097871656,0.7288696782973252,0.0091108709787165,-0.0028380173275347,-0.0013897425602385,0.2966286718244824,0.0304486677385712,1.0
8,32,0.1,6.0,5,0.5149407638751622,0.0896992164712123,0.7175937317696987,0.0089699216471212,2.96964998226562e-05,-0.0005733456704553,0.2721098724913169,0.0240249071085397,1.0
8,32,0.1,6.0,6,0.3783036607659217,0.0768829935646858,0.6150639485174868,0.0076882993564685,0.0014300155492438,0.0036077744780227,0.195226504647855,0.0167243743588771,1.0
8,16,0.2,6.0,1,0.1302493972393634,0.0451126016969211,0.3609008135753693,0.0090225203393842,0.0003264735329273,0.0008343760237016,0.033956550509793,0.0008044316545699,0.5
8,16,0.2,6.0,2,0.1317208820011739,0.0453667144641128,0.3629337157129025,0.0090733428928225,0.0002538208359964,0.0013994662468539,0.0353756968736503,0.000667031847002,0.5
8,16,0.2,6.0,3,0.1280532026584502,0.0447306527063744,0.3578452216509957,0.0089461305412748,0.0003190028521473,0.0006713955809131,0.033406596676741,0.0006100627538166,0.5
8,16,0.2,6.0,4,0.1287135907934014,0.0448458454725395,0.3587667637803165,0.0089691690945079,0.0004141556077931,0.0011549604934342,0.0333928472303708,0.0007181513512433,0.5
8,16,0.2,6.0,5,0.128804690374976,0.0448617129310618,0.3588937034484946,0.0089723425862123,0.0004631907348155,0.0013558404025235,0.0336436473939439,0.0006999302379595,0.5
8,16,0.2,6.0,6,0.1302730434723973,0.0451166965131115,0.3609335721048921,0.0090233393026223,0.000417486837196,0.0006980927174557,0.0353300546534457,0.0006755934906903,0.5
8,18,0.2,6.0,1,0.1482262193444346,0.048125197945118,0.3850015835609441,0.0096250395890236,-0.0002167884140568,0.0014004530767809,0.0415068929139409,0.0012079530187899,0.5625
8,18,0.2,6.0,2,0.1453426056906135,0.0476547816479714,0.3812382531837716,0.0095309563295942,-1.2468108608256357e-06,0.0012553400612831,0.0417213459958258,0.0008742544624742,0.5625
8,18,0.2,6.0,3,0.1435122021531883,0.0473537554861656,0.3788300438893255,0.0094707510972331,-0.0001464638935464,0.0017908656426054,0.0397884260027696,0.0011966834078878,0.5625
8,18,0.2,6.0,4,0.1455557558255056,0.0476897125675289,0.3815177005402314,0.0095379425135057,-7.794726409232535e-05,0.0012629187735606,0.0414548611099482,0.000840161540438,0.5625
8,18,0.2,6.0,5,0.1461159228178616,0.0477813906665459,0.3822511253323679,0.0095562781333091,-3.6761307331975254e-05,0.0020608960922459,0.0420559434589637,0.0009211544949,0.5625
8,18,0.2,6.0,6,0.1507714707060331,0.0485366277133235,0.3882930217065883,0.0097073255426647,8.564781384478367e-05,0.0018523124335014,0.0440641047255049,0.0009174005043613,0.5625
8,21,0.2,6.0,1,0.1801282356562549,0.053051896121901,0.4244151689752086,0.0106103792243802,-9.509962908584055e-05,0.0001033166663429,0.0566564148658008,0.001909262990621,0.65625
8,21,0.2,6.0,2,0.1836530564734285,0.0535684516053742,0.4285476128429938,0.0107136903210748,-0.0004119057998384,-0.0003328079456462,0.0587779683173702,0.001851698871269,0.65625
8,21,0.2,6.0,3,0.1776399585492503,0.0526841945210519,0.4214735561684153,0.0105368389042103,-5.9582322485481976e-05,-0.0003452286585317,0.0558598618454349,0.0014833805368703,0.65625
8,21,0.2,6.0,4,0.1858368291524048,0.0538859949848411,0.4310879598787292,0.0107771989969682,0.0001794262508504,0.0005063065775397,0.0593425513557192,0.0021382049068617,0.65625
8,21,0.2,6.0,5,0.1813278797118967,0.0532282643010119,0.4258261144080958,0.0106456528602023,0.0005540391622997,5.090924736593158e-05,0.0564744398206447,0.0019915687839385,0.65625
8,21,0.2,6.0,6,0.1777242854848616,0.0526966978159064,0.4215735825272518,0.0105393395631812,0.000684993993498,-0.0008385961350614,0.0579274094006269,0.001895729764665,0.65625
8,25,0.2,6.0,1,0.2658115315831286,0.0644461417075249,0.5155691336601995,0.0128892283415049,0.0001094748708149,0.0003695761174055,0.1154406790587294,0.0045193892108804,0.78125
8,25,0.2,6.0,2,0.2631333697110255,0.0641206589309153,0.5129652714473227,0.012824131786183,9.657435111907326e-05,-0.0009927773029851,0.11510677515781,0.0044336175279677,0.78125
8,25,0.2,6.0,3,0.2627972452696661,0.0640796922381696,0.5126375379053568,0.0128159384476339,0.0009429864392207,-0.0001990305422468,0.1129654117921804,0.0039766668467122,0.78125
8,25,0.2,6.0,4,0.2580726175502651,0.0635010602212505,0.5080084817700046,0.0127002120442501,-0.0005557365659788,0.0003644636549358,0.1086651957854968,0.0039266430267246,0.78125
8,25,0.2,6.0,5,0.2672487059556994,0.0646201286795206,0.516961029436165,0.0129240257359041,0.0001456326353773,0.0006874060836078,0.1175079079832191,0.0049299756166264,0.78125
8,25,0.2,6.0,6,0.2620329085466439,0.0639864375945505,0.5118915007564044,0.0127972875189101,-0.0002326098098068,0.000613735046388,0.1123469171594641,0.0046220172845299,0.78125
8,28,0.2,6.0,1,0.3129583861156096,0.0699283546428514,0.5594268371428114,0.0139856709285702,-0.0003937780445014,-0.0029869510355535,0.1495759551290819,0.0074732708152088,0.875
8,28,0.2,6.0,2,0.2977359721474614,0.0682064847709078,0.5456518781672628,0.0136412969541815,-0.0023153588633737,0.0020799534530797,0.1413082716598375,0.0093007667577233,0.875
8,28,0.2,6.0,3,0.3115283710047272,0.0697684083016723,0.5581472664133788,0.0139536816603344,0.000389667400172,0.0018391387566907,0.1483679538328734,0.0088481251320593,0.875
8,28,0.2,6.0,4,0.342546247882607,0.0731593133043615,0.5852745064348925,0.0146318626608723,-0.0004946010574494,-0.0003623033427178,0.1700785134670985,0.0153631704269943,0.875
8,28,0.2,6.0,5,0.2924489136946401,0.067598182493901,0.5407854599512085,0.0135196364987802,0.0003156983818538,-0.0023107583652255,0.1307699763737278,0.007068023954303,0.875
8,28,0.2,6.0,6,0.2954812506229705,0.0679477338914545,0.543581871131636,0.0135895467782909,-0.0005503680701102,-0.0001871488267666,0.1384418328492473,0.0073569671849511,0.875
8,32,0.2,6.0,1,0.3692450327436,0.0759569196098601,0.6076553568788808,0.015191383921972,0.0004587212499588,0.0029389582795262,0.1788412587801358,0.0089671008481263,1.0
8,32,0.2,6.0,2,0.3844460641375585,0.0775046434231482,0.6200371473851857,0.0155009286846296,-0.0002603246550144,-0.0026540223883564,0.1824353811835316,0.0117549720074882,1.0
8,32,0.2,6.0,3,0.4249854529621312,0.0814886354195068,0.6519090833560545,0.0162977270839013,-0.0007563252764922,0.0007002083355145,0.2071994204041923,0.0369506245472767,1.0
8,32,0.2,6.0,4,0.3546805785259249,0.0744438314400029,0.5955506515200238,0.0148887662880005,0.0005237652434529,0.0031617700438132,0.1651785926294611,0.0117470608113811,1.0
8,32,0.2,6.0,5,0.347361085387364,0.0736716835641589,0.5893734685132713,0.0147343367128317,0.0007301115498107,0.0003424861095435,0.1691823970393269,0.0119801320368491,1.0
8,32,0.2,6.0,6,0.4042124525035471,0.0794721307778262,0.6357770462226103,0.0158944261555652,0.0005076175468939,-0.0023306120307896,0.2018995145927734,0.0177370676983982,1.0
8,16,0.3,6.0,1,0.1275556874268597,0.0446436738636582,0.357149390909266,0.0133931021590974,0.0020079184487661,-0.0001182456531872,0.0345576827767033,0.0006153983688362,0.5
8,16,0.3,6.0,2,0.1333856918103307,0.0456525074287975,0.3652200594303805,0.0136957522286392,0.0021172072411778,0.000265522407896,0.0360084287843773,0.0010136111583391,0.5
8,16,0.3,6.0,3,0.1293477620643394,0.0449561873634242,0.3596494989073938,0.0134868562090272,0.0020621411977932,0.0004423184710512,0.0349817034190918,0.0007199598393173,0.5
8,16,0.3,6.0,4,0.1303919591498788,0.045137283499529,0.3610982679962323,0.0135411850498587,0.0023562461563832,0.0001598184681168,0.0355771087190486,0.0007811564464326,0.5
8,16,0.3,6.0,5,0.1297213100130671,0.0450210558400641,0.3601684467205132,0.0135063167520192,0.0022411429251032,-0.0003165979128197,0.0353733506991925,0.0007441860086356,0.5
8,16,0.3,6.0,6,0.1283810947297509,0.0447878845800106,0.3583030766400855,0.0134363653740032,0.0017898698338326,0.0003899484204744,0.0348321684558635,0.0006798007674041,0.5
8,18,0.3,6.0,1,0.1437624965496509,0.0473950314757601,0.3791602518060812,0.014218509442728,5.986308833250305e-05,0.0001246506916048,0.0408402892771187,0.0008125803870309,0.5625
8,18,0.3,6.0,2,0.1433308644310754,0.0473238286356414,0.3785906290851313,0.0141971485906924,4.6798419245978017e-05,0.0003113791394723,0.0405832173007798,0.0009180077339661,0.5625
8,18,0.3,6.0,3,0.1441314149435879,0.0474558042655854,0.3796464341246839,0.0142367412796756,0.0001371685283438,-0.0005077492711276,0.0407716849640395,0.0009117628377063,0.5625
8,18,0.3,6.0,4,0.1467630551528772,0.0478870831933174,0.3830966655465395,0.0143661249579952,8.541421303863298e-05,0.0002194940555144,0.0426705499272799,0.0012644717086924,0.5625
8,18,0.3,6.0,5,0.1447584760188982,0.047558923324601,0.3804713865968087,0.0142676769973803,0.0002959449856212,0.0002314834706604,0.0417953843657391,0.0009149061411449,0.5625
8,18,0.3,6.0,6,0.1398388671394735,0.0467437942304031,0.3739503538432254,0.0140231382691209,0.0001943299547133,0.000197825499149,0.0402873249492792,0.0009911994559045,0.5625
8,21,0.3,6.0,1,0.1800923817163415,0.0530466159553824,0.4243729276430596,0.0159139847866147,-0.0003155144568725,4.894299365465482e-05,0.0586373077787866,0.0034188894102586,0.65625
8,21,0.3,6.0,2,0.1678595211033616,0.0512133285116289,0.4097066280930315,0.0153639985534886,-0.0002693021506566,-0.0006169556739796,0.0525495068077484,0.0013094956133714,0.65625
8,21,0.3,6.0,3,0.1688380851681275,0.0513623897492318,0.4108991179938545,0.0154087169247695,0.0004277531367624,0.0005680810922913,0.0522242857378066,0.001568615442461,0.65625
8,21,0.3,6.0,4,0.1691445422067757,0.0514089824056153,0.4112718592449229,0.0154226947216846,7.001721425453427e-05,-0.0001927208210373,0.0514108523023262,0.0020939483083414,0.65625
8,21,0.3,6.0,5,0.1679492828828531,0.0512270196775547,0.4098161574204378,0.0153681059032664,-9.634100002342464e-06,-0.0004011172266372,0.0509593592513799,0.0016010312145709,0.65625
8,21,0.3,6.0,6,0.1654239626626351,0.0508404309246457,0.4067234473971658,0.0152521292773937,9.453379357316134e-05,3.3454449502132166e-05,0.0506677498328552,0.0012071848000556,0.65625
8,25,0.3,6.0,1,0.234750546410617,0.0605638282117791,0.4845106256942329,0.0181691484635337,0.0002205839741333,0.0014165978350224,0.0983621348546607,0.0041218601996899,0.78125
8,25,0.3,6.0,2,0.2396214071159033,0.0611889245385632,0.4895113963085061,0.0183566773615689,-0.0006565977399065,-0.0006534532962875,0.0973002884548214,0.0039116379574497,0.78125
8,25,0.3,6.0,3,0.2324071857251643,0.0602607855653715,0.4820862845229724,0.0180782356696114,-0.0008869336893317,-0.0006514164254013,0.0951151766306205,0.0033635152279437,0.78125
8,25,0.3,6.0,4,0.2539566704809697,0.0629926422391151,0.5039411379129211,0.0188977926717345,0.0003832470742209,0.0001620234297525,0.1039933679948483,0.0043020476782836,0.78125
8,25,0.3,6.0,5,0.2435630228579923,0.0616901307516537,0.4935210460132296,0.0185070392254961,-0.0007347111981292,-0.00019378093554,0.0999207212920763,0.0032452642713858,0.78125
8,25,0.3,6.0,6,0.2400725378032616,0.0612464970686157,0.4899719765489263,0.0183739491205847,9.091951614604404e-05,-0.0007060741216978,0.1014328641929933,0.0045853320939258,0.78125
8,28,0.3,6.0,1,0.359115560719544,0.0749078142535401,0.5992625140283213,0.022472344276062,0.0015567629904164,0.0007342122047513,0.1807431027734907,0.0104081591103765,0.875
8,28,0.3,6.0,2,0.3549551608028956,0.0744726418730075,0.5957811349840607,0.0223417925619022,-0.0015595293146174,-0.002762160356615,0.1877133089975206,0.0151846959400302,0.875
8,28,0.3,6.0,3,0.3726336975508135,0.0763046625327146,0.6104373002617169,0.0228913987598143,0.0006093196699274,0.0025991813920118,0.196732213961222,0.0129914384226028,0.875
8,28,0.3,6.0,4,0.3627321016724719,0.0752840560054542,0.6022724480436341,0.0225852168016362,-0.0002093941471092,-0.0003727470927982,0.180628119663042,0.0100452640215346,0.875
8,28,0.3,6.0,5,0.359979301532477,0.0749978438786406,0.599982751029125,0.0224993531635921,0.0007395134265167,-0.0011692704259715,0.1811745050461553,0.0111301961284153,0.875
8,28,0.3,6.0,6,0.3765888836092596,0.0767085478052784,0.6136683824422272,0.0230125643415835,0.0013986283996921,0.0006261670100098,0.1931971142636,0.0109247215640782,0.875
8,32,0.3,6.0,1,0.3188274915270114,0.0705810141263892,0.5646481130111136,0.0211743042379167,-0.0005471603919683,-0.0002635352189381,0.1471169601106292,0.0075031034330944,1.0
8,32,0.3,6.0,2,0.3750712920065239,0.0765538303261302,0.6124306426090419,0.022966149097839,-0.0017878724247633,-0.0002501510352782,0.1796034368029801,0.0097017596271775,1.0
8,32,0.3,6.0,3,0.3144250999859546,0.0700920265599486,0.5607362124795888,0.0210276079679845,-0.0012722656155822,-0.0003606864804907,0.141389260758202,0.0072293540389549,1.0
8,32,0.3,6.0,4,0.3455478988362517,0.0734791529572601,0.5878332236580812,0.022043745887178,-0.0007984266613263,-0.0013214701775368,0.1646016530817219,0.0087215100825504,1.0
8,32,0.3,6.0,5,0.3265905139720618,0.0714351228795294,0.5714809830362353,0.0214305368638588,-0.0013061064349728,-0.0005869890475443,0.1563798116559691,0.0124425084947967,1.0
8,32,0.3,6.0,6,0.3488001256386817,0.0738241285969865,0.590593028775892,0.0221472385790959,-0.0011990467783427,0.0005579339074051,0.1664935839392273,0.0150298362593921,1.0
8,16,0.4,6.0,1,0.1265053097277813,0.044459481154154,0.3556758492332327,0.0177837924616616,0.0017134763169802,-0.0006512164314066,0.0348591857101171,0.0006247376029321,0.5
8,16,0.4,6.0,2,0.1323360338464715,0.0454725249887348,0.363780199909879,0.0181890099954939,0.0009617683426242,-0.0011878552169117,0.0350754764063355,0.001599396133197,0.5
8,16,0.4,6.0,3,0.124772977139501,0.0441540232346351,0.3532321858770815,0.017661609293854,0.0017946475150062,-0.0004992807863133,0.0341018709849519,0.0007784772494302,0.5
8,16,0.4,6.0,4,0.1262044882809991,0.0444065888060613,0.3552527104484907,0.0177626355224245,0.0017407752238403,-0.0005071520257492,0.0337714769905839,0.0008065120341761,0.5
8,16,0.4,6.0,5,0.1259990678237554,0.044370434241127,0.3549634739290163,0.0177481736964508,0.0019148798613059,-0.0011412770996868,0.0337721496306014,0.0006221259004542,0.5
8,16,0.4,6.0,6,0.1254488565536727,0.0442734500988022,0.3541876007904183,0.0177093800395209,0.0014952805769381,-0.0012427721466719,0.0341616374254353,0.0006734034095138,0.5
8,18,0.4,6.0,1,0.1404317880810715,0.0468427869449154,0.3747422955593237,0.0187371147779661,-0.0003267262379904,-0.0008208095635891,0.0415683396659751,0.0013286234509455,0.5625
8,18,0.4,6.0,2,0.1419199644302078,0.0470903328106947,0.3767226624855582,0.0188361331242779,-0.000903581285734,-0.0011422868601377,0.0415017598352856,0.0012537380553507,0.5625
8,18,0.4,6.0,3,0.1378874783804204,0.0464165040658392,0.3713320325267139,0.0185666016263356,-0.0006538339798773,-0.0006091468218831,0.040204444192689,0.0009917460619546,0.5625
8,18,0.4,6.0,4,0.1387190392259198,0.0465562561628939,0.3724500493031513,0.0186225024651575,-0.0003296008833094,-0.0007100513291607,0.0407954825909812,0.0009924250959482,0.5625
8,18,0.4,6.0,5,0.1423165906729525,0.0471560889945814,0.3772487119566513,0.0188624355978325,-0.0007085906892233,-0.0011516451507061,0.0427020301931455,0.0011758642004102,0.5625
8,18,0.4,6.0,6,0.1377471785751405,0.0463928837779736,0.3711430702237893,0.0185571535111894,-0.000833298884605,-0.0016002057861767,0.0394999119518621,0.0007913602797461,0.5625
8,21,0.4,6.0,1,0.1530216037799932,0.0488974698636074,0.3911797589088592,0.0195589879454429,-1.4926182585860128e-05,0.0006641341295959,0.0435419982442535,0.0011196056839543,0.65625
8,21,0.4,6.0,2,0.1553544832092377,0.0492687913404047,0.3941503307232378,0.0197075165361618,0.0001237922902793,7.18262363468003e-06,0.0477719896274649,0.001059993590099,0.65625
8,21,0.4,6.0,3,0.1527780200010118,0.0488585362297706,0.3908682898381651,0.0195434144919082,-0.0001808194075714,-7.988418679903686e-06,0.0450326743911112,0.0013670773412359,0.65625
8,21,0.4,6.0,4,0.1547158589804186,0.0491674210892644,0.3933393687141152,0.0196669684357057,0.0004460406369717,-0.0005893102385317,0.0449245135614715,0.0010894968207058,0.65625
8,21,0.4,6.0,5,0.1589107097095739,0.0498295077159316,0.3986360617274532,0.0199318030863726,-0.0004839666122056,0.0006581140655074,0.0467614374680537,0.001337020909397,0.65625
8,21,0.4,6.0,6,0.153026049597022,0.0488981801803857,0.391185441443086,0.0195592720721543,-0.0001833437553084,0.0002469209795889,0.0448635864707586,0.0012349148180542,0.65625
8,25,0.4,6.0,1,0.2035106867177099,0.0563901984387731,0.4511215875101855,0.0225560793755092,-0.0001362581452093,0.006572300986502,0.0733573880664084,0.0032649152358725,0.78125
8,25,0.4,6.0,2,0.1940927491018966,0.055069948290489,0.4405595863239122,0.0220279793161956,-0.0003113385062165,0.0069568103035888,0.068052779273921,0.0023805641797101,0.78125
8,25,0.4,6.0,3,0.2060449937337329,0.0567402240662616,0.4539217925300932,0.0226960896265046,0.0001080168299585,0.0069641621813873,0.0751330812335468,0.0040288088131518,0.78125
8,25,0.4,6.0,4,0.1986547095554714,0.0557133721543063,0.445706977234451,0.0222853488617225,-0.0004346414919258,0.0050064150156698,0.0709649242199831,0.0029419712086061,0.78125
8,25,0.4,6.0,5,0.2014784882620953,0.0561079439927648,0.4488635519421189,0.0224431775971059,-0.0004764574170218,0.0072799472141884,0.0727091483215454,0.0053813249479126,0.78125
8,25,0.4,6.0,6,0.1956490525921093,0.0552902925182324,0.4423223401458594,0.0221161170072929,4.936226364604993e-06,0.0085445071756614,0.0701376631246378,0.0027157020637689,0.78125
8,28,0.4,6.0,1,0.3109317468003533,0.0697015677281043,0.5576125418248349,0.0278806270912417,0.0013838762968114,-0.0012653557927042,0.1463990245481345,0.0082148710053613,0.875
8,28,0.4,6.0,2,0.293836511247554,0.0677583610209325,0.5420668881674604,0.027103344408373,0.0005250308508448,0.0007042610950903,0.1363331630518837,0.010190043924033,0.875
8,28,0.4,6.0,3,0.2861680858304731,0.0668683508178655,0.5349468065429245,0.0267473403271462,0.0005994828043335,0.001444604165738,0.130082021418386,0.0060863212640731,0.875
8,28,0.4,6.0,4,0.2929575448680649,0.0676569408010997,0.5412555264087979,0.0270627763204398,-0.0015624449889499,0.0004988801833617,0.1322433341071155,0.0073237532102619,0.875
8,28,0.4,6.0,5,0.293055904779597,0.0676682976893996,0.5413463815151968,0.0270673190757598,0.0002668761893661,0.0001825432111034,0.1346914506044548,0.0113064705771397,0.875
8,28,0.4,6.0,6,0.2683188695628199,0.0647493809771109,0.5179950478168879,0.0258997523908443,0.0006037057838475,0.0009178224433021,0.120676542296893,0.0044579679776191,0.875
8,32,0.4,6.0,1,0.3488040515542698,0.0738245440591099,0.5905963524728797,0.0295298176236439,0.0047853056509235,-0.0019984366436747,0.1642112379183214,0.0213346553464055,1.0
8,32,0.4,6.0,2,0.3108083820476653,0.0696877390183866,0.5575019121470933,0.0278750956073546,0.0031011251434903,-0.0019203130827546,0.1373446411261138,0.0098151974960508,1.0
8,32,0.4,6.0,3,0.3001747884571947,0.0684852616965407,0.5478820935723258,0.0273941046786162,0.0039874734802985,0.0023224492441579,0.1325381999495647,0.0120946905004421,1.0
8,32,0.4,6.0,4,0.3104005256756679,0.0696420003566979,0.5571360028535832,0.0278568001426791,0.0030710234867872,0.0037104735357341,0.1382841452403704,0.0070895222018998,1.0
8,32,0.4,6.0,5,0.2691675287664944,0.0648516972559429,0.5188135780475434,0.0259406789023771,0.0046196812264679,0.0016191011179736,0.1146499927715834,0.0049394388071727,1.0
8,32,0.4,6.0,6,0.2855925037945285,0.0668010693910622,0.5344085551284977,0.0267204277564248,0.0039568380915722,-0.0001947932721565,0.1212393654386049,0.0050715224138841,1.0
8,16,0.5,6.0,1,0.1146550931607977,0.0423259474865887,0.3386075798927097,0.0211629737432943,0.0013945622019642,3.4625400948722074e-05,0.0337330955794912,0.0009618637578653,0.5
8,16,0.5,6.0,2,0.1150775299020251,0.0424038489375568,0.339230791500455,0.0212019244687784,0.0013717539681724,-9.290317924059988e-05,0.033981424552832,0.0008414305800238,0.5
8,16,0.5,6.0,3,0.114647181493537,0.0423244871302242,0.3385958970417938,0.0211622435651121,0.001508778719283,0.0001731667217288,0.0341197559294216,0.0008971468904265,0.5
8,16,0.5,6.0,4,0.1209816432330106,0.0434780194525439,0.3478241556203517,0.0217390097262719,0.0012614335698881,9.190537311100366e-05,0.0374095214351193,0.0009470179747844,0.5
8,16,0.5,6.0,5,0.1177397808103003,0.042891538503077,0.3431323080246166,0.0214457692515385,0.0009041679673104,0.0001522420962603,0.0345424562602941,0.0008789174926105,0.5
8,16,0.5,6.0,6,0.1180376189376078,0.0429457541079455,0.3435660328635644,0.0214728770539727,0.0014212213236493,-0.0005229986668565,0.0359399404046383,0.0008326983281405,0.5
8,18,0.5,6.0,1,0.1315100614227445,0.045330394987584,0.3626431599006723,0.022665197493792,0.0019365113993422,0.0009320533868936,0.0410331913285847,0.0010780053947251,0.5625
8,18,0.5,6.0,2,0.1311296031204658,0.0452647771314217,0.3621182170513737,0.0226323885657108,0.0021047957972272,-2.7494674845678777e-05,0.0416914030045262,0.0009425644255075,0.5625
8,18,0.5,6.0,3,0.1292608398364758,0.0449410794534903,0.359528635627923,0.0224705397267451,0.002755739258046,0.0004836047015138,0.0402979474462257,0.0015114715445755,0.5625
8,18,0.5,6.0,4,0.129406920959418,0.0449664668390891,0.3597317347127134,0.0224832334195445,0.0020959925100849,0.0006915790363196,0.0400709801734586,0.0011132227281887,0.5625
8,18,0.5,6.0,5,0.127946827822377,0.0447120697879738,0.3576965583037906,0.0223560348939869,0.0023899192351068,0.0003138761512727,0.0395511020929689,0.0009166879643092,0.5625
8,18,0.5,6.0,6,0.1320932806748503,0.0454307991405008,0.3634463931240071,0.0227153995702504,0.0021419630627987,0.0002728329780224,0.041239588823132,0.0013156169964639,0.5625
8,21,0.5,6.0,1,0.1413086755546006,0.0469888077688786,0.3759104621510295,0.0234944038844393,-0.0002770121255369,-0.0021421702516977,0.0415745139565742,0.0012304421783914,0.65625
8,21,0.5,6.0,2,0.1402338774633267,0.0468097675209403,0.3744781401675227,0.0234048837604701,-0.0004458066533679,-0.0012035699275161,0.0422837541921194,0.0013962502912778,0.65625
8,21,0.5,6.0,3,0.1471192739516412,0.0479451630041487,0.38356130403319,0.0239725815020743,-5.2539355146639845e-05,-0.0020065482689016,0.0450116064356047,0.0012618038950057,0.65625
8,21,0.5,6.0,4,0.1424418183505626,0.0471768313023198,0.3774146504185584,0.0235884156511599,-0.0005737243913677,-0.0019866660319208,0.0426810331529906,0.0010724460336428,0.65625
8,21,0.5,6.0,5,0.1456390908421225,0.0477033625063073,0.3816269000504584,0.0238516812531536,-8.93926713476566e-05,-0.0021445528166134,0.0447948421469372,0.0011742442901103,0.65625
8,21,0.5,6.0,6,0.1432153927087319,0.0473047620337946,0.3784380962703569,0.0236523810168973,-9.514407122740768e-05,-0.0015562674194164,0.0421735992395991,0.0009934955610039,0.65625
8,25,0.5,6.0,1,0.1709925306891415,0.0516890538897534,0.4135124311180276,0.0258445269448767,-9.165114252200047e-05,0.0001852065667004,0.0585077771738088,0.0019981104793407,0.78125
8,25,0.5,6.0,2,0.1747605013119088,0.052255457447032,0.4180436595762563,0.026127728723516,-0.0019063318564268,0.000164648978207,0.0605464170719082,0.002502273684114,0.78125
8,25,0.5,6.0,3,0.1807716709177649,0.053146564875729,0.4251725190058324,0.0265732824378645,-0.0012341790021788,0.0003076851422438,0.0616679937093306,0.0025017645230351,0.78125
8,25,0.5,6.0,4,0.174073343971685,0.0521526221733632,0.4172209773869059,0.0260763110866816,-0.0017044142478746,-6.128426718027616e-05,0.0599126401498211,0.001846812442147,0.78125
8,25,0.5,6.0,5,0.1764541270262125,0.0525080539992158,0.420064431993727,0.0262540269996079,-0.0010991751561336,0.0002436338076437,0.0615099276973533,0.0020741814013781,0.78125
8,25,0.5,6.0,6,0.1785333199480334,0.0528165042783789,0.4225320342270316,0.0264082521391894,-0.0012711582384961,0.0007540153658459,0.0627757988971079,0.0030966322078129,0.78125
8,28,0.5,6.0,1,0.1867307718520304,0.0540154451077465,0.432123560861972,0.0270077225538732,0.0003928292070243,3.876491961992898e-05,0.0646682465750164,0.0029017763260506,0.875
8,28,0.5,6.0,2,0.1899724322317159,0.0544822838509965,0.4358582708079725,0.0272411419254982,-0.0014889337870065,0.0025595356532337,0.0641218423800681,0.0041113691886776,0.875
8,28,0.5,6.0,3,0.1803022573994049,0.0530775166324282,0.4246201330594263,0.0265387583162141,0.0003205542300838,0.0021617414781122,0.0609720659220061,0.0019221863779411,0.875
8,28,0.5,6.0,4,0.2023964440286508,0.0562356153869384,0.4498849230955076,0.0281178076934692,-0.0004251688062466,0.0003141910871827,0.071469835083208,0.0050495873537913,0.875
8,28,0.5,6.0,5,0.1923827736476624,0.0548268258997794,0.4386146071982356,0.0274134129498897,-0.00059637123047,0.0002330434950451,0.0624138215555914,0.0026765150548274,0.875
8,28,0.5,6.0,6,0.1811634265657046,0.0532041214577323,0.4256329716618587,0.0266020607288661,-0.0005270677931612,-0.0001685710756528,0.0614857908572974,0.0021699209377103,0.875
8,32,0.5,6.0,1,0.2735847577493344,0.0653816628714301,0.5230533029714414,0.032690831435715,-0.0035945166075225,0.0006814267038152,0.115861319468234,0.004204067295199,1.0
8,32,0.5,6.0,2,0.2497809463999033,0.0624726122992987,0.4997808983943897,0.0312363061496493,-0.0034780549806964,-0.0010813499159234,0.1047607281714033,0.0036327866375957,1.0
8,32,0.5,6.0,3,0.258140276551455,0.0635093837248991,0.5080750697991931,0.0317546918624495,-0.0038833170930217,0.0027319936311789,0.1048255772272285,0.0040504500728375,1.0
8,32,0.5,6.0,4,0.2580265711563136,0.063495394906382,0.507963159251056,0.031747697453191,-0.0044945915775975,0.0011322247756472,0.1071802638146453,0.0039336499448305,1.0
8,32,0.5,6.0,5,0.2669323442177259,0.0645818695796426,0.5166549566371409,0.0322909347898213,-0.00428334926649,-0.0020223024984805,0.1124452852435383,0.0067596533298176,1.0
8,32,0.5,6.0,6,0.2483471927501222,0.0622930564888307,0.4983444519106461,0.0311465282444153,-0.0042255090219471,-0.0011937905466014,0.1039143152486108,0.0043448266393132,1.0
8,16,0.6,6.0,1,0.0997255091594231,0.0394741824565878,0.3157934596527026,0.0236845094739526,3.9108164487349135e-05,-0.0001439464263843,0.026236290694691,0.0004846126484062,0.5
8,16,0.6,6.0,2,0.0972792376892147,0.038987024622225,0.3118961969778002,0.023392214773335,0.0003283490947189,-0.0006888973792519,0.0254086633848522,0.0009321222208539,0.5
8,16,0.6,6.0,3,0.097000820642505,0.0389311934384131,0.3114495475073051,0.0233587160630478,0.0001715141711432,0.0001439133498401,0.0252709266626885,0.0006420852672345,0.5
8,16,0.6,6.0,4,0.0983574399092981,0.0392024871479193,0.3136198971833549,0.0235214922887516,-9.71806316327566e-05,0.0005233457061588,0.0264216037906339,0.0006934249894957,0.5
8,16,0.6,6.0,5,0.0988091597089199,0.039292405378799,0.3143392430303921,0.0235754432272794,8.079007710326189e-05,0.0002190655325564,0.0254832011625259,0.0006591578121578,0.5
8,16,0.6,6.0,6,0.0981555238587912,0.0391622274684882,0.3132978197479057,0.0234973364810929,5.407198151558988e-06,0.000584444279344,0.0265588003309118,0.0007087082108026,0.5
8,18,0.6,6.0,1,0.1074452312248072,0.0409735492468935,0.3277883939751485,0.0245841295481361,-0.0011673529003698,0.0005680323774098,0.0283867333468435,0.0006376500615483,0.5625
8,18,0.6,6.0,2,0.1054902908466028,0.0405990861286084,0.3247926890288679,0.024359451677165,-0.0016389724360199,0.0002485037130052,0.0267623284100758,0.0006086553735207,0.5625
8,18,0.6,6.0,3,0.103484616320787,0.0402112811287118,0.3216902490296948,0.0241267686772271,-0.0007550330514239,0.0007001280310158,0.0283729468079735,0.0008795492407257,0.5625
8,18,0.6,6.0,4,0.1041903212396331,0.0403481569513313,0.3227852556106508,0.0242088941707988,-0.0011535473012205,0.0009381093275929,0.0270887563705967,0.0006919218838264,0.5625
8,18,0.6,6.0,5,0.1058656200353858,0.0406712467604929,0.3253699740839432,0.0244027480562957,-0.0017284363474562,0.0003530428662061,0.0270939378677401,0.0005280274442311,0.5625
8,18,0.6,6.0,6,0.1039793438056831,0.0403072852839756,0.3224582822718052,0.0241843711703853,-0.0015889518475928,0.0005458777836966,0.026762928293136,0.0006849688421242,0.5625
8,21,0.6,6.0,1,0.1182237378799528,0.0429795986995488,0.3438367895963909,0.0257877592197293,0.0004325255083587,0.0006180061181742,0.0296444507445492,0.0007628203342032,0.65625
8,21,0.6,6.0,2,0.1179609446767851,0.0429318036026297,0.3434544288210376,0.0257590821615778,-0.0003493178612707,0.000325899879175,0.0295131315133407,0.0010362748773173,0.65625
8,21,0.6,6.0,3,0.1243539126587674,0.0440798126730733,0.3526385013845871,0.026447887603844,0.0002931941375949,0.0008233959352319,0.0316521693258477,0.0008865224884488,0.65625
8,21,0.6,6.0,4,0.124467039936566,0.0440998582651786,0.3527988661214291,0.0264599149591071,0.0003471505774027,0.0011455331946387,0.0333451188435554,0.0014470365421657,0.65625
8,21,0.6,6.0,5,0.1211673625294812,0.0435113782765283,0.3480910262122269,0.026106826965917,-6.74765424031992e-05,0.0010362203332935,0.0302014598293757,0.0007732901176724,0.65625
8,21,0.6,6.0,6,0.1223150431108878,0.0437169595078114,0.3497356760624912,0.0262301757046868,0.0002760903433881,-0.0003395908642264,0.0317973917174198,0.0008783270077714,0.65625
8,25,0.6,6.0,1,0.161992847014871,0.0503104187480819,0.4024833499846559,0.0301862512488491,0.0023646314146419,-0.0003240958118343,0.0539391413416401,0.0025243751939398,0.78125
8,25,0.6,6.0,2,0.1612806390820723,0.0501997010514742,0.4015976084117936,0.0301198206308845,0.0016157883711679,-0.0001412630088631,0.0497355520077049,0.0017718241815839,0.78125
8,25,0.6,6.0,3,0.1513605938984595,0.0486313610714673,0.3890508885717388,0.0291788166428804,0.0018395645457188,0.0006295317761319,0.0459248846704567,0.0012679970463277,0.78125
8,25,0.6,6.0,4,0.1503757175406847,0.0484728850655002,0.3877830805240022,0.0290837310393001,0.0015877560704838,7.209113558378707e-05,0.0470368084090022,0.001521836924986,0.78125
8,25,0.6,6.0,5,0.1536597331045607,0.0489993196866932,0.3919945574935457,0.0293995918120159,0.001782947864275,0.0013788172558789,0.0498686687823811,0.0020813530291214,0.78125
8,25,0.6,6.0,6,0.1558317015660492,0.0493444053259284,0.3947552426074279,0.029606643195557,0.0018024835084309,-0.0007378412873571,0.0482933335939232,0.0018254350760861,0.78125
8,28,0.6,6.0,1,0.1709392363830226,0.0516809981374656,0.4134479850997252,0.0310085988824793,0.0003103720771187,-0.0056544435507587,0.0533109387131812,0.0023790676630628,0.875
8,28,0.6,6.0,2,0.1678287524982271,0.0512086346018403,0.4096690768147227,0.0307251807611042,-0.0006566303591728,-0.0075372142317862,0.0538166374057948,0.0016495800764808,0.875
8,28,0.6,6.0,3,0.1703396118578604,0.0515902746191476,0.4127221969531811,0.0309541647714885,-0.0002564515784668,-0.0066453760553227,0.0538754598230884,0.0020688832479034,0.875
8,28,0.6,6.0,4,0.1685524827519678,0.0513189296751159,0.4105514374009277,0.0307913578050695,0.0004102412070818,-0.0065326012359017,0.0536221995982354,0.0017782248271358,0.875
8,28,0.6,6.0,5,0.1713083195197522,0.051736761519215,0.4138940921537202,0.031042056911529,0.0007347215848786,-0.0084017507188137,0.055040409425283,0.0020091121404032,0.875
8,28,0.6,6.0,6,0.1642788202701613,0.0506641546531793,0.4053132372254345,0.0303984927919075,-0.0004871424196004,-0.0057641966347786,0.051390113758323,0.0016709730355224,0.875
8,32,0.6,6.0,1,0.2363949508926084,0.0607755798631079,0.4862046389048632,0.0364653479178647,0.003616109264309,0.0021911363056377,0.0942015235514146,0.0036303880813547,1.0
8,32,0.6,6.0,2,0.242239638327798,0.061522307733633,0.4921784618690643,0.0369133846401798,0.0041991531673617,-0.0007690290940894,0.1003645403965785,0.0035824045740545,1.0
8,32,0.6,6.0,3,0.2561348493494516,0.0632622084746113,0.5060976677968904,0.0379573250847667,0.0038202459555384,0.0009406197056216,0.1083119701522495,0.0056183113349318,1.0
8,32,0.6,6.0,4,0.2343907601418803,0.0605173993758561,0.4841391950068495,0.0363104396255137,0.003129479243355,0.0010253647736175,0.0940159289377665,0.003441977573888,1.0
8,32,0.6,6.0,5,0.2330447262366632,0.0603433827975186,0.4827470623801488,0.0362060296785111,0.0043775869739481,-5.861956161627713e-05,0.095036305855234,0.0022137119111078,1.0
8,32,0.6,6.0,6,0.241367250917136,0.0614114264252203,0.4912914114017627,0.0368468558551322,0.0044180576451137,-0.0012127220639977,0.0953422185645344,0.0041215435300531,1.0
8,16,0.7,6.0,1,0.0942618739307068,0.038377620824737,0.3070209665978967,0.0268643345773159,0.0010912793107519,0.0005713447253751,0.0256331264292808,0.000598247695935,0.5
8,16,0.7,6.0,2,0.0967080815050682,0.0388724037527484,0.3109792300219875,0.0272106826269239,0.0010908691590178,0.0004878998802922,0.0265494236167347,0.0006507989854828,0.5
8,16,0.7,6.0,3,0.0954475764993633,0.0386182389914733,0.3089459119317868,0.0270327672940313,0.0008722275482213,0.0006113166534257,0.0260484899407655,0.0004963134969793,0.5
8,16,0.7,6.0,4,0.0959476834870952,0.0387192788476989,0.3097542307815912,0.0271034951933892,0.0009327070113758,0.0009239921352906,0.0269517802892509,0.0006887265505941,0.5
8,16,0.7,6.0,5,0.0957601205758089,0.038681415227432,0.3094513218194567,0.0270769906592024,0.0010206241013102,0.0007240665373823,0.0266976117068174,0.0006205166446981,0.5
8,16,0.7,6.0,6,0.0954284539683275,0.0386143702946858,0.3089149623574869,0.0270300592062801,0.0006089185562161,-6.750395123238453e-05,0.0271358717149589,0.0008225238828771,0.5
8,18,0.7,6.0,1,0.0973762578322646,0.0390064613702542,0.3120516909620338,0.0273045229591779,0.0011158646617676,0.0007953407011881,0.0239047357595153,0.0006640964568885,0.5625
8,18,0.7,6.0,2,0.0959152266006909,0.0387127293746617,0.3097018349972938,0.0270989105622632,0.0011671461578669,0.0006025856903492,0.0236398622975943,0.0005635416881133,0.5625
8,18,0.7,6.0,3,0.0981832281085977,0.0391677538186304,0.3133420305490435,0.0274174276730413,0.0016204230662922,0.0005151126999373,0.0252492515417226,0.0006062121302161,0.5625
8,18,0.7,6.0,4,0.0990161916975639,0.0393335479619425,0.3146683836955405,0.0275334835733597,0.0012690516002852,0.0005323388551581,0.0245497119965513,0.0006655468495869,0.5625
8,18,0.7,6.0,5,0.0967814722414604,0.0388871508826864,0.3110972070614914,0.0272210056178804,0.0018886315039014,0.0006688392568165,0.0234651674685107,0.0006278797364106,0.5625
8,18,0.7,6.0,6,0.0985746555268693,0.0392457512682243,0.3139660101457948,0.027472025887757,0.0008692178633473,0.0008671941246533,0.0244648550232814,0.000589692637975,0.5625
8,21,0.7,6.0,1,0.1156019157113458,0.0425003521513619,0.3400028172108958,0.0297502465059533,-0.0005745345919655,-0.0002329459529098,0.0321359286176879,0.0014924720755344,0.65625
8,21,0.7,6.0,2,0.1133156869495367,0.0420779943508065,0.3366239548064527,0.0294545960455646,2.2948647539276063e-05,-0.0004316720459312,0.0310607374252407,0.0007364433869911,0.65625
8,21,0.7,6.0,3,0.1131399949185542,0.0420453614635718,0.3363628917085745,0.0294317530245002,-0.0005188511861331,-0.0006109402113051,0.0304108050293278,0.0007756870229993,0.65625
8,21,0.7,6.0,4,0.1135033187135251,0.0421128169907788,0.3369025359262306,0.0294789718935451,-0.000241353836302,-0.001065447377044,0.0301263213553119,0.0008775772131,0.65625
8,21,0.7,6.0,5,0.1131537196291153,0.0420479115914801,0.3363832927318408,0.029433538114036,-0.0001845606008452,-0.0002831255145731,0.0298876340642691,0.0006302586247765,0.65625
8,21,0.7,6.0,6,0.1124407312183818,0.0419152290377521,0.3353218323020168,0.0293406603264264,-0.0007153690931308,6.995869537408661e-05,0.0315418229723894,0.0007904001986147,0.65625
8,25,0.7,6.0,1,0.1368477886488507,0.0462411796739474,0.3699294373915798,0.0323688257717632,0.0004362011980543,-0.0006396211815759,0.0401283088758459,0.0012125174682343,0.78125
8,25,0.7,6.0,2,0.1394224907604198,0.0466741514987852,0.3733932119902822,0.0326719060491496,0.0011448829911108,-0.002224234197656,0.0421737734699386,0.0015951055242058,0.78125
8,25,0.7,6.0,3,0.1342668440131295,0.045803050528378,0.366424404227024,0.0320621353698645,0.0010573679236092,-0.0004525438729924,0.0392651774264564,0.0010804531949702,0.78125
8,25,0.7,6.0,4,0.1366064001815048,0.0462003788170185,0.3696030305361482,0.0323402651719129,0.0009218794579845,-0.0026504573909669,0.0390354087833956,0.0010552675375934,0.78125
8,25,0.7,6.0,5,0.1295825322599137,0.0449969673040434,0.3599757384323473,0.0314978771128303,0.0006976211099531,-0.0012932124324409,0.0370729868572047,0.000930175205041,0.78125
8,25,0.7,6.0,6,0.1314863632921639,0.0453263105319643,0.3626104842557148,0.031728417372375,0.0005560246955362,-0.0006910124590994,0.0382388189636632,0.001034309175627,0.78125
8,28,0.7,6.0,1,0.1609314485212552,0.050145327630245,0.40116262104196,0.0351017293411715,0.0004223530790606,-0.0011171748066637,0.0498532033470921,0.0015921124262577,0.875
8,28,0.7,6.0,2,0.1641882424533449,0.050650185471857,0.405201483774856,0.0354551298302999,-0.0003396435646379,-0.0009907772588492,0.0512277056571495,0.0018626238679503,0.875
8,28,0.7,6.0,3,0.1644477771348635,0.0506902013976295,0.4055216111810362,0.0354831409783406,0.0007734802514785,-0.0011478416892866,0.0515050924096667,0.0016471252776333,0.875
8,28,0.7,6.0,4,0.166388247969825,0.0509883945082458,0.4079071560659668,0.035691876155772,-0.0002795204598866,-0.0010940966419639,0.0530194185405111,0.0018389908570522,0.875
8,28,0.7,6.0,5,0.1601799237499133,0.0500281051869086,0.4002248414952692,0.035019673630836,0.0002523315431109,-0.0009848972530526,0.0480612570431724,0.0018827813842366,0.875
8,28,0.7,6.0,6,0.1580374351241726,0.0496924030794969,0.3975392246359755,0.0347846821556478,-0.0004850460226303,-0.0012237287478588,0.0481029362924905,0.0014099834381812,0.875
8,32,0.7,6.0,1,0.2240834605279509,0.0591718182139879,0.4733745457119034,0.0414202727497915,0.0036313593408497,0.001218349452481,0.0857859514568036,0.0028686695032958,1.0
8,32,0.7,6.0,2,0.224719982086982,0.059255799042027,0.4740463923362164,0.0414790593294189,0.0036152342658447,-0.0007203510568164,0.0902068908453651,0.0040598463192827,1.0
8,32,0.7,6.0,3,0.2224824115202434,0.0589600515603896,0.471680412483117,0.0412720360922727,0.0041126990717753,-0.0003452457597028,0.0851888964130566,0.0030247761060478,1.0
8,32,0.7,6.0,4,0.2281660791180936,0.0597084163767572,0.477667331014058,0.04179589146373,0.0038644326234664,-0.0016557301832599,0.0875789651606458,0.0024947813070721,1.0
8,32,0.7,6.0,5,0.2217881710686255,0.058867989374084,0.4709439149926724,0.0412075925618588,0.0039833134903283,-0.0009082616462457,0.0864896526480853,0.0028164576985064,1.0
8,32,0.7,6.0,6,0.2112867574997577,0.0574574241150237,0.4596593929201901,0.0402201968805166,0.0040071918249449,0.0005382149664823,0.0811253821704297,0.0021175444022049,1.0
8,16,0.0,8.0,1,0.1383071543239866,0.0464870873072543,0.371896698458035,0.0,0.0002619753399812,0.0010580059104255,0.0426187630175522,0.0011333203614521,0.5
8,16,0.0,8.0,2,0.1305143669323516,0.0451584652453777,0.3612677219630223,0.0,0.0004406380579268,0.0017188139589139,0.0379946525068839,0.0008668556310542,0.5
8,16,0.0,8.0,3,0.1332546415973985,0.0456300753337023,0.3650406026696189,0.0,0.0001155565919999,0.0014125508861387,0.039827258897798,0.0013112450887117,0.5
8,16,0.0,8.0,4,0.1347252140424483,0.0458811668270681,0.3670493346165449,0.0,0.0003113969347086,0.0015221946167584,0.0395181943856588,0.0011923122499714,0.5
8,16,0.0,8.0,5,0.1327672670075589,0.0455465536236618,0.3643724289892951,0.0,0.0002336651041335,0.0013785096493005,0.0395457775031037,0.0017701150845397,0.5
8,16,0.0,8.0,6,0.1321110064763934,0.0454338472528317,0.363470778022654,0.0,0.0004914126372555,0.000560670950926,0.0402730163141732,0.000908519357758,0.5
8,18,0.0,8.0,1,0.1503758737309283,0.0484729102390784,0.3877832819126274,0.0,-0.0003590511668063,-0.0004211928739213,0.0492141711737912,0.0014423789438867,0.5625
8,18,0.0,8.0,2,0.1580420359773887,0.0496931264074489,0.3975450112595915,0.0,-0.0009167385347433,-0.0003247001263681,0.0528218925538035,0.0015694613506366,0.5625
8,18,0.0,8.0,3,0.1565657678009857,0.0494604905140497,0.3956839241123977,0.0,-0.0004537021695829,-0.0006670145184582,0.0530055357950397,0.001517163125774,0.5625
8,18,0.0,8.0,4,0.1561152008169189,0.0493892702189894,0.3951141617519155,0.0,-0.000735508402102,-0.00073395695778,0.0534890247732478,0.0017876487469615,0.5625
8,18,0.0,8.0,5,0.1542534678801567,0.0490938940768345,0.3927511526146763,0.0,7.158551635475766e-05,-0.0009761345737555,0.0520675184712143,0.0015910237684582,0.5625
8,18,0.0,8.0,6,0.1525498561170143,0.0488220390994512,0.3905763127956102,0.0,-0.0002793559262752,-0.0005702094636298,0.0525594798953506,0.0013712098398143,0.5625
8,21,0.0,8.0,1,0.1944511319131235,0.0551207668319532,0.4409661346556258,0.0,0.0002858733024407,-0.0003330092888588,0.0715111919943227,0.0021145742534185,0.65625
8,21,0.0,8.0,2,0.1932981238160835,0.0549571031316817,0.439656825053454,0.0,0.00167437285101,0.0005132355917619,0.0756452853481861,0.0033477385446458,0.65625
8,21,0.0,8.0,3,0.1909962504301209,0.0546288972337044,0.4370311778696354,0.0,0.000593583433484,-0.0012008272031429,0.0734744944790417,0.0025696937953825,0.65625
8,21,0.0,8.0,4,0.1975018843776729,0.0555514801189053,0.444411840951243,0.0,0.0014576522357666,-0.0007064126446784,0.0775479101217698,0.0029348672717897,0.65625
8,21,0.0,8.0,5,0.1894792902818877,0.0544115236935568,0.4352921895484546,0.0,0.000747574317637,-0.0017331815331305,0.0704649541105251,0.0027100406317416,0.65625
8,21,0.0,8.0,6,0.1921001420443555,0.0547865377574003,0.4382923020592029,0.0,0.000510155291477,9.531398170003688e-05,0.0733237097570596,0.0033563714265035,0.65625
8,25,0.0,8.0,1,0.3244578554323605,0.0712015027308457,0.5696120218467658,0.0,0.0004922829828581,-0.0002745298372584,0.1629040840079645,0.0107699774996672,0.78125
8,25,0.0,8.0,2,0.2951186509922677,0.06790603008389,0.5432482406711205,0.0,0.0003235735289129,-0.0012364475244529,0.1379819116262033,0.0075736176035045,0.78125
8,25,0.0,8.0,3,0.2883211430134043,0.0671194298216577,0.5369554385732621,0.0,-0.0001400526203435,-0.0007762959968069,0.1376121533857288,0.0093733115631105,0.78125
8,25,0.0,8.0,4,0.3446016377645199,0.0733784749778204,0.5870277998225637,0.0,-0.0020774757823024,0.001123339114518,0.1676225909410334,0.01025181790288,0.78125
8,25,0.0,8.0,5,0.2700922461843042,0.0649629998278231,0.5197039986225854,0.0,0.0004956852851257,-0.0001506853160071,0.1250159807756378,0.0054555652583718,0.78125
8,25,0.0,8.0,6,0.3063682510951632,0.0691881776271201,0.553505421016961,0.0,-0.0006418522167124,0.000307567555214,0.1525638128967629,0.0077528885531788,0.78125
8,28,0.0,8.0,1,0.3268813796358074,0.0714669263142713,0.5717354105141708,0.0,0.002180399731268,0.001098451787198,0.1693156928935168,0.0169949937300359,0.875
8,28,0.0,8.0,2,0.3236855590972312,0.0711167129505732,0.5689337036045863,0.0,0.0001952220814362,0.0017165102440432,0.1718909098199314,0.0147183302491445,0.875
8,28,0.0,8.0,3,0.4318449248574521,0.0821436360949385,0.6571490887595083,0.0,-0.0010651842190422,-0.0007222405554262,0.2423499008426263,0.0219964539057549,0.875
8,28,0.0,8.0,4,0.3845932312255873,0.077519476506874,0.6201558120549926,0.0,-0.0008477359828064,-0.0008369624425734,0.2065532691712051,0.0217107467050425,0.875
8,28,0.0,8.0,5,0.4046487566756024,0.0795150100487718,0.6361200803901748,0.0,-0.0007670225708779,7.311552670780097e-05,0.2117960685766091,0.0194379185695887,0.875
8,28,0.0,8.0,6,0.4235811522477816,0.0813538905269538,0.6508311242156306,0.0,-0.0003316821080954,0.0031768507138047,0.2306971964710111,0.0171577383874928,0.875
8,32,0.0,8.0,1,0.4824006046456913,0.0868188311807347,0.6945506494458783,0.0,0.0012400538773131,0.0005324333808079,0.2686511778897126,0.0282454341510081,1.0
8,32,0.0,8.0,2,0.6749386064753573,0.1026933090623603,0.8215464724988826,0.0,0.000610049610834,-0.0027225442362908,0.4250103757653937,0.042470720699172,1.0
8,32,0.0,8.0,3,0.5685828219906274,0.0942555387953596,0.7540443103628774,0.0,-0.0001865554352664,0.002228230572456,0.3471777211067385,0.0299806077499028,1.0
8,32,0.0,8.0,4,0.6674018512278639,0.1021183329546432,0.8169466636371459,0.0,2.1771981556973252e-05,-0.0022181056623202,0.4216434587119027,0.0550022271279445,1.0
8,32,0.0,8.0,5,0.6628784542059913,0.1017716848979548,0.8141734791836389,0.0,0.0010460399759254,-0.0016240962749062,0.4075057931268699,0.0630676839621933,1.0
8,32,0.0,8.0,6,0.6863635038554691,0.1035588226455945,0.8284705811647564,0.0,0.0072924545439403,-0.0004983159687242,0.4168263673372422,0.0566506657123903,1.0
8,16,0.1,8.0,1,0.1330163763148119,0.0455892627700748,0.3647141021605991,0.0045589262770074,-0.0005838258669666,0.0005933046194288,0.0367758541310661,0.0016106286570588,0.5
8,16,0.1,8.0,2,0.1275836566483782,0.0446485681196038,0.3571885449568311,0.0044648568119603,-0.0006760429784438,2.8603123388461216e-05,0.0333173637496429,0.0007868657062353,0.5
8,16,0.1,8.0,3,0.1241186942908352,0.0440381039361857,0.3523048314894861,0.0044038103936185,-0.0005916191535909,0.0010349392018351,0.0322890830416425,0.0008353588731195,0.5
8,16,0.1,8.0,4,0.1279672773587901,0.0447156427744374,0.3577251421954992,0.0044715642774437,-0.0003678482881624,-0.0001124539454949,0.0338421553994027,0.0007370737594866,0.5
8,16,0.1,8.0,5,0.1281154903646222,0.0447415303375647,0.3579322427005176,0.0044741530337564,-0.0005624382144196,-2.0827161926674494e-05,0.0339892523288705,0.0009047011042939,0.5
8,16,0.1,8.0,6,0.1269842643545636,0.0445435644121578,0.3563485152972629,0.0044543564412157,-0.0002272646319541,0.0003422698692809,0.0343605355426628,0.0009139898156604,0.5
8,18,0.1,8.0,1,0.1419145082359255,0.0470894275945921,0.3767154207567371,0.0047089427594592,-0.0011176418897907,-0.0018896061718022,0.0407173623918496,0.0011617235995413,0.5625
8,18,0.1,8.0,2,0.1460313808994357,0.0477675656335309,0.3821405250682473,0.004776756563353,-0.0012252683554996,-0.0016230074768598,0.0432587866069237,0.0012943210569896,0.5625
8,18,0.1,8.0,3,0.1493841192881332,0.048312802277213,0.3865024182177043,0.0048312802277213,-0.0008106915880772,-0.0017209119250406,0.0445752502557816,0.0015656976855252,0.5625
8,18,0.1,8.0,4,0.1540811115179062,0.0490664586807249,0.3925316694457993,0.0049066458680724,-0.0012752290580852,-0.0026539025548861,0.0454758895744282,0.0018436557436799,0.5625
8,18,0.1,8.0,5,0.1477433782851364,0.0480467510421387,0.3843740083371096,0.0048046751042138,-0.0011569501059146,-0.0012475152167897,0.0426160699730666,0.0009591949138706,0.5625
8,18,0.1,8.0,6,0.1459596220518369,0.047755827859644,0.3820466228771521,0.0047755827859644,-0.0009771095296426,-0.0012621313711757,0.0446189830816312,0.0011916418980785,0.5625
8,21,0.1,8.0,1,0.180384829678134,0.0530896690865637,0.4247173526925101,0.0053089669086563,0.0003767759879971,7.346458508663417e-05,0.0621577494662939,0.0025667443196313,0.65625
8,21,0.1,8.0,2,0.1833180629948877,0.0535195733754961,0.4281565870039695,0.0053519573375496,0.0001413604176285,-0.0009009054795344,0.0629149740317029,0.0027213691890042,0.65625
8,21,0.1,8.0,3,0.1825657721337618,0.053409645098896,0.4272771607911682,0.0053409645098896,9.740083908619873e-05,-0.0010253684998591,0.0588690018160494,0.0023971641293767,0.65625
8,21,0.1,8.0,4,0.178462453319681,0.0528060208036926,0.4224481664295408,0.0052806020803692,-0.0004666028899767,-0.0016052613348402,0.059747595061578,0.0016310121755291,0.65625
8,21,0.1,8.0,5,0.1810546565691909,0.0531881472594562,0.4255051780756503,0.0053188147259456,-0.000156347395633,0.0007488336532341,0.0614641511334498,0.0024642790407533,0.65625
8,21,0.1,8.0,6,0.1784712238709226,0.0528073183657641,0.4224585469261128,0.0052807318365764,0.0003098794640477,0.0006973064388284,0.0611987372442789,0.0023013539105973,0.65625
8,25,0.1,8.0,1,0.2705501676613545,0.0650180464925597,0.5201443719404782,0.0065018046492559,7.605532552798304e-05,0.0011538291161263,0.1253980955478333,0.0076170330189833,0.78125
8,25,0.1,8.0,2,0.2958820037706612,0.0679937961060903,0.5439503688487225,0.006799379610609,-0.0009208990828823,-0.0014983754447894,0.1395123508229687,0.0066834431748991,0.78125
8,25,0.1,8.0,3,0.2797579189544464,0.0661151834578353,0.5289214676626829,0.0066115183457835,-0.0002393169520052,-0.0004292096883155,0.1307631867961713,0.007479691576403,0.78125
8,25,0.1,8.0,4,0.2783472409420123,0.065948280036093,0.527586240288744,0.0065948280036093,-0.0003626042828922,-0.0020934464581174,0.1285791052008787,0.0073281860328852,0.78125
8,25,0.1,8.0,5,0.2659543750014944,0.0644634556116746,0.5157076448933974,0.0064463455611674,-0.0005248710711137,0.0002978897163771,0.1217700128823104,0.0057273435912592,0.78125
8,25,0.1,8.0,6,0.2601298359352669,0.0637536562597671,0.510029250078137,0.0063753656259767,0.001668357140237,-0.001135444802765,0.1192735388425418,0.0062181658936706,0.78125
8,28,0.1,8.0,1,0.343097355135215,0.0732181410170166,0.5857451281361331,0.0073218141017016,-0.0018161283818006,-0.001102921636529,0.1852449891618845,0.0123867685240542,0.875
8,28,0.1,8.0,2,0.3828801841777338,0.0773466410245273,0.6187731281962184,0.0077346641024527,-0.0036523024999186,-0.0018666182190655,0.2067778681636909,0.0167573581866975,0.875
8,28,0.1,8.0,3,0.4866219109048768,0.0871978632644671,0.6975829061157368,0.0087197863264467,0.0004865905188155,0.0021706453345884,0.2778688740897416,0.0236856411486891,0.875
8,28,0.1,8.0,4,0.3995079269206833,0.0790082992990969,0.6320663943927752,0.0079008299299096,-0.0004965185207458,-0.0014622658619786,0.2137477163740009,0.0180094309921851,0.875
8,28,0.1,8.0,5,0.3944654540645206,0.0785081060767493,0.6280648486139951,0.0078508106076749,0.0016760707969828,0.0006829145536996,0.221338283254684,0.0192773444159444,0.875
8,28,0.1,8.0,6,0.37417389861436,0.0764621943567497,0.6116975548539981,0.0076462194356749,-0.0006953222001942,0.0025293738376852,0.2007837538390194,0.0146215535575269,0.875
8,32,0.1,8.0,1,0.5529127075236533,0.0929476253330717,0.743581002664574,0.0092947625333071,0.0011716284186111,0.0068506492173105,0.3254834532532448,0.0431670101306704,1.0
8,32,0.1,8.0,2,0.5947088353735837,0.0963967092421325,0.7711736739370605,0.0096396709242132,0.0022233055113726,0.0005214856754719,0.3434697049721563,0.035075315427819,1.0
8,32,0.1,8.0,3,0.4746867133147988,0.0861218897583171,0.6889751180665371,0.0086121889758317,-9.751929834249784e-05,0.0004231244803127,0.2682972363581494,0.036936262151352,1.0
8,32,0.1,8.0,4,0.5752510898741436,0.0948066362618329,0.7584530900946634,0.0094806636261832,-0.0002747266745732,-0.0033852547732746,0.3325685737823312,0.0392460407871444,1.0
8,32,0.1,8.0,5,0.4705946066573358,0.0857498730554213,0.6859989844433706,0.0085749873055421,0.0008886144665977,-0.0096413529756256,0.2771041408133342,0.0331986337490323,1.0
8,32,0.1,8.0,6,0.5145213963694081,0.0896626835326269,0.7173014682610152,0.0089662683532626,0.002845239148367,0.0033720412230673,0.2922050842241154,0.0337796349215831,1.0
8,16,0.2,8.0,1,0.1307490877070011,0.0451990541430005,0.3615924331440042,0.0090398108286001,-4.0581725015595774e-05,0.0008579074328152,0.036050950365107,0.0015028333283172,0.5
8,16,0.2,8.0,2,0.1313780196209645,0.0453076324318273,0.3624610594546186,0.0090615264863654,0.0002880435124639,0.0010170184364312,0.036564949746105,0.0012610919295559,0.5
8,16,0.2,8.0,3,0.1314389237630965,0.0453181330572915,0.3625450644583326,0.0090636266114583,0.0004649841207457,0.0007821112519496,0.0338346110949288,0.0008794767896561,0.5
8,16,0.2,8.0,4,0.1298075677370936,0.0450360216481439,0.3602881731851514,0.0090072043296287,0.0003104390618355,0.0003913524135587,0.0358260236817962,0.0007495262740303,0.5
8,16,0.2,8.0,5,0.1302771775814327,0.045117412378259,0.3609392990260727,0.0090234824756518,0.0003175318347352,0.0013551031419934,0.0355760395120677,0.001043942168703,0.5
8,16,0.2,8.0,6,0.1282136094347444,0.0447586600270593,0.3580692802164749,0.0089517320054118,0.0002632237331348,0.0010663044884253,0.0359498728279618,0.0007015879852702,0.5
8,18,0.2,8.0,1,0.1499795481413786,0.0484089913105927,0.3872719304847417,0.0096817982621185,-0.0001783553537078,0.0010066539976748,0.0466103225155034,0.0017392422277432,0.5625
8,18,0.2,8.0,2,0.1454306447907422,0.0476692125470449,0.3813537003763596,0.0095338425094089,-4.42730324588615e-05,0.00138563489581,0.0432462747766849,0.0012112566377619,0.5625
8,18,0.2,8.0,3,0.1484059711386247,0.0481543694698727,0.3852349557589819,0.0096308738939745,0.0003430053669842,0.0017765312732165,0.0450466687690803,0.0015517091961238,0.5625
8,18,0.2,8.0,4,0.1475410237700518,0.0480138365099796,0.3841106920798375,0.0096027673019959,-0.0001334380333372,0.0013582185847411,0.0445321253237662,0.0019445068397687,0.5625
8,18,0.2,8.0,5,0.1409694150794191,0.0469323674090272,0.3754589392722181,0.0093864734818054,0.0001248830057145,0.0013190326558495,0.041203821450454,0.0013272661886043,0.5625
8,18,0.2,8.0,6,0.1434158829108433,0.0473378619128697,0.3787028953029582,0.0094675723825739,0.000132651582193,0.0018963671575437,0.0425113470353592,0.0013936507388082,0.5625
8,21,0.2,8.0,1,0.1689843621760484,0.0513846344640181,0.4110770757121448,0.0102769268928036,0.0001867909134191,-0.0012916952983451,0.0590108999302949,0.0028511347727896,0.65625
8,21,0.2,8.0,2,0.1800210644363056,0.053036111582744,0.4242888926619523,0.0106072223165488,0.0001894175756901,0.0009669381982377,0.0607392627266378,0.0030304184429492,0.65625
8,21,0.2,8.0,3,0.1700831407078783,0.0515514216444183,0.4124113731553464,0.0103102843288836,-0.0004890308201118,-0.0008636976438945,0.0565147635436977,0.0017237295817668,0.65625
8,21,0.2,8.0,4,0.1777228099311803,0.0526964790586116,0.4215718324688929,0.0105392958117223,2.510002303486266e-05,-0.0006702906464242,0.0582586302556609,0.0021131930063316,0.65625
8,21,0.2,8.0,5,0.1747421504671709,0.0522527138151651,0.4180217105213208,0.010450542763033,0.000120441006599,-0.0001744774300012,0.0591702949756121,0.0020612852049513,0.65625
8,21,0.2,8.0,6,0.1711128445105508,0.05170723542675,0.4136578834140004,0.01034144708535,-9.49455972227176e-05,0.0009244826423809,0.0581871291971026,0.0021947629530272,0.65625
8,25,0.2,8.0,1,0.253834705973701,0.0629775140890705,0.5038201127125643,0.0125955028178141,0.0002703829328921,-0.0016517360016654,0.1138339070705323,0.0059273411089202,0.78125
8,25,0.2,8.0,2,0.2538455111452996,0.0629788544802563,0.5038308358420508,0.0125957708960512,0.0001398895651666,3.363969555503915e-05,0.1110460176369597,0.0047905569196669,0.78125
8,25,0.2,8.0,3,0.2472873586781888,0.0621599950076148,0.4972799600609186,0.0124319990015229,-0.0002518428359445,-0.0003418870707718,0.1137083519509383,0.0094198653225059,0.78125
8,25,0.2,8.0,4,0.2385146881536134,0.0610474569691499,0.4883796557531992,0.0122094913938299,-0.0006426209263392,-0.0006084158581679,0.1072921620519393,0.0047003482756181,0.78125
8,25,0.2,8.0,5,0.2395557042489608,0.0611805351307915,0.489444281046332,0.0122361070261583,0.0008985643570166,0.0001459411048644,0.1085354793958077,0.0054630521289594,0.78125
8,25,0.2,8.0,6,0.2756885893622446,0.0656325697255948,0.5250605578047589,0.0131265139451189,0.0003375106144606,0.0009590197462304,0.1258279603909029,0.0071767166777541,0.78125
8,28,0.2,8.0,1,0.3237670234940041,0.0711256616285136,0.5690052930281089,0.0142251323257027,-0.0021710536820702,0.002519225833615,0.1587918041483279,0.0097943005907398,0.875
8,28,0.2,8.0,2,0.3307443064461309,0.0718879669222937,0.5751037353783498,0.0143775933844587,-0.0012222584258436,-0.0001352152326444,0.1604695837649971,0.0114898787774754,0.875
8,28,0.2,8.0,3,0.3115722385804668,0.0697733203152881,0.5581865625223048,0.0139546640630576,-0.0001240042865917,-0.0006585289473738,0.1584994857821512,0.0094337261320662,0.875
8,28,0.2,8.0,4,0.3298433111198892,0.0717899835370385,0.5743198682963085,0.0143579967074077,-0.0018623608419832,-0.0009626963539135,0.1637188107451127,0.0154368981649194,0.875
8,28,0.2,8.0,5,0.3482983212544579,0.0737710056160339,0.5901680449282712,0.0147542011232067,-0.0018139240132866,-0.0016034166562508,0.1795001964297481,0.0176923430728596,0.875
8,28,0.2,8.0,6,0.3524890990350059,0.0742134905015386,0.5937079240123092,0.0148426981003077,-0.000825527276464,-0.0009922696296071,0.1781036808679811,0.0138910956813901,0.875
8,32,0.2,8.0,1,0.2971350325239176,0.0681376172403042,0.5451009379224343,0.0136275234480608,-0.0003880232223104,0.0002257817363754,0.1481233375319222,0.0136273681804853,1.0
8,32,0.2,8.0,2,0.3876556565590304,0.0778274992129057,0.6226199937032463,0.0155654998425811,-0.0012027163830592,-0.0015683842311085,0.2057185457240865,0.0225141181666965,1.0
8,32,0.2,8.0,3,0.4568345318466564,0.0844869194615593,0.6758953556924744,0.0168973838923118,-0.0005595938045223,-0.0048704595254071,0.252691923416696,0.0328751016834039,1.0
8,32,0.2,8.0,4,0.4747420875451202,0.0861269128547662,0.6890153028381302,0.0172253825709532,0.0008049192532355,0.0060930595737848,0.2644708445703932,0.0289529301503617,1.0
8,32,0.2,8.0,5,0.5324937590615131,0.0912152124666502,0.7297216997332018,0.01824304249333,0.0040367011505843,0.0010281132188781,0.3171726915007727,0.04674257245712,1.0
8,32,0.2,8.0,6,0.4566607967764415,0.0844708526631044,0.6757668213048356,0.0168941705326208,0.0002047856849279,-0.0034056748827503,0.2502512250077818,0.0357145917752565,1.0
8,16,0.3,8.0,1,0.1289658498805854,0.0448897694846403,0.3591181558771227,0.0134669308453921,0.0023200239167037,0.0005540272848388,0.0363772938429588,0.0010297935862182,0.5
8,16,0.3,8.0,2,0.126916814857262,0.0445317328670771,0.3562538629366172,0.0133595198601231,0.0019417325087013,0.0003408525024129,0.0364760899879966,0.0007567642740865,0.5
8,16,0.3,8.0,3,0.1259761821105005,0.0443664044686581,0.3549312357492653,0.0133099213405974,0.0020969939895049,0.0012236496897547,0.0348971099503142,0.0009321620924005,0.5
8,16,0.3,8.0,4,0.1289463240094607,0.0448863711236253,0.3590909689890025,0.0134659113370875,0.0019093212556144,0.0003495877207631,0.0367588686693653,0.001054257069946,0.5
8,16,0.3,8.0,5,0.1291374567955171,0.0449196255820321,0.359357004656257,0.0134758876746096,0.0020309648914364,0.0004333884517928,0.036339337864412,0.0010840392016268,0.5
8,16,0.3,8.0,6,0.1253119553146989,0.0442492858901945,0.3539942871215564,0.0132747857670583,0.0026937010826088,0.0003801406949961,0.0342463652076352,0.0010932632345636,0.5
8,18,0.3,8.0,1,0.1424278530117147,0.0471745185805646,0.3773961486445175,0.0141523555741694,-6.788802753782445e-05,0.0008172961300479,0.0424736314738195,0.0016716460507892,0.5625
8,18,0.3,8.0,2,0.1453095028635683,0.0476493544787676,0.3811948358301413,0.0142948063436302,-2.0470088376649395e-05,-0.0002684153929169,0.0447351790414388,0.0016056657783488,0.5625
8,18,0.3,8.0,3,0.1392366224394496,0.0466430297645468,0.3731442381163746,0.013992908929364,0.0006257740065533,0.0002500938654741,0.0408095530401829,0.0011285144454354,0.5625
8,18,0.3,8.0,4,0.143139231914974,0.0472921822151555,0.378337457721244,0.0141876546645466,-0.0003028023477684,-0.0001753950109493,0.043373588562585,0.0014323664019978,0.5625
8,18,0.3,8.0,5,0.1486374848261801,0.0481919153013144,0.3855353224105155,0.0144575745903943,8.163529247020749e-05,0.0001031633792737,0.0454416784061776,0.0016097540809064,0.5625
8,18,0.3,8.0,6,0.1475665330106027,0.0480179870287236,0.3841438962297888,0.014405396108617,0.0002520410643527,0.0001898780686672,0.0463812175068212,0.0017814443665839,0.5625
8,21,0.3,8.0,1,0.1719700048919482,0.0518365828969916,0.4146926631759335,0.0155509748690975,0.0001049473703414,-0.0004801113037993,0.0574398012791623,0.0026453294055893,0.65625
8,21,0.3,8.0,2,0.1651786592643196,0.0508027218857906,0.4064217750863253,0.0152408165657372,0.000380709610077,0.0004645141716826,0.0531118184316651,0.001561265378646,0.65625
8,21,0.3,8.0,3,0.1654623372892084,0.0508463274990817,0.4067706199926543,0.0152538982497245,-0.0005908447264052,-0.002219065628831,0.0564377318450899,0.0029045188645164,0.65625
8,21,0.3,8.0,4,0.173911041381421,0.052128303459682,0.4170264276774567,0.0156384910379046,-0.0002160152707833,-0.0005916457009356,0.0561862777571233,0.0022428543963015,0.65625
8,21,0.3,8.0,5,0.1537367692966367,0.0490116008742822,0.3920928069942583,0.0147034802622846,5.1569454162743336e-05,0.0012607645733723,0.0476291776966986,0.0018186782327164,0.65625
8,21,0.3,8.0,6,0.1555837267755976,0.0493051288495295,0.3944410307962365,0.0147915386548588,-0.000609167900412,0.0012092804508203,0.04957528042915,0.0015685605415106,0.65625
8,25,0.3,8.0,1,0.2555611689948761,0.0631913227076703,0.5055305816613631,0.0189573968123011,6.744692258698649e-06,0.0008895708678423,0.115837524995906,0.0065072383731241,0.78125
8,25,0.3,8.0,2,0.2514756237551391,0.0626841815865378,0.5014734526923026,0.0188052544759613,0.0004699633147055,-0.0008774977620299,0.1140112494589223,0.0072952153029652,0.78125
8,25,0.3,8.0,3,0.251014024306455,0.0626266247676526,0.5010129981412209,0.0187879874302957,0.0001436357276159,0.002343627234581,0.1113698724610557,0.0068337980035247,0.78125
8,25,0.3,8.0,4,0.275633998409229,0.0656260712304508,0.5250085698436064,0.0196878213691352,-0.0010786677016291,7.383031909615964e-05,0.1244946470476997,0.0059940987611043,0.78125
8,25,0.3,8.0,5,0.2394849638457044,0.0611715012083987,0.4893720096671902,0.0183514503625196,-3.404673310178656e-05,0.0020600447760823,0.1043812448205648,0.0069506714482568,0.78125
8,25,0.3,8.0,6,0.2541639843655171,0.0630183485638207,0.5041467885105657,0.0189055045691462,0.0006753788052924,-0.0005469954857894,0.1191699182605778,0.0065241447366497,0.78125
8,28,0.3,8.0,1,0.3774547222372061,0.0767966798433131,0.6143734387465055,0.0230390039529939,0.000804113769585,-5.9726581600711565e-05,0.2057240249936319,0.0141671057952851,0.875
8,28,0.3,8.0,2,0.3698418808698953,0.0760182832520711,0.6081462660165688,0.0228054849756213,-0.0009172490290058,-0.0012322491671479,0.1924029387691043,0.0146184324488595,0.875
8,28,0.3,8.0,3,0.4170934257818441,0.0807284632446407,0.6458277059571261,0.0242185389733922,-0.0002715613354714,-0.0013815814126923,0.2348734193081859,0.0203280542260699,0.875
8,28,0.3,8.0,4,0.4187187505701306,0.0808856011763422,0.6470848094107376,0.0242656803529026,-0.002713705507609,-0.0013612627739892,0.2334160817888412,0.0182992847681385,0.875
8,28,0.3,8.0,5,0.4166429159748013,0.0806848533623645,0.6454788268989164,0.0242054560087093,-0.0009522203563879,-0.0018601015237263,0.2252613993619629,0.0203779299459247,0.875
8,28,0.3,8.0,6,0.4028990711827002,0.0793429139068492,0.6347433112547939,0.0238028741720547,-0.0007200170254138,-4.973496740290351e-05,0.2251625818932095,0.0233974713232674,0.875
8,32,0.3,8.0,1,0.3474764557929095,0.0736839169816874,0.5894713358534998,0.0221051750945062,-0.0019297052761021,0.0059145493731708,0.1813484823265669,0.0189615019812692,1.0
8,32,0.3,8.0,2,0.4405293226278794,0.0829654787611125,0.6637238300889003,0.0248896436283337,-0.0012415797714301,0.0051259539831808,0.2446678217525585,0.0330744778907172,1.0
8,32,0.3,8.0,3,0.3354090533611862,0.0723931382022394,0.5791451056179153,0.0217179414606718,0.0002023400858704,0.0041302326983346,0.1745539082175868,0.0234679430766267,1.0
8,32,0.3,8.0,4,0.2862226067411394,0.0668747204131,0.5349977633048005,0.02006241612393,0.000839609867553,0.0014123702625393,0.1406293288398878,0.0125856014803624,1.0
8,32,0.3,8.0,5,0.3449747630596396,0.0734181903400435,0.5873455227203487,0.022025457102013,-0.0026305053967064,-0.0030538295809392,0.1705361506695186,0.0183822809101618,1.0
8,32,0.3,8.0,6,0.4512161064017911,0.083965776733905,0.6717262138712402,0.0251897330201715,-0.0005233206944953,-0.0015831117733532,0.2603326756818884,0.0366560379060955,1.0
8,16,0.4,8.0,1,0.1221935838014501,0.0436952485620308,0.3495619884962467,0.0174780994248123,0.0020174450043134,-0.0015799875830535,0.0340602959059821,0.0009581314549541,0.5
8,16,0.4,8.0,2,0.1272882583100909,0.0445968500692052,0.3567748005536418,0.017838740027682,0.0019869381560768,-0.0014354310383063,0.0370353300487729,0.0018996499309962,0.5
8,16,0.4,8.0,3,0.1246714885872427,0.0441360624566313,0.3530884996530511,0.0176544249826525,0.0011856771577058,-0.0011850921852713,0.0338292366753519,0.0008542007429432,0.5
8,16,0.4,8.0,4,0.1255363139532726,0.0442888801565346,0.3543110412522768,0.0177155520626138,0.001700587303908,-0.0010020149342922,0.0355207040892431,0.0012984476448846,0.5
8,16,0.4,8.0,5,0.1267523458734003,0.0445028696183951,0.3560229569471614,0.017801147847358,0.001775963275092,-0.0005070354215443,0.0375250827817132,0.001136771635276,0.5
8,16,0.4,8.0,6,0.1248546582682308,0.044168473320244,0.3533477865619521,0.0176673893280976,0.0017024397025129,-0.0010507798492345,0.0340399072851813,0.00119995167176,0.5
8,18,0.4,8.0,1,0.1422603144970517,0.0471467646187565,0.3771741169500523,0.0188587058475026,-0.0008147586255337,-0.0013263918424158,0.0444553019944732,0.0018308379496469,0.5625
8,18,0.4,8.0,2,0.1395946908515852,0.0467029661216075,0.3736237289728601,0.018681186448643,-0.0001073866896292,-0.0014358971494972,0.0410820185209566,0.0013046688885698,0.5625
8,18,0.4,8.0,3,0.1411217583237088,0.0469577200661185,0.3756617605289483,0.0187830880264474,-0.000853175856978,-0.0017021805326607,0.0431354124659442,0.0017174612914147,0.5625
8,18,0.4,8.0,4,0.134773930343412,0.0458894613349929,0.3671156906799436,0.0183557845339971,-0.0013042164682146,-0.0017040377606425,0.0410920833344236,0.0013775397084433,0.5625
8,18,0.4,8.0,5,0.1336540939981578,0.0456984159322969,0.3655873274583759,0.0182793663729188,-0.000459550700488,-0.0006216862367026,0.0395306505398376,0.0010831463558343,0.5625
8,18,0.4,8.0,6,0.1431916689592692,0.0473008438348469,0.3784067506787759,0.0189203375339387,-0.0008593607359572,-0.0017865892958995,0.0454848904297991,0.0017814275438862,0.5625
8,21,0.4,8.0,1,0.1509717293742793,0.0485688508354183,0.3885508066833465,0.0194275403341673,0.0001070762379053,-0.00079286540559,0.046533386240928,0.001566275105185,0.65625
8,21,0.4,8.0,2,0.1534869359195786,0.0489717609826665,0.391774087861332,0.0195887043930666,-0.0002743216403084,-0.0003913260488411,0.0469805744420304,0.0019678464125378,0.65625
8,21,0.4,8.0,3,0.1495774849492064,0.0483440606727584,0.3867524853820677,0.0193376242691033,0.0003387794935809,0.0001441803305107,0.0468924232607684,0.0021134182789216,0.65625
8,21,0.4,8.0,4,0.1539490292354542,0.0490454236581148,0.3923633892649188,0.0196181694632459,-0.0002109970072383,-0.0019355577845387,0.048115153354895,0.0023122088456048,0.65625
8,21,0.4,8.0,5,0.1591409345793537,0.0498655903685337,0.3989247229482696,0.0199462361474134,0.000310977049759,-0.0009353511671224,0.0500876097180133,0.0018734802192054,0.65625
8,21,0.4,8.0,6,0.152944188210218,0.0488850993737831,0.3910807949902654,0.0195540397495132,-0.0004027705909309,-0.0007721236244555,0.0476096499243033,0.0019804742377084,0.65625
8,25,0.4,8.0,1,0.2024829077039923,0.0562476260199031,0.4499810081592248,0.0224990504079612,-0.0002800754174037,0.0081738712170765,0.083441965020708,0.0062828487611471,0.78125
8,25,0.4,8.0,2,0.20641571772026,0.0567912457107524,0.4543299656860198,0.0227164982843009,-0.0006400021861696,0.0056876505204089,0.0818460215342952,0.0038556450601953,0.78125
8,25,0.4,8.0,3,0.2004498787496685,0.0559645365875888,0.4477162927007108,0.0223858146350355,-0.000558507100648,0.0075129686561409,0.0795542461809703,0.0046521988386984,0.78125
8,25,0.4,8.0,4,0.1949132048614935,0.0551862195295241,0.4414897562361934,0.0220744878118096,-0.0008280642621086,0.0050267411529242,0.0766620391415019,0.0050849553664823,0.78125
8,25,0.4,8.0,5,0.2103917671329648,0.0573356029134827,0.4586848233078622,0.0229342411653931,-0.0010119398194105,0.0038432725377504,0.0818750289761826,0.0043624188000809,0.78125
8,25,0.4,8.0,6,0.2027641337094457,0.0562866732824928,0.4502933862599425,0.0225146693129971,0.000446444760287,0.0082722221412816,0.0796123590977877,0.0043871075659034,0.78125
8,28,0.4,8.0,1,0.3614974537799193,0.0751558228969069,0.6012465831752554,0.0300623291587627,0.0015997518240293,0.0006229337825982,0.1924431396086566,0.0223160501786414,0.875
8,28,0.4,8.0,2,0.3165109399888022,0.0703241312589429,0.5625930500715435,0.0281296525035771,0.0010472600618,0.0046193134970624,0.171429531229087,0.0173012760020988,0.875
8,28,0.4,8.0,3,0.3051888110757441,0.0690548707410165,0.5524389659281324,0.0276219482964066,-0.0018983164475836,0.0001781504625573,0.1535449618366712,0.0172270102765066,0.875
8,28,0.4,8.0,4,0.3220345746643615,0.070935112808331,0.5674809024666482,0.0283740451233324,-0.0006465079537502,-0.0020844284072502,0.163382906037046,0.0147461912415038,0.875
8,28,0.4,8.0,5,0.2935859387511744,0.0677294639945356,0.5418357119562852,0.0270917855978142,-0.0011521953730956,0.001016855568312,0.1511668798358175,0.013676060789298,0.875
8,28,0.4,8.0,6,0.3078579270999838,0.0693561829322898,0.5548494634583184,0.0277424731729159,0.0012909272471656,0.0024558718923682,0.1477825248261107,0.0115181156526621,0.875
8,32,0.4,8.0,1,0.3010004469670939,0.0685793845398224,0.5486350763185798,0.0274317538159289,0.004336989033918,-0.0032039436223359,0.1427529736703707,0.0126802673279721,1.0
8,32,0.4,8.0,2,0.2522536872201198,0.062781078859911,0.5022486308792885,0.0251124315439644,0.004643464040584,0.0036775552737525,0.116691173636326,0.0122703459754038,1.0
8,32,0.4,8.0,3,0.3700744738375064,0.0760421833833763,0.6083374670670109,0.0304168733533505,0.0036034265856074,0.0065157647913089,0.1807494761398075,0.0228901021463729,1.0
8,32,0.4,8.0,4,0.3068748657419221,0.0692453592467938,0.5539628739743505,0.0276981436987175,0.0025845038940325,-0.0074510651452475,0.152639783521904,0.0160382168583533,1.0
8,32,0.4,8.0,5,0.326654580528272,0.0714421291728784,0.5715370333830276,0.0285768516691513,0.0038807221258534,0.0037450474667924,0.1511440677734826,0.0124457725384366,1.0
8,32,0.4,8.0,6,0.3105889841050084,0.0696631385787401,0.5573051086299213,0.027865255431496,0.0043429081002874,0.0074673429901146,0.1526281166734486,0.0148356723645691,1.0
8,16,0.5,8.0,1,0.1182694398782327,0.0429879052536569,0.3439032420292555,0.0214939526268284,0.001404501710974,0.0003379209585679,0.0368904559347295,0.0009509005756798,0.5
8,16,0.5,8.0,2,0.1235559990396143,0.0439381666093838,0.3515053328750708,0.0219690833046919,0.0014410364786992,-0.0011798041537906,0.0404166796504745,0.0014819599008888,0.5
8,16,0.5,8.0,3,0.1188919574880131,0.0431008913567945,0.3448071308543562,0.0215504456783972,0.0012679707254233,0.0002906557627698,0.0368172206272726,0.001566810166278,0.5
8,16,0.5,8.0,4,0.1196941442687501,0.0432460518914642,0.3459684151317142,0.0216230259457321,0.0011316543481937,-0.0005904383584539,0.0373495324338042,0.0012025460077598,0.5
8,16,0.5,8.0,5,0.1194928038400815,0.0432096639653824,0.3456773117230599,0.0216048319826912,0.0013248798237184,0.000301107380197,0.0365315541195269,0.0010690631120044,0.5
8,16,0.5,8.0,6,0.1191491384485177,0.043147482988676,0.3451798639094085,0.021573741494338,0.0012472933225908,0.0002197282891907,0.0374508484057773,0.0016389297121512,0.5
8,18,0.5,8.0,1,0.1297143575673934,0.0450198493665907,0.360158794932726,0.0225099246832953,0.002262009832813,0.0007692689532414,0.0417757837181265,0.0012425234741987,0.5625
8,18,0.5,8.0,2,0.1297013391441385,0.0450175901634812,0.3601407213078501,0.0225087950817406,0.0020813727986505,0.0008357051333746,0.0413064359048344,0.0013795946805036,0.5625
8,18,0.5,8.0,3,0.1306289768272548,0.0451782886232519,0.3614263089860156,0.0225891443116259,0.0022571496725664,0.0011106190119034,0.0413632680147684,0.0012300819079274,0.5625
8,18,0.5,8.0,4,0.1311690570584293,0.0452715861941898,0.3621726895535185,0.0226357930970949,0.00186926686709,0.0004101179762367,0.0419874190520717,0.0015052855625203,0.5625
8,18,0.5,8.0,5,0.1318877373141566,0.0453954391490345,0.3631635131922762,0.0226977195745172,0.0018836036964894,0.0004074869348916,0.0409301523862476,0.0010848990154219,0.5625
8,18,0.5,8.0,6,0.1296892187098571,0.0450154866944867,0.3601238935558943,0.0225077433472433,0.0018178288536467,0.0003621576221877,0.0412457210462505,0.0011059838540848,0.5625
8,21,0.5,8.0,1,0.1425559144924383,0.0471957218818014,0.3775657750544113,0.0235978609409007,1.5674671571513487e-05,-0.0023930536395259,0.0453450587928133,0.0018558801062917,0.65625
8,21,0.5,8.0,2,0.1479909745312099,0.0480869938450113,0.3846959507600905,0.0240434969225056,1.095429184979138e-05,-0.0021797506765438,0.0481027724908215,0.0018686133553128,0.65625
8,21,0.5,8.0,3,0.1396541288726254,0.0467129078910184,0.3737032631281475,0.0233564539455092,-0.0006809349132528,-0.0026020925440762,0.0443175184927299,0.0015145291763168,0.65625
8,21,0.5,8.0,4,0.1488249618651469,0.0482222980491693,0.3857783843933547,0.0241111490245846,-0.0004906974720248,-0.0027411226818565,0.0465382516201927,0.0017770261752782,0.65625
8,21,0.5,8.0,5,0.1401886672946087,0.046802221384014,0.3744177710721123,0.023401110692007,0.0006230821430478,-0.001921163484863,0.0444498557797956,0.0017103108135443,0.65625
8,21,0.5,8.0,6,0.1484484365034846,0.0481612585006553,0.3852900680052428,0.0240806292503276,-0.0002967197309181,-0.0014848781319004,0.0503390558074269,0.0024578805515786,0.65625
8,25,0.5,8.0,1,0.1857334180586015,0.0538710001500403,0.4309680012003229,0.0269355000750201,-0.0001793904100955,0.0005915739776354,0.0696380628714083,0.0046251475185287,0.78125
8,25,0.5,8.0,2,0.1810281036920675,0.0531842469175653,0.4254739753405224,0.0265921234587826,-0.0007464793048673,-0.001127310453622,0.0688744264933078,0.0040934984351405,0.78125
8,25,0.5,8.0,3,0.1748053904892888,0.0522621682136814,0.4180973457094517,0.0261310841068407,-0.0019407839624141,-0.0005502331047928,0.063461588180107,0.0022327664104117,0.78125
8,25,0.5,8.0,4,0.1736882308366836,0.0520949000078048,0.4167592000624385,0.0260474500039024,-0.002753519106053,0.0018738630044995,0.0603100735181949,0.0030599868177262,0.78125
8,25,0.5,8.0,5,0.1825027958637355,0.0534004324455417,0.427203459564334,0.0267002162227708,0.0004903382934959,-0.0003051406813243,0.0705091247959897,0.0047184147408535,0.78125
8,25,0.5,8.0,6,0.1720413532843203,0.0518473349851996,0.414778679881597,0.0259236674925998,-0.0004295236088553,0.0008034447787349,0.0619458103580656,0.0032238447323189,0.78125
8,28,0.5,8.0,1,0.2462062857713636,0.0620239729070748,0.4961917832565989,0.0310119864535374,0.0010264821525131,-9.863600785927144e-05,0.0985812864494606,0.0116513855292052,0.875
8,28,0.5,8.0,2,0.1953762439950754,0.0552517313070192,0.4420138504561541,0.0276258656535096,-0.0002651543306818,-0.0033381712076023,0.0737441912027145,0.0037493606750171,0.875
8,28,0.5,8.0,3,0.2171775217186449,0.0582528864250847,0.4660230914006783,0.0291264432125423,0.0017109616949874,-0.0032906143986965,0.0873148277380164,0.007522426725259,0.875
8,28,0.5,8.0,4,0.2166168489882659,0.058177644034815,0.4654211522785206,0.0290888220174075,0.0022928309853855,0.0032626697831648,0.0795930523545945,0.0055124683687719,0.875
8,28,0.5,8.0,5,0.1855927222100059,0.0538505922393741,0.4308047379149932,0.026925296119687,0.0003596285704162,-0.0036307843614938,0.0733514565135818,0.004405690562091,0.875
8,28,0.5,8.0,6,0.2068440841801525,0.056850143494233,0.454801147953864,0.0284250717471165,-0.0003700225814886,-0.0004156541984585,0.083461191946357,0.0051303582969552,0.875
8,32,0.5,8.0,1,0.2510956289063364,0.0626368038908556,0.501094431126845,0.0313184019454278,-0.0043338326928306,0.002140887405405,0.1124377753597781,0.0068238594038865,1.0
8,32,0.5,8.0,2,0.3080571291003983,0.0693786180475924,0.5550289443807397,0.0346893090237962,-0.0062085756208764,0.0022175953354201,0.1455735879297869,0.0163751123722275,1.0
8,32,0.5,8.0,3,0.2816598196768901,0.0663395408670531,0.5307163269364248,0.0331697704335265,-0.0038524170395747,0.0023499411837674,0.1248094497290074,0.0100781668244595,1.0
8,32,0.5,8.0,4,0.3370282454785431,0.0725676672878647,0.5805413383029181,0.0362838336439323,-0.0029538707299392,-0.001469364185055,0.1661407758532138,0.0186502522787548,1.0
8,32,0.5,8.0,5,0.2740701249904768,0.065439634037609,0.5235170723008723,0.0327198170188045,-0.0059403293272182,0.0037788711564487,0.1330359489258089,0.0123375010938857,1.0
8,32,0.5,8.0,6,0.3054654993675824,0.0690861666878288,0.5526893335026309,0.0345430833439144,-0.0041435835944355,-0.0044489219821069,0.1488370839823637,0.0121482760402768,1.0
8,16,0.6,8.0,1,0.1004496890678141,0.0396172486637398,0.3169379893099187,0.0237703491982439,0.0002415551765902,0.0011049054881787,0.0273174605192341,0.0008713006077435,0.5
8,16,0.6,8.0,2,0.1009643285275576,0.0397186056306498,0.3177488450451985,0.0238311633783898,8.967357225670325e-05,-0.0002592712775353,0.0272022088066548,0.0010106500010793,0.5
8,16,0.6,8.0,3,0.0991859580293432,0.0393672528151062,0.3149380225208497,0.0236203516890637,0.000315934464045,0.0008037854013316,0.0268324395302466,0.0007706898558354,0.5
8,16,0.6,8.0,4,0.0988398810730967,0.0392985132259114,0.3143881058072916,0.0235791079355468,8.539950159796444e-07,0.0006094034717953,0.0264395882346682,0.0006897172586583,0.5
8,16,0.6,8.0,5,0.0974223084696655,0.0390156836392562,0.3121254691140497,0.0234094101835537,0.0001040313372221,-0.0001180272893734,0.0255396730096581,0.0006411095838762,0.5
8,16,0.6,8.0,6,0.1051068735165341,0.0405252377993744,0.3242019023949954,0.0243151426796246,8.262707773425463e-05,0.0003931312231899,0.0293752826321178,0.0008589285682521,0.5
8,18,0.6,8.0,1,0.1071638043944282,0.0409198539056891,0.3273588312455129,0.0245519123434134,-0.0013806610607103,0.0009230388923453,0.0268933671549406,0.0009112003825701,0.5625
8,18,0.6,8.0,2,0.1035236691108771,0.0402188678341081,0.3217509426728648,0.0241313207004648,-0.0013343298972192,0.0013140530552458,0.0278707656076354,0.001031852689597,0.5625
8,18,0.6,8.0,3,0.1088187263835319,0.0412346043965828,0.3298768351726626,0.0247407626379496,-0.0016222916814914,0.0007416043782713,0.0284445900694307,0.0008917223271385,0.5625
8,18,0.6,8.0,4,0.1053525964113961,0.0405725808758583,0.3245806470068667,0.024343548525515,-0.0017695625168598,0.0008347757616841,0.0279478370689424,0.0007505187136968,0.5625
8,18,0.6,8.0,5,0.1078395112967732,0.0410486584922343,0.3283892679378747,0.0246291950953406,-0.0013048760672662,8.709462796416614e-05,0.0290742426429756,0.0010063940958749,0.5625
8,18,0.6,8.0,6,0.1036561946264262,0.0402446026323768,0.3219568210590144,0.024146761579426,-0.0011144102387094,7.144746160237317e-05,0.0271682857689063,0.0008085064692605,0.5625
8,21,0.6,8.0,1,0.1207102467503089,0.0434292252460664,0.3474338019685317,0.0260575351476398,-0.000159025946073,0.0014297722456146,0.0314817741377158,0.0009001965750445,0.65625
8,21,0.6,8.0,2,0.1205126719607782,0.0433936688859925,0.3471493510879406,0.0260362013315955,0.0001181279621118,0.0007731727657416,0.0327823653545111,0.0011852105640714,0.65625
8,21,0.6,8.0,3,0.1203608705102582,0.0433663302773336,0.3469306422186691,0.0260197981664001,-4.4746586333906904e-05,0.0014325531357559,0.0319556413372445,0.0015645713623046,0.65625
8,21,0.6,8.0,4,0.1205018950743198,0.0433917285958539,0.3471338287668314,0.0260350371575123,0.0007482762025845,0.0001116081101499,0.0310407338858025,0.0011769714673382,0.65625
8,21,0.6,8.0,5,0.1203536324256316,0.0433650263075037,0.3469202104600302,0.0260190157845022,-0.0001264666891352,0.0020471985745384,0.0329798369072326,0.0013312044506695,0.65625
8,21,0.6,8.0,6,0.1234483395955815,0.0439190198681728,0.3513521589453828,0.0263514119209037,0.0004322474872394,0.0001178236878379,0.0333367585584835,0.0011899383229192,0.65625
8,25,0.6,8.0,1,0.1582170365672302,0.0497206314960195,0.3977650519681565,0.0298323788976117,0.0015827659243482,-0.0005549517984993,0.0522703158708783,0.0029160154906171,0.78125
8,25,0.6,8.0,2,0.1519710109352197,0.048729324291055,0.3898345943284404,0.029237594574633,0.0022744685408551,-0.0009394356653135,0.0488597534774337,0.0019175504770737,0.78125
8,25,0.6,8.0,3,0.163873063734494,0.0506015476132051,0.4048123809056412,0.030360928567923,0.0027203592891603,-0.0010996224262571,0.0552219987433677,0.0023284139657698,0.78125
8,25,0.6,8.0,4,0.1624680432104029,0.0503841559933531,0.4030732479468253,0.0302304935960119,0.0028044203511934,0.0013070189594367,0.0570601072361002,0.0036458445528988,0.78125
8,25,0.6,8.0,5,0.1608009485727614,0.050124991984532,0.400999935876256,0.0300749951907191,0.0017164482182803,0.0010959831268477,0.0537836980963402,0.0026053613717448,0.78125
8,25,0.6,8.0,6,0.1586820927370426,0.0497936511918566,0.3983492095348535,0.029876190715114,0.0026102899318645,0.0005760630494127,0.0521870859213931,0.0025949985913844,0.78125
8,28,0.6,8.0,1,0.1826330301064118,0.0534194823581498,0.427355858865199,0.0320516894148899,-0.0012028113174841,-0.0108251617841654,0.0663390253156786,0.0044387235822402,0.875
8,28,0.6,8.0,2,0.185066425212002,0.0537741842703125,0.4301934741625005,0.0322645105621875,-0.0015944176229534,-0.0066614447937904,0.0667581090141436,0.0053341154724914,0.875
8,28,0.6,8.0,3,0.1770437942098436,0.052595715457904,0.4207657236632323,0.0315574292747424,-9.86307830981684e-05,-0.0105318461968169,0.0655829672737976,0.0037471720380385,0.875
8,28,0.6,8.0,4,0.1999338477557882,0.055892453615709,0.4471396289256726,0.0335354721694254,0.000146687578871,-0.0063406643047692,0.07526350944762,0.0045442206577156,0.875
8,28,0.6,8.0,5,0.1746993756961509,0.0522463180066534,0.4179705440532275,0.031347790803992,-0.0020829422462694,-0.0110120431776123,0.0620051521824253,0.0034698004787865,0.875
8,28,0.6,8.0,6,0.1837150068531166,0.053577485776023,0.4286198862081841,0.0321464914656138,0.0014293184357961,-0.0067822498502527,0.0694612819313393,0.0044532654617659,0.875
8,32,0.6,8.0,1,0.263765369223619,0.0641976159535464,0.5135809276283719,0.0385185695721278,0.004664704555559,0.002788493465734,0.1224577251782859,0.0085152083206457,1.0
8,32,0.6,8.0,2,0.2991994507114473,0.0683739088934248,0.546991271147399,0.0410243453360549,0.0034816275493504,-0.0024286615340696,0.1403513307726831,0.0103333040271511,1.0
8,32,0.6,8.0,3,0.2546859370544638,0.0630830228070595,0.5046641824564766,0.0378498136842357,0.0046467474788663,-0.0019393497523008,0.115604109444832,0.0067566987390366,1.0
8,32,0.6,8.0,4,0.2651965088465433,0.0643715422428827,0.5149723379430621,0.0386229253457296,0.00410621230308,-0.0005947916046805,0.1188374191177869,0.0086171776731653,1.0
8,32,0.6,8.0,5,0.2784136205668859,0.0659561431661797,0.5276491453294376,0.0395736858997078,0.00374140708778,-0.0042672501109714,0.1316820254978071,0.0108473390495599,1.0
8,32,0.6,8.0,6,0.2471193430276857,0.0621388745859433,0.4971109966875464,0.0372833247515659,0.0053277403693965,0.0028607690979607,0.1079470705985017,0.0058821994627266,1.0
8,16,0.7,8.0,1,0.0960704864549978,0.0387440492315831,0.3099523938526655,0.0271208344621082,0.0008345890315631,0.0001971373100785,0.0277663715757781,0.0008451892419174,0.5
8,16,0.7,8.0,2,0.0966958753835158,0.0388699505127988,0.3109596041023911,0.0272089653589592,0.0009381238317942,6.838150327487247e-05,0.0277402492113765,0.0009630879663608,0.5
8,16,0.7,8.0,3,0.1019184000325589,0.0399058266486077,0.3192466131888621,0.0279340786540254,0.001064008065629,0.0008563391806292,0.0311968635608181,0.0019516890147104,0.5
8,16,0.7,8.0,4,0.0952627055148368,0.0385808213192685,0.3086465705541482,0.0270065749234879,0.0009580715072937,-0.0001299352671779,0.0263204675582057,0.001069840691397,0.5
8,16,0.7,8.0,5,0.0956729712575568,0.0386638096402737,0.30931047712219,0.0270646667481916,0.0011739183525827,0.0007886884496036,0.026891539701251,0.0008292219210625,0.5
8,16,0.7,8.0,6,0.0968769536812993,0.0389063285503824,0.3112506284030593,0.0272344299852676,0.0007089127950155,0.0006394154559158,0.0282675695177576,0.0007196487273114,0.5
8,18,0.7,8.0,1,0.1000368054995722,0.0395357444084567,0.3162859552676537,0.0276750210859196,0.0014543879572276,0.0010606500764156,0.0257653371835008,0.0009961545156006,0.5625
8,18,0.7,8.0,2,0.1003122980835319,0.039590145965318,0.3167211677225442,0.0277131021757226,0.0016764237560549,0.0004153699149592,0.0254005798066791,0.0006830166682358,0.5625
8,18,0.7,8.0,3,0.0993225883029718,0.0393943580000224,0.3151548640001798,0.0275760506000157,0.0014698969035847,0.0014067739617405,0.0249141673098134,0.0012541079094678,0.5625
8,18,0.7,8.0,4,0.0997944244485154,0.0394878194131817,0.315902555305454,0.0276414735892272,0.002014777321236,8.484377347442798e-05,0.0242965383886623,0.0008375275191828,0.5625
8,18,0.7,8.0,5,0.096185148190822,0.0387671631729946,0.3101373053839574,0.0271370142210962,0.0014182851521922,-0.0001825457425876,0.022398809041074,0.0008781266509094,0.5625
8,18,0.7,8.0,6,0.0969806899268037,0.0389271535063419,0.3114172280507353,0.0272490074544393,0.0012726423795707,-7.514756375887749e-05,0.0248214100125158,0.0006802293710079,0.5625
8,21,0.7,8.0,1,0.1135747125580163,0.0421260594373483,0.3370084754987867,0.0294882416061438,-0.0001998796604851,0.0008677030654675,0.0321005731691239,0.0012781038192365,0.65625
8,21,0.7,8.0,2,0.1105447873409532,0.0415603453089888,0.332482762471911,0.0290922417162922,-0.0007699086727319,-0.000753261966062,0.0304754935999894,0.001076623088429,0.65625
8,21,0.7,8.0,3,0.1169376781842897,0.0427451894560022,0.3419615156480181,0.0299216326192015,-0.0008823622902238,-0.000129370775624,0.0332053960514213,0.0014098157268982,0.65625
8,21,0.7,8.0,4,0.113312004973856,0.042077310723435,0.3366184857874802,0.0294541175064045,-0.0010680808906562,0.0004729369800241,0.0314892784756531,0.0012630157194017,0.65625
8,21,0.7,8.0,5,0.1185467898601741,0.0430382805368107,0.3443062442944858,0.0301267963757675,-0.0002932909855424,-0.0019307689406048,0.0340745869319743,0.0012171447042949,0.65625
8,21,0.7,8.0,6,0.1175400458559041,0.0428551422410252,0.3428411379282016,0.0299985995687176,-0.0003537652634022,0.0004609325306091,0.0355575453260793,0.0019680201272026,0.65625
8,25,0.7,8.0,1,0.1405927099596481,0.0468696180176401,0.3749569441411214,0.0328087326123481,0.0017979383952748,6.0809466203612383e-05,0.0432343072528007,0.0026826826765774,0.78125
8,25,0.7,8.0,2,0.1427773361182455,0.0472323604835454,0.3778588838683637,0.0330626523384818,0.002128385615907,-0.0011567400574368,0.0453692494606212,0.0020800925906825,0.78125
8,25,0.7,8.0,3,0.1488626583390906,0.048228404872526,0.3858272389802081,0.0337598834107682,0.0016498252445419,-0.0022617573307565,0.0498165759396533,0.0041654836123621,0.78125
8,25,0.7,8.0,4,0.1433638019957102,0.0473292658529896,0.3786341268239172,0.0331304860970927,0.0016235422708266,-0.0001377985999883,0.047770876379998,0.0020479399748406,0.78125
8,25,0.7,8.0,5,0.1431936312889668,0.0473011679442496,0.3784093435539969,0.0331108175609747,0.0014072543221593,0.0005669504610104,0.047163889681546,0.0024974327753745,0.78125
8,25,0.7,8.0,6,0.1533104288527714,0.0489435945842206,0.3915487566737653,0.0342605162089544,0.0019680004910088,-0.0001946354344103,0.0521686225207183,0.0031339987643577,0.78125
8,28,0.7,8.0,1,0.1799055659021536,0.0530190953074564,0.4241527624596515,0.0371133667152195,0.0009905212435466,0.0037792930231311,0.0677878165410088,0.0053577108091981,0.875
8,28,0.7,8.0,2,0.1677424345012444,0.0511954640479207,0.4095637123833658,0.0358368248335445,0.000137902809632,-0.0035840241732726,0.0575345426655444,0.0037981532166539,0.875
8,28,0.7,8.0,3,0.1743955916108524,0.0522008727792895,0.4176069822343161,0.0365406109455026,0.0009536274388281,-0.0040842398721018,0.0607061310822035,0.0038224493865758,0.875
8,28,0.7,8.0,4,0.1776536045737053,0.0526862180410033,0.4214897443280267,0.0368803526287023,-0.0009594471877083,0.0012285713045164,0.0617034726112827,0.0044407711797749,0.875
8,28,0.7,8.0,5,0.1873871047190653,0.0541102902527365,0.4328823220218923,0.0378772031769155,0.0002167370796501,0.0045058484904565,0.0671648769009053,0.003632498389171,0.875
8,28,0.7,8.0,6,0.1709421598265203,0.0516814400659403,0.4134515205275224,0.0361770080461582,0.0005243638544559,-0.0018180770992118,0.0622880885905875,0.004431712770343,0.875
8,32,0.7,8.0,1,0.2711853275172796,0.0650943218910643,0.5207545751285145,0.045566025323745,0.0054060977278941,0.00042212571107,0.1258931143137029,0.010712021256912,1.0
8,32,0.7,8.0,2,0.2727065226175973,0.0652766375964629,0.5222131007717035,0.045693646317524,0.0032539185375245,-0.0029738014300049,0.1208059253151878,0.0154993141205697,1.0
8,32,0.7,8.0,3,0.2676292206478374,0.0646661161089983,0.517328928871987,0.0452662812762988,0.0042859202872744,-0.0013637105389652,0.1188064936849166,0.0091937486571344,1.0
8,32,0.7,8.0,4,0.2641361214607027,0.0642427186366165,0.5139417490929324,0.0449699030456315,0.0049716745963109,0.0007961258563118,0.1175345626173525,0.007512203245925,1.0
8,32,0.7,8.0,5,0.2535794293384898,0.0629458384916263,0.5035667079330105,0.0440620869441384,0.0052450297033011,-0.0011534735752307,0.1140542545476032,0.0075651784590643,1.0
8,32,0.7,8.0,6,0.2526866981586621,0.0628349397925158,0.502679518340127,0.0439844578547611,0.0047924793692929,-0.0052056229378089,0.1064406276108375,0.0073254395950161,1.0
10,25,0.0,0.0,1,0.125,0.0353553390593273,0.3535533905932738,0.0,1.2663481374630693e-18,-8.465450562766818e-18,0.0254844258068447,1.734723475976807e-18,0.5
10,25,0.0,0.0,2,0.125,0.0353553390593273,0.3535533905932738,0.0,1.2663481374630693e-18,-8.465450562766818e-18,0.0254844258068447,1.734723475976807e-18,0.5
10,25,0.0,0.0,3,0.125,0.0353553390593273,0.3535533905932738,0.0,1.2663481374630693e-18,-8.465450562766818e-18,0.0254844258068447,1.734723475976807e-18,0.5
10,25,0.0,0.0,4,0.125,0.0353553390593273,0.3535533905932738,0.0,1.2663481374630693e-18,-8.465450562766818e-18,0.0254844258068447,1.734723475976807e-18,0.5
10,25,0.0,0.0,5,0.125,0.0353553390593273,0.3535533905932738,0.0,1.2663481374630693e-18,-8.465450562766818e-18,0.0254844258068447,1.734723475976807e-18,0.5
10,25,0.0,0.0,6,0.125,0.0353553390593273,0.3535533905932738,0.0,1.2663481374630693e-18,-8.465450562766818e-18,0.0254844258068447,1.734723475976807e-18,0.5
10,28,0.0,0.0,1,0.1399999999999999,0.0374165738677394,0.374165738677394,0.0,6.938893903907231e-20,-1.477035647262648e-10,0.0344641549194767,2.8714782907777404e-18,0.56
10,28,0.0,0.0,2,0.1399999999999999,0.0374165738677394,0.374165738677394,0.0,6.938893903907231e-20,-1.477035647262648e-10,0.0344641549194767,2.8714782907777404e-18,0.56
10,28,0.0,0.0,3,0.1399999999999999,0.0374165738677394,0.374165738677394,0.0,6.938893903907231e-20,-1.477035647262648e-10,0.0344641549194767,2.8714782907777404e-18,0.56
10,28,0.0,0.0,4,0.1399999999999999,0.0374165738677394,0.374165738677394,0.0,6.938893903907231e-20,-1.477035647262648e-10,0.0344641549194767,2.8714782907777404e-18,0.56
10,28,0.0,0.0,5,0.1399999999999999,0.0374165738677394,0.374165738677394,0.0,6.938893903907231e-20,-1.477035647262648e-10,0.0344641549194767,2.8714782907777404e-18,0.56
10,28,0.0,0.0,6,0.1399999999999999,0.0374165738677394,0.374165738677394,0.0,6.938893903907231e-20,-1.477035647262648e-10,0.0344641549194767,2.8714782907777404e-18,0.56
10,33,0.0,0.0,1,0.165,0.0406201920231798,0.406201920231798,0.0,7.822990076073507e-05,0.0006751480307794,0.045445082531211,1.0408340855860842e-18,0.66
10,33,0.0,0.0,2,0.165,0.0406201920231798,0.406201920231798,0.0,7.822990076073507e-05,0.0006751480307794,0.045445082531211,1.0408340855860842e-18,0.66
10,33,0.0,0.0,3,0.165,0.0406201920231798,0.406201920231798,0.0,7.822990076073507e-05,0.0006751480307794,0.045445082531211,1.0408340855860842e-18,0.66
10,33,0.0,0.0,4,0.165,0.0406201920231798,0.406201920231798,0.0,7.822990076073507e-05,0.0006751480307794,0.045445082531211,1.0408340855860842e-18,0.66
10,33,0.0,0.0,5,0.165,0.0406201920231798,0.406201920231798,0.0,7.822990076073507e-05,0.0006751480307794,0.045445082531211,1.0408340855860842e-18,0.66
10,33,0.0,0.0,6,0.165,0.0406201920231798,0.406201920231798,0.0,7.822990076073507e-05,0.0006751480307794,0.045445082531211,1.0408340855860842e-18,0.66
10,39,0.0,0.0,1,0.1849999999999998,0.0430116263352131,0.4301162633521311,0.0,-1.0408340855860842e-19,-1.249000902703301e-18,0.0534327671054013,5.110814501696562e-18,0.78
10,39,0.0,0.0,2,0.1849999999999998,0.0430116263352131,0.4301162633521311,0.0,-1.0408340855860842e-19,-1.249000902703301e-18,0.0534327671054013,5.110814501696562e-18,0.78
10,39,0.0,0.0,3,0.1849999999999998,0.0430116263352131,0.4301162633521311,0.0,-1.0408340855860842e-19,-1.249000902703301e-18,0.0534327671054013,5.110814501696562e-18,0.78
10,39,0.0,0.0,4,0.1849999999999998,0.0430116263352131,0.4301162633521311,0.0,-1.0408340855860842e-19,-1.249000902703301e-18,0.0534327671054013,5.110814501696562e-18,0.78
10,39,0.0,0.0,5,0.1849999999999998,0.0430116263352131,0.4301162633521311,0.0,-1.0408340855860842e-19,-1.249000902703301e-18,0.0534327671054013,5.110814501696562e-18,0.78
10,39,0.0,0.0,6,0.1849999999999998,0.0430116263352131,0.4301162633521311,0.0,-1.0408340855860842e-19,-1.249000902703301e-18,0.0534327671054013,5.110814501696562e-18,0.78
10,44,0.0,0.0,1,0.2078289781696334,0.0455882636398485,0.4558826363984852,0.0,3.090999991600292e-06,-0.0012413698017431,0.0626754265915567,1.0529071299207269e-17,0.88
10,44,0.0,0.0,2,0.2078289781696334,0.0455882636398485,0.4558826363984852,0.0,3.090999991600292e-06,-0.0012413698017431,0.0626754265915567,1.0529071299207269e-17,0.88
10,44,0.0,0.0,3,0.2078289781696334,0.0455882636398485,0.4558826363984852,0.0,3.090999991600292e-06,-0.0012413698017431,0.0626754265915567,1.0529071299207269e-17,0.88
10,44,0.0,0.0,4,0.2078289781696334,0.0455882636398485,0.4558826363984852,0.0,3.090999991600292e-06,-0.0012413698017431,0.0626754265915567,1.0529071299207269e-17,0.88
10,44,0.0,0.0,5,0.2078289781696334,0.0455882636398485,0.4558826363984852,0.0,3.090999991600292e-06,-0.0012413698017431,0.0626754265915567,1.0529071299207269e-17,0.88
10,44,0.0,0.0,6,0.2078289781696334,0.0455882636398485,0.4558826363984852,0.0,3.090999991600292e-06,-0.0012413698017431,0.0626754265915567,1.0529071299207269e-17,0.88
10,50,0.0,0.0,1,0.2084362462505409,0.0456548186121181,0.4565481861211814,0.0,-3.035984270178472e-05,-0.0007183974406399,0.0631612410562827,2.3441243295908668e-17,1.0
10,50,0.0,0.0,2,0.2084362462505409,0.0456548186121181,0.4565481861211814,0.0,-3.035984270178472e-05,-0.0007183974406399,0.0631612410562827,2.3441243295908668e-17,1.0
10,50,0.0,0.0,3,0.2084362462505409,0.0456548186121181,0.4565481861211814,0.0,-3.035984270178472e-05,-0.0007183974406399,0.0631612410562827,2.3441243295908668e-17,1.0
10,50,0.0,0.0,4,0.2084362462505409,0.0456548186121181,0.4565481861211814,0.0,-3.035984270178472e-05,-0.0007183974406399,0.0631612410562827,2.3441243295908668e-17,1.0
10,50,0.0,0.0,5,0.2084362462505409,0.0456548186121181,0.4565481861211814,0.0,-3.035984270178472e-05,-0.0007183974406399,0.0631612410562827,2.3441243295908668e-17,1.0
10,50,0.0,0.0,6,0.2084362462505409,0.0456548186121181,0.4565481861211814,0.0,-3.035984270178472e-05,-0.0007183974406399,0.0631612410562827,2.3441243295908668e-17,1.0
10,25,0.1,0.0,1,0.1245675522859979,0.0352941287307107,0.3529412873071071,0.003529412873071,-1.734723475976807e-20,4.996003610813204e-18,0.0253514856541584,2.6150632755908106e-18,0.5
10,25,0.1,0.0,2,0.1245675522859979,0.0352941287307107,0.3529412873071071,0.003529412873071,-1.734723475976807e-20,4.996003610813204e-18,0.0253514856541584,2.6150632755908106e-18,0.5
10,25,0.1,0.0,3,0.1245675522859979,0.0352941287307107,0.3529412873071071,0.003529412873071,-1.734723475976807e-20,4.996003610813204e-18,0.0253514856541584,2.6150632755908106e-18,0.5
10,25,0.1,0.0,4,0.1245675522859979,0.0352941287307107,0.3529412873071071,0.003529412873071,-1.734723475976807e-20,4.996003610813204e-18,0.0253514856541584,2.6150632755908106e-18,0.5
10,25,0.1,0.0,5,0.1245675522859979,0.0352941287307107,0.3529412873071071,0.003529412873071,-1.734723475976807e-20,4.996003610813204e-18,0.0253514856541584,2.6150632755908106e-18,0.5
10,25,0.1,0.0,6,0.1245675522859979,0.0352941287307107,0.3529412873071071,0.003529412873071,-1.734723475976807e-20,4.996003610813204e-18,0.0253514856541584,2.6150632755908106e-18,0.5
10,28,0.1,0.0,1,0.1395675522859978,0.0373587409164171,0.3735874091641711,0.0037358740916417,1.249000902703301e-18,-7.219593036391831e-05,0.0343312147667903,2.8398647225037937e-18,0.56
10,28,0.1,0.0,2,0.1395675522859978,0.0373587409164171,0.3735874091641711,0.0037358740916417,1.249000902703301e-18,-7.219593036391831e-05,0.0343312147667903,2.8398647225037937e-18,0.56
10,28,0.1,0.0,3,0.1395675522859978,0.0373587409164171,0.3735874091641711,0.0037358740916417,1.249000902703301e-18,-7.219593036391831e-05,0.0343312147667903,2.8398647225037937e-18,0.56
10,28,0.1,0.0,4,0.1395675522859978,0.0373587409164171,0.3735874091641711,0.0037358740916417,1.249000902703301e-18,-7.219593036391831e-05,0.0343312147667903,2.8398647225037937e-18,0.56
10,28,0.1,0.0,5,0.1395675522859978,0.0373587409164171,0.3735874091641711,0.0037358740916417,1.249000902703301e-18,-7.219593036391831e-05,0.0343312147667903,2.8398647225037937e-18,0.56
10,28,0.1,0.0,6,0.1395675522859978,0.0373587409164171,0.3735874091641711,0.0037358740916417,1.249000902703301e-18,-7.219593036391831e-05,0.0343312147667903,2.8398647225037937e-18,0.56
10,33,0.1,0.0,1,0.1638589347522855,0.040479492925713,0.4047949292571308,0.0040479492925713,-6.387822148141715e-05,0.0013705633733238,0.0450165221070665,6.0442107534892746e-18,0.66
10,33,0.1,0.0,2,0.1638589347522855,0.040479492925713,0.4047949292571308,0.0040479492925713,-6.387822148141715e-05,0.0013705633733238,0.0450165221070665,6.0442107534892746e-18,0.66
10,33,0.1,0.0,3,0.1638589347522855,0.040479492925713,0.4047949292571308,0.0040479492925713,-6.387822148141715e-05,0.0013705633733238,0.0450165221070665,6.0442107534892746e-18,0.66
10,33,0.1,0.0,4,0.1638589347522855,0.040479492925713,0.4047949292571308,0.0040479492925713,-6.387822148141715e-05,0.0013705633733238,0.0450165221070665,6.0442107534892746e-18,0.66
10,33,0.1,0.0,5,0.1638589347522855,0.040479492925713,0.4047949292571308,0.0040479492925713,-6.387822148141715e-05,0.0013705633733238,0.0450165221070665,6.0442107534892746e-18,0.66
10,33,0.1,0.0,6,0.1638589347522855,0.040479492925713,0.4047949292571308,0.0040479492925713,-6.387822148141715e-05,0.0013705633733238,0.0450165221070665,6.0442107534892746e-18,0.66
10,39,0.1,0.0,1,0.1826627903812358,0.0427390676525864,0.4273906765258641,0.0042739067652586,-4.5102810375397e-19,-7.424616477180735e-18,0.0523185649399289,6.2256999711512865e-18,0.78
10,39,0.1,0.0,2,0.1826627903812358,0.0427390676525864,0.4273906765258641,0.0042739067652586,-4.5102810375397e-19,-7.424616477180735e-18,0.0523185649399289,6.2256999711512865e-18,0.78
10,39,0.1,0.0,3,0.1826627903812358,0.0427390676525864,0.4273906765258641,0.0042739067652586,-4.5102810375397e-19,-7.424616477180735e-18,0.0523185649399289,6.2256999711512865e-18,0.78
10,39,0.1,0.0,4,0.1826627903812358,0.0427390676525864,0.4273906765258641,0.0042739067652586,-4.5102810375397e-19,-7.424616477180735e-18,0.0523185649399289,6.2256999711512865e-18,0.78
10,39,0.1,0.0,5,0.1826627903812358,0.0427390676525864,0.4273906765258641,0.0042739067652586,-4.5102810375397e-19,-7.424616477180735e-18,0.0523185649399289,6.2256999711512865e-18,0.78
10,39,0.1,0.0,6,0.1826627903812358,0.0427390676525864,0.4273906765258641,0.0042739067652586,-4.5102810375397e-19,-7.424616477180735e-18,0.0523185649399289,6.2256999711512865e-18,0.78
10,44,0.1,0.0,1,0.2023361543459848,0.0449817912433447,0.4498179124334476,0.0044981791243344,0.0001207901706328,6.404599073306372e-17,0.0595693067380401,1.0259829848633697e-17,0.88
10,44,0.1,0.0,2,0.2023361543459848,0.0449817912433447,0.4498179124334476,0.0044981791243344,0.0001207901706328,6.404599073306372e-17,0.0595693067380401,1.0259829848633697e-17,0.88
10,44,0.1,0.0,3,0.2023361543459848,0.0449817912433447,0.4498179124334476,0.0044981791243344,0.0001207901706328,6.404599073306372e-17,0.0595693067380401,1.0259829848633697e-17,0.88
10,44,0.1,0.0,4,0.2023361543459848,0.0449817912433447,0.4498179124334476,0.0044981791243344,0.0001207901706328,6.404599073306372e-17,0.0595693067380401,1.0259829848633697e-17,0.88
10,44,0.1,0.0,5,0.2023361543459848,0.0449817912433447,0.4498179124334476,0.0044981791243344,0.0001207901706328,6.404599073306372e-17,0.0595693067380401,1.0259829848633697e-17,0.88
10,44,0.1,0.0,6,0.2023361543459848,0.0449817912433447,0.4498179124334476,0.0044981791243344,0.0001207901706328,6.404599073306372e-17,0.0595693067380401,1.0259829848633697e-17,0.88
10,50,0.1,0.0,1,0.2010844880299603,0.0448424450749466,0.4484244507494661,0.0044842445074946,9.680237594474091e-05,-2.706168622523819e-18,0.0585679736852206,2.2551405187698493e-18,1.0
10,50,0.1,0.0,2,0.2010844880299603,0.0448424450749466,0.4484244507494661,0.0044842445074946,9.680237594474091e-05,-2.706168622523819e-18,0.0585679736852206,2.2551405187698493e-18,1.0
10,50,0.1,0.0,3,0.2010844880299603,0.0448424450749466,0.4484244507494661,0.0044842445074946,9.680237594474091e-05,-2.706168622523819e-18,0.0585679736852206,2.2551405187698493e-18,1.0
10,50,0.1,0.0,4,0.2010844880299603,0.0448424450749466,0.4484244507494661,0.0044842445074946,9.680237594474091e-05,-2.706168622523819e-18,0.0585679736852206,2.2551405187698493e-18,1.0
10,50,0.1,0.0,5,0.2010844880299603,0.0448424450749466,0.4484244507494661,0.0044842445074946,9.680237594474091e-05,-2.706168622523819e-18,0.0585679736852206,2.2551405187698493e-18,1.0
10,50,0.1,0.0,6,0.2010844880299603,0.0448424450749466,0.4484244507494661,0.0044842445074946,9.680237594474091e-05,-2.706168622523819e-18,0.0585679736852206,2.2551405187698493e-18,1.0
10,25,0.2,0.0,1,0.1233166970317785,0.0351164771911674,0.3511647719116748,0.0070232954382334,-1.1969591984239968e-18,2.5673907444456745e-18,0.0249700726595243,7.709279757381675e-19,0.5
10,25,0.2,0.0,2,0.1233166970317785,0.0351164771911674,0.3511647719116748,0.0070232954382334,-1.1969591984239968e-18,2.5673907444456745e-18,0.0249700726595243,7.709279757381675e-19,0.5
10,25,0.2,0.0,3,0.1233166970317785,0.0351164771911674,0.3511647719116748,0.0070232954382334,-1.1969591984239968e-18,2.5673907444456745e-18,0.0249700726595243,7.709279757381675e-19,0.5
10,25,0.2,0.0,4,0.1233166970317785,0.0351164771911674,0.3511647719116748,0.0070232954382334,-1.1969591984239968e-18,2.5673907444456745e-18,0.0249700726595243,7.709279757381675e-19,0.5
10,25,0.2,0.0,5,0.1233166970317785,0.0351164771911674,0.3511647719116748,0.0070232954382334,-1.1969591984239968e-18,2.5673907444456745e-18,0.0249700726595243,7.709279757381675e-19,0.5
10,25,0.2,0.0,6,0.1233166970317785,0.0351164771911674,0.3511647719116748,0.0070232954382334,-1.1969591984239968e-18,2.5673907444456745e-18,0.0249700726595243,7.709279757381675e-19,0.5
10,28,0.2,0.0,1,0.137694412398666,0.0371071977382644,0.3710719773826447,0.0074214395476528,-8.195111246163052e-05,-0.0005325934569735,0.0311936319775702,1.0244419731805889e-17,0.56
10,28,0.2,0.0,2,0.137694412398666,0.0371071977382644,0.3710719773826447,0.0074214395476528,-8.195111246163052e-05,-0.0005325934569735,0.0311936319775702,1.0244419731805889e-17,0.56
10,28,0.2,0.0,3,0.137694412398666,0.0371071977382644,0.3710719773826447,0.0074214395476528,-8.195111246163052e-05,-0.0005325934569735,0.0311936319775702,1.0244419731805889e-17,0.56
10,28,0.2,0.0,4,0.137694412398666,0.0371071977382644,0.3710719773826447,0.0074214395476528,-8.195111246163052e-05,-0.0005325934569735,0.0311936319775702,1.0244419731805889e-17,0.56
10,28,0.2,0.0,5,0.137694412398666,0.0371071977382644,0.3710719773826447,0.0074214395476528,-8.195111246163052e-05,-0.0005325934569735,0.0311936319775702,1.0244419731805889e-17,0.56
10,28,0.2,0.0,6,0.137694412398666,0.0371071977382644,0.3710719773826447,0.0074214395476528,-8.195111246163052e-05,-0.0005325934569735,0.0311936319775702,1.0244419731805889e-17,0.56
10,33,0.2,0.0,1,0.1566500303651119,0.039579038690336,0.3957903869033606,0.0079158077380672,-5.8980598183211455e-19,-5.898059818321144e-18,0.0375604380582865,2.4224095028101378e-18,0.66
10,33,0.2,0.0,2,0.1566500303651119,0.039579038690336,0.3957903869033606,0.0079158077380672,-5.8980598183211455e-19,-5.898059818321144e-18,0.0375604380582865,2.4224095028101378e-18,0.66
10,33,0.2,0.0,3,0.1566500303651119,0.039579038690336,0.3957903869033606,0.0079158077380672,-5.8980598183211455e-19,-5.898059818321144e-18,0.0375604380582865,2.4224095028101378e-18,0.66
10,33,0.2,0.0,4,0.1566500303651119,0.039579038690336,0.3957903869033606,0.0079158077380672,-5.8980598183211455e-19,-5.898059818321144e-18,0.0375604380582865,2.4224095028101378e-18,0.66
10,33,0.2,0.0,5,0.1566500303651119,0.039579038690336,0.3957903869033606,0.0079158077380672,-5.8980598183211455e-19,-5.898059818321144e-18,0.0375604380582865,2.4224095028101378e-18,0.66
10,33,0.2,0.0,6,0.1566500303651119,0.039579038690336,0.3957903869033606,0.0079158077380672,-5.8980598183211455e-19,-5.898059818321144e-18,0.0375604380582865,2.4224095028101378e-18,0.66
10,39,0.2,0.0,1,0.1861565771531694,0.0431458662160315,0.4314586621603157,0.0086291732432063,0.0001350865916079,5.34133604161334e-05,0.0535215778970167,5.0812890408774594e-18,0.78
10,39,0.2,0.0,2,0.1861565771531694,0.0431458662160315,0.4314586621603157,0.0086291732432063,0.0001350865916079,5.34133604161334e-05,0.0535215778970167,5.0812890408774594e-18,0.78
10,39,0.2,0.0,3,0.1861565771531694,0.0431458662160315,0.4314586621603157,0.0086291732432063,0.0001350865916079,5.34133604161334e-05,0.0535215778970167,5.0812890408774594e-18,0.78
10,39,0.2,0.0,4,0.1861565771531694,0.0431458662160315,0.4314586621603157,0.0086291732432063,0.0001350865916079,5.34133604161334e-05,0.0535215778970167,5.0812890408774594e-18,0.78
10,39,0.2,0.0,5,0.1861565771531694,0.0431458662160315,0.4314586621603157,0.0086291732432063,0.0001350865916079,5.34133604161334e-05,0.0535215778970167,5.0812890408774594e-18,0.78
10,39,0.2,0.0,6,0.1861565771531694,0.0431458662160315,0.4314586621603157,0.0086291732432063,0.0001350865916079,5.34133604161334e-05,0.0535215778970167,5.0812890408774594e-18,0.78
10,44,0.2,0.0,1,0.1963993716458033,0.0443169687191941,0.4431696871919415,0.0088633937438388,-4.790174042780215e-05,-3.4972025275692425e-17,0.058098743749232,7.097542187819571e-18,0.88
10,44,0.2,0.0,2,0.1963993716458033,0.0443169687191941,0.4431696871919415,0.0088633937438388,-4.790174042780215e-05,-3.4972025275692425e-17,0.058098743749232,7.097542187819571e-18,0.88
10,44,0.2,0.0,3,0.1963993716458033,0.0443169687191941,0.4431696871919415,0.0088633937438388,-4.790174042780215e-05,-3.4972025275692425e-17,0.058098743749232,7.097542187819571e-18,0.88
10,44,0.2,0.0,4,0.1963993716458033,0.0443169687191941,0.4431696871919415,0.0088633937438388,-4.790174042780215e-05,-3.4972025275692425e-17,0.058098743749232,7.097542187819571e-18,0.88
10,44,0.2,0.0,5,0.1963993716458033,0.0443169687191941,0.4431696871919415,0.0088633937438388,-4.790174042780215e-05,-3.4972025275692425e-17,0.058098743749232,7.097542187819571e-18,0.88
10,44,0.2,0.0,6,0.1963993716458033,0.0443169687191941,0.4431696871919415,0.0088633937438388,-4.790174042780215e-05,-3.4972025275692425e-17,0.058098743749232,7.097542187819571e-18,0.88
10,50,0.2,0.0,1,0.1964840511463446,0.0443265215357966,0.4432652153579667,0.0088653043071593,1.83012452607623e-05,4.718447854656917e-18,0.058166487349665,5.34959019620934e-18,1.0
10,50,0.2,0.0,2,0.1964840511463446,0.0443265215357966,0.4432652153579667,0.0088653043071593,1.83012452607623e-05,4.718447854656917e-18,0.058166487349665,5.34959019620934e-18,1.0
10,50,0.2,0.0,3,0.1964840511463446,0.0443265215357966,0.4432652153579667,0.0088653043071593,1.83012452607623e-05,4.718447854656917e-18,0.058166487349665,5.34959019620934e-18,1.0
10,50,0.2,0.0,4,0.1964840511463446,0.0443265215357966,0.4432652153579667,0.0088653043071593,1.83012452607623e-05,4.718447854656917e-18,0.058166487349665,5.34959019620934e-18,1.0
10,50,0.2,0.0,5,0.1964840511463446,0.0443265215357966,0.4432652153579667,0.0088653043071593,1.83012452607623e-05,4.718447854656917e-18,0.058166487349665,5.34959019620934e-18,1.0
10,50,0.2,0.0,6,0.1964840511463446,0.0443265215357966,0.4432652153579667,0.0088653043071593,1.83012452607623e-05,4.718447854656917e-18,0.058166487349665,5.34959019620934e-18,1.0
10,25,0.3,0.0,1,0.1213742781997816,0.0348388114320482,0.3483881143204826,0.0104516434296144,4.336808689942021e-19,4.85722573273506e-19,0.0243871301533181,7.3598084000801955e-19,0.5
10,25,0.3,0.0,2,0.1213742781997816,0.0348388114320482,0.3483881143204826,0.0104516434296144,4.336808689942021e-19,4.85722573273506e-19,0.0243871301533181,7.3598084000801955e-19,0.5
10,25,0.3,0.0,3,0.1213742781997816,0.0348388114320482,0.3483881143204826,0.0104516434296144,4.336808689942021e-19,4.85722573273506e-19,0.0243871301533181,7.3598084000801955e-19,0.5
10,25,0.3,0.0,4,0.1213742781997816,0.0348388114320482,0.3483881143204826,0.0104516434296144,4.336808689942021e-19,4.85722573273506e-19,0.0243871301533181,7.3598084000801955e-19,0.5
10,25,0.3,0.0,5,0.1213742781997816,0.0348388114320482,0.3483881143204826,0.0104516434296144,4.336808689942021e-19,4.85722573273506e-19,0.0243871301533181,7.3598084000801955e-19,0.5
10,25,0.3,0.0,6,0.1213742781997816,0.0348388114320482,0.3483881143204826,0.0104516434296144,4.336808689942021e-19,4.85722573273506e-19,0.0243871301533181,7.3598084000801955e-19,0.5
10,28,0.3,0.0,1,0.1303330233065228,0.0361016652395042,0.3610166523950424,0.0108304995718512,0.0007459704252749,2.4286128663675298e-18,0.0271731247850409,2.270102912646233e-18,0.56
10,28,0.3,0.0,2,0.1303330233065228,0.0361016652395042,0.3610166523950424,0.0108304995718512,0.0007459704252749,2.4286128663675298e-18,0.0271731247850409,2.270102912646233e-18,0.56
10,28,0.3,0.0,3,0.1303330233065228,0.0361016652395042,0.3610166523950424,0.0108304995718512,0.0007459704252749,2.4286128663675298e-18,0.0271731247850409,2.270102912646233e-18,0.56
10,28,0.3,0.0,4,0.1303330233065228,0.0361016652395042,0.3610166523950424,0.0108304995718512,0.0007459704252749,2.4286128663675298e-18,0.0271731247850409,2.270102912646233e-18,0.56
10,28,0.3,0.0,5,0.1303330233065228,0.0361016652395042,0.3610166523950424,0.0108304995718512,0.0007459704252749,2.4286128663675298e-18,0.0271731247850409,2.270102912646233e-18,0.56
10,28,0.3,0.0,6,0.1303330233065228,0.0361016652395042,0.3610166523950424,0.0108304995718512,0.0007459704252749,2.4286128663675298e-18,0.0271731247850409,2.270102912646233e-18,0.56
10,33,0.3,0.0,1,0.1488917488832314,0.0385864936063425,0.3858649360634255,0.0115759480819027,0.0005553814557193,-0.0015271411545088,0.0344243854858047,9.466568952094976e-18,0.66
10,33,0.3,0.0,2,0.1488917488832314,0.0385864936063425,0.3858649360634255,0.0115759480819027,0.0005553814557193,-0.0015271411545088,0.0344243854858047,9.466568952094976e-18,0.66
10,33,0.3,0.0,3,0.1488917488832314,0.0385864936063425,0.3858649360634255,0.0115759480819027,0.0005553814557193,-0.0015271411545088,0.0344243854858047,9.466568952094976e-18,0.66
10,33,0.3,0.0,4,0.1488917488832314,0.0385864936063425,0.3858649360634255,0.0115759480819027,0.0005553814557193,-0.0015271411545088,0.0344243854858047,9.466568952094976e-18,0.66
10,33,0.3,0.0,5,0.1488917488832314,0.0385864936063425,0.3858649360634255,0.0115759480819027,0.0005553814557193,-0.0015271411545088,0.0344243854858047,9.466568952094976e-18,0.66
10,33,0.3,0.0,6,0.1488917488832314,0.0385864936063425,0.3858649360634255,0.0115759480819027,0.0005553814557193,-0.0015271411545088,0.0344243854858047,9.466568952094976e-18,0.66
10,39,0.3,0.0,1,0.1702529884976009,0.0412617242123497,0.4126172421234975,0.0123785172637049,3.249151855390063e-06,0.0030579691213833,0.0433644773096753,1.0551910960100405e-18,0.78
10,39,0.3,0.0,2,0.1702529884976009,0.0412617242123497,0.4126172421234975,0.0123785172637049,3.249151855390063e-06,0.0030579691213833,0.0433644773096753,1.0551910960100405e-18,0.78
10,39,0.3,0.0,3,0.1702529884976009,0.0412617242123497,0.4126172421234975,0.0123785172637049,3.249151855390063e-06,0.0030579691213833,0.0433644773096753,1.0551910960100405e-18,0.78
10,39,0.3,0.0,4,0.1702529884976009,0.0412617242123497,0.4126172421234975,0.0123785172637049,3.249151855390063e-06,0.0030579691213833,0.0433644773096753,1.0551910960100405e-18,0.78
10,39,0.3,0.0,5,0.1702529884976009,0.0412617242123497,0.4126172421234975,0.0123785172637049,3.249151855390063e-06,0.0030579691213833,0.0433644773096753,1.0551910960100405e-18,0.78
10,39,0.3,0.0,6,0.1702529884976009,0.0412617242123497,0.4126172421234975,0.0123785172637049,3.249151855390063e-06,0.0030579691213833,0.0433644773096753,1.0551910960100405e-18,0.78
10,44,0.3,0.0,1,0.1879285967628314,0.0433507320310547,0.4335073203105473,0.0130052196093164,-0.0004586329532483,-0.0008072395021821,0.0554914499969473,6.074752940966595e-17,0.88
10,44,0.3,0.0,2,0.1879285967628314,0.0433507320310547,0.4335073203105473,0.0130052196093164,-0.0004586329532483,-0.0008072395021821,0.0554914499969473,6.074752940966595e-17,0.88
10,44,0.3,0.0,3,0.1879285967628314,0.0433507320310547,0.4335073203105473,0.0130052196093164,-0.0004586329532483,-0.0008072395021821,0.0554914499969473,6.074752940966595e-17,0.88
10,44,0.3,0.0,4,0.1879285967628314,0.0433507320310547,0.4335073203105473,0.0130052196093164,-0.0004586329532483,-0.0008072395021821,0.0554914499969473,6.074752940966595e-17,0.88
10,44,0.3,0.0,5,0.1879285967628314,0.0433507320310547,0.4335073203105473,0.0130052196093164,-0.0004586329532483,-0.0008072395021821,0.0554914499969473,6.074752940966595e-17,0.88
10,44,0.3,0.0,6,0.1879285967628314,0.0433507320310547,0.4335073203105473,0.0130052196093164,-0.0004586329532483,-0.0008072395021821,0.0554914499969473,6.074752940966595e-17,0.88
10,50,0.3,0.0,1,0.1849639763731527,0.0430074384697755,0.4300743846977552,0.0129022315409326,0.0001664652298427,-0.0011928086364676,0.0531197536852042,1.4033044459902308e-17,1.0
10,50,0.3,0.0,2,0.1849639763731527,0.0430074384697755,0.4300743846977552,0.0129022315409326,0.0001664652298427,-0.0011928086364676,0.0531197536852042,1.4033044459902308e-17,1.0
10,50,0.3,0.0,3,0.1849639763731527,0.0430074384697755,0.4300743846977552,0.0129022315409326,0.0001664652298427,-0.0011928086364676,0.0531197536852042,1.4033044459902308e-17,1.0
10,50,0.3,0.0,4,0.1849639763731527,0.0430074384697755,0.4300743846977552,0.0129022315409326,0.0001664652298427,-0.0011928086364676,0.0531197536852042,1.4033044459902308e-17,1.0
10,50,0.3,0.0,5,0.1849639763731527,0.0430074384697755,0.4300743846977552,0.0129022315409326,0.0001664652298427,-0.0011928086364676,0.0531197536852042,1.4033044459902308e-17,1.0
10,50,0.3,0.0,6,0.1849639763731527,0.0430074384697755,0.4300743846977552,0.0129022315409326,0.0001664652298427,-0.0011928086364676,0.0531197536852042,1.4033044459902308e-17,1.0
10,25,0.4,0.0,1,0.107351611079706,0.0327645557088305,0.3276455570883054,0.0131058222835322,1.2836953722228372e-18,-4.093947403305265e-18,0.0193297107765024,2.2882574235218372e-18,0.5
10,25,0.4,0.0,2,0.107351611079706,0.0327645557088305,0.3276455570883054,0.0131058222835322,1.2836953722228372e-18,-4.093947403305265e-18,0.0193297107765024,2.2882574235218372e-18,0.5
10,25,0.4,0.0,3,0.107351611079706,0.0327645557088305,0.3276455570883054,0.0131058222835322,1.2836953722228372e-18,-4.093947403305265e-18,0.0193297107765024,2.2882574235218372e-18,0.5
10,25,0.4,0.0,4,0.107351611079706,0.0327645557088305,0.3276455570883054,0.0131058222835322,1.2836953722228372e-18,-4.093947403305265e-18,0.0193297107765024,2.2882574235218372e-18,0.5
10,25,0.4,0.0,5,0.107351611079706,0.0327645557088305,0.3276455570883054,0.0131058222835322,1.2836953722228372e-18,-4.093947403305265e-18,0.0193297107765024,2.2882574235218372e-18,0.5
10,25,0.4,0.0,6,0.107351611079706,0.0327645557088305,0.3276455570883054,0.0131058222835322,1.2836953722228372e-18,-4.093947403305265e-18,0.0193297107765024,2.2882574235218372e-18,0.5
10,28,0.4,0.0,1,0.122351611079706,0.0349787951593113,0.3497879515931131,0.0139915180637245,9.194034422677078e-19,-0.0010809891378566,0.0241697808110226,1.343711026546643e-18,0.56
10,28,0.4,0.0,2,0.122351611079706,0.0349787951593113,0.3497879515931131,0.0139915180637245,9.194034422677078e-19,-0.0010809891378566,0.0241697808110226,1.343711026546643e-18,0.56
10,28,0.4,0.0,3,0.122351611079706,0.0349787951593113,0.3497879515931131,0.0139915180637245,9.194034422677078e-19,-0.0010809891378566,0.0241697808110226,1.343711026546643e-18,0.56
10,28,0.4,0.0,4,0.122351611079706,0.0349787951593113,0.3497879515931131,0.0139915180637245,9.194034422677078e-19,-0.0010809891378566,0.0241697808110226,1.343711026546643e-18,0.56
10,28,0.4,0.0,5,0.122351611079706,0.0349787951593113,0.3497879515931131,0.0139915180637245,9.194034422677078e-19,-0.0010809891378566,0.0241697808110226,1.343711026546643e-18,0.56
10,28,0.4,0.0,6,0.122351611079706,0.0349787951593113,0.3497879515931131,0.0139915180637245,9.194034422677078e-19,-0.0010809891378566,0.0241697808110226,1.343711026546643e-18,0.56
10,33,0.4,0.0,1,0.1438112766648047,0.0379224572865214,0.3792245728652149,0.0151689829146085,0.0005389521604922,0.0004595881878353,0.0337243554825731,1.7542163319460428e-17,0.66
10,33,0.4,0.0,2,0.1438112766648047,0.0379224572865214,0.3792245728652149,0.0151689829146085,0.0005389521604922,0.0004595881878353,0.0337243554825731,1.7542163319460428e-17,0.66
10,33,0.4,0.0,3,0.1438112766648047,0.0379224572865214,0.3792245728652149,0.0151689829146085,0.0005389521604922,0.0004595881878353,0.0337243554825731,1.7542163319460428e-17,0.66
10,33,0.4,0.0,4,0.1438112766648047,0.0379224572865214,0.3792245728652149,0.0151689829146085,0.0005389521604922,0.0004595881878353,0.0337243554825731,1.7542163319460428e-17,0.66
10,33,0.4,0.0,5,0.1438112766648047,0.0379224572865214,0.3792245728652149,0.0151689829146085,0.0005389521604922,0.0004595881878353,0.0337243554825731,1.7542163319460428e-17,0.66
10,33,0.4,0.0,6,0.1438112766648047,0.0379224572865214,0.3792245728652149,0.0151689829146085,0.0005389521604922,0.0004595881878353,0.0337243554825731,1.7542163319460428e-17,0.66
10,39,0.4,0.0,1,0.1543328687213681,0.0392852222497681,0.3928522224976818,0.0157140888999072,0.0006672479417681,-1.734723475976807e-18,0.0369151146531222,6.2425947104117266e-18,0.78
10,39,0.4,0.0,2,0.1543328687213681,0.0392852222497681,0.3928522224976818,0.0157140888999072,0.0006672479417681,-1.734723475976807e-18,0.0369151146531222,6.2425947104117266e-18,0.78
10,39,0.4,0.0,3,0.1543328687213681,0.0392852222497681,0.3928522224976818,0.0157140888999072,0.0006672479417681,-1.734723475976807e-18,0.0369151146531222,6.2425947104117266e-18,0.78
10,39,0.4,0.0,4,0.1543328687213681,0.0392852222497681,0.3928522224976818,0.0157140888999072,0.0006672479417681,-1.734723475976807e-18,0.0369151146531222,6.2425947104117266e-18,0.78
10,39,0.4,0.0,5,0.1543328687213681,0.0392852222497681,0.3928522224976818,0.0157140888999072,0.0006672479417681,-1.734723475976807e-18,0.0369151146531222,6.2425947104117266e-18,0.78
10,39,0.4,0.0,6,0.1543328687213681,0.0392852222497681,0.3928522224976818,0.0157140888999072,0.0006672479417681,-1.734723475976807e-18,0.0369151146531222,6.2425947104117266e-18,0.78
10,44,0.4,0.0,1,0.1645738333019283,0.0405677006129172,0.4056770061291721,0.0162270802451668,-1.3218592886943269e-17,-0.0003211975803081,0.0420876154302021,3.1080126089379416e-18,0.88
10,44,0.4,0.0,2,0.1645738333019283,0.0405677006129172,0.4056770061291721,0.0162270802451668,-1.3218592886943269e-17,-0.0003211975803081,0.0420876154302021,3.1080126089379416e-18,0.88
10,44,0.4,0.0,3,0.1645738333019283,0.0405677006129172,0.4056770061291721,0.0162270802451668,-1.3218592886943269e-17,-0.0003211975803081,0.0420876154302021,3.1080126089379416e-18,0.88
10,44,0.4,0.0,4,0.1645738333019283,0.0405677006129172,0.4056770061291721,0.0162270802451668,-1.3218592886943269e-17,-0.0003211975803081,0.0420876154302021,3.1080126089379416e-18,0.88
10,44,0.4,0.0,5,0.1645738333019283,0.0405677006129172,0.4056770061291721,0.0162270802451668,-1.3218592886943269e-17,-0.0003211975803081,0.0420876154302021,3.1080126089379416e-18,0.88
10,44,0.4,0.0,6,0.1645738333019283,0.0405677006129172,0.4056770061291721,0.0162270802451668,-1.3218592886943269e-17,-0.0003211975803081,0.0420876154302021,3.1080126089379416e-18,0.88
10,50,0.4,0.0,1,0.1695738333019279,0.0411793435234132,0.4117934352341327,0.0164717374093653,-0.0012626176662647,-2.404326737703854e-16,0.045080858467746,4.530252859375124e-18,1.0
10,50,0.4,0.0,2,0.1695738333019279,0.0411793435234132,0.4117934352341327,0.0164717374093653,-0.0012626176662647,-2.404326737703854e-16,0.045080858467746,4.530252859375124e-18,1.0
10,50,0.4,0.0,3,0.1695738333019279,0.0411793435234132,0.4117934352341327,0.0164717374093653,-0.0012626176662647,-2.404326737703854e-16,0.045080858467746,4.530252859375124e-18,1.0
10,50,0.4,0.0,4,0.1695738333019279,0.0411793435234132,0.4117934352341327,0.0164717374093653,-0.0012626176662647,-2.404326737703854e-16,0.045080858467746,4.530252859375124e-18,1.0
10,50,0.4,0.0,5,0.1695738333019279,0.0411793435234132,0.4117934352341327,0.0164717374093653,-0.0012626176662647,-2.404326737703854e-16,0.045080858467746,4.530252859375124e-18,1.0
10,50,0.4,0.0,6,0.1695738333019279,0.0411793435234132,0.4117934352341327,0.0164717374093653,-0.0012626176662647,-2.404326737703854e-16,0.045080858467746,4.530252859375124e-18,1.0
10,25,0.5,0.0,1,0.1024934601664684,0.0320145998204676,0.3201459982046761,0.0160072999102338,-3.816391647148976e-19,2.7755575615628914e-19,0.0178330276908253,1.0937015367076886e-18,0.5
10,25,0.5,0.0,2,0.1024934601664684,0.0320145998204676,0.3201459982046761,0.0160072999102338,-3.816391647148976e-19,2.7755575615628914e-19,0.0178330276908253,1.0937015367076886e-18,0.5
10,25,0.5,0.0,3,0.1024934601664684,0.0320145998204676,0.3201459982046761,0.0160072999102338,-3.816391647148976e-19,2.7755575615628914e-19,0.0178330276908253,1.0937015367076886e-18,0.5
10,25,0.5,0.0,4,0.1024934601664684,0.0320145998204676,0.3201459982046761,0.0160072999102338,-3.816391647148976e-19,2.7755575615628914e-19,0.0178330276908253,1.0937015367076886e-18,0.5
10,25,0.5,0.0,5,0.1024934601664684,0.0320145998204676,0.3201459982046761,0.0160072999102338,-3.816391647148976e-19,2.7755575615628914e-19,0.0178330276908253,1.0937015367076886e-18,0.5
10,25,0.5,0.0,6,0.1024934601664684,0.0320145998204676,0.3201459982046761,0.0160072999102338,-3.816391647148976e-19,2.7755575615628914e-19,0.0178330276908253,1.0937015367076886e-18,0.5
10,28,0.5,0.0,1,0.1040070032252926,0.0322501167789037,0.322501167789037,0.0161250583894518,0.0007056168329605,-1.1796119636642291e-18,0.0190438621378847,3.59558842771667e-17,0.56
10,28,0.5,0.0,2,0.1040070032252926,0.0322501167789037,0.322501167789037,0.0161250583894518,0.0007056168329605,-1.1796119636642291e-18,0.0190438621378847,3.59558842771667e-17,0.56
10,28,0.5,0.0,3,0.1040070032252926,0.0322501167789037,0.322501167789037,0.0161250583894518,0.0007056168329605,-1.1796119636642291e-18,0.0190438621378847,3.59558842771667e-17,0.56
10,28,0.5,0.0,4,0.1040070032252926,0.0322501167789037,0.322501167789037,0.0161250583894518,0.0007056168329605,-1.1796119636642291e-18,0.0190438621378847,3.59558842771667e-17,0.56
10,28,0.5,0.0,5,0.1040070032252926,0.0322501167789037,0.322501167789037,0.0161250583894518,0.0007056168329605,-1.1796119636642291e-18,0.0190438621378847,3.59558842771667e-17,0.56
10,28,0.5,0.0,6,0.1040070032252926,0.0322501167789037,0.322501167789037,0.0161250583894518,0.0007056168329605,-1.1796119636642291e-18,0.0190438621378847,3.59558842771667e-17,0.56
10,33,0.5,0.0,1,0.115012660572616,0.0339135165638445,0.3391351656384458,0.0169567582819222,0.0003416804510397,-0.0002594909402817,0.0234364956055257,1.7091648607186738e-17,0.66
10,33,0.5,0.0,2,0.115012660572616,0.0339135165638445,0.3391351656384458,0.0169567582819222,0.0003416804510397,-0.0002594909402817,0.0234364956055257,1.7091648607186738e-17,0.66
10,33,0.5,0.0,3,0.115012660572616,0.0339135165638445,0.3391351656384458,0.0169567582819222,0.0003416804510397,-0.0002594909402817,0.0234364956055257,1.7091648607186738e-17,0.66
10,33,0.5,0.0,4,0.115012660572616,0.0339135165638445,0.3391351656384458,0.0169567582819222,0.0003416804510397,-0.0002594909402817,0.0234364956055257,1.7091648607186738e-17,0.66
10,33,0.5,0.0,5,0.115012660572616,0.0339135165638445,0.3391351656384458,0.0169567582819222,0.0003416804510397,-0.0002594909402817,0.0234364956055257,1.7091648607186738e-17,0.66
10,33,0.5,0.0,6,0.115012660572616,0.0339135165638445,0.3391351656384458,0.0169567582819222,0.0003416804510397,-0.0002594909402817,0.0234364956055257,1.7091648607186738e-17,0.66
10,39,0.5,0.0,1,0.1302712379442461,0.0360931070904468,0.3609310709044681,0.0180465535452234,1.671054998300045e-06,-0.0021463110422499,0.026458178448959,1.800689761538116e-18,0.78
10,39,0.5,0.0,2,0.1302712379442461,0.0360931070904468,0.3609310709044681,0.0180465535452234,1.671054998300045e-06,-0.0021463110422499,0.026458178448959,1.800689761538116e-18,0.78
10,39,0.5,0.0,3,0.1302712379442461,0.0360931070904468,0.3609310709044681,0.0180465535452234,1.671054998300045e-06,-0.0021463110422499,0.026458178448959,1.800689761538116e-18,0.78
10,39,0.5,0.0,4,0.1302712379442461,0.0360931070904468,0.3609310709044681,0.0180465535452234,1.671054998300045e-06,-0.0021463110422499,0.026458178448959,1.800689761538116e-18,0.78
10,39,0.5,0.0,5,0.1302712379442461,0.0360931070904468,0.3609310709044681,0.0180465535452234,1.671054998300045e-06,-0.0021463110422499,0.026458178448959,1.800689761538116e-18,0.78
10,39,0.5,0.0,6,0.1302712379442461,0.0360931070904468,0.3609310709044681,0.0180465535452234,1.671054998300045e-06,-0.0021463110422499,0.026458178448959,1.800689761538116e-18,0.78
10,44,0.5,0.0,1,0.1402722145045629,0.0374529323958168,0.3745293239581687,0.0187264661979084,0.0006990871489744,-4.260480856999038e-17,0.0296856730535589,8.409384052680006e-19,0.88
10,44,0.5,0.0,2,0.1402722145045629,0.0374529323958168,0.3745293239581687,0.0187264661979084,0.0006990871489744,-4.260480856999038e-17,0.0296856730535589,8.409384052680006e-19,0.88
10,44,0.5,0.0,3,0.1402722145045629,0.0374529323958168,0.3745293239581687,0.0187264661979084,0.0006990871489744,-4.260480856999038e-17,0.0296856730535589,8.409384052680006e-19,0.88
10,44,0.5,0.0,4,0.1402722145045629,0.0374529323958168,0.3745293239581687,0.0187264661979084,0.0006990871489744,-4.260480856999038e-17,0.0296856730535589,8.409384052680006e-19,0.88
10,44,0.5,0.0,5,0.1402722145045629,0.0374529323958168,0.3745293239581687,0.0187264661979084,0.0006990871489744,-4.260480856999038e-17,0.0296856730535589,8.409384052680006e-19,0.88
10,44,0.5,0.0,6,0.1402722145045629,0.0374529323958168,0.3745293239581687,0.0187264661979084,0.0006990871489744,-4.260480856999038e-17,0.0296856730535589,8.409384052680006e-19,0.88
10,50,0.5,0.0,1,0.1602712379442461,0.0400338903860524,0.4003389038605243,0.0200169451930262,-0.0013609195402298,-1.136590821460004e-16,0.0416578639554816,3.189250306701418e-18,1.0
10,50,0.5,0.0,2,0.1602712379442461,0.0400338903860524,0.4003389038605243,0.0200169451930262,-0.0013609195402298,-1.136590821460004e-16,0.0416578639554816,3.189250306701418e-18,1.0
10,50,0.5,0.0,3,0.1602712379442461,0.0400338903860524,0.4003389038605243,0.0200169451930262,-0.0013609195402298,-1.136590821460004e-16,0.0416578639554816,3.189250306701418e-18,1.0
10,50,0.5,0.0,4,0.1602712379442461,0.0400338903860524,0.4003389038605243,0.0200169451930262,-0.0013609195402298,-1.136590821460004e-16,0.0416578639554816,3.189250306701418e-18,1.0
10,50,0.5,0.0,5,0.1602712379442461,0.0400338903860524,0.4003389038605243,0.0200169451930262,-0.0013609195402298,-1.136590821460004e-16,0.0416578639554816,3.189250306701418e-18,1.0
10,50,0.5,0.0,6,0.1602712379442461,0.0400338903860524,0.4003389038605243,0.0200169451930262,-0.0013609195402298,-1.136590821460004e-16,0.0416578639554816,3.189250306701418e-18,1.0
10,25,0.6,0.0,1,0.0780763253032401,0.0279421411676414,0.2794214116764142,0.0167652847005848,1.3357370765021417e-18,-2.706168622523819e-18,0.0127903405351522,5.637851296924622e-19,0.5
10,25,0.6,0.0,2,0.0780763253032401,0.0279421411676414,0.2794214116764142,0.0167652847005848,1.3357370765021417e-18,-2.706168622523819e-18,0.0127903405351522,5.637851296924622e-19,0.5
10,25,0.6,0.0,3,0.0780763253032401,0.0279421411676414,0.2794214116764142,0.0167652847005848,1.3357370765021417e-18,-2.706168622523819e-18,0.0127903405351522,5.637851296924622e-19,0.5
10,25,0.6,0.0,4,0.0780763253032401,0.0279421411676414,0.2794214116764142,0.0167652847005848,1.3357370765021417e-18,-2.706168622523819e-18,0.0127903405351522,5.637851296924622e-19,0.5
10,25,0.6,0.0,5,0.0780763253032401,0.0279421411676414,0.2794214116764142,0.0167652847005848,1.3357370765021417e-18,-2.706168622523819e-18,0.0127903405351522,5.637851296924622e-19,0.5
10,25,0.6,0.0,6,0.0780763253032401,0.0279421411676414,0.2794214116764142,0.0167652847005848,1.3357370765021417e-18,-2.706168622523819e-18,0.0127903405351522,5.637851296924622e-19,0.5
10,28,0.6,0.0,1,0.0930763253032402,0.0305084128238819,0.3050841282388191,0.0183050476943291,-3.469446951953614e-20,-7.173632333990973e-06,0.015627741852779,6.718555132733215e-19,0.56
10,28,0.6,0.0,2,0.0930763253032402,0.0305084128238819,0.3050841282388191,0.0183050476943291,-3.469446951953614e-20,-7.173632333990973e-06,0.015627741852779,6.718555132733215e-19,0.56
10,28,0.6,0.0,3,0.0930763253032402,0.0305084128238819,0.3050841282388191,0.0183050476943291,-3.469446951953614e-20,-7.173632333990973e-06,0.015627741852779,6.718555132733215e-19,0.56
10,28,0.6,0.0,4,0.0930763253032402,0.0305084128238819,0.3050841282388191,0.0183050476943291,-3.469446951953614e-20,-7.173632333990973e-06,0.015627741852779,6.718555132733215e-19,0.56
10,28,0.6,0.0,5,0.0930763253032402,0.0305084128238819,0.3050841282388191,0.0183050476943291,-3.469446951953614e-20,-7.173632333990973e-06,0.015627741852779,6.718555132733215e-19,0.56
10,28,0.6,0.0,6,0.0930763253032402,0.0305084128238819,0.3050841282388191,0.0183050476943291,-3.469446951953614e-20,-7.173632333990973e-06,0.015627741852779,6.718555132733215e-19,0.56
10,33,0.6,0.0,1,0.1082283344776442,0.032898075092267,0.3289807509226706,0.0197388450553602,8.227361592889804e-05,0.0011106589399893,0.020973105570893,3.492087117323747e-17,0.66
10,33,0.6,0.0,2,0.1082283344776442,0.032898075092267,0.3289807509226706,0.0197388450553602,8.227361592889804e-05,0.0011106589399893,0.020973105570893,3.492087117323747e-17,0.66
10,33,0.6,0.0,3,0.1082283344776442,0.032898075092267,0.3289807509226706,0.0197388450553602,8.227361592889804e-05,0.0011106589399893,0.020973105570893,3.492087117323747e-17,0.66
10,33,0.6,0.0,4,0.1082283344776442,0.032898075092267,0.3289807509226706,0.0197388450553602,8.227361592889804e-05,0.0011106589399893,0.020973105570893,3.492087117323747e-17,0.66
10,33,0.6,0.0,5,0.1082283344776442,0.032898075092267,0.3289807509226706,0.0197388450553602,8.227361592889804e-05,0.0011106589399893,0.020973105570893,3.492087117323747e-17,0.66
10,33,0.6,0.0,6,0.1082283344776442,0.032898075092267,0.3289807509226706,0.0197388450553602,8.227361592889804e-05,0.0011106589399893,0.020973105570893,3.492087117323747e-17,0.66
10,39,0.6,0.0,1,0.1223620395889545,0.0349802858177223,0.3498028581772232,0.0209881714906333,-3.867011591818282e-05,5.338156070006685e-05,0.0237847389556695,2.2849673320667565e-18,0.78
10,39,0.6,0.0,2,0.1223620395889545,0.0349802858177223,0.3498028581772232,0.0209881714906333,-3.867011591818282e-05,5.338156070006685e-05,0.0237847389556695,2.2849673320667565e-18,0.78
10,39,0.6,0.0,3,0.1223620395889545,0.0349802858177223,0.3498028581772232,0.0209881714906333,-3.867011591818282e-05,5.338156070006685e-05,0.0237847389556695,2.2849673320667565e-18,0.78
10,39,0.6,0.0,4,0.1223620395889545,0.0349802858177223,0.3498028581772232,0.0209881714906333,-3.867011591818282e-05,5.338156070006685e-05,0.0237847389556695,2.2849673320667565e-18,0.78
10,39,0.6,0.0,5,0.1223620395889545,0.0349802858177223,0.3498028581772232,0.0209881714906333,-3.867011591818282e-05,5.338156070006685e-05,0.0237847389556695,2.2849673320667565e-18,0.78
10,39,0.6,0.0,6,0.1223620395889545,0.0349802858177223,0.3498028581772232,0.0209881714906333,-3.867011591818282e-05,5.338156070006685e-05,0.0237847389556695,2.2849673320667565e-18,0.78
10,44,0.6,0.0,1,0.1347362293058838,0.0367064339463647,0.3670643394636474,0.0220238603678188,-0.0005429244966707,-2.5604518505417672e-17,0.0289108040855596,1.5352792789454426e-17,0.88
10,44,0.6,0.0,2,0.1347362293058838,0.0367064339463647,0.3670643394636474,0.0220238603678188,-0.0005429244966707,-2.5604518505417672e-17,0.0289108040855596,1.5352792789454426e-17,0.88
10,44,0.6,0.0,3,0.1347362293058838,0.0367064339463647,0.3670643394636474,0.0220238603678188,-0.0005429244966707,-2.5604518505417672e-17,0.0289108040855596,1.5352792789454426e-17,0.88
10,44,0.6,0.0,4,0.1347362293058838,0.0367064339463647,0.3670643394636474,0.0220238603678188,-0.0005429244966707,-2.5604518505417672e-17,0.0289108040855596,1.5352792789454426e-17,0.88
10,44,0.6,0.0,5,0.1347362293058838,0.0367064339463647,0.3670643394636474,0.0220238603678188,-0.0005429244966707,-2.5604518505417672e-17,0.0289108040855596,1.5352792789454426e-17,0.88
10,44,0.6,0.0,6,0.1347362293058838,0.0367064339463647,0.3670643394636474,0.0220238603678188,-0.0005429244966707,-2.5604518505417672e-17,0.0289108040855596,1.5352792789454426e-17,0.88
10,50,0.6,0.0,1,0.1523620395893134,0.0390335803622103,0.3903358036221035,0.0234201482173262,-0.0014373676582911,3.0136590499357794e-08,0.0389844244624794,2.8871552678286992e-18,1.0
10,50,0.6,0.0,2,0.1523620395893134,0.0390335803622103,0.3903358036221035,0.0234201482173262,-0.0014373676582911,3.0136590499357794e-08,0.0389844244624794,2.8871552678286992e-18,1.0
10,50,0.6,0.0,3,0.1523620395893134,0.0390335803622103,0.3903358036221035,0.0234201482173262,-0.0014373676582911,3.0136590499357794e-08,0.0389844244624794,2.8871552678286992e-18,1.0
10,50,0.6,0.0,4,0.1523620395893134,0.0390335803622103,0.3903358036221035,0.0234201482173262,-0.0014373676582911,3.0136590499357794e-08,0.0389844244624794,2.8871552678286992e-18,1.0
10,50,0.6,0.0,5,0.1523620395893134,0.0390335803622103,0.3903358036221035,0.0234201482173262,-0.0014373676582911,3.0136590499357794e-08,0.0389844244624794,2.8871552678286992e-18,1.0
10,50,0.6,0.0,6,0.1523620395893134,0.0390335803622103,0.3903358036221035,0.0234201482173262,-0.0014373676582911,3.0136590499357794e-08,0.0389844244624794,2.8871552678286992e-18,1.0
10,25,0.7,0.0,1,0.0740525303296778,0.027212594571205,0.2721259457120504,0.0190488161998435,2.0990154059319365e-18,3.95516952522712e-18,0.0117140399210704,5.149674995041027e-19,0.5
10,25,0.7,0.0,2,0.0740525303296778,0.027212594571205,0.2721259457120504,0.0190488161998435,2.0990154059319365e-18,3.95516952522712e-18,0.0117140399210704,5.149674995041027e-19,0.5
10,25,0.7,0.0,3,0.0740525303296778,0.027212594571205,0.2721259457120504,0.0190488161998435,2.0990154059319365e-18,3.95516952522712e-18,0.0117140399210704,5.149674995041027e-19,0.5
10,25,0.7,0.0,4,0.0740525303296778,0.027212594571205,0.2721259457120504,0.0190488161998435,2.0990154059319365e-18,3.95516952522712e-18,0.0117140399210704,5.149674995041027e-19,0.5
10,25,0.7,0.0,5,0.0740525303296778,0.027212594571205,0.2721259457120504,0.0190488161998435,2.0990154059319365e-18,3.95516952522712e-18,0.0117140399210704,5.149674995041027e-19,0.5
10,25,0.7,0.0,6,0.0740525303296778,0.027212594571205,0.2721259457120504,0.0190488161998435,2.0990154059319365e-18,3.95516952522712e-18,0.0117140399210704,5.149674995041027e-19,0.5
10,28,0.7,0.0,1,0.0890525303296777,0.0298416705848847,0.2984167058488478,0.0208891694094193,1.3010426069826053e-18,8.96949181594664e-15,0.0145514412386973,1.03084765758251e-18,0.56
10,28,0.7,0.0,2,0.0890525303296777,0.0298416705848847,0.2984167058488478,0.0208891694094193,1.3010426069826053e-18,8.96949181594664e-15,0.0145514412386973,1.03084765758251e-18,0.56
10,28,0.7,0.0,3,0.0890525303296777,0.0298416705848847,0.2984167058488478,0.0208891694094193,1.3010426069826053e-18,8.96949181594664e-15,0.0145514412386973,1.03084765758251e-18,0.56
10,28,0.7,0.0,4,0.0890525303296777,0.0298416705848847,0.2984167058488478,0.0208891694094193,1.3010426069826053e-18,8.96949181594664e-15,0.0145514412386973,1.03084765758251e-18,0.56
10,28,0.7,0.0,5,0.0890525303296777,0.0298416705848847,0.2984167058488478,0.0208891694094193,1.3010426069826053e-18,8.96949181594664e-15,0.0145514412386973,1.03084765758251e-18,0.56
10,28,0.7,0.0,6,0.0890525303296777,0.0298416705848847,0.2984167058488478,0.0208891694094193,1.3010426069826053e-18,8.96949181594664e-15,0.0145514412386973,1.03084765758251e-18,0.56
10,33,0.7,0.0,1,0.1063828819830335,0.0326163888226507,0.3261638882265072,0.0228314721758555,-0.0001449125183489,0.0004539589486907,0.0222087126271144,2.6266887068113657e-17,0.66
10,33,0.7,0.0,2,0.1063828819830335,0.0326163888226507,0.3261638882265072,0.0228314721758555,-0.0001449125183489,0.0004539589486907,0.0222087126271144,2.6266887068113657e-17,0.66
10,33,0.7,0.0,3,0.1063828819830335,0.0326163888226507,0.3261638882265072,0.0228314721758555,-0.0001449125183489,0.0004539589486907,0.0222087126271144,2.6266887068113657e-17,0.66
10,33,0.7,0.0,4,0.1063828819830335,0.0326163888226507,0.3261638882265072,0.0228314721758555,-0.0001449125183489,0.0004539589486907,0.0222087126271144,2.6266887068113657e-17,0.66
10,33,0.7,0.0,5,0.1063828819830335,0.0326163888226507,0.3261638882265072,0.0228314721758555,-0.0001449125183489,0.0004539589486907,0.0222087126271144,2.6266887068113657e-17,0.66
10,33,0.7,0.0,6,0.1063828819830335,0.0326163888226507,0.3261638882265072,0.0228314721758555,-0.0001449125183489,0.0004539589486907,0.0222087126271144,2.6266887068113657e-17,0.66
10,39,0.7,0.0,1,0.111543130401821,0.0333980733578781,0.3339807335787815,0.0233786513505147,-0.0001308200109368,9.376208922789024e-05,0.0215186082343116,3.3107891739260766e-17,0.78
10,39,0.7,0.0,2,0.111543130401821,0.0333980733578781,0.3339807335787815,0.0233786513505147,-0.0001308200109368,9.376208922789024e-05,0.0215186082343116,3.3107891739260766e-17,0.78
10,39,0.7,0.0,3,0.111543130401821,0.0333980733578781,0.3339807335787815,0.0233786513505147,-0.0001308200109368,9.376208922789024e-05,0.0215186082343116,3.3107891739260766e-17,0.78
10,39,0.7,0.0,4,0.111543130401821,0.0333980733578781,0.3339807335787815,0.0233786513505147,-0.0001308200109368,9.376208922789024e-05,0.0215186082343116,3.3107891739260766e-17,0.78
10,39,0.7,0.0,5,0.111543130401821,0.0333980733578781,0.3339807335787815,0.0233786513505147,-0.0001308200109368,9.376208922789024e-05,0.0215186082343116,3.3107891739260766e-17,0.78
10,39,0.7,0.0,6,0.111543130401821,0.0333980733578781,0.3339807335787815,0.0233786513505147,-0.0001308200109368,9.376208922789024e-05,0.0215186082343116,3.3107891739260766e-17,0.78
10,44,0.7,0.0,1,0.1245169730286863,0.0352869626106705,0.3528696261067058,0.0247008738274694,-0.000399624961244,-0.0004147446960898,0.0251854383711759,9.803106393352312e-18,0.88
10,44,0.7,0.0,2,0.1245169730286863,0.0352869626106705,0.3528696261067058,0.0247008738274694,-0.000399624961244,-0.0004147446960898,0.0251854383711759,9.803106393352312e-18,0.88
10,44,0.7,0.0,3,0.1245169730286863,0.0352869626106705,0.3528696261067058,0.0247008738274694,-0.000399624961244,-0.0004147446960898,0.0251854383711759,9.803106393352312e-18,0.88
10,44,0.7,0.0,4,0.1245169730286863,0.0352869626106705,0.3528696261067058,0.0247008738274694,-0.000399624961244,-0.0004147446960898,0.0251854383711759,9.803106393352312e-18,0.88
10,44,0.7,0.0,5,0.1245169730286863,0.0352869626106705,0.3528696261067058,0.0247008738274694,-0.000399624961244,-0.0004147446960898,0.0251854383711759,9.803106393352312e-18,0.88
10,44,0.7,0.0,6,0.1245169730286863,0.0352869626106705,0.3528696261067058,0.0247008738274694,-0.000399624961244,-0.0004147446960898,0.0251854383711759,9.803106393352312e-18,0.88
10,50,0.7,0.0,1,0.1456467332282282,0.0381636912821897,0.3816369128218971,0.0267145838975327,-0.0014980536912894,-8.375244942016025e-16,0.0368933821126631,2.6649327702454204e-18,1.0
10,50,0.7,0.0,2,0.1456467332282282,0.0381636912821897,0.3816369128218971,0.0267145838975327,-0.0014980536912894,-8.375244942016025e-16,0.0368933821126631,2.6649327702454204e-18,1.0
10,50,0.7,0.0,3,0.1456467332282282,0.0381636912821897,0.3816369128218971,0.0267145838975327,-0.0014980536912894,-8.375244942016025e-16,0.0368933821126631,2.6649327702454204e-18,1.0
10,50,0.7,0.0,4,0.1456467332282282,0.0381636912821897,0.3816369128218971,0.0267145838975327,-0.0014980536912894,-8.375244942016025e-16,0.0368933821126631,2.6649327702454204e-18,1.0
10,50,0.7,0.0,5,0.1456467332282282,0.0381636912821897,0.3816369128218971,0.0267145838975327,-0.0014980536912894,-8.375244942016025e-16,0.0368933821126631,2.6649327702454204e-18,1.0
10,50,0.7,0.0,6,0.1456467332282282,0.0381636912821897,0.3816369128218971,0.0267145838975327,-0.0014980536912894,-8.375244942016025e-16,0.0368933821126631,2.6649327702454204e-18,1.0
10,25,0.0,2.0,1,0.1322255240377665,0.03636282772802,0.3636282772802006,0.0,-2.6450947476002427e-06,-3.018108922805844e-05,0.0292067733536409,0.0001871653609427,0.5
10,25,0.0,2.0,2,0.1317555692397452,0.0362981499858801,0.3629814998588017,0.0,-2.7628712848688265e-06,4.493446382315303e-05,0.0290700039751464,0.0002070604589299,0.5
10,25,0.0,2.0,3,0.1321615870335428,0.036354035131405,0.3635403513140499,0.0,3.1349165524591735e-05,4.057164666508607e-05,0.0291923649101636,0.0002470635960584,0.5
10,25,0.0,2.0,4,0.1321701010278656,0.0363552060959452,0.3635520609594527,0.0,-4.835998395767097e-06,-6.810083656715961e-05,0.0289722284844307,0.0002200629128395,0.5
10,25,0.0,2.0,5,0.1321935131930321,0.0363584258725583,0.3635842587255837,0.0,3.3377123641364686e-05,8.342872999062937e-05,0.0293605806233197,0.0002282362539886,0.5
10,25,0.0,2.0,6,0.1319012775241601,0.0363182154743539,0.3631821547435392,0.0,9.2391255464311e-06,2.477194390617686e-05,0.0292196118792956,0.0002068494027244,0.5
10,28,0.0,2.0,1,0.152664229779712,0.0390722701899585,0.3907227018995851,0.0,1.4920289868351166e-05,-0.0002171134242773,0.0420843594220224,0.0003415936115923,0.56
10,28,0.0,2.0,2,0.1531275411594606,0.0391315143023446,0.3913151430234468,0.0,-5.779104021993778e-05,-0.0001593740662115,0.0421754670677638,0.0003559125936385,0.56
10,28,0.0,2.0,3,0.1524795900089258,0.0390486350605147,0.3904863506051471,0.0,0.000109604576794,-0.0003788525832738,0.0417118617900137,0.0003870135054394,0.56
10,28,0.0,2.0,4,0.1527275308850596,0.0390803698658366,0.3908036986583668,0.0,3.0003575375399036e-06,-0.0003643498245406,0.0416007697962074,0.00029305204066,0.56
10,28,0.0,2.0,5,0.1530953628144933,0.0391274025223363,0.3912740252233635,0.0,7.808326414948802e-06,-0.0001029687693262,0.0421044626846271,0.0004121839728874,0.56
10,28,0.0,2.0,6,0.1520567683693526,0.0389944570893547,0.3899445708935472,0.0,-0.0001442266337307,-0.0002514757677484,0.0415907650632863,0.0003044116511086,0.56
10,33,0.0,2.0,1,0.1883437896392059,0.0433985932536074,0.4339859325360742,0.0,0.0003828793365031,-0.0006140249635233,0.0601973849750986,0.0005417546516521,0.66
10,33,0.0,2.0,2,0.1889508414849183,0.0434684761045195,0.434684761045195,0.0,0.0003763475905455,-0.0004959884064726,0.0604653141645518,0.0007309745902917,0.66
10,33,0.0,2.0,3,0.1888041631018741,0.0434516010178996,0.4345160101789968,0.0,0.0005330705184942,-0.0006395654784771,0.0596968284229135,0.0007367837900001,0.66
10,33,0.0,2.0,4,0.1891332778277668,0.0434894559436844,0.4348945594368442,0.0,0.000376757442856,-0.0003804817511316,0.0595669225029257,0.0005860336012231,0.66
10,33,0.0,2.0,5,0.1890742146226814,0.0434826648933435,0.4348266489334358,0.0,0.0005276013342605,-0.0003580802859617,0.0606389357325665,0.0006615006474027,0.66
10,33,0.0,2.0,6,0.1892122661098659,0.0434985363098421,0.4349853630984219,0.0,0.0003504911294621,-0.0004884640033848,0.0602970771018835,0.0006355007345954,0.66
10,39,0.0,2.0,1,0.2251130347356209,0.047446078313768,0.4744607831376803,0.0,4.023335978291732e-05,-0.0001129072979678,0.0784705520431527,0.0009150015406679,0.78
10,39,0.0,2.0,2,0.2257845315983711,0.0475167898324761,0.4751678983247617,0.0,8.837487136388887e-05,6.538815157672822e-05,0.0783235808712912,0.0008197746471462,0.78
10,39,0.0,2.0,3,0.2252264223168192,0.0474580259088828,0.4745802590888281,0.0,7.571287884019034e-05,8.244217497306138e-05,0.0773381195074446,0.0010312353201059,0.78
10,39,0.0,2.0,4,0.2216013715665394,0.0470745548642299,0.4707455486422993,0.0,7.50319652278576e-05,7.722034195621383e-05,0.0752717602841224,0.0011390621747939,0.78
10,39,0.0,2.0,5,0.2241727422913863,0.0473468839831499,0.4734688398314997,0.0,9.92122439134659e-05,-2.055812160025587e-05,0.0782012049379064,0.0009658142872727,0.78
10,39,0.0,2.0,6,0.2238880427951655,0.0473168091480359,0.4731680914803592,0.0,-1.6412703433328972e-05,0.0001463769503974,0.0772031552618984,0.000752491484035,0.78
10,44,0.0,2.0,1,0.2744446558041845,0.0523874656577491,0.5238746565774913,0.0,2.667900003795961e-05,-0.0017031277728737,0.1049176863620411,0.0016572098529996,0.88
10,44,0.0,2.0,2,0.2742446152073128,0.0523683697671899,0.5236836976718989,0.0,6.910718423216684e-05,-0.0018235333616364,0.1046523191918591,0.0016576591789117,0.88
10,44,0.0,2.0,3,0.2767698386866912,0.052608919271041,0.5260891927104103,0.0,0.0002728637661446,-0.002035479067203,0.1059017392992539,0.0014967220790836,0.88
10,44,0.0,2.0,4,0.2741139241917795,0.0523558902313559,0.5235589023135596,0.0,0.0001777582042265,-0.0016987623536761,0.1044580971466468,0.0014517968146021,0.88
10,44,0.0,2.0,5,0.2742346430900562,0.0523674176459042,0.5236741764590424,0.0,0.0001611332665843,-0.0018001006684562,0.1052649567340901,0.0014858384515557,0.88
10,44,0.0,2.0,6,0.2705938984651206,0.0520186407420571,0.5201864074205713,0.0,0.0001142001037555,-0.0016809563792553,0.1027725242056226,0.0012375062311533,0.88
10,50,0.0,2.0,1,0.2780910785101224,0.0527343416105788,0.5273434161057882,0.0,-4.923572503608129e-05,-0.0031952327845943,0.1077458674695706,0.0016171839374924,1.0
10,50,0.0,2.0,2,0.2831000844751359,0.0532071503160182,0.5320715031601824,0.0,-3.7984322334792125e-05,-0.0031017527033522,0.1107275671273231,0.0013876350548976,1.0
10,50,0.0,2.0,3,0.2776200634459512,0.05268966344986,0.5268966344986,0.0,2.273752663741954e-07,-0.0028821853906125,0.1066795803153699,0.0014470191299391,1.0
10,50,0.0,2.0,4,0.281405557339856,0.0530476726482751,0.5304767264827516,0.0,-9.77922813861728e-05,-0.0031077959498358,0.1089388955867541,0.0013860132606759,1.0
10,50,0.0,2.0,5,0.2771031571805007,0.0526405886346743,0.5264058863467436,0.0,-2.0222306376768977e-05,-0.0031434006699079,0.107488872542382,0.0015356044824527,1.0
10,50,0.0,2.0,6,0.2810305674042131,0.0530123162486052,0.5301231624860521,0.0,-5.203285462304232e-05,-0.0029297231654855,0.1096670344061342,0.0015230503476183,1.0
10,25,0.1,2.0,1,0.1313317511841883,0.0362397228444407,0.3623972284444078,0.003623972284444,-4.722626489201253e-06,3.4097784211672355e-05,0.0289531357163635,0.0001925731204036,0.5
10,25,0.1,2.0,2,0.13134720356574,0.036241854749135,0.3624185474913501,0.0036241854749135,-1.7522089167224168e-05,7.686212141512112e-05,0.029031835865703,0.0001887495776283,0.5
10,25,0.1,2.0,3,0.1320293567282068,0.0363358441113189,0.363358441113189,0.0036335844111318,2.781159828497734e-05,-2.1381423735765335e-05,0.0291540898993192,0.0002389747581556,0.5
10,25,0.1,2.0,4,0.131385297925941,0.0362471099435446,0.3624710994354461,0.0036247109943544,-4.78023188079442e-05,-1.3977532330557014e-05,0.0287534787697975,0.0002060647596816,0.5
10,25,0.1,2.0,5,0.1316650522686662,0.0362856793058454,0.3628567930584547,0.0036285679305845,-5.634862623196488e-06,4.417167271079464e-05,0.0290438319029764,0.0002326164565614,0.5
10,25,0.1,2.0,6,0.1314692760753735,0.0362586922096445,0.3625869220964451,0.0036258692209644,-4.382853233675241e-05,3.463701018084041e-05,0.0289293105799037,0.0002102485250631,0.5
10,28,0.1,2.0,1,0.1513582888129573,0.0389047926113168,0.3890479261131684,0.0038904792611316,5.620136410203782e-05,-0.0018666793503459,0.0411438437570651,0.0004312650213528,0.56
10,28,0.1,2.0,2,0.1518148037144506,0.0389634192178318,0.3896341921783182,0.0038963419217831,-4.6216156459817635e-05,-0.0017876087489684,0.0416732561445111,0.0003675175024416,0.56
10,28,0.1,2.0,3,0.153254051372781,0.0391476757129693,0.3914767571296935,0.0039147675712969,-2.3703480953929796e-05,-0.0018016328109356,0.0421808141367398,0.0003948025037469,0.56
10,28,0.1,2.0,4,0.1528075325960959,0.0390906040623697,0.3909060406236975,0.0039090604062369,-1.4703460331908086e-05,-0.0016615442303623,0.0418051068369721,0.0004344387554304,0.56
10,28,0.1,2.0,5,0.1511314950469086,0.0388756344060014,0.3887563440600148,0.0038875634406001,5.043726017992439e-05,-0.0016050122848319,0.0410898505480175,0.0004711152248649,0.56
10,28,0.1,2.0,6,0.1511348756266467,0.0388760691977271,0.3887606919772711,0.0038876069197727,5.2804891371431574e-06,-0.0018142774141088,0.0414485594818527,0.0003627073924133,0.56
10,33,0.1,2.0,1,0.1858956719984416,0.0431156203710954,0.431156203710954,0.0043115620371095,-0.0002442547007479,0.0029409645354318,0.0583506505347841,0.0006072382151005,0.66
10,33,0.1,2.0,2,0.1873976174484699,0.0432894464562056,0.4328944645620569,0.0043289446456205,-0.0001934454429359,0.0029622228256141,0.0597324715137318,0.0005728780913499,0.66
10,33,0.1,2.0,3,0.1873196507095787,0.0432804402368528,0.4328044023685281,0.0043280440236852,-0.0002500286647086,0.002618157929225,0.0594561483851953,0.0008141105764161,0.66
10,33,0.1,2.0,4,0.1875928553685796,0.0433119908764974,0.4331199087649743,0.0043311990876497,-0.0003561809100081,0.002825476136247,0.0592422754102394,0.0007222891274084,0.66
10,33,0.1,2.0,5,0.1857302198043625,0.0430964290637127,0.4309642906371275,0.0043096429063712,-0.0002229702633604,0.0027553726750022,0.058681792959617,0.0006086665509464,0.66
10,33,0.1,2.0,6,0.185718179659632,0.043095032156808,0.4309503215680806,0.0043095032156808,-0.0002585917513338,0.0028610192371388,0.0589548160345821,0.0005225039502752,0.66
10,39,0.1,2.0,1,0.2198600082482605,0.0468892320526003,0.4688923205260036,0.00468892320526,6.98421368982886e-05,-5.6386176020968985e-05,0.0753704070995657,0.0008399484667784,0.78
10,39,0.1,2.0,2,0.2222538955201884,0.047143811419972,0.4714381141997201,0.0047143811419972,2.5374294710861883e-05,0.0001285064086277,0.0767481403519053,0.0009076618634049,0.78
10,39,0.1,2.0,3,0.2238741547808033,0.0473153415691785,0.4731534156917852,0.0047315341569178,0.0001714477318205,0.0001636965748376,0.0772729947956597,0.0011253418574924,0.78
10,39,0.1,2.0,4,0.2219121560537959,0.0471075531155881,0.4710755311558816,0.0047107553115588,0.0001648295392819,-3.6802173522620942e-06,0.0758170366064525,0.0010069614508819,0.78
10,39,0.1,2.0,5,0.220674852604922,0.0469760420432503,0.469760420432503,0.004697604204325,0.0001921757819077,-0.0001016810839064,0.0755018309413362,0.0009747275338564,0.78
10,39,0.1,2.0,6,0.2199890321745857,0.0469029884095444,0.4690298840954441,0.0046902988409544,2.174470578453297e-05,0.0002690831133966,0.0755357414384066,0.0009088944342395,0.78
10,44,0.1,2.0,1,0.2517398188938303,0.0501736802411214,0.5017368024112148,0.0050173680241121,-7.233353697866755e-06,-0.0001130775277973,0.0902876720344515,0.0011987301213444,0.88
10,44,0.1,2.0,2,0.2519843816588549,0.0501980459439264,0.5019804594392643,0.0050198045943926,-4.577960203806672e-05,0.0001345288015785,0.0899699111036958,0.0011245539821821,0.88
10,44,0.1,2.0,3,0.2547964290962474,0.0504773641443615,0.5047736414436153,0.0050477364144361,5.439190851119935e-05,-9.177687110590138e-05,0.0910762643190645,0.0012097768864434,0.88
10,44,0.1,2.0,4,0.2528628878760447,0.0502854738345026,0.5028547383450261,0.0050285473834502,-3.848113911856358e-05,5.8635286151542676e-06,0.0891477654369966,0.001341702438856,0.88
10,44,0.1,2.0,5,0.2535063793773114,0.0503494170152258,0.5034941701522585,0.0050349417015225,-7.699215820000473e-05,-0.0001724377514301,0.0915754099604997,0.0012898202321633,0.88
10,44,0.1,2.0,6,0.2507335421345004,0.0500733004838407,0.5007330048384072,0.005007330048384,-2.1223521766193036e-05,-0.000269706147779,0.0891527540577749,0.0012444831286352,0.88
10,50,0.1,2.0,1,0.2711570011770945,0.0520727377019006,0.5207273770190065,0.00520727377019,-3.791461266013315e-05,-0.0001282136984107,0.1036349658616469,0.001202780069711,1.0
10,50,0.1,2.0,2,0.2730464723985036,0.0522538488915891,0.5225384889158918,0.0052253848891589,-5.1137471348901006e-05,6.925644020363886e-05,0.1049122299417563,0.0013273177258541,1.0
10,50,0.1,2.0,3,0.2643671910308928,0.0514166501272586,0.5141665012725867,0.0051416650127258,-1.052748288756126e-05,0.0001145311636512,0.0991781476669806,0.0015857300872609,1.0
10,50,0.1,2.0,4,0.2682708225750828,0.0517948667895847,0.5179486678958474,0.0051794866789584,-1.603090755754627e-05,-4.717031468351313e-05,0.1006658023686701,0.0016180388039444,1.0
10,50,0.1,2.0,5,0.2707163089859983,0.0520304054362445,0.5203040543624452,0.0052030405436244,-3.987204635159097e-05,8.274911440661483e-05,0.1031338329000554,0.001547721289186,1.0
10,50,0.1,2.0,6,0.2682504070661414,0.0517928959478171,0.5179289594781715,0.0051792895947817,-4.851130838892728e-05,-3.949707523560789e-05,0.1014217058944424,0.0015013739235397,1.0
10,25,0.2,2.0,1,0.1298003591142906,0.0360278169078131,0.3602781690781313,0.0072055633815626,6.724810991341531e-06,-3.281452327463692e-05,0.0284345492789957,0.0002252001376055,0.5
10,25,0.2,2.0,2,0.1297731344453196,0.0360240384251016,0.360240384251016,0.0072048076850203,-6.363307042769328e-06,7.279964136012174e-05,0.0285136343948257,0.0002030866370261,0.5
10,25,0.2,2.0,3,0.1301546382127569,0.0360769508429907,0.3607695084299073,0.0072153901685981,8.102895544997463e-05,6.340870268683449e-05,0.0284886179646874,0.0002097139186227,0.5
10,25,0.2,2.0,4,0.1302273167112018,0.0360870221424824,0.3608702214248245,0.0072174044284964,-5.080538670165901e-06,7.353771914676656e-05,0.0282672754667019,0.0001920487237683,0.5
10,25,0.2,2.0,5,0.1295826759886197,0.0359975938068948,0.3599759380689489,0.0071995187613789,3.0427856902972128e-05,2.010104606040723e-05,0.0284065464009132,0.0002135936011929,0.5
10,25,0.2,2.0,6,0.1296123916280684,0.0360017210183163,0.3600172101831639,0.0072003442036632,-4.1604018455283536e-05,2.1322252770657815e-05,0.0283522380164618,0.0001795649825305,0.5
10,28,0.2,2.0,1,0.1480912268626772,0.0384826229436972,0.3848262294369723,0.0076965245887394,0.000124274366285,0.0006168928070332,0.037211398855733,0.0003357069351,0.56
10,28,0.2,2.0,2,0.1479944319316045,0.0384700444413058,0.3847004444130582,0.0076940088882611,-2.8324837855654565e-05,0.0009974695044035,0.0371492501293251,0.0003134027029273,0.56
10,28,0.2,2.0,3,0.1489901766746001,0.0385992456758678,0.3859924567586782,0.0077198491351735,0.0001703840567432,0.0006524418147812,0.0371937003537611,0.0003769520058904,0.56
10,28,0.2,2.0,4,0.1486608232167533,0.0385565588735241,0.3855655887352415,0.0077113117747048,-1.0899855081137785e-05,0.00069025993725,0.0371764869410615,0.0003929348091175,0.56
10,28,0.2,2.0,5,0.1470315202376085,0.0383446893634058,0.383446893634058,0.0076689378726811,-4.423964315569476e-06,0.0007145556586818,0.0365452155897825,0.0003588790838243,0.56
10,28,0.2,2.0,6,0.1479237793325172,0.0384608605380219,0.3846086053802192,0.0076921721076043,7.798996450877682e-05,0.0008063219396038,0.0372357632226321,0.0003386377881898,0.56
10,33,0.2,2.0,1,0.1727533985950632,0.0415636137258375,0.4156361372583755,0.0083127227451675,1.0812066097439477e-05,-1.7870273565981574e-05,0.046932235641349,0.0004298457828215,0.66
10,33,0.2,2.0,2,0.173967896285864,0.0417094589135203,0.4170945891352032,0.008341891782704,9.136062866932372e-05,0.0001132881860117,0.0474088199977129,0.0004486941010318,0.66
10,33,0.2,2.0,3,0.174371243132938,0.0417577828833066,0.4175778288330667,0.0083515565766613,-1.2393166102373578e-05,-1.871631247267122e-06,0.0475649052376915,0.0005074382895486,0.66
10,33,0.2,2.0,4,0.1742713677091442,0.041745822271114,0.4174582227111406,0.0083491644542228,-3.3599955502916394e-05,-8.036368073187875e-05,0.0474443560805368,0.0006128292892183,0.66
10,33,0.2,2.0,5,0.1728655559633888,0.0415771037908352,0.4157710379083527,0.008315420758167,3.71131326128512e-05,-0.0001363001784454,0.0472604018454273,0.0004494561668099,0.66
10,33,0.2,2.0,6,0.1720122428993609,0.0414743586929757,0.4147435869297571,0.0082948717385951,-2.5505832199388747e-05,9.793539639187296e-05,0.0466011987077323,0.0003972588744139,0.66
10,39,0.2,2.0,1,0.2241211455299424,0.0473414348673487,0.4734143486734875,0.0094682869734697,-0.0002283863179306,-3.254752762950966e-05,0.0774394672625513,0.0009768571599188,0.78
10,39,0.2,2.0,2,0.2248674881548831,0.0474201948704223,0.4742019487042236,0.0094840389740844,-0.0001935363157884,0.0003250664596639,0.0778487566339369,0.0011902958939571,0.78
10,39,0.2,2.0,3,0.2224590947722059,0.0471655695155063,0.4716556951550632,0.0094331139031012,-0.0002479168263298,-1.1735275341611953e-05,0.075774806018285,0.000985825757209,0.78
10,39,0.2,2.0,4,0.2255755626790341,0.0474947957863842,0.4749479578638423,0.0094989591572768,-0.0002993980556838,-0.000161661399877,0.0773297457022415,0.0010938200842977,0.78
10,39,0.2,2.0,5,0.2206454843047877,0.0469729160585957,0.469729160585957,0.0093945832117191,-0.0002034909321521,-4.033561867804486e-05,0.0754278311180294,0.0007960237072689,0.78
10,39,0.2,2.0,6,0.2231960800536288,0.0472436323808435,0.4724363238084353,0.0094487264761687,-0.0003139913970593,2.9084331554660308e-05,0.0766206111838144,0.000820895017718,0.78
10,44,0.2,2.0,1,0.2500162132348774,0.0500016212972017,0.5000162129720169,0.0100003242594403,9.095028101079793e-05,-0.0001195328996239,0.0921849643341373,0.001173447435713,0.88
10,44,0.2,2.0,2,0.2546689210913934,0.0504647323475903,0.5046473234759037,0.010092946469518,3.118586719301139e-05,0.0001924426834001,0.0958465523252512,0.0009595794628409,0.88
10,44,0.2,2.0,3,0.2511845038628235,0.0501183104127447,0.5011831041274472,0.0100236620825489,8.092028003673087e-05,-0.0001099753063542,0.09263422178472,0.0013514911295613,0.88
10,44,0.2,2.0,4,0.2507674247509786,0.0500766836712435,0.500766836712435,0.0100153367342487,0.0001423767772407,3.497778013984577e-05,0.0908322022456975,0.0014739044434175,0.88
10,44,0.2,2.0,5,0.2513679754461736,0.0501366109191849,0.5013661091918495,0.0100273221838369,9.031579864729597e-05,-9.03827701371368e-05,0.0925810057256243,0.0012016596859373,0.88
10,44,0.2,2.0,6,0.2505680836308938,0.0500567761278025,0.500567761278025,0.0100113552255605,8.7760889027696e-05,1.0823519559313988e-05,0.0923467997207458,0.0012493468816449,0.88
10,50,0.2,2.0,1,0.2374342080640449,0.0487272211463002,0.4872722114630024,0.00974544422926,-0.0001090381194729,-0.0001874561239593,0.0821419961365635,0.0011091301186101,1.0
10,50,0.2,2.0,2,0.2404380128646453,0.0490344789780257,0.490344789780258,0.0098068957956051,-0.0001487528006076,0.0002207544983453,0.0833294491038597,0.0008348537786538,1.0
10,50,0.2,2.0,3,0.2376464947794139,0.0487489994542876,0.4874899945428767,0.0097497998908575,-2.6138674645739857e-05,0.0001952003722019,0.0813913420353699,0.0008788278340666,1.0
10,50,0.2,2.0,4,0.2406893010053936,0.0490600959034319,0.490600959034319,0.0098120191806863,-0.0001876219035901,3.937979962215121e-05,0.0830540807526852,0.000970889664857,1.0
10,50,0.2,2.0,5,0.2392417380589948,0.048912343846824,0.4891234384682406,0.0097824687693648,-0.0001132544237792,3.754085071037472e-05,0.0826813191662069,0.0009928044479214,1.0
10,50,0.2,2.0,6,0.2391140112351044,0.0488992853971409,0.4889928539714097,0.0097798570794281,-0.0001709841496145,5.776429443786243e-05,0.0826967647231037,0.0010085326574173,1.0
10,25,0.3,2.0,1,0.127829302064323,0.0357532239195744,0.3575322391957445,0.0107259671758723,-2.9193672819216106e-05,6.464121046419885e-07,0.0279322314142354,0.0001889621608941,0.5
10,25,0.3,2.0,2,0.1279971840924674,0.0357766941027909,0.3577669410279092,0.0107330082308372,-3.6214657396179024e-06,0.0001451028506204,0.027944055631671,0.000193115198202,0.5
10,25,0.3,2.0,3,0.1276799796066435,0.035732335440976,0.3573233544097608,0.0107197006322928,2.884572104370625e-05,-1.980807867584096e-05,0.0278544544479635,0.0002367683852234,0.5
10,25,0.3,2.0,4,0.1276324129731798,0.0357256788561364,0.3572567885613649,0.0107177036568409,-1.439893743320278e-07,6.24325346628804e-05,0.0275212716330407,0.0002114484600265,0.5
10,25,0.3,2.0,5,0.127004770747069,0.0356377287080797,0.3563772870807973,0.0106913186124239,-2.0611213519080436e-06,4.901589583979952e-05,0.027682165830138,0.0002209094655114,0.5
10,25,0.3,2.0,6,0.1274556490399278,0.0357009312259397,0.3570093122593972,0.0107102793677819,-5.0594410770034466e-05,9.953244648927816e-05,0.0277349417672076,0.00020927262423,0.5
10,28,0.3,2.0,1,0.140045957762748,0.0374227147281898,0.3742271472818989,0.0112268144184569,-0.0009027712549719,-0.0001661725958875,0.0327629458174536,0.0002881123856034,0.56
10,28,0.3,2.0,2,0.1404659979791021,0.0374787937344709,0.3747879373447098,0.0112436381203412,-0.0008966657619757,0.0001876696208767,0.033077347517738,0.0002703567736975,0.56
10,28,0.3,2.0,3,0.1396833366091154,0.0373742339866806,0.3737423398668063,0.0112122701960041,-0.0008829096683583,2.040550859167337e-06,0.0325614740939336,0.0002878035214353,0.56
10,28,0.3,2.0,4,0.1402531866190973,0.0374503920699232,0.3745039206992329,0.0112351176209769,-0.0008033331768532,0.0001629350666182,0.032741122810669,0.0003560880218089,0.56
10,28,0.3,2.0,5,0.1390148154059721,0.0372846906123642,0.3728469061236423,0.0111854071837092,-0.0010148705275443,0.0001243792514963,0.0324716931566228,0.0003029726061308,0.56
10,28,0.3,2.0,6,0.1403152701415898,0.0374586799208928,0.3745867992089282,0.0112376039762678,-0.0008429672238193,2.6600973442704456e-06,0.0332426685173388,0.0002534455179931,0.56
10,33,0.3,2.0,1,0.1633667701335499,0.0404186553627838,0.4041865536278389,0.0121255966088351,-0.0002382992430101,-0.0008714311124608,0.0430526292706703,0.0003961976687811,0.66
10,33,0.3,2.0,2,0.1646360065032938,0.0405753627837501,0.4057536278375017,0.012172608835125,-0.0001688701757418,-0.0009119218845516,0.0436676010052417,0.000396505041623,0.66
10,33,0.3,2.0,3,0.1628100144258923,0.0403497229762352,0.4034972297623521,0.0121049168928705,-0.000119144706256,-0.0008334883552823,0.0423476446144097,0.000457949527638,0.66
10,33,0.3,2.0,4,0.1661006843408178,0.0407554517016825,0.4075545170168254,0.0122266355105047,-0.0002231537946504,-0.0008555865485392,0.0440910440173143,0.000566843138498,0.66
10,33,0.3,2.0,5,0.1634729129580563,0.0404317836556905,0.4043178365569052,0.0121295350967071,-0.000242044079706,-0.0010816439341391,0.0428129262586823,0.0004010536615325,0.66
10,33,0.3,2.0,6,0.1648280271813865,0.0405990181139133,0.4059901811391336,0.012179705434174,-0.0002295238572609,-0.0010712227029135,0.0435838246243255,0.000428641752074,0.66
10,39,0.3,2.0,1,0.19498531857462,0.0441571419562702,0.4415714195627023,0.013247142586881,3.2621806243452004e-05,0.0002559978892177,0.0582831479996932,0.0007464725668924,0.78
10,39,0.3,2.0,2,0.1957308763485493,0.0442414823834542,0.4424148238345425,0.0132724447150362,-5.4498918643846626e-05,0.0004147879237915,0.0582000905315768,0.0004921335740518,0.78
10,39,0.3,2.0,3,0.1967167320583023,0.0443527600108834,0.4435276001088346,0.013305828003265,4.4319353373957205e-05,0.0003900390455653,0.0585830159717254,0.0006149748709257,0.78
10,39,0.3,2.0,4,0.1965528668545199,0.0443342832190303,0.4433428321903039,0.0133002849657091,-4.811015982545803e-05,0.0003893506450825,0.0578904675745886,0.0008070178733895,0.78
10,39,0.3,2.0,5,0.1937940487929099,0.0440220454764326,0.440220454764326,0.0132066136429297,-2.0390629864779077e-06,0.0002775234169357,0.0575904033369358,0.0006433827309674,0.78
10,39,0.3,2.0,6,0.1942970898681641,0.044079143579267,0.4407914357926707,0.0132237430737801,-2.6839629266388784e-05,0.0002298659246734,0.0574688128794179,0.0004757553290894,0.78
10,44,0.3,2.0,1,0.2502581243756102,0.0500258057781791,0.5002580577817914,0.0150077417334537,-9.494348112729492e-05,0.0011321190582879,0.0967665477095623,0.0016146188075819,0.88
10,44,0.3,2.0,2,0.2450149537964106,0.0494989852215589,0.494989852215589,0.0148496955664676,-0.0001183934109029,0.0012859148174382,0.0932681146196991,0.0011762304957774,0.88
10,44,0.3,2.0,3,0.2453063323333524,0.0495284092550278,0.4952840925502781,0.0148585227765083,-2.393039893989583e-05,0.0010984366840322,0.0930000978674982,0.0011144204504181,0.88
10,44,0.3,2.0,4,0.2499289144699635,0.0499928909416092,0.4999289094160924,0.0149978672824827,-9.122573468003176e-05,0.0011108136734957,0.0957339125035947,0.0014662760871653,0.88
10,44,0.3,2.0,5,0.2470787881072112,0.0497070204404982,0.4970702044049827,0.0149121061321494,-0.0001862469082048,0.0012326591097582,0.0948180066594598,0.0014941961955087,0.88
10,44,0.3,2.0,6,0.2431016721536106,0.0493053417140182,0.4930534171401823,0.0147916025142054,-0.0001362455015419,0.0014130935617863,0.0917601524701079,0.0014601776444308,0.88
10,50,0.3,2.0,1,0.2294261786032626,0.0478984528563567,0.478984528563567,0.014369535856907,-0.0005878062503442,-0.0001801420555073,0.0805681655841806,0.0009930378968019,1.0
10,50,0.3,2.0,2,0.2299724939916106,0.0479554474477728,0.4795544744777288,0.0143866342343318,-0.0005436836817029,2.528147340163614e-05,0.0806457443278473,0.0008913166681483,1.0
10,50,0.3,2.0,3,0.2322511642406147,0.0481924438310213,0.4819244383102134,0.0144577331493064,-0.0004413221126437,-2.735019529324957e-05,0.0823114551597095,0.0009755320194294,1.0
10,50,0.3,2.0,4,0.2318769722766937,0.048153605501218,0.4815360550121805,0.0144460816503654,-0.0005859791858792,-0.0001793818389979,0.0810705827198519,0.0010158157909596,1.0
10,50,0.3,2.0,5,0.2316001143529535,0.0481248495429288,0.481248495429288,0.0144374548628786,-0.0005846544639508,-7.354054425385676e-05,0.0817470144970243,0.0009195393504013,1.0
10,50,0.3,2.0,6,0.2298474574519458,0.0479424089352992,0.4794240893529922,0.0143827226805897,-0.0005953131716833,-0.0001056404259983,0.0811987643674665,0.0009387625165284,1.0
10,25,0.4,2.0,1,0.112136611113727,0.0334868050302991,0.3348680503029917,0.0133947220121196,-7.049305655248916e-05,-3.6557552298953705e-05,0.0219275474845415,0.0001545166659405,0.5
10,25,0.4,2.0,2,0.1123914790261998,0.033524838407694,0.3352483840769405,0.0134099353630776,2.0438323168997832e-05,0.0001066761788784,0.0220337208949182,0.000145782815866,0.5
10,25,0.4,2.0,3,0.11249402916031,0.0335401295704578,0.3354012957045783,0.0134160518281831,5.28635231819697e-05,-8.603029637892708e-05,0.0217976274215845,0.0001792487283579,0.5
10,25,0.4,2.0,4,0.1121415084516398,0.0334875362562909,0.334875362562909,0.0133950145025163,2.7731354245543285e-05,-4.970806839451267e-06,0.0217342980418027,0.0001433271602852,0.5
10,25,0.4,2.0,5,0.1114213429148844,0.0333798356668939,0.3337983566689392,0.0133519342667575,5.81312118268457e-05,7.736524890518335e-06,0.0215942307166995,0.0001907168671212,0.5
10,25,0.4,2.0,6,0.1120348794886045,0.0334716117760415,0.3347161177604157,0.0133886447104166,-3.5055424099752796e-05,-7.882174562989855e-06,0.0217435392381496,0.0001226957098975,0.5
10,28,0.4,2.0,1,0.1298605201430903,0.0360361651876403,0.3603616518764036,0.0144144660750561,1.0119033213237434e-05,-0.0025765476920353,0.0283648461206062,0.0002058777540784,0.56
10,28,0.4,2.0,2,0.1300500442344452,0.0360624519735479,0.3606245197354795,0.0144249807894191,-4.852617071084628e-06,-0.0021162309322711,0.0284579617463507,0.0003410799302365,0.56
10,28,0.4,2.0,3,0.1294023711732291,0.035972541079722,0.3597254107972206,0.0143890164318888,-3.3848098517149786e-05,-0.0025671526846248,0.0281976455076622,0.0002537605673151,0.56
10,28,0.4,2.0,4,0.1290456291302317,0.0359229215307207,0.3592292153072071,0.0143691686122882,1.9077956423336583e-05,-0.0024019599343406,0.0277965236796096,0.0002329572710319,0.56
10,28,0.4,2.0,5,0.1287425122318685,0.0358807068257954,0.3588070682579546,0.0143522827303181,4.0370724709080894e-05,-0.0024549916371948,0.0280228218211198,0.0002190933354423,0.56
10,28,0.4,2.0,6,0.1286759618337747,0.0358714317854437,0.3587143178544378,0.0143485727141775,5.44517640594308e-07,-0.0025545222269828,0.0278807813885914,0.0002276050202189,0.56
10,33,0.4,2.0,1,0.158063781537094,0.0397572360127177,0.3975723601271774,0.0159028944050871,0.0006643588923846,0.0008404100012493,0.043018271574428,0.0004767961415444,0.66
10,33,0.4,2.0,2,0.1589324707936221,0.0398663355217935,0.3986633552179359,0.0159465342087174,0.0007004243252808,0.0007835513010127,0.0435999111264501,0.000473881767302,0.66
10,33,0.4,2.0,3,0.1578850674880438,0.0397347539929522,0.3973475399295229,0.0158939015971809,0.0006434175615136,0.0006569329457888,0.0425911752044779,0.0004496212146965,0.66
10,33,0.4,2.0,4,0.1590187591064001,0.0398771562559819,0.3987715625598196,0.0159508625023927,0.0005356327225405,0.0008070676353969,0.043376882799059,0.0005913361086773,0.66
10,33,0.4,2.0,5,0.1603287981417683,0.0400410786745023,0.400410786745023,0.0160164314698009,0.0005479578946162,0.0006769793570256,0.0439754531846904,0.0005216458302493,0.66
10,33,0.4,2.0,6,0.1585421001094782,0.039817345480265,0.3981734548026503,0.015926938192106,0.0005779308114071,0.0007035726084144,0.0434493324573901,0.0004513126307159,0.66
10,39,0.4,2.0,1,0.1663565720342237,0.0407868326833824,0.4078683268338248,0.0163147330733529,0.0002293239884941,-7.670026560839177e-05,0.0427836957486361,0.0004573266705324,0.78
10,39,0.4,2.0,2,0.1660765775939296,0.0407524941069782,0.4075249410697824,0.0163009976427912,5.563892883886381e-05,0.0001249867608339,0.0428611992119702,0.0003596306417102,0.78
10,39,0.4,2.0,3,0.1666637481240285,0.0408244715978086,0.4082447159780865,0.0163297886391234,0.0001239728208509,0.0001342751021199,0.0427711052091412,0.0004077387521167,0.78
10,39,0.4,2.0,4,0.1683093475669955,0.0410255222473761,0.4102552224737614,0.0164102088989504,0.0001977960389506,5.89647625948244e-05,0.0429440725964883,0.0004394577787054,0.78
10,39,0.4,2.0,5,0.1659430726410507,0.0407361108405123,0.4073611084051234,0.0162944443362049,0.0001621218307967,4.643219057951439e-06,0.0422769692062783,0.0007223050295609,0.78
10,39,0.4,2.0,6,0.1661169520892374,0.0407574474285666,0.4075744742856665,0.0163029789714266,0.0001453686531784,-4.354091892315455e-05,0.0429790819960874,0.0004307672029505,0.78
10,44,0.4,2.0,1,0.1922854502978452,0.0438503649127171,0.4385036491271712,0.0175401459650868,0.000130816511475,0.0014885739876363,0.0584542490662325,0.0007459656865115,0.88
10,44,0.4,2.0,2,0.1911339658817692,0.0437188707404216,0.4371887074042161,0.0174875482961686,1.4356818717442025e-05,0.0017186411019854,0.0577217768517985,0.0005586070068455,0.88
10,44,0.4,2.0,3,0.1915096025819097,0.0437618101295992,0.4376181012959927,0.0175047240518397,2.1861682116073067e-05,0.0016290710062025,0.0574187779206449,0.0006671852951709,0.88
10,44,0.4,2.0,4,0.1909328071811348,0.0436958587489861,0.4369585874898614,0.0174783434995944,9.744408559341628e-05,0.0014635175107293,0.0567064523936959,0.0006681530016753,0.88
10,44,0.4,2.0,5,0.189714675924153,0.0435562482227467,0.4355624822274676,0.0174224992890987,9.453158544097428e-05,0.0016172197655504,0.0570154027240232,0.000693414963862,0.88
10,44,0.4,2.0,6,0.1894434274703357,0.043525099364658,0.4352509936465805,0.0174100397458632,0.00014343334748,0.0013140096054839,0.0568058565049788,0.0006121145725012,0.88
10,50,0.4,2.0,1,0.2018461643325494,0.0449272928555181,0.4492729285551817,0.0179709171422072,0.001803778091653,-0.0003341640415675,0.0634871056853918,0.0007076763931469,1.0
10,50,0.4,2.0,2,0.2019873864192369,0.0449430068441394,0.4494300684413949,0.0179772027376557,0.0017894133403132,0.0002279879314996,0.0639863940588874,0.0006081164101785,1.0
10,50,0.4,2.0,3,0.1990834576035243,0.0446187693245257,0.4461876932452578,0.0178475077298103,0.0017616386891866,0.000221142742929,0.0618215168621116,0.0007611873562327,1.0
10,50,0.4,2.0,4,0.2009379376971483,0.0448261015143128,0.4482610151431287,0.0179304406057251,0.0017595827133122,4.954513183199692e-05,0.0623371116746575,0.0007140814201515,1.0
10,50,0.4,2.0,5,0.2025319332454476,0.0450035479985131,0.4500354799851314,0.0180014191994052,0.001759182653515,-6.227647673552397e-05,0.0641934626915456,0.0007240305067574,1.0
10,50,0.4,2.0,6,0.199660268635767,0.0446833602849838,0.4468336028498383,0.0178733441139935,0.0017611657276521,0.0005597437913163,0.0627515124442034,0.0005767831784524,1.0
10,25,0.5,2.0,1,0.1061821027514368,0.032585595399108,0.32585595399108,0.016292797699554,-1.6057472859427255e-05,-8.774577626771911e-05,0.0199330008735915,0.0001243848016093,0.5
10,25,0.5,2.0,2,0.1067762743999537,0.0326766391172583,0.3267663911725832,0.0163383195586291,-5.6877081397472514e-05,0.0001899438625269,0.0201704007378988,0.0001464212929449,0.5
10,25,0.5,2.0,3,0.1062486973853229,0.0325958122134305,0.3259581221343057,0.0162979061067152,1.7491090068144504e-05,6.51474105740954e-05,0.0199055823270576,0.0001473813346435,0.5
10,25,0.5,2.0,4,0.1066665512456318,0.0326598455669392,0.326598455669392,0.0163299227834696,-5.036778333583975e-05,-0.0001044978467132,0.0198563175290033,0.0001785506042352,0.5
10,25,0.5,2.0,5,0.1061513224648754,0.0325808720670388,0.3258087206703888,0.0162904360335194,0.0001017019201677,9.28457511006392e-05,0.0201174085791725,0.0001274440073622,0.5
10,25,0.5,2.0,6,0.106587211549136,0.0326476969400807,0.3264769694008079,0.0163238484700403,-2.9470672654358724e-05,5.745567012184816e-05,0.020000048634871,0.0001581371519323,0.5
10,28,0.5,2.0,1,0.1094441626527394,0.0330823461460549,0.3308234614605491,0.0165411730730274,0.0011964971379202,-0.0001153644290043,0.0219417456692374,0.0001991818760048,0.56
10,28,0.5,2.0,2,0.1099833425473803,0.0331637366030096,0.3316373660300967,0.0165818683015048,0.0010446663005919,0.000137374527293,0.0224559509282284,0.0001753171466507,0.56
10,28,0.5,2.0,3,0.1094665319434297,0.0330857268234249,0.330857268234249,0.0165428634117124,0.001194058800779,4.216459055769659e-05,0.0222069221513915,0.0002104927375403,0.56
10,28,0.5,2.0,4,0.1095919215495945,0.0331046705994176,0.3310467059941762,0.0165523352997088,0.0010916509639089,1.6311302113711513e-05,0.022162703341764,0.0001925334718472,0.56
10,28,0.5,2.0,5,0.1097505278879475,0.0331286172195501,0.3312861721955016,0.016564308609775,0.0012111435808017,6.146816780098687e-05,0.0222978240481881,0.0001646484764715,0.56
10,28,0.5,2.0,6,0.1101633108650395,0.0331908588115823,0.3319085881158237,0.0165954294057911,0.0010834098168516,-0.0001281342132757,0.0222906589651044,0.0001908137117592,0.56
10,33,0.5,2.0,1,0.1235831520756577,0.0351543954685125,0.3515439546851257,0.0175771977342562,0.0007384784499977,-0.0002776756405706,0.0281551748144353,0.0002484179164863,0.66
10,33,0.5,2.0,2,0.124438408072302,0.0352758285618214,0.3527582856182149,0.0176379142809107,0.0007850715519183,-0.0001548987877209,0.0287184411149516,0.000310784248483,0.66
10,33,0.5,2.0,3,0.1243450414563609,0.0352625922836595,0.3526259228365959,0.0176312961418297,0.0007355843644195,-0.0003082428770778,0.0286795822350566,0.000351702289066,0.66
10,33,0.5,2.0,4,0.1252048684985863,0.0353842999787457,0.353842999787457,0.0176921499893728,0.0008496653276326,-0.0002298614333826,0.0289483833249259,0.0003186561993399,0.66
10,33,0.5,2.0,5,0.1237581748851278,0.0351792801070641,0.3517928010706413,0.017589640053532,0.0008055587560611,-0.0002659694852452,0.0284719799838314,0.0002813875796287,0.66
10,33,0.5,2.0,6,0.1238121137506956,0.0351869455552333,0.3518694555523335,0.0175934727776166,0.0007431826487742,-0.0004506909399141,0.0284420056385565,0.000214510900358,0.66
10,39,0.5,2.0,1,0.1404375380905985,0.0374749967432418,0.3747499674324182,0.0187374983716209,5.937744569557628e-05,-0.0032002839200852,0.0318300366354112,0.0001967463239408,0.78
10,39,0.5,2.0,2,0.1415320987785192,0.037620752089574,0.3762075208957408,0.018810376044787,8.141136541911689e-05,-0.0027439864137161,0.0322671335158025,0.0003149101962469,0.78
10,39,0.5,2.0,3,0.1407002456361302,0.0375100314097616,0.375100314097616,0.0187550157048808,9.68203941301258e-05,-0.003152444699741,0.0316851787005667,0.0003009378009682,0.78
10,39,0.5,2.0,4,0.1407642207263871,0.0375185581714419,0.3751855817144192,0.0187592790857209,8.331135591366077e-05,-0.0033478360324153,0.0315246327795087,0.0003036183137008,0.78
10,39,0.5,2.0,5,0.1404617766127802,0.0374782305629254,0.3747823056292549,0.0187391152814627,2.142335926038387e-06,-0.0032786302591653,0.031818708012323,0.0003381882464527,0.78
10,39,0.5,2.0,6,0.1402792119522182,0.0374538665496926,0.374538665496926,0.0187269332748463,6.521442634522936e-05,-0.0032229791523244,0.031940867865434,0.0002742845416126,0.78
10,44,0.5,2.0,1,0.1544809160245282,0.0393040603531655,0.3930406035316558,0.0196520301765827,0.0012235252185554,-3.455662266828689e-05,0.036902597956149,0.0003425435507593,0.88
10,44,0.5,2.0,2,0.1547280910347516,0.0393354917389819,0.3933549173898193,0.0196677458694909,0.0013243293799001,0.0002675540067225,0.0370193686439289,0.0003053709412795,0.88
10,44,0.5,2.0,3,0.1542744145746368,0.0392777818333261,0.3927778183332618,0.019638890916663,0.0012769877347409,2.0981303129596895e-05,0.0366323052812024,0.000350050681281,0.88
10,44,0.5,2.0,4,0.1555727185454988,0.0394427076334141,0.3944270763341417,0.019721353816707,0.0013232257942835,-2.826862752432012e-05,0.0369711770506373,0.0003599947625429,0.88
10,44,0.5,2.0,5,0.1543635697783175,0.0392891295116496,0.392891295116496,0.0196445647558248,0.00128998116654,8.250359957628282e-06,0.0371030920968663,0.0003254738282316,0.88
10,44,0.5,2.0,6,0.154083646747084,0.0392534898763261,0.3925348987632616,0.019626744938163,0.0012696351486267,-4.037987189568569e-05,0.0366060184769521,0.0002996338321787,0.88
10,50,0.5,2.0,1,0.1876226373266336,0.0433154288131415,0.4331542881314159,0.0216577144065707,-0.0017867906275465,0.0005365294991008,0.0573556982593053,0.0006463743871815,1.0
10,50,0.5,2.0,2,0.1875538437813426,0.0433074870872627,0.4330748708726271,0.0216537435436313,-0.0017142254531943,0.0006705365718247,0.0571739872554278,0.0004268906777212,1.0
10,50,0.5,2.0,3,0.1872184341033865,0.0432687455449527,0.4326874554495271,0.0216343727724763,-0.0017155592611499,0.0006949541262334,0.0567586731928486,0.0006707063591344,1.0
10,50,0.5,2.0,4,0.1880568778731179,0.0433655252329679,0.4336552523296794,0.0216827626164839,-0.001786673705289,0.00019636993725,0.0569682745966509,0.0006443366697108,1.0
10,50,0.5,2.0,5,0.1874717047462706,0.0432980028114774,0.4329800281147742,0.0216490014057387,-0.0017903769682194,-1.9917532160950505e-05,0.057303049169358,0.000623956746285,1.0
10,50,0.5,2.0,6,0.1874331222469681,0.0432935471227489,0.4329354712274891,0.0216467735613744,-0.001763994970885,0.0003666664499381,0.057194444596971,0.0004868282559967,1.0
10,25,0.6,2.0,1,0.0822778832040993,0.0286841216013492,0.2868412160134929,0.0172104729608095,1.73192686342951e-05,8.384322944197199e-05,0.0146595700940352,0.0001131974430476,0.5
10,25,0.6,2.0,2,0.0820703930432933,0.0286479306483545,0.2864793064835457,0.0171887583890127,-2.565240936400388e-05,-9.505631244333056e-06,0.0146353964423836,0.0001073347484367,0.5
10,25,0.6,2.0,3,0.0820188959348582,0.0286389413098421,0.2863894130984213,0.0171833647859052,5.455329695045381e-05,2.6155323499779115e-05,0.0145419107905951,0.0001084848415948,0.5
10,25,0.6,2.0,4,0.0821014802433096,0.028653355866863,0.2865335586686308,0.0171920135201178,-7.62048323705658e-05,-1.020201621549574e-05,0.0146879802389134,0.0001170365095299,0.5
10,25,0.6,2.0,5,0.0819635557275281,0.0286292779733489,0.2862927797334891,0.0171775667840093,-4.540435017608407e-05,-6.698808951937016e-05,0.0145515220457649,0.0001022706799294,0.5
10,25,0.6,2.0,6,0.0815810809568099,0.0285624020272822,0.2856240202728229,0.0171374412163693,9.262295746943594e-05,-1.4779589806958383e-05,0.0143555994820451,9.207920963749906e-05,0.5
10,28,0.6,2.0,1,0.0969422577393011,0.0311355516635406,0.3113555166354069,0.0186813309981244,-1.815604774448216e-05,2.770634336296173e-05,0.0175843295359823,0.0001375743715938,0.56
10,28,0.6,2.0,2,0.0971547020391174,0.0311696490257939,0.311696490257939,0.0187017894154763,4.650259899414342e-05,0.0001410022853773,0.0177296324316646,0.0001257460016604,0.56
10,28,0.6,2.0,3,0.0972828103863409,0.0311901924306889,0.3119019243068899,0.0187141154584133,0.0001295722514713,-0.0002607921013606,0.017846213801917,0.0001439359703997,0.56
10,28,0.6,2.0,4,0.0968883257444455,0.0311268896204624,0.3112688962046249,0.0186761337722774,9.03549775785887e-05,1.3619443772134657e-05,0.0174383904603221,0.0001159393487133,0.56
10,28,0.6,2.0,5,0.0969026725828877,0.0311291941082463,0.3112919410824632,0.0186775164649477,2.529122606760005e-05,4.722065399323655e-05,0.0176673289285356,0.0001450859242121,0.56
10,28,0.6,2.0,6,0.0970983022924825,0.0311606004904402,0.3116060049044026,0.0186963602942641,5.577743149319976e-06,0.0001532316939169,0.0177384687051279,0.0001364078732295,0.56
10,33,0.6,2.0,1,0.1152817325047351,0.0339531636971777,0.3395316369717778,0.0203718982183066,0.0003314126635278,0.0014071444429702,0.0251770286617795,0.0002681174583713,0.66
10,33,0.6,2.0,2,0.1146788881337298,0.033864271457353,0.3386427145735307,0.0203185628744118,0.0002628884134931,0.0016587695745526,0.0246892358997375,0.0002175778187153,0.66
10,33,0.6,2.0,3,0.1150363139099766,0.033917003686938,0.33917003686938,0.0203502022121628,0.0002455221120265,0.0014944314188279,0.0247799717360875,0.0002883595310064,0.66
10,33,0.6,2.0,4,0.1159619946925425,0.0340531929035358,0.3405319290353587,0.0204319157421215,8.375249732158155e-05,0.0015738027724271,0.0251461390763258,0.0002337787352552,0.66
10,33,0.6,2.0,5,0.1150732964770524,0.0339224551701454,0.339224551701454,0.0203534731020872,0.0002948479537018,0.0015924388014587,0.0248592350978774,0.000201361019402,0.66
10,33,0.6,2.0,6,0.1158634330541411,0.03403871810955,0.3403871810955007,0.02042323086573,0.0001681807880118,0.0015809933096076,0.0254229955555223,0.0001954670868253,0.66
10,39,0.6,2.0,1,0.1312502796828241,0.0362284804653499,0.3622848046534993,0.0217370882792099,-2.039044090408719e-05,6.0100538015696106e-05,0.0281429117705157,0.0002249567600508,0.78
10,39,0.6,2.0,2,0.1312279843872888,0.0362254032948273,0.3622540329482735,0.0217352419768964,-8.818412959797735e-05,0.0002615699152912,0.0281421245835836,0.000230692552801,0.78
10,39,0.6,2.0,3,0.1314257373136321,0.036252687805683,0.3625268780568306,0.0217516126834098,1.582959143374276e-05,0.0001522253666372,0.0282852705360051,0.000232008997572,0.78
10,39,0.6,2.0,4,0.1319560083680164,0.0363257495955715,0.3632574959557152,0.0217954497573429,3.767253963392045e-05,-0.0001179637277261,0.0284038922456419,0.0002512526261835,0.78
10,39,0.6,2.0,5,0.1309765380399972,0.0361906808501853,0.3619068085018534,0.0217144085101112,-7.072833129510171e-05,0.0004594600813443,0.0281928349438725,0.0002230948017477,0.78
10,39,0.6,2.0,6,0.1307207092353825,0.036155319005007,0.3615531900500706,0.0216931914030042,-9.096715676579312e-05,0.0001171057382277,0.0280263652696081,0.0001732909681103,0.78
10,44,0.6,2.0,1,0.1488576081158805,0.0385820694255609,0.3858206942556096,0.0231492416553365,-0.0007359245178577,-0.0001956234719497,0.0367993355917723,0.0003131864959356,0.88
10,44,0.6,2.0,2,0.1494086670581514,0.0386534173208723,0.3865341732087234,0.0231920503925234,-0.0007799894719991,0.0001034120845636,0.0368551948582682,0.0003331588855158,0.88
10,44,0.6,2.0,3,0.149724849956692,0.0386942954395983,0.3869429543959833,0.023216577263759,-0.0008193745746278,0.0001202776781741,0.0367522963976288,0.0003902422013122,0.88
10,44,0.6,2.0,4,0.1500352645999963,0.0387343858348104,0.3873438583481043,0.0232406315008862,-0.0006152101816899,2.9294757681330648e-05,0.0371070007369274,0.0003416232343614,0.88
10,44,0.6,2.0,5,0.1503204564691537,0.0387711821420438,0.3877118214204382,0.0232627092852262,-0.0007645490774438,-0.0001096400754239,0.0372461667098822,0.0004085421776586,0.88
10,44,0.6,2.0,6,0.1501863369352712,0.0387538819907465,0.3875388199074658,0.0232523291944479,-0.00072716574952,0.0001163801250991,0.037326116845629,0.0003114734153529,0.88
10,50,0.6,2.0,1,0.1767878972517861,0.0420461528860591,0.4204615288605917,0.0252276917316355,-0.0018097817400246,-0.0005104933830781,0.0526118701730069,0.0004989225504685,1.0
10,50,0.6,2.0,2,0.1756536361919972,0.0419110529803293,0.4191105298032933,0.0251466317881975,-0.001806071019277,0.0004928781318881,0.0524137047026321,0.0004571577973707,1.0
10,50,0.6,2.0,3,0.1757787366368601,0.0419259748410052,0.419259748410052,0.0251555849046031,-0.0018036789143371,0.0005247595508365,0.0517949012169377,0.0005132838735488,1.0
10,50,0.6,2.0,4,0.1768607197806902,0.04205481182703,0.4205481182703,0.0252328870962179,-0.0018332125035602,0.0005425028243222,0.0522458331291057,0.0005829188834051,1.0
10,50,0.6,2.0,5,0.1759482492036113,0.041946185667306,0.4194618566730608,0.0251677114003836,-0.0018283798535532,-0.0005232390458815,0.0523634677430293,0.0005888548462854,1.0
10,50,0.6,2.0,6,0.1759408647722666,0.0419453054312716,0.4194530543127164,0.0251671832587629,-0.0018411231686945,0.0004431290160682,0.0521306272214015,0.0004616444420318,1.0
10,25,0.7,2.0,1,0.076277146496345,0.0276183175621443,0.2761831756214434,0.019332822293501,2.191754997752031e-05,5.412959342686527e-06,0.0129007750066127,8.326812954850067e-05,0.5
10,25,0.7,2.0,2,0.076386707779628,0.0276381453393001,0.2763814533930017,0.0193467017375101,-2.662382310402441e-05,0.0001561133982842,0.0129857897960475,7.831990280773725e-05,0.5
10,25,0.7,2.0,3,0.0767490336616472,0.0277036159484005,0.2770361594840054,0.0193925311638803,3.5760696206980877e-05,0.0001586796396721,0.0130530093056191,9.45848613630797e-05,0.5
10,25,0.7,2.0,4,0.0766258800756895,0.0276813800370735,0.2768138003707356,0.0193769660259514,8.455441281800185e-05,-2.5713636519165903e-05,0.0129595647382674,9.825912572083622e-05,0.5
10,25,0.7,2.0,5,0.0764218649385535,0.0276445048677948,0.2764450486779489,0.0193511534074564,6.716358516873702e-06,5.800831732705874e-07,0.0129653094392968,8.206353376434372e-05,0.5
10,25,0.7,2.0,6,0.0765099556173629,0.0276604330438557,0.2766043304385578,0.019362303130699,5.193721962929703e-05,4.848172946637343e-05,0.0129445936501618,6.952522334571254e-05,0.5
10,28,0.7,2.0,1,0.0923121724600577,0.030382918302898,0.3038291830289804,0.0212680428120286,-2.3690811426798733e-05,1.4888612012010844e-05,0.0164157661757998,0.0001159168642997,0.56
10,28,0.7,2.0,2,0.0919677191712743,0.0303261799723068,0.3032617997230681,0.0212283259806147,3.0012550981415308e-05,0.0002518821820405,0.0162874607005185,0.0001117375825332,0.56
10,28,0.7,2.0,3,0.092450274442953,0.0304056367213306,0.3040563672133063,0.0212839457049314,-2.855536479041576e-05,-8.81370586803347e-05,0.0163289494854303,0.0001380178896872,0.56
10,28,0.7,2.0,4,0.092385459353942,0.0303949764523583,0.3039497645235837,0.0212764835166508,5.349979755706856e-06,-3.2832740700527646e-05,0.0162852863978439,0.0001155913541977,0.56
10,28,0.7,2.0,5,0.0920716279014094,0.0303433069887593,0.3034330698875939,0.0212403148921315,1.380398133386425e-06,4.115665623720864e-05,0.0163426831120501,0.0001438040145823,0.56
10,28,0.7,2.0,6,0.0920099149714268,0.0303331361668105,0.3033313616681052,0.0212331953167673,4.920891425860413e-06,0.0001104254150295,0.0162658580924257,0.0001187186183442,0.56
10,33,0.7,2.0,1,0.1142687429467849,0.0338036600010686,0.3380366000106866,0.023662562000748,-0.000211206998661,0.0004138743837952,0.0271223494277807,0.0002780211152294,0.66
10,33,0.7,2.0,2,0.1136913091358174,0.0337181418728579,0.3371814187285791,0.0236026993110005,-0.0002110579524581,0.0007849196805637,0.0271086171894448,0.0002247352358161,0.66
10,33,0.7,2.0,3,0.1138609649029448,0.0337432904297943,0.3374329042979432,0.023620303300856,-0.0001075699230521,0.000611191946621,0.0268228193746205,0.000267879125283,0.66
10,33,0.7,2.0,4,0.1148478744376129,0.0338892128025442,0.3388921280254425,0.0237224489617809,-0.0002195973937779,0.0004387092733137,0.0273030933134717,0.000277195699598,0.66
10,33,0.7,2.0,5,0.1140719029202206,0.0337745322573415,0.3377453225734158,0.0236421725801391,-0.0001764071844802,0.0005596477505171,0.0271404612897949,0.0002685786991969,0.66
10,33,0.7,2.0,6,0.113509375444412,0.0336911524653598,0.3369115246535981,0.0235838067257518,-0.0002265460263702,0.000629385879508,0.026656556286641,0.0002560683655013,0.66
10,39,0.7,2.0,1,0.1196854487075912,0.0345955847916451,0.3459558479164519,0.0242169093541516,-0.0001978166648411,-0.0001288858787107,0.0259761914336862,0.0001756288478204,0.78
10,39,0.7,2.0,2,0.1193642008124444,0.0345491245637924,0.3454912456379242,0.0241843871946546,-0.0001102458605432,0.0002684757862915,0.0256789076882155,0.0002653572503339,0.78
10,39,0.7,2.0,3,0.119712771571419,0.0345995334609325,0.3459953346093254,0.0242196734226527,-0.0001586832562888,0.0002622711620761,0.0257219777328164,0.0002259265435179,0.78
10,39,0.7,2.0,4,0.1201236045322516,0.0346588523370655,0.3465885233706558,0.0242611966359459,-0.0001028216342606,0.0003167832076269,0.0259001422822178,0.0002595911772225,0.78
10,39,0.7,2.0,5,0.1189344434564802,0.034486873366033,0.3448687336603309,0.0241408113562231,-0.000110468493235,0.0002333890636901,0.0254243028625594,0.0002067336174974,0.78
10,39,0.7,2.0,6,0.120146251399269,0.0346621192945943,0.3466211929459435,0.024263483506216,-4.008134797649401e-05,-2.7887518478343577e-05,0.0259373988138448,0.0001744945110608,0.78
10,44,0.7,2.0,1,0.1351090015731591,0.0367571763840966,0.3675717638409663,0.0257300234688676,-0.0005558470179472,-0.0008314340826459,0.0305408436408166,0.0002412599026576,0.88
10,44,0.7,2.0,2,0.1357433683812946,0.0368433668902958,0.3684336689029582,0.025790356823207,-0.0006244804478729,-0.0004416215104723,0.0308710460061106,0.0002227421047635,0.88
10,44,0.7,2.0,3,0.1356445142351462,0.0368299489865443,0.3682994898654439,0.025780964290581,-0.0005820562513214,-0.0007395564541982,0.0308081886008404,0.0002437589808077,0.88
10,44,0.7,2.0,4,0.1348782673594636,0.0367257766915096,0.3672577669150969,0.0257080436840567,-0.0006023174082178,-0.0005626815744219,0.0299309631675248,0.0002850466330974,0.88
10,44,0.7,2.0,5,0.1352407344385655,0.0367750913579511,0.3677509135795118,0.0257425639505658,-0.0006107516090192,-0.0006260232000163,0.0306067176093187,0.0002911497373931,0.88
10,44,0.7,2.0,6,0.1353540093095477,0.0367904891662978,0.3679048916629782,0.0257533424164084,-0.0005948639470804,-0.0005824853290726,0.030526656300048,0.000273348594169,0.88
10,50,0.7,2.0,1,0.1662719046158644,0.0407764521036179,0.407764521036179,0.0285435164725325,-0.001869120099393,-5.436305839969215e-05,0.0485991229288596,0.000470034702728,1.0
10,50,0.7,2.0,2,0.1675333434969425,0.0409308372131505,0.409308372131505,0.0286515860492053,-0.0018590297274614,0.0006356593593574,0.0490683151967128,0.0004704250527368,1.0
10,50,0.7,2.0,3,0.1662632849573244,0.040775395149198,0.4077539514919805,0.0285427766044386,-0.0017987658716756,0.0003627263689045,0.0483121378141912,0.0004385182177374,1.0
10,50,0.7,2.0,4,0.1663713825262685,0.0407886482401989,0.4078864824019895,0.0285520537681392,-0.0018509334212343,-0.0001447500382378,0.0480947040747504,0.0005192872487365,1.0
10,50,0.7,2.0,5,0.1669715426140436,0.0408621515113978,0.4086215151139788,0.0286035060579785,-0.0018551510152907,7.011808664959776e-05,0.0486983094392837,0.0004998263374432,1.0
10,50,0.7,2.0,6,0.1663428441524832,0.0407851497671006,0.4078514976710068,0.0285496048369704,-0.0018374443575324,0.0007531170704697,0.0484102955150885,0.0003591667352173,1.0
10,25,0.0,4.0,1,0.133544453048696,0.0365437344901552,0.3654373449015522,0.0,0.0001031601647469,0.0002555430949998,0.0318765236574302,0.0004747570132021,0.5
10,25,0.0,4.0,2,0.1335203024577152,0.0365404299998939,0.3654042999989398,0.0,-6.711061677891136e-06,5.860793064848408e-06,0.0318206145311955,0.0003974415474215,0.5
10,25,0.0,4.0,3,0.1350800424624789,0.0367532369271713,0.3675323692717131,0.0,0.000163141144459,-0.0003390045515675,0.0317608111951274,0.0007244197042371,0.5
10,25,0.0,4.0,4,0.1328934924547906,0.036454559722316,0.3645455972231603,0.0,6.467403056797289e-05,-0.0001288524918792,0.0308503641316169,0.0004462550615097,0.5
10,25,0.0,4.0,5,0.1328057398889776,0.0364425218514001,0.3644252185140014,0.0,0.0002008618220732,2.2889048939574023e-05,0.0315112503770462,0.0005352950998128,0.5
10,25,0.0,4.0,6,0.1318776125006638,0.036314957317979,0.3631495731797902,0.0,-4.497554094967795e-05,8.415122693643945e-05,0.0306679523046313,0.0003657136332708,0.5
10,28,0.0,4.0,1,0.1553086420409436,0.0394092174549233,0.3940921745492336,0.0,-0.0001036439235846,-0.0003473826104683,0.045928829631348,0.000759406998566,0.56
10,28,0.0,4.0,2,0.1569374613513321,0.0396153330607395,0.3961533306073951,0.0,-0.00014665429966,2.9948137449607657e-05,0.0464664033028515,0.0007870940646653,0.56
10,28,0.0,4.0,3,0.1573894894415931,0.0396723442011677,0.3967234420116779,0.0,8.356823149782626e-05,-0.000177793194574,0.0469868056233288,0.0007561123418958,0.56
10,28,0.0,4.0,4,0.1559467735204298,0.0394900966725114,0.3949009667251143,0.0,0.0001367209289246,-0.0002398475653176,0.0447910693650756,0.0008002056209795,0.56
10,28,0.0,4.0,5,0.1542389326550862,0.0392732647809023,0.3927326478090232,0.0,0.0001511587876613,-9.264429782155068e-05,0.0456601291815295,0.0009361876651521,0.56
10,28,0.0,4.0,6,0.1544485119701547,0.0392999379096398,0.3929993790963984,0.0,-0.0001307876766871,3.4307977013857196e-05,0.0448243379644942,0.0007471737921824,0.56
10,33,0.0,4.0,1,0.2012227679794566,0.044857860847287,0.4485786084728703,0.0,0.0005930992797563,-0.0005560284859852,0.0719023170223682,0.0014593136952239,0.66
10,33,0.0,4.0,2,0.2088920152877044,0.0457047060254963,0.4570470602549637,0.0,0.000252864223704,-0.0004305487260452,0.0758464919218675,0.0015648507271648,0.66
10,33,0.0,4.0,3,0.2020704248837379,0.0449522440912284,0.4495224409122841,0.0,0.0006946155275963,-0.001027124922283,0.0729544475676654,0.0014808615655897,0.66
10,33,0.0,4.0,4,0.1993252580003609,0.0446458573666539,0.4464585736665395,0.0,0.0007943429494239,-0.0005392445928068,0.0694903105468445,0.0012045954156609,0.66
10,33,0.0,4.0,5,0.1990101629389228,0.0446105551342866,0.4461055513428664,0.0,0.0005536112406886,-0.0005130973500222,0.0710261466167786,0.0015049106066922,0.66
10,33,0.0,4.0,6,0.1983346596854527,0.0445347796318172,0.4453477963181728,0.0,0.0005501871451193,-0.0006359316143283,0.0705876391788271,0.0012075089234612,0.66
10,39,0.0,4.0,1,0.2537101279486125,0.0503696464101756,0.503696464101757,0.0,-0.0002358393959081,0.0009013948710607,0.1037947811623762,0.002974443947296,0.78
10,39,0.0,4.0,2,0.2642931184905417,0.0514094464559327,0.5140944645593276,0.0,-0.0002463052025426,0.0001922974884958,0.1086753115904726,0.002765754265291,0.78
10,39,0.0,4.0,3,0.265587597305416,0.0515351915981124,0.5153519159811245,0.0,-6.682616475909169e-05,-0.0003720492840322,0.1099945181327906,0.0035683021301957,0.78
10,39,0.0,4.0,4,0.2673937542846929,0.0517101299828856,0.5171012998288564,0.0,-0.0003141402252652,0.0003562101464264,0.108724288425684,0.0033305669773374,0.78
10,39,0.0,4.0,5,0.2560670783181952,0.0506030708868735,0.5060307088687358,0.0,0.0002120553761634,-8.018348514497813e-05,0.1036093838765455,0.0022179207701794,0.78
10,39,0.0,4.0,6,0.2541873875986228,0.0504169998709386,0.5041699987093865,0.0,6.909969270577493e-05,-0.0002647429322799,0.1033964303582744,0.0034439139940385,0.78
10,44,0.0,4.0,1,0.3832742002108117,0.0619091431220633,0.6190914312206329,0.0,0.0002038729988359,-0.0018970791055237,0.1820101668199729,0.007125430035454,0.88
10,44,0.0,4.0,2,0.3537892649358836,0.0594801870319759,0.5948018703197592,0.0,0.0005999026636088,-0.0013460983963363,0.163958976098299,0.0085436134409356,0.88
10,44,0.0,4.0,3,0.3372473235740163,0.0580729991970465,0.5807299919704649,0.0,0.0004793928590322,-0.0011417272619807,0.1528217484330836,0.0052165630778029,0.88
10,44,0.0,4.0,4,0.3615314718360656,0.0601274872114298,0.6012748721142982,0.0,0.0007634779903365,-0.001544065851054,0.1689320258935238,0.0052629308407543,0.88
10,44,0.0,4.0,5,0.3875881452929181,0.0622565775876668,0.6225657758766684,0.0,5.096272976247838e-05,-0.0015448535691098,0.186355495497433,0.0074503219715661,0.88
10,44,0.0,4.0,6,0.3495240869917712,0.0591205621583363,0.5912056215833634,0.0,-0.0003877842688304,-0.002422297905905,0.1628161822642085,0.0068389989795335,0.88
10,50,0.0,4.0,1,0.374859273658797,0.0612257522337453,0.6122575223374532,0.0,-3.967092905398428e-05,-0.0024025710319057,0.1770479721398086,0.0073762982328298,1.0
10,50,0.0,4.0,2,0.377045309217174,0.0614040152772743,0.6140401527727434,0.0,0.000624817121766,-0.0019355524752864,0.1790567696788625,0.0083645018372638,1.0
10,50,0.0,4.0,3,0.4541292817906142,0.067389114980879,0.6738911498087908,0.0,5.085172423688816e-05,-0.004505587691328,0.2263771906203991,0.0113203213428176,1.0
10,50,0.0,4.0,4,0.3847206325463411,0.0620258520736588,0.6202585207365886,0.0,0.0005149672026082,-0.0028912885350833,0.1824402480584068,0.0092562933599535,1.0
10,50,0.0,4.0,5,0.3540541423358835,0.0595024488853932,0.5950244888539324,0.0,-0.0002381546683929,-0.0033170101362499,0.1643033995392881,0.0062664369517966,1.0
10,50,0.0,4.0,6,0.412954717826794,0.0642615528778128,0.6426155287781288,0.0,-5.296854704409309e-05,-0.0029210551531403,0.2009866704268474,0.0152874481036166,1.0
10,25,0.1,4.0,1,0.1322343141742268,0.0363640363785742,0.3636403637857421,0.0036364036378574,6.197459432152365e-06,6.477853352063321e-05,0.0309482512911734,0.0003676713999637,0.5
10,25,0.1,4.0,2,0.1313762272097087,0.036245858688919,0.3624585868891903,0.0036245858688919,-0.000168926636899,-0.0001539787790116,0.0309805525535196,0.0004998650512924,0.5
10,25,0.1,4.0,3,0.1327762151779292,0.0364384707662011,0.364384707662011,0.0036438470766201,0.0001321355940076,1.5887845670232923e-05,0.0311266281806627,0.0004211390866522,0.5
10,25,0.1,4.0,4,0.1335370557530457,0.0365427223606897,0.3654272236068978,0.0036542722360689,3.941921112736713e-05,-2.972321556564135e-05,0.0307842476460028,0.0005132060578246,0.5
10,25,0.1,4.0,5,0.1312726774267434,0.036231571512528,0.3623157151252806,0.0036231571512528,-8.911025480051113e-06,-0.0001575503919726,0.0308490382988721,0.0004205139764795,0.5
10,25,0.1,4.0,6,0.1310748491891864,0.0362042606869946,0.3620426068699462,0.0036204260686994,-0.0001413622351564,-0.0001373563640434,0.0309294369315605,0.0004454019135859,0.5
10,28,0.1,4.0,1,0.1552702193915743,0.0394043423230961,0.3940434232309611,0.0039404342323096,-3.518909590768015e-05,-0.0013318020450329,0.0456231453992437,0.0009659898781822,0.56
10,28,0.1,4.0,2,0.1571036003143731,0.0396362965366812,0.3963629653668127,0.0039636296536681,-0.0001719251646257,-0.001260665191644,0.047205707625304,0.000658402171823,0.56
10,28,0.1,4.0,3,0.1584927087024833,0.0398111427495473,0.3981114274954731,0.0039811142749547,0.0002738302421335,-0.0016195666432761,0.0484207088819216,0.0008736940487883,0.56
10,28,0.1,4.0,4,0.1571456996134471,0.039641606881337,0.3964160688133709,0.0039641606881337,2.719648137588383e-05,-0.0016231691162285,0.0458414355742313,0.0009897171973112,0.56
10,28,0.1,4.0,5,0.1556328071054848,0.0394503240931535,0.394503240931535,0.0039450324093153,1.4142526660937612e-05,-0.0016182350780222,0.0462853765727609,0.0008204253018578,0.56
10,28,0.1,4.0,6,0.1553365473979227,0.0394127577565846,0.3941275775658469,0.0039412757756584,1.112761696361434e-05,-0.0018673316593594,0.0458291921469165,0.0008014528488715,0.56
10,33,0.1,4.0,1,0.1960621755313246,0.0442789086960512,0.4427890869605129,0.0044278908696051,-0.000346183486546,0.0030975907548964,0.0696426403038183,0.0012294206262296,0.66
10,33,0.1,4.0,2,0.2021033182534676,0.0449559026439763,0.4495590264397631,0.0044955902643976,-0.0004131889451221,0.0033480576671684,0.072983801094386,0.0013307311609647,0.66
10,33,0.1,4.0,3,0.2004872367370533,0.044775801135999,0.4477580113599905,0.0044775801135999,-6.350855499772715e-05,0.0028555828978798,0.0700849503751778,0.001722008337491,0.66
10,33,0.1,4.0,4,0.1964367935367782,0.0443211905905942,0.4432119059059427,0.0044321190590594,-0.0002213923801281,0.0028991556066657,0.0689085705918889,0.0013434482570523,0.66
10,33,0.1,4.0,5,0.1971466726625429,0.0444012018601459,0.4440120186014596,0.0044401201860145,-0.000128804558856,0.0026121338136625,0.0696591097669611,0.0015512238904974,0.66
10,33,0.1,4.0,6,0.2008419172365467,0.0448153899053156,0.4481538990531564,0.0044815389905315,-0.0003638940526958,0.0031858605232298,0.0723015563178205,0.0014186020688501,0.66
10,39,0.1,4.0,1,0.2516611268030234,0.0501658376590108,0.5016583765901088,0.005016583765901,-0.0001335903235051,0.0003821305333074,0.0991616637611822,0.0024555276335804,0.78
10,39,0.1,4.0,2,0.2542363103080275,0.0504218514443913,0.504218514443914,0.0050421851444391,0.0002242346018381,0.0006547839256073,0.1026214641015911,0.0024289398529866,0.78
10,39,0.1,4.0,3,0.2467315428694818,0.0496720789648955,0.4967207896489554,0.0049672078964895,-3.782756649144195e-06,-0.0002593762955996,0.0964458521137956,0.0028931950351733,0.78
10,39,0.1,4.0,4,0.2433034951682125,0.0493258041159201,0.4932580411592015,0.004932580411592,-4.3013231657267685e-05,-0.0001115305303204,0.0963534677173354,0.0022022146457671,0.78
10,39,0.1,4.0,5,0.2563194153491459,0.0506279977235072,0.5062799772350728,0.0050627997723507,-0.0003267264222953,-0.0001068861323683,0.1031114688856605,0.0029051594318313,0.78
10,39,0.1,4.0,6,0.25615936661474,0.0506121889088725,0.5061218890887254,0.0050612188908872,-2.7319987787456716e-05,0.0006880767555496,0.1041214908519539,0.0032325920990198,0.78
10,44,0.1,4.0,1,0.3072369374826419,0.0554289579085374,0.5542895790853748,0.0055428957908537,0.0001494380828844,0.0009205393665926,0.1338753189031307,0.0034488550452082,0.88
10,44,0.1,4.0,2,0.3238510634113256,0.0569079136334592,0.5690791363345924,0.0056907913633459,0.0002537556554982,0.0009682784155231,0.1403854733201382,0.0053533520402475,0.88
10,44,0.1,4.0,3,0.3062309454593025,0.0553381374333562,0.5533813743335626,0.0055338137433356,-0.0002080836312902,0.0001765977725025,0.1327069610280857,0.0040922073514944,0.88
10,44,0.1,4.0,4,0.3034495059493748,0.0550862510931153,0.5508625109311532,0.0055086251093115,0.0002770577576823,0.0004702580655026,0.1297314847836159,0.0044011286733749,0.88
10,44,0.1,4.0,5,0.3360408986827754,0.0579690347239606,0.5796903472396063,0.005796903472396,0.0003567999003323,-0.0001101803265806,0.1522011509704417,0.0079036198184347,0.88
10,44,0.1,4.0,6,0.3325250181057037,0.0576649822774362,0.5766498227743625,0.0057664982277436,-0.0003477560804933,-1.4106011390054712e-05,0.1482812483913526,0.0050308356060461,0.88
10,50,0.1,4.0,1,0.3947142135607893,0.0628262853876297,0.628262853876297,0.0062826285387629,-0.0002344326097245,0.0001725526837912,0.1897445327721984,0.0074155556530109,1.0
10,50,0.1,4.0,2,0.3537132157421302,0.0594737938710933,0.5947379387109336,0.0059473793871093,-0.0001188839150641,0.0009039228115025,0.1642372780366965,0.007854844998875,1.0
10,50,0.1,4.0,3,0.3647706629748595,0.0603962468183958,0.6039624681839589,0.0060396246818395,0.0002171848644742,-0.0001124190470264,0.1661975820610125,0.0061645564094042,1.0
10,50,0.1,4.0,4,0.3768218294219589,0.0613858150896409,0.6138581508964094,0.006138581508964,0.0001178156569143,-0.0007530601498059,0.1748233173015208,0.0096350336359251,1.0
10,50,0.1,4.0,5,0.3961905472779782,0.06294366904447,0.629436690444701,0.006294366904447,-0.0002602996554536,-0.0003799391845861,0.1866795567176799,0.0083897258138918,1.0
10,50,0.1,4.0,6,0.4154753289444328,0.0644573757567303,0.6445737575673034,0.006445737575673,-0.0001689124051499,-0.0008428594681199,0.2023262093987591,0.0132040990175448,1.0
10,25,0.2,4.0,1,0.1306014197590837,0.0361388184310283,0.3613881843102838,0.0072277636862056,-5.4634973238728986e-05,0.0001994972072073,0.0303711308895564,0.000388641527757,0.5
10,25,0.2,4.0,2,0.1309672460338171,0.0361893970706638,0.3618939707066382,0.0072378794141327,-2.7106118663027915e-05,0.0002814780331749,0.0308353377976878,0.0004557782300037,0.5
10,25,0.2,4.0,3,0.1312163143567355,0.0362237925066848,0.3622379250668481,0.0072447585013369,7.449856785975048e-05,0.0002128084407248,0.0307546071886146,0.0004932127353939,0.5
10,25,0.2,4.0,4,0.1331386283931422,0.0364881663547433,0.3648816635474332,0.0072976332709486,7.955995123129039e-05,2.917444374291415e-05,0.0312648504510971,0.000536128194317,0.5
10,25,0.2,4.0,5,0.1313509701842756,0.0362423743957643,0.3624237439576436,0.0072484748791528,9.80481633263679e-05,8.336410883575194e-05,0.0314172662341323,0.000436601472209,0.5
10,25,0.2,4.0,6,0.1295548400694113,0.035993727240925,0.3599372724092509,0.007198745448185,2.423933232868273e-05,4.174354902437144e-07,0.0303978843509704,0.0004084475338529,0.5
10,28,0.2,4.0,1,0.1519246885853417,0.0389775176974293,0.3897751769742933,0.0077955035394858,-8.761780032946867e-05,0.0004492713917345,0.0421505271872639,0.0008433023122646,0.56
10,28,0.2,4.0,2,0.1502879618852199,0.0387669913567225,0.3876699135672253,0.0077533982713445,-4.95845485254396e-05,0.000946855282037,0.0416582550359509,0.0007541981346339,0.56
10,28,0.2,4.0,3,0.1495775601826194,0.0386752582645054,0.3867525826450541,0.007735051652901,0.0001861099981121,0.0007383783436222,0.040175101154969,0.0007175562519418,0.56
10,28,0.2,4.0,4,0.1502193071035673,0.038758135546433,0.38758135546433,0.0077516271092866,1.6461585650232242e-05,0.0010035877829154,0.0406072841871311,0.000781804246778,0.56
10,28,0.2,4.0,5,0.1465083646279024,0.0382764110945504,0.3827641109455044,0.00765528221891,0.0001579677672786,0.0002037035893634,0.0389981132839838,0.0005915884939736,0.56
10,28,0.2,4.0,6,0.1498387396221544,0.0387090092384388,0.3870900923843884,0.0077418018476877,3.734363190894381e-05,0.0005262947115213,0.040700515313502,0.0006576874001343,0.56
10,33,0.2,4.0,1,0.1820222825029833,0.0426640694851045,0.4266406948510459,0.0085328138970209,-5.867433998384599e-05,2.7662611280212036e-05,0.0557126026319613,0.0010826253642353,0.66
10,33,0.2,4.0,2,0.1827648647495172,0.0427510075611695,0.4275100756116951,0.0085502015122339,-3.824384747759213e-05,0.0006752166622548,0.0565077582730332,0.0011988022658208,0.66
10,33,0.2,4.0,3,0.1803404809262695,0.0424665139758692,0.4246651397586922,0.0084933027951738,9.217377715979928e-05,-0.0007088886262103,0.0549122392849641,0.0012914480359835,0.66
10,33,0.2,4.0,4,0.1821992601656576,0.0426848052784193,0.4268480527841934,0.0085369610556838,-0.0001108788176986,-4.1071980436095666e-05,0.0547607717533831,0.0010940003835671,0.66
10,33,0.2,4.0,5,0.186919429746151,0.0432341797361938,0.432341797361938,0.0086468359472387,0.0002355790022743,0.0001134568063583,0.0585488454358256,0.0011565177259668,0.66
10,33,0.2,4.0,6,0.1820731862832162,0.0426700347179629,0.4267003471796293,0.0085340069435925,-0.0001108039610164,-0.0002752408021502,0.0567858815528294,0.0012002880840461,0.66
10,39,0.2,4.0,1,0.2456155304622765,0.0495596136448092,0.4955961364480927,0.0099119227289618,-0.0010929388349544,-2.840155082231434e-05,0.096113077847565,0.002427944799508,0.78
10,39,0.2,4.0,2,0.2503727726130881,0.0500372633757171,0.5003726337571711,0.0100074526751434,-0.0003369579594813,0.000469645542634,0.0998201126752152,0.002670409962,0.78
10,39,0.2,4.0,3,0.2541306070083095,0.0504113684607261,0.5041136846072615,0.0100822736921452,-0.0005352466188188,-1.3366227807830866e-05,0.101577410703958,0.0030398472920483,0.78
10,39,0.2,4.0,4,0.2559956899601918,0.050596016637695,0.505960166376951,0.010119203327539,-4.0732064855710655e-05,0.0004229448203349,0.1039572388286084,0.0035752003437224,0.78
10,39,0.2,4.0,5,0.2455982749796302,0.0495578727327586,0.4955787273275864,0.0099115745465517,-0.0002542014486761,-0.0008145458018249,0.0962655958921898,0.0019984893652276,0.78
10,39,0.2,4.0,6,0.2465709010708456,0.049655906100971,0.4965590610097107,0.0099311812201942,-0.0007218570868288,-3.2050749515462885e-05,0.0985338543178718,0.002180082435382,0.78
10,44,0.2,4.0,1,0.3136017739574336,0.0560001583888325,0.5600015838883258,0.0112000316777665,-0.0001181193480999,0.0001086052939981,0.1377462680200527,0.0047984237952836,0.88
10,44,0.2,4.0,2,0.3147371869490323,0.0561014426685296,0.5610144266852969,0.0112202885337059,0.0005472025416595,0.0002372077407117,0.1403817051108097,0.0054925268996975,0.88
10,44,0.2,4.0,3,0.3072401845628286,0.0554292508124391,0.5542925081243915,0.0110858501624878,0.0004832190915808,0.0001722169547707,0.1351338011073091,0.0051807019172712,0.88
10,44,0.2,4.0,4,0.3109976603460655,0.0557671642049392,0.5576716420493922,0.0111534328409878,0.0001202628158184,-0.0001386936093573,0.1360582419543179,0.0073158405396546,0.88
10,44,0.2,4.0,5,0.318345246083943,0.0564220919573125,0.5642209195731253,0.0112844183914625,0.0003342159201563,-0.0007022627701328,0.1430210870447496,0.0045380244504128,0.88
10,44,0.2,4.0,6,0.3024919503619878,0.0549992682098578,0.5499926820985783,0.0109998536419715,-0.000155192854443,0.0001169908738856,0.1340853970248525,0.0036716424076626,0.88
10,50,0.2,4.0,1,0.3457468993312509,0.0588002465412561,0.5880024654125617,0.0117600493082512,-0.0003409924557754,9.487294406948336e-05,0.1530888778853577,0.0155079452857843,1.0
10,50,0.2,4.0,2,0.3290611443040772,0.0573638513616438,0.5736385136164387,0.0114727702723287,-0.0004741394176756,0.0004519869244429,0.1468844083699871,0.0059313545880479,1.0
10,50,0.2,4.0,3,0.3068594699581183,0.0553948977757083,0.553948977757084,0.0110789795551416,-9.884167067720264e-05,-0.0008727914295045,0.1297369188751609,0.0039114595195195,1.0
10,50,0.2,4.0,4,0.3197826912937709,0.0565493316754292,0.5654933167542928,0.0113098663350858,0.0003340269805981,0.0004850108805158,0.1379462308296269,0.0057221197003198,1.0
10,50,0.2,4.0,5,0.30919170639283,0.0556050093420395,0.556050093420395,0.0111210018684079,4.2052274115215034e-05,-0.000298241036291,0.1335593790027567,0.0044464700196159,1.0
10,50,0.2,4.0,6,0.3085188874677408,0.0555444765451742,0.5554447654517422,0.0111088953090348,-0.0002382543997841,0.0011236261202391,0.1345653519506204,0.0053784338994278,1.0
10,25,0.3,4.0,1,0.1281790204409424,0.0358020977654861,0.358020977654861,0.0107406293296458,7.623648668904366e-05,0.0001161487893467,0.030272453106021,0.0005318073302879,0.5
10,25,0.3,4.0,2,0.1288272690895063,0.0358925158061546,0.3589251580615467,0.0107677547418464,-5.880859061254273e-05,-5.079578235164042e-06,0.0308675257452016,0.0005840151244928,0.5
10,25,0.3,4.0,3,0.1292030881377154,0.0359448310801032,0.3594483108010322,0.0107834493240309,6.59161567313744e-05,-0.0001668518383733,0.0309362131939599,0.0004687166261925,0.5
10,25,0.3,4.0,4,0.1295287020699867,0.0359900961474107,0.3599009614741071,0.0107970288442232,9.73511122488174e-06,-1.5993928571590155e-05,0.0304386470056344,0.0004571117633158,0.5
10,25,0.3,4.0,5,0.1279861124155258,0.0357751467384168,0.3577514673841686,0.010732544021525,0.0001984339210855,-5.4844897879915355e-05,0.0302286917922155,0.0004713225354724,0.5
10,25,0.3,4.0,6,0.1291016830930043,0.0359307226608378,0.359307226608378,0.0107792167982513,8.104877308026564e-05,-6.476035373286567e-05,0.0309866714528144,0.0004924181105044,0.5
10,28,0.3,4.0,1,0.1431032492763242,0.0378289901102744,0.3782899011027446,0.0113486970330823,-0.0009089418771773,4.840084016156848e-05,0.0373185453115734,0.0006513261243537,0.56
10,28,0.3,4.0,2,0.1452562257249306,0.0381124947654874,0.3811249476548742,0.0114337484296462,-0.0009925754190556,0.0003738442166004,0.0381303510908522,0.0009761964785517,0.56
10,28,0.3,4.0,3,0.1464929077757441,0.0382743919319097,0.3827439193190979,0.0114823175795729,-0.000944748119702,-0.0005322427484989,0.0388535826799068,0.0013111837261261,0.56
10,28,0.3,4.0,4,0.141843299220492,0.0376620895889344,0.376620895889344,0.0112986268766803,-0.0013154906909876,0.000248593217259,0.0354090581296595,0.0007004434689989,0.56
10,28,0.3,4.0,5,0.1433165647560572,0.0378571743208678,0.378571743208678,0.0113571522962603,-0.0009194639024868,2.2166483567286275e-05,0.0380087834272136,0.0007039212178505,0.56
10,28,0.3,4.0,6,0.14440116662347,0.0380001535027781,0.3800015350277812,0.0114000460508334,-0.0010271638681779,-0.0004113175021676,0.0371891848628985,0.0007521033869692,0.56
10,33,0.3,4.0,1,0.1764317426582783,0.0420037787179056,0.4200377871790565,0.0126011336153716,-0.0003617415180874,-0.0006033623803471,0.0534079354075034,0.0014390064952934,0.66
10,33,0.3,4.0,2,0.1742237644930147,0.0417401203272121,0.4174012032721213,0.0125220360981636,-0.0001102621912643,-0.000432784949726,0.053354939938218,0.0014769242625055,0.66
10,33,0.3,4.0,3,0.1703469820710058,0.0412731125638721,0.4127311256387212,0.0123819337691616,9.568851955673552e-05,-0.0012815053775137,0.0514282270045223,0.0013013818410248,0.66
10,33,0.3,4.0,4,0.1727481347064763,0.0415629804882273,0.4156298048822731,0.0124688941464681,-0.0002172401175903,-0.0016575615849124,0.0534522601928193,0.0023665130215186,0.66
10,33,0.3,4.0,5,0.1683723765995144,0.0410332032139235,0.4103320321392353,0.012309960964177,-0.0001242114321259,-0.0003720984210772,0.0513527410133869,0.0021194347788376,0.66
10,33,0.3,4.0,6,0.1702435050277711,0.0412605750114768,0.4126057501147689,0.012378172503443,-0.0003079990849024,-0.0009317949909483,0.0509521068870565,0.0009614457919588,0.66
10,39,0.3,4.0,1,0.2203578187960176,0.046942285712992,0.4694228571299204,0.0140826857138976,-0.0002636593077793,0.0004709889906547,0.0787136625579469,0.0024329329443701,0.78
10,39,0.3,4.0,2,0.2121236214703328,0.0460568802102718,0.4605688021027182,0.0138170640630815,-1.5657987824723925e-05,0.0003999463631862,0.0736394127094196,0.0021361197155457,0.78
10,39,0.3,4.0,3,0.2187634473456675,0.046772154894303,0.4677215489430304,0.0140316464682909,9.450291175879085e-05,0.0002050451065202,0.0773949090150005,0.0021592547083559,0.78
10,39,0.3,4.0,4,0.2164690570184973,0.0465262352891889,0.4652623528918898,0.0139578705867566,9.366668845427702e-05,0.000716789863095,0.0758348657570731,0.0023246314148226,0.78
10,39,0.3,4.0,5,0.2161805017339157,0.0464952149940094,0.464952149940094,0.0139485644982028,-8.023429813409966e-05,0.0009039737613826,0.0775541845868451,0.0018449477977699,0.78
10,39,0.3,4.0,6,0.2200646546192615,0.0469110492975014,0.4691104929750149,0.0140733147892504,-0.0003287250845567,0.0001072509299223,0.0802408239359439,0.0022540379590254,0.78
10,44,0.3,4.0,1,0.3028565091844083,0.0550324003823573,0.5503240038235733,0.0165097201147071,-0.000162603244876,0.0008762687597551,0.1347746322735457,0.0040882061154782,0.88
10,44,0.3,4.0,2,0.2971678893181225,0.0545131075355388,0.5451310753553887,0.0163539322606616,0.0002952748266212,0.0007001934708674,0.1326144697044035,0.0046680870192867,0.88
10,44,0.3,4.0,3,0.308691334495519,0.0555599977047802,0.5555999770478028,0.016667999311434,-0.0002742674603988,0.0005505964847397,0.142122310223271,0.0056455051913505,0.88
10,44,0.3,4.0,4,0.3198087555211503,0.0565516361850963,0.5655163618509639,0.0169654908555289,-0.0001683339256887,0.0012357808425834,0.1451216269739897,0.006720776320929,0.88
10,44,0.3,4.0,5,0.2949008529406365,0.0543047744623469,0.543047744623469,0.016291432338704,-0.0001104965518489,0.0015706485540763,0.1314628844729448,0.0055842143937357,0.88
10,44,0.3,4.0,6,0.2960130931329162,0.0544070853044818,0.5440708530448183,0.0163221255913445,-1.402901478040626e-05,0.0017049517302718,0.132550775621123,0.0045151400401283,0.88
10,50,0.3,4.0,1,0.2877880370635733,0.0536458793444168,0.5364587934441688,0.016093763803325,-0.000463295932811,8.843415400185656e-05,0.1221422458022883,0.0030354064382745,1.0
10,50,0.3,4.0,2,0.2840994925075241,0.053300984278672,0.5330098427867201,0.0159902952836016,-0.0006018014873936,0.0001431171051054,0.1171982416301903,0.0026633014085583,1.0
10,50,0.3,4.0,3,0.277254455268994,0.0526549575319355,0.5265495753193559,0.0157964872595806,-0.0002759433657187,-0.0003152177048843,0.1136826546367534,0.0031493318106488,1.0
10,50,0.3,4.0,4,0.2825660304939831,0.053156940327109,0.5315694032710904,0.0159470820981327,-0.0006257555759642,-0.0002032895280577,0.1156450675894385,0.0025723490441605,1.0
10,50,0.3,4.0,5,0.3001146059273653,0.054782716793471,0.5478271679347103,0.0164348150380413,-0.0005055814530657,-0.0006786399071229,0.1277009443639858,0.0041016809593378,1.0
10,50,0.3,4.0,6,0.2790376960416428,0.052824018783281,0.5282401878328105,0.0158472056349843,-0.0003400918568273,-0.0003757474621894,0.1154461493159523,0.0029206209681377,1.0
10,25,0.4,4.0,1,0.113883190611665,0.0337465836214075,0.3374658362140752,0.013498633448563,-1.8110860928052323e-05,-6.794594627953878e-05,0.0248277322059603,0.0003185113823066,0.5
10,25,0.4,4.0,2,0.1151841353815504,0.0339387883374687,0.3393878833746874,0.0135755153349875,-0.000105086729534,0.0002431919359963,0.0251732818566547,0.0004326574493555,0.5
10,25,0.4,4.0,3,0.1148726190104492,0.0338928634096396,0.3389286340963969,0.0135571453638558,7.802191812516665e-05,4.252018498286318e-05,0.0251298479543569,0.0004549537775973,0.5
10,25,0.4,4.0,4,0.1141060115421717,0.0337795813387572,0.3377958133875725,0.0135118325355029,1.5700628043452126e-05,-0.0003742566495661,0.0244664192438464,0.00042914240536,0.5
10,25,0.4,4.0,5,0.1137646400713647,0.0337290142268292,0.3372901422682922,0.0134916056907316,5.475982121782158e-05,7.494029154461352e-05,0.0247349061847523,0.0003660524197301,0.5
10,25,0.4,4.0,6,0.1136624529355648,0.0337138625695076,0.3371386256950763,0.013485545027803,-4.169554215682717e-05,8.883224558878209e-05,0.0248120629785147,0.0003879313321184,0.5
10,28,0.4,4.0,1,0.1331989122094002,0.0364964261550908,0.3649642615509089,0.0145985704620363,-8.735611016940322e-05,-0.0022009256720076,0.0329230086785313,0.0006042612585735,0.56
10,28,0.4,4.0,2,0.1320907544110302,0.0363442917679008,0.363442917679008,0.0145377167071603,-1.349264726378252e-06,-0.0025176244986236,0.0327700795355783,0.0005346121500724,0.56
10,28,0.4,4.0,3,0.1341440112815976,0.0366256755953521,0.3662567559535218,0.0146502702381408,3.7980689037562866e-05,-0.0025211467788134,0.0334637274257775,0.0005370295825682,0.56
10,28,0.4,4.0,4,0.1333645148936347,0.0365191066283986,0.365191066283986,0.0146076426513594,8.8859852344801e-05,-0.0024471020751603,0.0322122248209699,0.0006140314236129,0.56
10,28,0.4,4.0,5,0.1324734376557861,0.0363969006449431,0.3639690064494312,0.0145587602579772,0.0002267307984293,-0.0022903250491805,0.0326108629273203,0.0005668483250425,0.56
10,28,0.4,4.0,6,0.1312880694488357,0.0362336955676392,0.362336955676392,0.0144934782270556,-1.3346348683307072e-05,-0.0023294752315262,0.032220730032649,0.0004902585989934,0.56
10,33,0.4,4.0,1,0.1655157641426774,0.0406836286659237,0.4068362866592376,0.0162734514663695,0.0006517357852805,0.0007843825859508,0.0515670046048095,0.001173584263615,0.66
10,33,0.4,4.0,2,0.1677252962751297,0.0409542789309163,0.4095427893091633,0.0163817115723665,0.0010158848485701,0.0013331517637141,0.0532475134945863,0.0012604069711379,0.66
10,33,0.4,4.0,3,0.171453827551236,0.0414069834147859,0.4140698341478596,0.0165627933659143,0.0009743921512681,0.0009520056956293,0.0549080122791388,0.0024829194775859,0.66
10,33,0.4,4.0,4,0.1675701141099683,0.0409353287650127,0.4093532876501278,0.0163741315060051,0.0010375471596049,0.0008986884025355,0.051694736858326,0.0011658558612406,0.66
10,33,0.4,4.0,5,0.1643921248418198,0.0405452987215311,0.4054529872153118,0.0162181194886124,0.0007902981170137,0.0001672299223945,0.0517653721419137,0.0013157574082269,0.66
10,33,0.4,4.0,6,0.1650340838409799,0.0406243872373454,0.4062438723734549,0.0162497548949381,0.0006344557130664,0.0003756996235099,0.0517016149536558,0.0012853322138398,0.66
10,39,0.4,4.0,1,0.1852025594066983,0.0430351669459638,0.4303516694596389,0.0172140667783855,0.0003080585526119,4.511473881646522e-06,0.0558461965034298,0.0018653742112092,0.78
10,39,0.4,4.0,2,0.1816847312758341,0.0426244919354863,0.4262449193548635,0.0170497967741945,0.0001941414925357,-8.515822777297205e-05,0.0561835891595629,0.0013799886299219,0.78
10,39,0.4,4.0,3,0.1789180930120714,0.0422987107382803,0.4229871073828036,0.0169194842953121,-0.0001892870954599,6.28654338619989e-05,0.0540110489898194,0.0016639917151072,0.78
10,39,0.4,4.0,4,0.1808641348236509,0.0425281242031259,0.4252812420312597,0.0170112496812503,0.0003434943428834,0.0006347010975193,0.0554336460447178,0.0017091663524717,0.78
10,39,0.4,4.0,5,0.1797827788037029,0.0424007993796936,0.4240079937969364,0.0169603197518774,0.0002439950480091,-0.0001304884710341,0.054390419182553,0.0014919135824107,0.78
10,39,0.4,4.0,6,0.1787226326313466,0.0422755996564621,0.4227559965646219,0.0169102398625848,0.0001068573087132,0.0003685083758835,0.0540590047712211,0.0010626191488108,0.78
10,44,0.4,4.0,1,0.2264980520797546,0.0475918114889268,0.4759181148892682,0.0190367245955707,-0.0002655549751222,0.0007699363868288,0.0826893397081731,0.0024058989614494,0.88
10,44,0.4,4.0,2,0.2232482858874015,0.047249157229246,0.4724915722924606,0.0188996628916984,0.0002001440166132,0.003387612136607,0.081619471401944,0.0022266573056672,0.88
10,44,0.4,4.0,3,0.2209172969240222,0.0470018400622807,0.4700184006228077,0.0188007360249123,-0.0001536152895624,0.0006430155764986,0.0796354697145921,0.0020992370247502,0.88
10,44,0.4,4.0,4,0.2158512549924002,0.046459794983663,0.4645979498366305,0.0185839179934652,-0.0001016757589884,0.0011566638772833,0.0761887107523204,0.0023266199709072,0.88
10,44,0.4,4.0,5,0.2248734200950581,0.0474208203319025,0.4742082033190254,0.018968328132761,-0.0001142915346737,0.0019697805978949,0.0814805754315111,0.0022695636268967,0.88
10,44,0.4,4.0,6,0.2220040326240098,0.0471173038940058,0.4711730389400584,0.0188469215576023,-0.0001927206463901,0.001961247907689,0.0802011265809785,0.0018302721914942,0.88
10,50,0.4,4.0,1,0.2423061173234577,0.0492245992694158,0.4922459926941587,0.0196898397077663,0.0016256502423333,-0.0004570524250424,0.0909333567866865,0.0026641191292967,1.0
10,50,0.4,4.0,2,0.2518428025644819,0.0501839419101849,0.5018394191018497,0.0200735767640739,0.0021328073526104,0.0007068474138009,0.0974600182790578,0.0025875379754136,1.0
10,50,0.4,4.0,3,0.2382164177774888,0.0488074192902563,0.4880741929025635,0.0195229677161025,0.002425653575326,-0.0004331190128278,0.0879593381928463,0.0021207729760686,1.0
10,50,0.4,4.0,4,0.2395272935649673,0.0489415256775846,0.4894152567758461,0.0195766102710338,0.0023032515227577,-0.0008295954641712,0.0886900529091998,0.001779197299562,1.0
10,50,0.4,4.0,5,0.2365847942689202,0.0486399829634962,0.4863998296349622,0.0194559931853984,0.0022750916692793,0.0001932154085491,0.086917070061717,0.0023353483763433,1.0
10,50,0.4,4.0,6,0.2406727025478802,0.049058404228825,0.4905840422882508,0.01962336169153,0.0021741666982051,-0.0004175266772685,0.0922912203857294,0.0023467118842643,1.0
10,25,0.5,4.0,1,0.1097456842291975,0.033127886173011,0.3312788617301102,0.0165639430865055,-6.861168955583502e-06,8.625908930856192e-05,0.0236926362287275,0.0004462015882918,0.5
10,25,0.5,4.0,2,0.1116849622633973,0.0334193001517681,0.3341930015176819,0.016709650075884,0.0001466985565796,0.0001368947278739,0.0246866857918066,0.0003962797159544,0.5
10,25,0.5,4.0,3,0.1092707143612708,0.0330561211217031,0.3305612112170313,0.0165280605608515,-0.0001572012481362,-5.2735995466435814e-05,0.0235834653175077,0.0004957109969757,0.5
10,25,0.5,4.0,4,0.1097710384600769,0.0331317126723139,0.3313171267231396,0.0165658563361569,-7.641766900239756e-05,0.0001736785931206,0.0234433311834568,0.0004356730567669,0.5
10,25,0.5,4.0,5,0.1115677202918491,0.0334017544886266,0.3340175448862665,0.0167008772443133,0.0001411084276402,-6.98210517357916e-05,0.0250712137740294,0.0004884535483873,0.5
10,25,0.5,4.0,6,0.1088046595571569,0.0329855513152587,0.3298555131525877,0.0164927756576293,-6.0856427315229555e-05,0.0001170141623813,0.0231318973376083,0.000317744087326,0.5
10,28,0.5,4.0,1,0.1139551704938857,0.0337572467025801,0.3375724670258013,0.01687862335129,0.0011906620577143,-0.0001612063639553,0.0258151407669434,0.0004646771153644,0.56
10,28,0.5,4.0,2,0.1144930294838993,0.033836818627628,0.33836818627628,0.016918409313814,0.0012024738703208,0.0002279625397737,0.0265440311187769,0.0004309050930511,0.56
10,28,0.5,4.0,3,0.1164672078612588,0.034127292283634,0.3412729228363406,0.017063646141817,0.0014470230021609,0.000220229468897,0.0269279618205306,0.0007186521988436,0.56
10,28,0.5,4.0,4,0.1155842096504084,0.0339976778104635,0.3399767781046353,0.0169988389052317,0.0013102323240332,9.292708099632952e-05,0.0265446068991357,0.0005208329110214,0.56
10,28,0.5,4.0,5,0.1156298611768489,0.0340043910659857,0.3400439106598572,0.0170021955329928,0.0012355100771271,0.0002914401650701,0.0267493150264044,0.0004942168096929,0.56
10,28,0.5,4.0,6,0.1143286333630491,0.0338125174104279,0.3381251741042793,0.0169062587052139,0.0013121414544408,0.0001650581196537,0.0257738599837554,0.0003958829097183,0.56
10,33,0.5,4.0,1,0.1340676681279851,0.0366152520308115,0.3661525203081157,0.0183076260154057,0.0009153900946827,-0.000714145333518,0.0355794627684485,0.0007839539245855,0.66
10,33,0.5,4.0,2,0.1306106452393484,0.0361400948033272,0.3614009480332729,0.0180700474016636,0.0015224153502678,0.0003651597246835,0.0342373579999751,0.000698751544797,0.66
10,33,0.5,4.0,3,0.1301364351441223,0.0360744279433676,0.3607442794336764,0.0180372139716838,0.0011262958707643,-0.0001377940983649,0.0338919409865622,0.0007570374986878,0.66
10,33,0.5,4.0,4,0.1289633367687623,0.0359114656855943,0.3591146568559438,0.0179557328427971,0.0010162599818608,-0.0010570429570779,0.0334385334482071,0.0008912053766362,0.66
10,33,0.5,4.0,5,0.1284283583296154,0.0358369025349032,0.3583690253490325,0.0179184512674516,0.001420456421134,-0.0005150006497715,0.032866146321415,0.0006627121038221,0.66
10,33,0.5,4.0,6,0.1315299713105781,0.0362670609934935,0.3626706099349355,0.0181335304967467,0.0010529222483116,-0.000532791239237,0.0343491984356533,0.0006102589951796,0.66
10,39,0.5,4.0,1,0.1503803323899068,0.0387789030775635,0.3877890307756356,0.0193894515387817,5.164671371348191e-05,-0.0036415540780533,0.0395396621622265,0.0007906436417927,0.78
10,39,0.5,4.0,2,0.1519491034689846,0.0389806494903541,0.3898064949035413,0.019490324745177,0.0002193317504676,-0.0031947340250687,0.0401730780795641,0.0008264397031243,0.78
10,39,0.5,4.0,3,0.14976937726483,0.0387000487421954,0.3870004874219541,0.0193500243710977,0.0001821266272801,-0.0032917016026941,0.0387112905092312,0.0008437592011665,0.78
10,39,0.5,4.0,4,0.151246591971569,0.0388904348100621,0.3889043481006211,0.019445217405031,-1.7812846495524997e-05,-0.0034167751280904,0.0400114638436692,0.000935056246246,0.78
10,39,0.5,4.0,5,0.1521792215933318,0.0390101552923507,0.3901015529235072,0.0195050776461753,6.637163512077236e-05,-0.0038061373567704,0.0405770104384021,0.0009994528966347,0.78
10,39,0.5,4.0,6,0.1517221609381711,0.0389515289736065,0.3895152897360655,0.0194757644868032,-0.0001587761314964,-0.0032977463377186,0.0406978460845047,0.0007302473463282,0.78
10,44,0.5,4.0,1,0.1750956654376964,0.0418444339712818,0.4184443397128182,0.0209222169856409,0.0019486693509057,-0.0003437213850683,0.0496172696264223,0.0012710301016462,0.88
10,44,0.5,4.0,2,0.1687669363029655,0.0410812531823173,0.410812531823173,0.0205406265911586,0.0017887678712679,5.957985959165073e-05,0.046088913084251,0.0009263901627886,0.88
10,44,0.5,4.0,3,0.172185842349283,0.0414952819425634,0.4149528194256342,0.0207476409712817,0.0017328805413836,-0.0006359786898434,0.0481948835717804,0.0012172621905003,0.88
10,44,0.5,4.0,4,0.170207957469461,0.0412562670959771,0.4125626709597719,0.0206281335479885,0.001796470622578,-0.0003533795786731,0.0477573635226565,0.0010678147344928,0.88
10,44,0.5,4.0,5,0.1767977004073417,0.0420473186311971,0.4204731863119713,0.0210236593155985,0.0017554736152052,-0.0006798483837124,0.0512420103371256,0.0014776004562198,0.88
10,44,0.5,4.0,6,0.1736066875911938,0.0416661358408952,0.4166613584089528,0.0208330679204476,0.001777296215633,0.0007324667287342,0.0493913583440403,0.0011440204919037,0.88
10,50,0.5,4.0,1,0.2215408600928956,0.0470681272298883,0.4706812722988834,0.0235340636149441,-0.0023268629481723,0.0003492537987258,0.0803260402202582,0.0019153611410955,1.0
10,50,0.5,4.0,2,0.2227587182613557,0.0471973217737358,0.4719732177373582,0.0235986608868679,-0.002234506232667,0.0007378192881479,0.0803660984624811,0.0018814137755944,1.0
10,50,0.5,4.0,3,0.2153046369938752,0.0464009307012128,0.464009307012128,0.0232004653506064,-0.0020356059627159,8.193745602468321e-05,0.0762109447763133,0.0012914808548109,1.0
10,50,0.5,4.0,4,0.2187478917270729,0.0467704919502749,0.467704919502749,0.0233852459751374,-0.0019198634699803,-0.0002732658047971,0.0769648086024022,0.0017764397983538,1.0
10,50,0.5,4.0,5,0.2176479846815748,0.0466527581908695,0.4665275819086958,0.0233263790954347,-0.0021810552056784,0.0005315781427263,0.0786561251970285,0.0020872587902902,1.0
10,50,0.5,4.0,6,0.2202232859859274,0.0469279539279018,0.469279539279018,0.0234639769639509,-0.0021489147383957,0.0001405129858995,0.0788556198029029,0.0016259007993673,1.0
10,25,0.6,4.0,1,0.0876582467725737,0.0296071354191137,0.2960713541911371,0.0177642812514682,5.312533775144051e-05,-0.0002919421352101,0.0178214157414387,0.0002853042199897,0.5
10,25,0.6,4.0,2,0.0876253071117285,0.0296015721055028,0.2960157210550286,0.0177609432633017,8.330795826295233e-05,-6.818207962466169e-06,0.0178964322511244,0.0002544436406271,0.5
10,25,0.6,4.0,3,0.0873551180961133,0.0295558992582045,0.2955589925820451,0.0177335395549227,0.0001157248714219,-9.2703106848707e-05,0.0175803614855038,0.0002448876207607,0.5
10,25,0.6,4.0,4,0.0876302986323256,0.0296024152109799,0.2960241521097994,0.0177614491265879,2.822062780819326e-05,-6.69287669487964e-05,0.0178496620495145,0.0002992525331943,0.5
10,25,0.6,4.0,5,0.0871889697582465,0.0295277784058073,0.2952777840580738,0.0177166670434844,-4.831758628767901e-05,9.62439795185712e-05,0.0176891508250419,0.0002696132905854,0.5
10,25,0.6,4.0,6,0.0867937163937937,0.0294607733085527,0.2946077330855279,0.0176764639851316,-1.2325807323850524e-05,0.0001716192888633,0.0179509356255864,0.0003195719788679,0.5
10,28,0.6,4.0,1,0.1033514229764684,0.0321483161264269,0.3214831612642697,0.0192889896758561,9.375222570689204e-05,-7.846623232777655e-05,0.0220773992638766,0.0003122753990608,0.56
10,28,0.6,4.0,2,0.1019951440718966,0.0319366786112608,0.3193667861126086,0.0191620071667565,1.1196761727850884e-05,0.0002743687518143,0.0213291221810765,0.0003078208875908,0.56
10,28,0.6,4.0,3,0.1026614179590676,0.0320408205199348,0.3204082051993482,0.0192244923119608,5.004224089743027e-06,0.0001809084658705,0.0214287066818083,0.0002904399190482,0.56
10,28,0.6,4.0,4,0.1020077255651993,0.0319386483065892,0.319386483065892,0.0191631889839535,-2.638365374636114e-05,-0.0002009602531803,0.0212488457716131,0.0003642108735577,0.56
10,28,0.6,4.0,5,0.1008495419536257,0.0317568168986795,0.3175681689867952,0.0190540901392077,-9.50880250844326e-05,6.986154811458554e-05,0.02112427762814,0.0003830979613989,0.56
10,28,0.6,4.0,6,0.101205323617961,0.031812784162654,0.3181278416265401,0.0190876704975924,-0.000113617948968,7.772621161610857e-05,0.0212228098855312,0.0003841403957668,0.56
10,33,0.6,4.0,1,0.1217697841785207,0.0348955275326968,0.3489552753269689,0.0209373165196181,0.0002018893379678,0.0013449472649981,0.0299372097317723,0.0005958696424316,0.66
10,33,0.6,4.0,2,0.1223215681654032,0.0349745004489561,0.3497450044895612,0.0209847002693736,0.0007879289333425,0.0018668503388681,0.0299151229044822,0.0007303481378488,0.66
10,33,0.6,4.0,3,0.1235821641744933,0.0351542549593208,0.3515425495932083,0.0210925529755925,0.0004727202490986,0.0013106161665534,0.031016667925657,0.0007604232790911,0.66
10,33,0.6,4.0,4,0.124022863620111,0.0352168799895889,0.3521687998958894,0.0211301279937533,0.0004868956128636,0.0012252279124533,0.0307860116708352,0.000945976828444,0.66
10,33,0.6,4.0,5,0.1202178584973718,0.0346724470577679,0.346724470577679,0.0208034682346607,0.000249167237451,0.0016021450651408,0.0293346080330401,0.0004527284361948,0.66
10,33,0.6,4.0,6,0.1190758236124856,0.0345073649548159,0.345073649548159,0.0207044189728895,0.0004759646479408,0.0020607690574151,0.0284488521659173,0.0005436037010455,0.66
10,39,0.6,4.0,1,0.1425943739410609,0.0377616702412725,0.3776167024127255,0.0226570021447635,1.93466886891536e-05,0.0009882015605325,0.0355795969783212,0.0009225653815039,0.78
10,39,0.6,4.0,2,0.1381148983859587,0.0371638128272596,0.3716381282725963,0.0222982876963557,0.0002218441154493,-8.385444876578892e-05,0.0342449014795413,0.0006960246081755,0.78
10,39,0.6,4.0,3,0.140652355195334,0.0375036471820187,0.3750364718201871,0.0225021883092112,-0.0001200160280919,-0.0003061085367421,0.0354414141846848,0.0010198557545601,0.78
10,39,0.6,4.0,4,0.1399207339203947,0.0374059799925619,0.3740597999256199,0.0224435879955371,-0.0002813881294124,0.0001135187295573,0.0347605758749618,0.0007353728240374,0.78
10,39,0.6,4.0,5,0.1386518047511679,0.0372359778643139,0.3723597786431395,0.0223415867185883,-0.0001559893582598,0.0003071007771488,0.0344859463075616,0.0007393885473949,0.78
10,39,0.6,4.0,6,0.1390243274498653,0.0372859661870073,0.3728596618700732,0.0223715797122043,-0.0001433014285514,0.0005577270892888,0.0343035995948386,0.0008470293646782,0.78
10,44,0.6,4.0,1,0.1649615733472872,0.0406154617537813,0.4061546175378132,0.0243692770522687,-0.0010711399889693,-0.0001250571629406,0.0470767545959009,0.0008873099991322,0.88
10,44,0.6,4.0,2,0.1616036795115955,0.0401999601382383,0.4019996013823839,0.024119976082943,-0.00103233091419,0.0005458843073743,0.0450231513771083,0.000665029177114,0.88
10,44,0.6,4.0,3,0.166315467557869,0.040781793432593,0.4078179343259306,0.0244690760595558,-0.0010786117685996,-0.0004195388966953,0.047255316106696,0.0009510566553842,0.88
10,44,0.6,4.0,4,0.1636996263261291,0.0404598104699131,0.4045981046991312,0.0242758862819478,-0.0009763320085766,0.0003991710586665,0.0460502861379586,0.0009858607436763,0.88
10,44,0.6,4.0,5,0.1655820217001273,0.0406917708757099,0.4069177087570991,0.0244150625254259,-0.0009744804856342,-0.0002236380514456,0.0470710067873619,0.0010111699569941,0.88
10,44,0.6,4.0,6,0.1625787446238339,0.0403210546270597,0.4032105462705979,0.0241926327762358,-0.0011553470660903,-7.469103711446094e-05,0.0464736998932954,0.0009307738158971,0.88
10,50,0.6,4.0,1,0.1983657920429121,0.0445382747805651,0.4453827478056509,0.026722964868339,-0.0022735104915632,-0.000590555690343,0.0681792151593557,0.0013919510329158,1.0
10,50,0.6,4.0,2,0.2046018203805097,0.0452329327349564,0.4523293273495647,0.0271397596409738,-0.002047224273564,0.0001752439493197,0.0714585927390429,0.0010668043526096,1.0
10,50,0.6,4.0,3,0.2015796186253444,0.0448976189374608,0.4489761893746086,0.0269385713624765,-0.0019857289667909,-0.0005175474211667,0.0701625269048055,0.0011831221999391,1.0
10,50,0.6,4.0,4,0.2054524074397327,0.0453268582012621,0.4532685820126216,0.0271961149207572,-0.0021052742869886,-0.000373337673449,0.070624827111795,0.0016585860066365,1.0
10,50,0.6,4.0,5,0.2016469135321486,0.0449051125744217,0.4490511257442171,0.026943067544653,-0.0022188409569357,0.0006155493679649,0.0703189174181824,0.0015254860852743,1.0
10,50,0.6,4.0,6,0.2025235257680694,0.0450026138983136,0.4500261389831366,0.0270015683389882,-0.0021946214678646,0.0002905178595677,0.0700245136429579,0.001507699099138,1.0
10,25,0.7,4.0,1,0.0804044586073877,0.0283556799614094,0.2835567996140944,0.0198489759729866,-3.7629940889022525e-05,0.0001371940880798,0.0157475848077396,0.0002448712700627,0.5
10,25,0.7,4.0,2,0.0805300132146345,0.0283778105594202,0.2837781055942029,0.0198644673915942,-4.627077964784402e-05,0.0002794270778585,0.0155880855768112,0.0002309467178912,0.5
10,25,0.7,4.0,3,0.0806945757968952,0.0284067907016782,0.2840679070167821,0.0198847534911747,2.948222323746325e-05,0.0001636265456599,0.0158427755321215,0.0002449146913013,0.5
10,25,0.7,4.0,4,0.0819812680708384,0.0286323712030349,0.2863237120303493,0.0200426598421244,0.0003114337939797,-9.812364798779208e-05,0.0161240160955494,0.0002641979547818,0.5
10,25,0.7,4.0,5,0.0811517327639818,0.0284871431989909,0.2848714319899099,0.0199410002392936,0.0001640143842422,-0.0002734348181491,0.0163186790425784,0.0002000786376265,0.5
10,25,0.7,4.0,6,0.081465142814849,0.0285420992246276,0.2854209922462765,0.0199794694572393,0.0002419032984635,3.61138305611311e-05,0.0161209826832024,0.0003033159038907,0.5
10,28,0.7,4.0,1,0.0955691293261776,0.0309142571196814,0.3091425711968146,0.021639979983777,-2.6104429847334934e-05,-9.447811739072726e-05,0.019741500091557,0.0003724132857722,0.56
10,28,0.7,4.0,2,0.0964565581295802,0.0310574561304657,0.3105745613046572,0.021740219291326,-1.2046340851535018e-05,5.4843659695201566e-05,0.019991182689462,0.000453512148999,0.56
10,28,0.7,4.0,3,0.0951717176934645,0.0308499137265348,0.3084991372653489,0.0215949396085744,7.110234012608647e-05,9.917655909176476e-05,0.0193432214852349,0.0003153300855085,0.56
10,28,0.7,4.0,4,0.0950994094198877,0.0308381921357085,0.3083819213570857,0.0215867344949959,7.338147713156974e-05,-0.0001587020140236,0.0197237595628144,0.0002987925250841,0.56
10,28,0.7,4.0,5,0.0959573040704146,0.0309769759773956,0.3097697597739563,0.0216838831841769,1.4058427909038816e-05,-0.0001023325457358,0.0197456026805627,0.0003632368183385,0.56
10,28,0.7,4.0,6,0.096079949461695,0.030996765873506,0.3099676587350606,0.0216977361114542,-5.677618941340792e-06,0.000121849743697,0.0197900712354585,0.0003026414892039,0.56
10,33,0.7,4.0,1,0.1162140046767094,0.034090175223473,0.3409017522347302,0.0238631226564311,-0.0001894075180506,0.0006643504778051,0.0302712568105871,0.0005547400554831,0.66
10,33,0.7,4.0,2,0.1181246115432239,0.0343692611999769,0.3436926119997693,0.0240584828399838,-0.0002655899633996,0.0006704334391145,0.0310576292091122,0.000672034859226,0.66
10,33,0.7,4.0,3,0.1174825663717484,0.0342757299516361,0.342757299516361,0.0239930109661452,-0.000436979060623,0.0001749451165258,0.0306686145397662,0.0006686177005014,0.66
10,33,0.7,4.0,4,0.1168860568278324,0.0341886029003573,0.3418860290035737,0.0239320220302501,-0.0004123094102173,7.803296818155301e-05,0.0296892310379765,0.0005849569039151,0.66
10,33,0.7,4.0,5,0.117302784046621,0.034249494017667,0.3424949401766704,0.0239746458123669,-0.00033492713723,0.0005343747995923,0.0307127897547993,0.0006005388923237,0.66
10,33,0.7,4.0,6,0.1173858685248116,0.0342616211707519,0.3426162117075192,0.0239831348195263,-0.0005410348571291,0.0010140274825045,0.0311682713410327,0.0005619017798754,0.66
10,39,0.7,4.0,1,0.1253035682741301,0.0353982440629659,0.353982440629659,0.0247787708440761,-0.0001464529504523,-5.474037432736556e-05,0.030295543372699,0.0004771490502192,0.78
10,39,0.7,4.0,2,0.1256197818433221,0.0354428810684631,0.3544288106846311,0.0248100167479241,-0.000208889070488,0.0004982031172323,0.0306873923796163,0.0006501347908777,0.78
10,39,0.7,4.0,3,0.1277418682973399,0.0357409944317921,0.3574099443179218,0.0250186961022545,3.2209421726536664e-05,-0.0002867703861614,0.0313138696705623,0.0005944668899071,0.78
10,39,0.7,4.0,4,0.1290046602958774,0.0359172187531102,0.3591721875311024,0.0251420531271771,-0.0003733401795402,0.0002593514902203,0.0322213293031641,0.000600837028071,0.78
10,39,0.7,4.0,5,0.1283935205846848,0.0358320416086894,0.358320416086894,0.0250824291260825,-6.653008582957823e-07,0.0003087165400094,0.0323358071324026,0.0007213680716149,0.78
10,39,0.7,4.0,6,0.1278987214903067,0.0357629307370504,0.3576293073705044,0.0250340515159353,-0.0002854625184912,6.714343761548739e-05,0.0318282901743645,0.0007379428730049,0.78
10,44,0.7,4.0,1,0.1455394206456635,0.0381496291784944,0.3814962917849446,0.0267047404249461,-0.0008940758591526,-0.0007155968140665,0.0372887816620143,0.0005433513913877,0.88
10,44,0.7,4.0,2,0.1481320681060848,0.0384879290305525,0.3848792903055253,0.0269415503213867,-0.0007963285460485,-0.0003723989601717,0.0387322612520213,0.000580069248499,0.88
10,44,0.7,4.0,3,0.1471504950368455,0.0383602000824872,0.3836020008248725,0.026852140057741,-0.0007547042013038,-0.0009210817250128,0.0379111270292868,0.0006879989587112,0.88
10,44,0.7,4.0,4,0.1462966336185437,0.038248742936016,0.3824874293601604,0.0267741200552112,-0.000672533559651,-0.0003021825917791,0.0376797345438552,0.0007575152016073,0.88
10,44,0.7,4.0,5,0.1476705940771089,0.0384279317784744,0.3842793177847449,0.0268995522449321,-0.0007772848681654,-0.0004754126538418,0.0380329831842175,0.0008372080139235,0.88
10,44,0.7,4.0,6,0.147888014576121,0.0384562107566672,0.3845621075666725,0.026919347529667,-0.0007338900297909,-0.0006625101044113,0.0393313213600408,0.0007687499949792,0.88
10,50,0.7,4.0,1,0.1853765056564683,0.0430553719826537,0.4305537198265372,0.0301387603878576,-0.0022709501767163,-2.620855009944259e-05,0.0612617691811887,0.0010898029467067,1.0
10,50,0.7,4.0,2,0.1922490069138171,0.0438462092904069,0.4384620929040698,0.0306923465032848,-0.0021045250648576,0.0008773537587251,0.0653348263912882,0.0013104665566496,1.0
10,50,0.7,4.0,3,0.1911967388538592,0.0437260493131793,0.4372604931317935,0.0306082345192255,-0.0021884171802944,-0.0003643137599207,0.0636618100696975,0.0011622588778549,1.0
10,50,0.7,4.0,4,0.1883909056407746,0.043404021200895,0.4340402120089504,0.0303828148406265,-0.0023430938372385,3.204146740703053e-05,0.0626833114825489,0.0011719749281898,1.0
10,50,0.7,4.0,5,0.1849524009925063,0.043006092707023,0.4300609270702307,0.0301042648949161,-0.0021646582183344,-0.0002563721745267,0.061342502085503,0.0011084721206602,1.0
10,50,0.7,4.0,6,0.1895869700291388,0.0435415858724896,0.4354158587248962,0.0304791101107427,-0.0022680199872716,0.0001783841846328,0.0643488611920731,0.0010271865357696,1.0
10,25,0.0,6.0,1,0.1352598309198902,0.0367776876543224,0.3677768765432246,0.0,8.918646791078887e-05,-1.564092348257058e-05,0.0350209481024957,0.0008314779848244,0.5
10,25,0.0,6.0,2,0.131968007437036,0.0363274011507891,0.3632740115078919,0.0,-3.169232191967981e-06,0.000191202946099,0.0334612420944369,0.0007427518456608,0.5
10,25,0.0,6.0,3,0.1340388241602106,0.0366113130275616,0.3661131302756166,0.0,0.000233011344518,-0.0002980880460052,0.0337692715012061,0.0007585011758389,0.5
10,25,0.0,6.0,4,0.1310449193387989,0.0362001269802743,0.3620012698027438,0.0,7.565654535145382e-05,0.0002811700351648,0.0317353426751439,0.0006619409826829,0.5
10,25,0.0,6.0,5,0.1321461128906266,0.0363519068125217,0.3635190681252176,0.0,-4.613381368557894e-05,-0.000198288168862,0.0330304475348734,0.0007717328290548,0.5
10,25,0.0,6.0,6,0.1315004155992284,0.0362629860324861,0.3626298603248613,0.0,-6.044358695444533e-05,-9.592584558284676e-05,0.0332487012613596,0.0008359808303872,0.5
10,28,0.0,6.0,1,0.1540779583811114,0.039252765301455,0.3925276530145506,0.0,0.0002724892136184,-5.160275182198117e-05,0.0472969701156916,0.0009013557186883,0.56
10,28,0.0,6.0,2,0.1551449641142492,0.0393884455283842,0.3938844552838424,0.0,-0.0001524294979031,0.0002707771481717,0.0474481756668635,0.0012508186022963,0.56
10,28,0.0,6.0,3,0.1562136829496079,0.0395238767012559,0.3952387670125591,0.0,0.0001878608442907,-0.0005582958249372,0.0484759039226799,0.0013872933886782,0.56
10,28,0.0,6.0,4,0.1546689452528825,0.0393279729013437,0.3932797290134371,0.0,5.482469274286687e-05,0.0005061876923378,0.047182345728321,0.0011069602869906,0.56
10,28,0.0,6.0,5,0.1546839405523181,0.0393298792970838,0.393298792970838,0.0,-7.289306565251598e-06,-0.0004878987621178,0.0481704574778815,0.0011160536796829,0.56
10,28,0.0,6.0,6,0.1536697490773169,0.0392007332938195,0.3920073329381951,0.0,-0.0002239431038218,-3.496961226610716e-05,0.0475017109978966,0.0013693759876836,0.56
10,33,0.0,6.0,1,0.1997961772804413,0.0446985656683121,0.4469856566831214,0.0,0.0003925537394595,1.9729799749630263e-05,0.0777909583083902,0.0025142178430682,0.66
10,33,0.0,6.0,2,0.1919571070337355,0.0438129098592795,0.4381290985927955,0.0,0.0004583967684606,-0.0007601256348286,0.0722386697093549,0.0022274421753762,0.66
10,33,0.0,6.0,3,0.187205475046724,0.0432672480112525,0.4326724801125258,0.0,0.0010056913973768,-0.0007458142984586,0.0690979876826565,0.0021227444284785,0.66
10,33,0.0,6.0,4,0.198115407859058,0.0445101570272514,0.4451015702725143,0.0,0.0011539104254826,0.0003160308264207,0.0737394696691341,0.0028706051870564,0.66
10,33,0.0,6.0,5,0.2102766709449322,0.0458559342882611,0.4585593428826113,0.0,0.001038182635277,-0.001033226264291,0.0813799823470964,0.0026021962371735,0.66
10,33,0.0,6.0,6,0.1922670239742927,0.0438482638167456,0.4384826381674567,0.0,0.0004880319568449,-0.0001845285340648,0.0705315416510768,0.0022823484901421,0.66
10,39,0.0,6.0,1,0.2687229638706478,0.0518384957218713,0.5183849572187139,0.0,-0.0003352348556232,-0.0012763660830051,0.1219177807340787,0.0060710423201403,0.78
10,39,0.0,6.0,2,0.2936364162968785,0.0541882290074955,0.5418822900749558,0.0,0.000219682767194,-0.0004465740231995,0.1380332133989875,0.0110739911319402,0.78
10,39,0.0,6.0,3,0.2690637523367046,0.0518713555188896,0.5187135551888967,0.0,0.0005875956632502,-0.000397163022772,0.1235739812354795,0.0057868682505733,0.78
10,39,0.0,6.0,4,0.2789148702379947,0.0528123915608822,0.5281239156088225,0.0,-0.0007528573913588,0.0004535378458843,0.1258679213207469,0.0059771386083393,0.78
10,39,0.0,6.0,5,0.2847361160236418,0.0533606705377323,0.5336067053773236,0.0,0.0013751765934695,-0.0016424919238436,0.1291433373749319,0.0064902451254644,0.78
10,39,0.0,6.0,6,0.2685533993032359,0.0518221380592537,0.5182213805925379,0.0,-0.0005929990355521,-0.0008844530807264,0.1210013973456838,0.0050390353557055,0.78
10,44,0.0,6.0,1,0.3684189458245541,0.0606975243172696,0.6069752431726966,0.0,-0.0003557110033616,-0.0026240166894053,0.1895969785418141,0.0136625749013333,0.88
10,44,0.0,6.0,2,0.3969897338339675,0.0630071213303676,0.6300712133036769,0.0,0.0001124298064187,0.0001954035271737,0.2146052940530537,0.0127028216961216,0.88
10,44,0.0,6.0,3,0.4701961207460607,0.0685708480876575,0.6857084808765754,0.0,-0.0005825970429355,-0.0016005549841488,0.2464354553949179,0.0191538849479097,0.88
10,44,0.0,6.0,4,0.3832607295781033,0.0619080551768591,0.6190805517685912,0.0,0.0007896948240014,-0.0008206503494274,0.19511797261035,0.0145661311525523,0.88
10,44,0.0,6.0,5,0.4365136430527235,0.0660691791270879,0.6606917912708796,0.0,0.00066434130339,-0.0008786203229272,0.2426081849368168,0.0226788617505728,0.88
10,44,0.0,6.0,6,0.4066847630972576,0.0637718404232822,0.6377184042328226,0.0,-0.0002227757291418,-0.0019607342612463,0.2138575323714479,0.0152255196824853,0.88
10,50,0.0,6.0,1,0.5774802058071276,0.0759921183944182,0.7599211839441822,0.0,0.0008447823045385,-0.0060765587601112,0.3230793473303482,0.0321741856049384,1.0
10,50,0.0,6.0,2,0.3850145438758751,0.0620495401978028,0.6204954019780284,0.0,-0.0004641916206757,-0.0015720174645466,0.199995162108903,0.0213497514973654,1.0
10,50,0.0,6.0,3,0.5040876761235682,0.0709991321160736,0.7099913211607366,0.0,0.0017812720279143,-0.0032515319209398,0.2620039936741261,0.0267976328118175,1.0
10,50,0.0,6.0,4,0.4075669376302896,0.0638409694185708,0.6384096941857084,0.0,0.0009137918780713,-0.0049729025470944,0.2123791756844079,0.0220600144651883,1.0
10,50,0.0,6.0,5,0.4662079124430618,0.0682794194793029,0.6827941947930297,0.0,0.0010874480009797,-0.0047863446208346,0.2375307743131113,0.022354683382326,1.0
10,50,0.0,6.0,6,0.4680111015417935,0.0684113368924912,0.6841133689249126,0.0,0.0024447515154491,-0.0063386575848534,0.2646364237931499,0.0300844893960754,1.0
10,25,0.1,6.0,1,0.129861073400991,0.0360362419518172,0.3603624195181721,0.0036036241951817,-5.213247335734705e-05,-0.0004190492727569,0.0328943071355986,0.0006404034546789,0.5
10,25,0.1,6.0,2,0.1309598443426907,0.0361883744236585,0.3618837442365859,0.0036188374423658,-0.0001643818857903,0.0001416842753102,0.0330725731793028,0.000669688782552,0.5
10,25,0.1,6.0,3,0.1324102009765888,0.0363882125112774,0.3638821251127744,0.0036388212511277,1.1725706433656918e-05,-0.0001417888133843,0.0329413914573295,0.0006595231581727,0.5
10,25,0.1,6.0,4,0.1312994483556983,0.0362352657442578,0.3623526574425781,0.0036235265744257,-0.0001116009953997,4.959462630794428e-05,0.0327347604550943,0.0006775340423767,0.5
10,25,0.1,6.0,5,0.1312327394587887,0.0362260596061438,0.3622605960614385,0.0036226059606143,6.820456883308476e-05,0.0005110585937807,0.0325940299598992,0.0005842295044682,0.5
10,25,0.1,6.0,6,0.1313298441704249,0.0362394597325104,0.3623945973251049,0.003623945973251,-0.0003659027246705,0.0001132680732548,0.032700753688853,0.0007891053583843,0.5
10,28,0.1,6.0,1,0.1527205029697305,0.0390794706936686,0.3907947069366863,0.0039079470693668,-0.0001291066067296,-0.0025895290262913,0.0471955969439684,0.0012555044689984,0.56
10,28,0.1,6.0,2,0.1564913119842829,0.0395589827958559,0.3955898279585598,0.0039558982795855,0.0001407295143494,-0.0013967230169872,0.0489822779905512,0.0011426227067414,0.56
10,28,0.1,6.0,3,0.1544074554514991,0.0392947140785499,0.3929471407854995,0.0039294714078549,0.0003203579687775,-0.0017896443178248,0.0473977198434602,0.0010645981033609,0.56
10,28,0.1,6.0,4,0.1558514040546114,0.0394780197140904,0.3947801971409045,0.003947801971409,7.298250172374229e-05,-0.0013177822279281,0.0472910089185566,0.0011852788002765,0.56
10,28,0.1,6.0,5,0.1609060097732041,0.0401130913509796,0.4011309135097968,0.0040113091350979,0.0002734339692947,-0.0018903877610559,0.0514063731438242,0.0012184649598249,0.56
10,28,0.1,6.0,6,0.1555370857015195,0.0394381903364644,0.3943819033646442,0.0039438190336464,-2.9089102013737968e-05,-0.0016040431854841,0.0487862976240246,0.0012959189243255,0.56
10,33,0.1,6.0,1,0.1953616171670347,0.0441997304479376,0.4419973044793766,0.0044199730447937,-0.0005904212483441,0.0027545634233548,0.0732130941724594,0.0028215001298565,0.66
10,33,0.1,6.0,2,0.2038213741071598,0.0451465806132823,0.4514658061328231,0.0045146580613282,-0.0001046019360026,0.0035702706921817,0.0769873630373012,0.0026256540302637,0.66
10,33,0.1,6.0,3,0.1966327979099951,0.0443432968902849,0.4434329689028491,0.0044343296890284,3.570531482129657e-05,0.0029749408166747,0.0734625946871739,0.002526296168897,0.66
10,33,0.1,6.0,4,0.1967200726912477,0.0443531366073751,0.443531366073751,0.0044353136607375,0.0002126871680641,0.0024151552326679,0.0749436437085097,0.003894263149077,0.66
10,33,0.1,6.0,5,0.1982458194642082,0.044524804262816,0.4452480426281605,0.0044524804262816,-0.0007496287762811,0.0027856268042142,0.0756671262670218,0.0025699611077471,0.66
10,33,0.1,6.0,6,0.1984316825411536,0.0445456712309011,0.4454567123090118,0.0044545671230901,-0.0003940230302782,0.0031921708942261,0.0765382591128286,0.0021940888643648,0.66
10,39,0.1,6.0,1,0.2606316298170629,0.0510520939646027,0.5105209396460275,0.0051052093964602,0.0002155507998141,-0.0001673970676067,0.1155913972139845,0.0050797161874642,0.78
10,39,0.1,6.0,2,0.2704239456023738,0.0520023024107946,0.5200230241079464,0.0052002302410794,0.0003507479878614,0.0016783094744804,0.1196578920823475,0.0052654439112411,0.78
10,39,0.1,6.0,3,0.2756459317102415,0.052501993458367,0.5250199345836704,0.0052501993458367,-0.0001166448726972,0.0008074314816987,0.1227548975300217,0.0059942685658048,0.78
10,39,0.1,6.0,4,0.2435093193306964,0.0493466634465488,0.4934666344654889,0.0049346663446548,0.0007228260756672,-0.0002188222951064,0.105463965200174,0.0059735903883038,0.78
10,39,0.1,6.0,5,0.2983533424047116,0.0546217303282046,0.5462173032820469,0.0054621730328204,-0.0002103994137112,-0.000837014677933,0.1367671599104517,0.0157982080487371,0.78
10,39,0.1,6.0,6,0.2506993540120398,0.0500698865598914,0.5006988655989145,0.0050069886559891,-0.0005014443208954,0.0006812855133765,0.1107204675624625,0.0047793491094838,0.78
10,44,0.1,6.0,1,0.4156151531468802,0.064468221097443,0.6446822109744306,0.0064468221097443,-0.0015293409773451,0.0012714388136454,0.2062924759454679,0.0117652531348663,0.88
10,44,0.1,6.0,2,0.4190723594012054,0.0647357983963436,0.6473579839634369,0.0064735798396343,0.0001701131357439,0.002191276939834,0.2069352051580947,0.0160995050853864,0.88
10,44,0.1,6.0,3,0.3401741510823285,0.0583244503688057,0.5832445036880575,0.0058324450368805,-0.0006867362144486,0.0005132093823994,0.1597378713342337,0.0116592676066002,0.88
10,44,0.1,6.0,4,0.3390901609645614,0.0582314486308353,0.5823144863083534,0.0058231448630835,-0.000450176812795,-0.0008511357290205,0.1636974339544161,0.0105410182404983,0.88
10,44,0.1,6.0,5,0.3985503269729709,0.0631308424601613,0.6313084246016134,0.0063130842460161,0.0009687027441665,0.002659432278178,0.2080442373740345,0.0240950715246381,0.88
10,44,0.1,6.0,6,0.3461871512245518,0.0588376708601344,0.5883767086013448,0.0058837670860134,-0.0009814793653884,-0.0025129333541803,0.1730050715887818,0.0121165790776231,0.88
10,50,0.1,6.0,1,0.4904467341816824,0.0700319023147081,0.7003190231470814,0.0070031902314708,-0.0001111929970224,0.0006627847877724,0.2728967720385707,0.0310660387230474,1.0
10,50,0.1,6.0,2,0.4422025901402724,0.0664983150267939,0.6649831502679391,0.0066498315026793,-0.0006603222586537,0.0026223505087878,0.2338772837559881,0.0269751838952311,1.0
10,50,0.1,6.0,3,0.5639435271768961,0.0750961734828676,0.7509617348286769,0.0075096173482867,-0.0007434481663152,-0.0013206912086247,0.3117089031438501,0.0272155501134612,1.0
10,50,0.1,6.0,4,0.4388036655458504,0.0662422573245998,0.6624225732459986,0.0066242257324599,0.0006486333554635,0.0009715322994304,0.2227363843213066,0.0272905003361377,1.0
10,50,0.1,6.0,5,0.6458467477088259,0.0803645909408382,0.8036459094083823,0.0080364590940838,6.313492397800706e-05,-0.0002556144695325,0.3652622809384562,0.0327212303194777,1.0
10,50,0.1,6.0,6,0.509201651510309,0.0713583668191971,0.713583668191971,0.0071358366819197,-1.9814788323040263e-05,-0.0035731989105516,0.2802292530136316,0.0276730195102752,1.0
10,25,0.2,6.0,1,0.1303201601658173,0.0360998836792886,0.3609988367928867,0.0072199767358577,0.0003037250526602,-0.0001323821637304,0.0329682566409441,0.0007221112254359,0.5
10,25,0.2,6.0,2,0.1288569458823622,0.0358966496880088,0.3589664968800881,0.0071793299376017,-5.712331387416848e-05,-0.0001834399877362,0.0324756723063428,0.0005351347665369,0.5
10,25,0.2,6.0,3,0.1315964350165732,0.03627622293136,0.3627622293136005,0.007255244586272,2.366781287266546e-05,0.0002758747365592,0.0328276240433557,0.000716739367718,0.5
10,25,0.2,6.0,4,0.1294490227707173,0.0359790248298529,0.3597902482985293,0.0071958049659705,-8.955660074220876e-07,0.0002475204685057,0.0326160794801059,0.0008851704930793,0.5
10,25,0.2,6.0,5,0.1325406172738994,0.0364061282305464,0.3640612823054649,0.0072812256461092,0.0002138437438443,-0.0001017024864451,0.0345319862126063,0.0020579120890706,0.5
10,25,0.2,6.0,6,0.1317375354267165,0.0362956657779846,0.3629566577798464,0.0072591331555969,3.5860999654389444e-05,0.0002507241877281,0.0340230129398075,0.0008697891304555,0.5
10,28,0.2,6.0,1,0.1476081113816076,0.0384198010642438,0.3841980106424389,0.0076839602128487,9.93878703887651e-05,0.0004469743118964,0.0436322081545734,0.0010929006925579,0.56
10,28,0.2,6.0,2,0.1507293326450844,0.0388238757268107,0.3882387572681074,0.0077647751453621,-1.1273132029576867e-05,0.0006497437012905,0.0438034221453145,0.0013368940796671,0.56
10,28,0.2,6.0,3,0.1498978879989806,0.0387166486151604,0.3871664861516046,0.007743329723032,8.840347893397597e-05,0.0009133581578956,0.0440403755735798,0.0010433276891399,0.56
10,28,0.2,6.0,4,0.1493932364931803,0.0386514212537107,0.3865142125371075,0.0077302842507421,0.000178865831386,0.0009127264291844,0.0419120181107994,0.0010755861421695,0.56
10,28,0.2,6.0,5,0.151143546456664,0.0388771843703558,0.3887718437035584,0.0077754368740711,0.0004732640792935,0.0014885547402436,0.0442739835712572,0.0013646978870476,0.56
10,28,0.2,6.0,6,0.1486641276419854,0.0385569873877596,0.3855698738775961,0.0077113974775519,-7.666972539534547e-05,0.0002488600375875,0.042063279883527,0.0012535113267306,0.56
10,33,0.2,6.0,1,0.1866258595997023,0.0432002152309108,0.4320021523091086,0.0086400430461821,0.0001512398207709,0.0006531695921532,0.0649658248083646,0.0022332003411695,0.66
10,33,0.2,6.0,2,0.1913157784982507,0.0437396591777131,0.4373965917771316,0.0087479318355426,-6.193429311874093e-05,0.0005975561119801,0.0674338490915489,0.0029668530577479,0.66
10,33,0.2,6.0,3,0.1800572624395286,0.0424331547777829,0.4243315477778298,0.0084866309555565,-0.0002019935058107,-0.0005709393737086,0.059442714482175,0.0020396662279458,0.66
10,33,0.2,6.0,4,0.1900866396918036,0.0435989265569467,0.4359892655694674,0.0087197853113893,-0.0002015633712213,-0.0007379761272731,0.067754710876804,0.0033570820237125,0.66
10,33,0.2,6.0,5,0.1797828272749698,0.0424008050955367,0.4240080509553678,0.0084801610191073,-3.430903533183406e-05,-0.0003448199315377,0.0608536759858403,0.0017459201206974,0.66
10,33,0.2,6.0,6,0.1744582726142652,0.0417682023331463,0.4176820233314635,0.0083536404666292,0.0003410711375791,-3.052463892263442e-05,0.0587111010833035,0.0019577596478025,0.66
10,39,0.2,6.0,1,0.2672483165628675,0.0516960652818826,0.5169606528188267,0.0103392130563765,-0.0010092654106479,0.0008727678886558,0.1213298057940097,0.0071212950724153,0.78
10,39,0.2,6.0,2,0.3059153155028992,0.055309611777963,0.5530961177796307,0.0110619223555926,-0.0013247422548,0.0001633696658052,0.1495700265740948,0.0097489419335388,0.78
10,39,0.2,6.0,3,0.2642121621104836,0.0514015721656919,0.5140157216569193,0.0102803144331383,-0.0002750748720161,-8.811781876580369e-05,0.1163810351466896,0.0058160246618181,0.78
10,39,0.2,6.0,4,0.2641622992830923,0.0513967216155945,0.5139672161559454,0.0102793443231189,-0.0004740757925727,-0.0015171643178857,0.1215003439773187,0.0079506712877083,0.78
10,39,0.2,6.0,5,0.2556628498287273,0.0505631140090013,0.505631140090014,0.0101126228018002,-0.0015099888036352,-0.0001852794868211,0.112722863644679,0.0043213416956076,0.78
10,39,0.2,6.0,6,0.2700178970450674,0.0519632463424935,0.519632463424936,0.0103926492684987,-0.0009247997358253,-0.0036664294432749,0.1234597772267998,0.0069573492970878,0.78
10,44,0.2,6.0,1,0.3538871508175913,0.0594884149072398,0.5948841490723983,0.0118976829814479,0.0005658021364628,9.08779851632277e-05,0.179807753496286,0.0116321384937535,0.88
10,44,0.2,6.0,2,0.3640565190746579,0.0603370963068871,0.603370963068872,0.0120674192613774,0.0005838926459875,0.0008793192182625,0.1807959742016959,0.0105415070742786,0.88
10,44,0.2,6.0,3,0.3124263886451149,0.0558951150499858,0.558951150499858,0.0111790230099971,0.0007925552567005,0.0009233412318597,0.1523797216520913,0.0107290620321757,0.88
10,44,0.2,6.0,4,0.3280382112588405,0.057274620143554,0.5727462014355403,0.0114549240287108,0.001802694137544,0.0016033411249057,0.1524823878534129,0.010224889674786,0.88
10,44,0.2,6.0,5,0.334188670644259,0.0578090538449003,0.5780905384490037,0.01156181076898,-0.0005931052934132,0.0006276731188928,0.1662477600329486,0.0111542516126646,0.88
10,44,0.2,6.0,6,0.3314469021188541,0.0575714253878479,0.5757142538784793,0.0115142850775695,0.0003094585354506,0.000470943528838,0.1629253361584361,0.0097054528179861,0.88
10,50,0.2,6.0,1,0.3295599166142546,0.0574073093442163,0.5740730934421632,0.0114814618688432,0.0005511244726123,-0.000524365012465,0.1614725899933995,0.0108551331698698,1.0
10,50,0.2,6.0,2,0.4246859606413847,0.0651679338817324,0.6516793388173241,0.0130335867763464,-0.0003329200269619,-0.0029260164506647,0.2052867342470608,0.017748864474323,1.0
10,50,0.2,6.0,3,0.5133016626265482,0.0716450739846465,0.7164507398464658,0.0143290147969293,0.0010238676358572,-7.667444848848737e-05,0.2767351757791506,0.0575357828734349,1.0
10,50,0.2,6.0,4,0.3587968549469477,0.0598996540012501,0.598996540012501,0.01197993080025,0.0001289572446341,-0.0008050023817298,0.1699073745485182,0.0117552365794948,1.0
10,50,0.2,6.0,5,0.3453328266520274,0.0587650258786659,0.5876502587866591,0.0117530051757331,7.744640519221316e-05,-0.0007723280123995,0.1635631377996984,0.0122535569512283,1.0
10,50,0.2,6.0,6,0.377238489110932,0.0614197434959583,0.6141974349595837,0.0122839486991916,0.0003274844266046,0.0004889387727871,0.1868633540074649,0.0119715968099618,1.0
10,25,0.3,6.0,1,0.1258762012033396,0.0354790362331531,0.3547903623315318,0.0106437108699459,0.000209507034494,9.018668643420706e-05,0.0321672956966851,0.00063307693932,0.5
10,25,0.3,6.0,2,0.1290085417546853,0.0359177590830337,0.3591775908303375,0.0107753277249101,-0.0001283987605037,0.0001625357444146,0.0330420103987044,0.0007420653452328,0.5
10,25,0.3,6.0,3,0.1282532406098998,0.0358124616034558,0.3581246160345582,0.0107437384810367,0.0002704573731937,-0.0002424812636185,0.0323744578158625,0.0006831578172413,0.5
10,25,0.3,6.0,4,0.1296177922598367,0.0360024710623919,0.3600247106239192,0.0108007413187175,0.0001025536121328,0.0003192644975396,0.033211210465714,0.0012422043291238,0.5
10,25,0.3,6.0,5,0.1263917746556501,0.0355516208710165,0.3555162087101658,0.0106654862613049,0.0001888077934292,0.0001332620570849,0.0320592280306819,0.0008447826160936,0.5
10,25,0.3,6.0,6,0.125977473747427,0.0354933055303992,0.3549330553039926,0.0106479916591197,0.000345453726513,0.0003187065928214,0.0326819702997148,0.0007899133628107,0.5
10,28,0.3,6.0,1,0.139197646963846,0.0373092008710781,0.3730920087107817,0.0111927602613234,-0.0010241724669712,0.0005164640480192,0.039589635172722,0.0009494465516183,0.56
10,28,0.3,6.0,2,0.1443108219082892,0.0379882642283494,0.3798826422834943,0.0113964792685048,-0.0010951095120721,0.0001610585316102,0.0416132164766871,0.0012692092476468,0.56
10,28,0.3,6.0,3,0.1430729737412939,0.0378249882671883,0.3782498826718839,0.0113474964801565,-0.0011619648296061,-0.0002013020558356,0.0407040233377672,0.0010949949747162,0.56
10,28,0.3,6.0,4,0.1442783882399908,0.0379839950821383,0.3798399508213832,0.0113951985246414,-0.0012371557828545,-2.9681828828047457e-05,0.0405946121753507,0.0014032108142409,0.56
10,28,0.3,6.0,5,0.1429541423672546,0.0378092769525224,0.3780927695252246,0.0113427830857567,-0.0010554307446234,7.988008523063506e-05,0.0407558629784066,0.0013997017755286,0.56
10,28,0.3,6.0,6,0.1392813193590203,0.0373204125592175,0.3732041255921755,0.0111961237677652,-0.0012730539145348,-0.0002522841307262,0.0386530036825815,0.0012102997623192,0.56
10,33,0.3,6.0,1,0.1836583422674066,0.0428553779900967,0.4285537799009672,0.012856613397029,-0.0008574786759751,-0.0012399995781184,0.0606852654298063,0.0022838182636802,0.66
10,33,0.3,6.0,2,0.1765757311991218,0.0420209151731755,0.4202091517317559,0.0126062745519526,-0.0003141670956379,0.000318357635081,0.0594532587458682,0.0022858434505798,0.66
10,33,0.3,6.0,3,0.1728712259783789,0.0415777856527231,0.4157778565272313,0.0124733356958169,-0.0008169852425912,-0.00105226126482,0.0568450077718093,0.0018687638872155,0.66
10,33,0.3,6.0,4,0.1850347596203003,0.0430156668692117,0.4301566686921177,0.0129047000607635,-0.0005727856519082,-0.0005186923639568,0.061184152128936,0.0048188320353238,0.66
10,33,0.3,6.0,5,0.1694248286756268,0.041161247390674,0.4116124739067401,0.0123483742172022,-0.0004040262146695,-0.0012897290928382,0.05454595628068,0.0016445124502944,0.66
10,33,0.3,6.0,6,0.1701658416340191,0.0412511626059216,0.4125116260592167,0.0123753487817765,-0.0004855652053738,2.012029340995973e-05,0.0571615252367339,0.0020718162789548,0.66
10,39,0.3,6.0,1,0.2237538629680811,0.047302628147713,0.4730262814771301,0.0141907884443139,-9.190671853888392e-05,0.0001869064490466,0.087949119710653,0.0028837835926146,0.78
10,39,0.3,6.0,2,0.2284608818065632,0.0477975817177567,0.4779758171775672,0.014339274515327,-0.0006785524499254,-0.0005174918288648,0.0923158987059365,0.0039770448790646,0.78
10,39,0.3,6.0,3,0.2350962649367169,0.0484867265276505,0.4848672652765052,0.0145460179582951,0.0005840480433808,0.0003970874837403,0.0963316080983384,0.0058237838627221,0.78
10,39,0.3,6.0,4,0.2403717114124657,0.0490277178147694,0.490277178147694,0.0147083153444308,0.0009741360463119,9.647510393402193e-05,0.098177463000989,0.0072057060006199,0.78
10,39,0.3,6.0,5,0.2163592428779216,0.0465144324783095,0.4651443247830952,0.0139543297434928,-0.0001943437918686,1.378752151661687e-05,0.0839338845523874,0.0038310285192998,0.78
10,39,0.3,6.0,6,0.2260961419631174,0.0475495680278083,0.4754956802780835,0.0142648704083425,6.694804724958369e-05,-0.001250374995192,0.0910145157450085,0.0043440832946235,0.78
10,44,0.3,6.0,1,0.3318792021407387,0.0576089578226111,0.5760895782261113,0.0172826873467833,-0.00082241632678,0.0020708105554583,0.1661390023832579,0.0123690809248243,0.88
10,44,0.3,6.0,2,0.3268816101171851,0.0571735612077107,0.5717356120771078,0.0171520683623132,-0.0004003661330343,0.00355588497131,0.1656551759005713,0.0110100143758671,0.88
10,44,0.3,6.0,3,0.4096522801463185,0.0640040842561096,0.6400408425610966,0.0192012252768329,-0.0002368617162195,0.0046846444056245,0.2155265326988321,0.017447952359598,0.88
10,44,0.3,6.0,4,0.3485318048908212,0.0590365822935932,0.5903658229359329,0.0177109746880779,-0.0004358831188808,-0.000881090956361,0.1759953325383816,0.0136648155264781,0.88
10,44,0.3,6.0,5,0.3773059313847107,0.061425233527005,0.6142523352700506,0.0184275700581015,-0.0003702658481895,0.0029770878587943,0.1945786619902778,0.0109494926581301,0.88
10,44,0.3,6.0,6,0.3121503882516057,0.0558704204612427,0.5587042046124279,0.0167611261383728,-0.0001135744838033,0.0035135472927735,0.1478625801809156,0.008356493037419,0.88
10,50,0.3,6.0,1,0.3941310071834002,0.062779854028454,0.6277985402845409,0.0188339562085362,-0.0010514628416912,-0.0012952057624897,0.2030592222263942,0.0185734320952124,1.0
10,50,0.3,6.0,2,0.3408281965412265,0.0583804930213189,0.583804930213189,0.0175141479063956,-0.0012158181862505,0.0005534975436898,0.1640975177076371,0.0090143014577244,1.0
10,50,0.3,6.0,3,0.3249340376928418,0.0570029856843342,0.5700298568433427,0.0171008957053002,0.0008362450287275,-0.0006065620602847,0.1493028635296757,0.0111475883283196,1.0
10,50,0.3,6.0,4,0.3989219214442835,0.0631602661049083,0.6316026610490836,0.0189480798314725,0.000155608885765,-0.0010077399574776,0.1918182104077723,0.0223538136977632,1.0
10,50,0.3,6.0,5,0.3927182661835701,0.0626672375475072,0.6266723754750724,0.0188001712642521,0.0003860254589544,-0.0018856897560301,0.1938810389230874,0.0133694423079488,1.0
10,50,0.3,6.0,6,0.3803626438903811,0.0616735473189584,0.6167354731895848,0.0185020641956875,-0.0007773261181658,-0.0032180709883857,0.1910088357578246,0.0111437103660952,1.0
10,25,0.4,6.0,1,0.1151096495224227,0.0339278130038502,0.3392781300385021,0.01357112520154,-3.333052190457847e-05,-0.0001879194113827,0.0281366513531288,0.0007359607835072,0.5
10,25,0.4,6.0,2,0.114588343475465,0.033850900058265,0.3385090005826507,0.013540360023306,-0.000343863116352,0.0001792754293261,0.0273899248373181,0.0006640937467137,0.5
10,25,0.4,6.0,3,0.1158731052180506,0.0340401388390309,0.3404013883903099,0.0136160555356123,0.0001520485724062,0.0003891344561701,0.0273171265854468,0.0006292381096342,0.5
10,25,0.4,6.0,4,0.1157042970814194,0.034015334348117,0.3401533434811709,0.0136061337392468,-6.239487584972346e-05,-0.0001553715470526,0.0266514951721292,0.0006883915263845,0.5
10,25,0.4,6.0,5,0.1120084926603478,0.033467669871138,0.33467669871138,0.0133870679484552,-7.874057696377664e-05,-0.0005168630765805,0.0261880220131812,0.0005554948366114,0.5
10,25,0.4,6.0,6,0.1167988128612762,0.0341758413007311,0.3417584130073117,0.0136703365202924,-0.0001459432902971,0.0004514604813651,0.0280211748281477,0.0013065720593768,0.5
10,28,0.4,6.0,1,0.1321218740916507,0.0363485727493736,0.3634857274937363,0.0145394290997494,7.396727341840245e-05,-0.0024219529026362,0.0353913352993733,0.0012114013423743,0.56
10,28,0.4,6.0,2,0.1329703789730542,0.0364651037257614,0.3646510372576146,0.0145860414903045,0.0001163395671093,-0.002468397314503,0.0357096918858501,0.0007985158116371,0.56
10,28,0.4,6.0,3,0.1329351674742633,0.0364602752971317,0.3646027529713171,0.0145841101188526,1.032363901348029e-05,-0.0024444692812681,0.0353249558040912,0.0010055594347365,0.56
10,28,0.4,6.0,4,0.1301448325421109,0.0360755918235738,0.3607559182357386,0.0144302367294295,1.276636400494687e-05,-0.0023753768679021,0.0346636235600601,0.000899937247912,0.56
10,28,0.4,6.0,5,0.1353289742069486,0.0367870866211159,0.3678708662111593,0.0147148346484463,0.0001482407480394,-0.0029817646380223,0.035353022418101,0.0015958207866034,0.56
10,28,0.4,6.0,6,0.135060773422585,0.0367506154264911,0.3675061542649115,0.0147002461705964,-0.0001154681446885,-0.0031009088683178,0.0367614875465647,0.001342913043177,0.56
10,33,0.4,6.0,1,0.1720020643179292,0.0414731315815347,0.4147313158153471,0.0165892526326138,0.0011685008677827,-0.0002678419026598,0.0571814088786463,0.0017906123048627,0.66
10,33,0.4,6.0,2,0.1655700245865389,0.0406902967040717,0.4069029670407171,0.0162761186816286,0.0013010662841342,0.0013677822019569,0.0566898065336527,0.0036320996423376,0.66
10,33,0.4,6.0,3,0.1774638762567163,0.0421264615481429,0.421264615481429,0.0168505846192571,0.0010912417269248,0.0008285385216641,0.0617610689670331,0.0034060230897691,0.66
10,33,0.4,6.0,4,0.1616575746925331,0.0402066629667936,0.402066629667936,0.0160826651867174,0.0009378518405858,0.0004207383583199,0.0536129213118247,0.0013772405203971,0.66
10,33,0.4,6.0,5,0.1672550103261043,0.0408968226548352,0.4089682265483521,0.016358729061934,0.0012606296534987,0.0012075049626294,0.0558672335768244,0.0016454178397623,0.66
10,33,0.4,6.0,6,0.1670855879227218,0.0408761040123348,0.4087610401233486,0.0163504416049339,0.0007214319393396,0.0011126400904221,0.0561769850782905,0.0017672314839111,0.66
10,39,0.4,6.0,1,0.1917738156094222,0.0437919873503615,0.437919873503615,0.0175167949401446,0.0003382748682938,-0.0009667650169295,0.0663456098683072,0.0030523341585231,0.78
10,39,0.4,6.0,2,0.1999919415266604,0.044720458576211,0.4472045857621101,0.0178881834304844,-0.0001686446841081,0.0008397795987822,0.0692093300758092,0.0036397746656067,0.78
10,39,0.4,6.0,3,0.1885047897102047,0.0434171382878011,0.4341713828780114,0.0173668553151204,-0.000636216652537,-0.0004465252068194,0.0649148731068496,0.0032226653886552,0.78
10,39,0.4,6.0,4,0.1950771695367973,0.0441675411967654,0.4416754119676545,0.0176670164787061,0.0002305584049728,-0.0010437764696743,0.0670921027038385,0.0031808183847593,0.78
10,39,0.4,6.0,5,0.1810546817520045,0.0425505207667314,0.4255052076673146,0.0170202083066925,0.0001404016862257,-0.0005777061325079,0.0633017940319669,0.0032818599552502,0.78
10,39,0.4,6.0,6,0.1804062014568644,0.0424742511949138,0.424742511949139,0.0169897004779655,-0.0004032866388994,0.000559081480756,0.0588496011603948,0.0031088096813872,0.78
10,44,0.4,6.0,1,0.2677030874921747,0.0517400316478618,0.5174003164786186,0.0206960126591447,0.0007819550995052,0.0026933782367889,0.1149878558204982,0.0096577749947848,0.88
10,44,0.4,6.0,2,0.2482234330322602,0.0498220265577646,0.4982202655776461,0.0199288106231058,0.0005582495447979,0.001775014985211,0.1033526400680557,0.0063817177702018,0.88
10,44,0.4,6.0,3,0.2719772008292082,0.0521514334250946,0.5215143342509467,0.0208605733700378,0.0008495976396539,0.001600506245736,0.1139829985531453,0.0071233190977619,0.88
10,44,0.4,6.0,4,0.2787815115995596,0.052799764355493,0.5279976435549307,0.0211199057421972,0.0002904596049716,0.0004410017665181,0.1235065870816951,0.0111468532149202,0.88
10,44,0.4,6.0,5,0.2644271655339359,0.0514224820029076,0.5142248200290763,0.020568992801163,-0.0010090118967586,0.0022063793579749,0.1160464673853694,0.009895561113328,0.88
10,44,0.4,6.0,6,0.2341883136221889,0.048393007100426,0.4839300710042608,0.0193572028401704,0.0005283877913878,0.0003462991308679,0.0925982441463918,0.0045506913925738,0.88
10,50,0.4,6.0,1,0.320288275211897,0.056594016928638,0.5659401692863805,0.0226376067714552,0.002427405497154,0.0004537185973478,0.145950844201999,0.0091217465163645,1.0
10,50,0.4,6.0,2,0.3289281638147947,0.0573522592244451,0.5735225922444509,0.022940903689778,0.0023739008037155,0.0016666076935922,0.1470347444923418,0.0113112902491517,1.0
10,50,0.4,6.0,3,0.2643067337301341,0.051410770635163,0.5141077063516303,0.0205643082540652,0.0015730702664313,0.0015312952360909,0.1112372072404477,0.0054863884306654,1.0
10,50,0.4,6.0,4,0.286059989695045,0.0534845762528829,0.5348457625288294,0.0213938305011531,0.0027463962901086,0.0003043440149406,0.1212591769039634,0.0071168783635115,1.0
10,50,0.4,6.0,5,0.3219576682923211,0.0567413137222184,0.5674131372221841,0.0226965254888873,0.0032306211979881,0.0001169039140152,0.1484989232115146,0.0147892864068951,1.0
10,50,0.4,6.0,6,0.2814291954185699,0.0530499006048616,0.5304990060486163,0.0212199602419446,0.0033667314502054,0.0001681207877085,0.1215393984202353,0.0055345848415423,1.0
10,25,0.5,6.0,1,0.1104472974953228,0.0332336121261777,0.3323361212617774,0.0166168060630888,8.908064394001907e-05,0.0004394206237243,0.0269332471173254,0.0007595242014794,0.5
10,25,0.5,6.0,2,0.1113862561748818,0.0333745795741132,0.3337457957411326,0.0166872897870566,-1.702004697841604e-05,0.0002072469132721,0.0269580526769536,0.0007954880535176,0.5
10,25,0.5,6.0,3,0.1120080201060867,0.0334675992724435,0.3346759927244359,0.0167337996362217,2.7804304289684445e-06,-0.0003152817047039,0.0272645788829412,0.0006115548085998,0.5
10,25,0.5,6.0,4,0.1114561213961514,0.0333850447650069,0.333850447650069,0.0166925223825034,7.021461184558459e-05,-0.0004530470315147,0.0262957744977616,0.0008254936518217,0.5
10,25,0.5,6.0,5,0.111191521051713,0.0333453926430193,0.3334539264301937,0.0166726963215096,4.855375047086274e-05,8.323595380200527e-05,0.0266572803395396,0.0008043939453163,0.5
10,25,0.5,6.0,6,0.108937859599929,0.0330057358045429,0.3300573580454298,0.0165028679022714,0.000134115967969,-0.0003391832036008,0.0265375604750142,0.0006287938263955,0.5
10,28,0.5,6.0,1,0.1156392255346486,0.0340057679717204,0.3400576797172041,0.0170028839858602,0.0010715780168462,-0.0001977463194405,0.0296496404204459,0.0010076090553306,0.56
10,28,0.5,6.0,2,0.1153772582319467,0.0339672280635242,0.3396722806352422,0.0169836140317621,0.0013253521953962,-0.0001721761833892,0.0295364612360197,0.0006707363699055,0.56
10,28,0.5,6.0,3,0.1135602463007011,0.0336987012065303,0.3369870120653037,0.0168493506032651,0.0018057757820277,0.0002803284778116,0.0277396365445611,0.0006037648119681,0.56
10,28,0.5,6.0,4,0.1125991266038416,0.0335557933304879,0.335557933304879,0.0167778966652439,0.0014377467606421,0.0004691657097745,0.0270127948661268,0.0007681340043173,0.56
10,28,0.5,6.0,5,0.118743524310376,0.0344591822756106,0.3445918227561066,0.0172295911378053,0.0014716767192024,-0.0001836152966394,0.0317381396709566,0.0009642879297763,0.56
10,28,0.5,6.0,6,0.1165231442058873,0.0341354865507857,0.3413548655078574,0.0170677432753928,0.0011699137684185,0.0009759102091765,0.0293546783491502,0.0007837893679928,0.56
10,33,0.5,6.0,1,0.134479401064776,0.0366714331687181,0.3667143316871812,0.018335716584359,0.0010765713894563,4.579074013199201e-05,0.0396045772946912,0.001109569036852,0.66
10,33,0.5,6.0,2,0.1393390303160296,0.0373281435804179,0.3732814358041794,0.0186640717902089,0.0010159566561777,-0.0004426935409736,0.0408019690760616,0.0017395885659081,0.66
10,33,0.5,6.0,3,0.1328183010661216,0.0364442452337981,0.3644424523379811,0.018222122616899,0.0017265201849851,-0.0010811844319408,0.0370988553632828,0.0012922580945225,0.66
10,33,0.5,6.0,4,0.1376724143672776,0.0371042335006771,0.371042335006772,0.0185521167503385,0.0020788868099444,-0.0004651659178212,0.0399847737942307,0.0020516632024141,0.66
10,33,0.5,6.0,5,0.1324583764537349,0.0363948315635249,0.3639483156352492,0.0181974157817624,0.0014380965372673,1.409483857595928e-06,0.0381198139288411,0.00130613764926,0.66
10,33,0.5,6.0,6,0.1355757359646229,0.0368206105278854,0.3682061052788546,0.0184103052639427,0.0008280996545561,-0.0010854948533878,0.0396800838479317,0.0014652407516451,0.66
10,39,0.5,6.0,1,0.1677199793862873,0.0409536298008231,0.4095362980082319,0.0204768149004115,0.000108958133377,-0.0025941311622684,0.0544932204456364,0.0026234775796877,0.78
10,39,0.5,6.0,2,0.1648053185860428,0.040596221324902,0.4059622132490201,0.020298110662451,-7.383618318608238e-05,-0.0033830378614543,0.0518613056434279,0.0020844863039559,0.78
10,39,0.5,6.0,3,0.1542084832256484,0.0392693879791433,0.392693879791433,0.0196346939895716,-0.0004924161463657,-0.0049414484123572,0.0467479844818281,0.0017437043096162,0.78
10,39,0.5,6.0,4,0.1501406305749207,0.0387479845378983,0.3874798453789831,0.0193739922689491,-0.0007321432423178,-0.003610443858709,0.0448468429215928,0.001795169964243,0.78
10,39,0.5,6.0,5,0.1515089503638106,0.0389241506476134,0.3892415064761345,0.0194620753238067,0.0006164378409141,-0.0026519316449344,0.0440395022908956,0.0017126613741635,0.78
10,39,0.5,6.0,6,0.1488457988400811,0.038580538985359,0.3858053898535907,0.0192902694926795,-0.0002658051463397,-0.0019163252140285,0.0431961796031117,0.0022170045459806,0.78
10,44,0.5,6.0,1,0.1771669410752741,0.0420912034842523,0.4209120348425239,0.0210456017421261,0.0004584099645653,-0.0006579114994614,0.0582378060252665,0.002860612779904,0.88
10,44,0.5,6.0,2,0.1908918013724898,0.0436911663122523,0.4369116631225239,0.0218455831561261,0.0021250206691593,-0.0018116844354486,0.0669285402678819,0.0030884721397426,0.88
10,44,0.5,6.0,3,0.2028405801335186,0.0450378263389252,0.4503782633892522,0.0225189131694626,0.0024109214325113,-0.0020296700762759,0.0720679037319813,0.0053076692480991,0.88
10,44,0.5,6.0,4,0.1884222146423275,0.0434076277447095,0.4340762774470951,0.0217038138723547,0.0019427639154177,-0.0023556364615926,0.0616976310841569,0.0036833669062701,0.88
10,44,0.5,6.0,5,0.1949119845393891,0.0441488374183725,0.4414883741837254,0.0220744187091862,0.0008637005952151,-0.0015225672321112,0.0649401497676031,0.0030837493849386,0.88
10,44,0.5,6.0,6,0.1958043182749438,0.044249781725444,0.44249781725444,0.022124890862722,0.0008968847012135,-0.0007595956418114,0.0647698779956983,0.0039343801875026,0.88
10,50,0.5,6.0,1,0.2576436774510692,0.0507586128111347,0.5075861281113475,0.0253793064055673,-0.0019550140940884,0.0004934290084901,0.109114185526312,0.0071997830156973,1.0
10,50,0.5,6.0,2,0.2401108584433224,0.0490011079918936,0.4900110799189365,0.0245005539959468,-0.0023175931300193,-0.0006845134320224,0.1017098601405829,0.0047486584974295,1.0
10,50,0.5,6.0,3,0.2723907091702449,0.0521910633317855,0.5219106333178554,0.0260955316658927,-0.0022505212801307,-0.0008591611676693,0.1181224706026236,0.0079107249706096,1.0
10,50,0.5,6.0,4,0.2699559272583946,0.0519572831524507,0.5195728315245078,0.0259786415762253,-0.0021940245256383,-0.0020030657903099,0.113191144925582,0.0052900071120848,1.0
10,50,0.5,6.0,5,0.2759213067183733,0.0525282121072451,0.5252821210724512,0.0262641060536225,-0.002581272286988,0.0014743486485782,0.1149525873363971,0.0062800042540543,1.0
10,50,0.5,6.0,6,0.2603736929965633,0.0510268255916986,0.5102682559169865,0.0255134127958493,-0.0030064723267606,0.0021942376127902,0.1111046045212411,0.0089352246690275,1.0
10,25,0.6,6.0,1,0.094140918711009,0.0306823921347422,0.306823921347422,0.0184094352808453,2.5419496598517236e-05,0.0003008963022214,0.0213963328545235,0.000734172081351,0.5
10,25,0.6,6.0,2,0.0903732744048361,0.0300621480278499,0.3006214802784993,0.0180372888167099,-5.889208177670777e-05,0.0003351098926538,0.0200225312683747,0.0005211721783916,0.5
10,25,0.6,6.0,3,0.0896594955507986,0.0299431954792401,0.2994319547924013,0.017965917287544,-3.521264556398847e-05,3.2242875563615114e-05,0.019830489583224,0.000519502497551,0.5
10,25,0.6,6.0,4,0.0904297317555688,0.030071536667681,0.3007153666768108,0.0180429220006086,0.000220024710655,0.0001675396254172,0.0203164537352708,0.0006708969840477,0.5
10,25,0.6,6.0,5,0.0924095955068414,0.0303989466111642,0.3039894661116424,0.0182393679666985,-0.0001763502827177,-0.000142201219306,0.0213924785187403,0.0005849061266956,0.5
10,25,0.6,6.0,6,0.0906077187696516,0.0301011160540023,0.3010111605400231,0.0180606696324013,-5.557772761867797e-05,0.0002478049566023,0.020820944391864,0.0004153349544449,0.5
10,28,0.6,6.0,1,0.1069249025106923,0.0326993734665807,0.3269937346658072,0.0196196240799484,0.0001123113431371,1.387324066764166e-05,0.0256236018604514,0.0007957978321802,0.56
10,28,0.6,6.0,2,0.1070282180648377,0.0327151674403231,0.3271516744032312,0.0196291004641938,6.613066197555428e-05,0.0004322616102958,0.0256981556194715,0.0008605940133996,0.56
10,28,0.6,6.0,3,0.105135596111017,0.0324246196756441,0.3242461967564417,0.0194547718053865,0.0003839622287881,0.000111391888169,0.0241198882889901,0.0007878816627197,0.56
10,28,0.6,6.0,4,0.1066698362385339,0.0326603484731155,0.3266034847311552,0.0195962090838693,-2.24409177004347e-06,-0.0003479803784063,0.0249128174340908,0.0006713996701655,0.56
10,28,0.6,6.0,5,0.1033823636549824,0.0321531279434804,0.3215312794348047,0.0192918767660882,0.0001408062862995,-5.836793106075489e-05,0.0236674000768419,0.0006919351628821,0.56
10,28,0.6,6.0,6,0.1003629089411407,0.0316801055776556,0.3168010557765563,0.0190080633465933,-2.7047118316553888e-05,0.0005224813406058,0.0238468433381228,0.0007535588186356,0.56
10,33,0.6,6.0,1,0.1272470462722795,0.0356717039503693,0.3567170395036934,0.0214030223702216,0.0002104100525914,0.0018101476516481,0.0355866163568396,0.001860680641107,0.66
10,33,0.6,6.0,2,0.1275615494270466,0.0357157597465105,0.3571575974651058,0.0214294558479063,0.000577950086059,0.001797459374684,0.0353306628017426,0.0011835067280854,0.66
10,33,0.6,6.0,3,0.1247031089709169,0.0353133273667204,0.3531332736672048,0.0211879964200322,0.0001112145864953,0.0016014721483895,0.0340616876427725,0.0014958558432558,0.66
10,33,0.6,6.0,4,0.1196389765129807,0.0345888676474065,0.3458886764740654,0.0207533205884439,0.0007248179278252,0.0018120257088748,0.0310614237630255,0.0009414232704026,0.66
10,33,0.6,6.0,5,0.1223646144653517,0.0349806538625783,0.3498065386257835,0.020988392317547,0.0004517307999354,0.0014255520338064,0.0333075803317577,0.0010550461835885,0.66
10,33,0.6,6.0,6,0.127492101648354,0.0357060361351346,0.3570603613513463,0.0214236216810807,3.4437003287626325e-05,0.0011104433942798,0.0348229887070391,0.0013188820045063,0.66
10,39,0.6,6.0,1,0.1463042007460117,0.0382497321227236,0.3824973212272364,0.0229498392736341,-0.0002119466303412,-0.0010036056147858,0.0396645382149935,0.0023110843079694,0.78
10,39,0.6,6.0,2,0.1442789688122711,0.037984071505339,0.3798407150533907,0.0227904429032034,0.0001287806647224,0.0002509683618053,0.0412673737332253,0.0015609436324729,0.78
10,39,0.6,6.0,3,0.1371315813684542,0.0370312815560647,0.3703128155606476,0.0222187689336388,-0.0001670355706073,-0.0009175956549831,0.0376183686589427,0.0014564917987583,0.78
10,39,0.6,6.0,4,0.1478309818134445,0.0384487947552903,0.3844879475529038,0.0230692768531742,-0.0002732924990929,0.0017112072160925,0.0416575674940134,0.001746572165005,0.78
10,39,0.6,6.0,5,0.147719363280953,0.0384342767957136,0.3843427679571362,0.0230605660774281,-0.0002674600510768,-8.818539198352848e-05,0.0433158225393631,0.0016339291342213,0.78
10,39,0.6,6.0,6,0.1445437686533834,0.0380189122218644,0.3801891222186445,0.0228113473331186,0.0002996620002696,-3.381433405137808e-05,0.0415080320909209,0.0017289622641043,0.78
10,44,0.6,6.0,1,0.1836682607086624,0.0428565351736071,0.4285653517360712,0.0257139211041642,-0.0006383523031177,0.0016733891748095,0.0601563834761425,0.0026406853524749,0.88
10,44,0.6,6.0,2,0.1928588918695547,0.0439157024160555,0.4391570241605555,0.0263494214496333,-0.0011679744979539,-0.0002430540604733,0.0671266319844085,0.0042444885877343,0.88
10,44,0.6,6.0,3,0.1885414234711984,0.0434213568962553,0.4342135689625538,0.0260528141377532,-0.0005895532757682,0.0012065023452099,0.0629991610650887,0.0040386123485454,0.88
10,44,0.6,6.0,4,0.1823998846985374,0.0427082995094088,0.4270829950940887,0.0256249797056453,-0.0015448356718508,-7.570861456173424e-05,0.0593808397770284,0.0045031406299159,0.88
10,44,0.6,6.0,5,0.1769355529907854,0.0420637079904738,0.4206370799047386,0.0252382247942843,-0.0009908285869712,-0.0003451223629338,0.0578152590193229,0.0027755360461092,0.88
10,44,0.6,6.0,6,0.1690515299776482,0.0411158764928644,0.4111587649286443,0.0246695258957186,-0.0013218890706879,0.0011084217689292,0.054906998529248,0.0020597395003421,0.88
10,50,0.6,6.0,1,0.2287865448417739,0.0478316364806572,0.4783163648065722,0.0286989818883943,-0.0023277218888687,-0.0004487060766534,0.0888516023120244,0.004801322953686,1.0
10,50,0.6,6.0,2,0.2444628318776169,0.0494431827330742,0.4944318273307422,0.0296659096398445,-0.0029994129332121,0.0017008801580782,0.1025310482916687,0.0069982007655852,1.0
10,50,0.6,6.0,3,0.2232541137562712,0.0472497739419217,0.4724977394192179,0.028349864365153,-0.0032718666415097,2.9164247958326368e-06,0.0871690088404859,0.0029873561917603,1.0
10,50,0.6,6.0,4,0.2278729495142276,0.047736039793245,0.4773603979324506,0.028641623875947,-0.002870199053853,-0.0003880010774471,0.0898114430315678,0.0042911034830058,1.0
10,50,0.6,6.0,5,0.2233972562493655,0.0472649189409402,0.4726491894094027,0.0283589513645641,-0.0019200128901504,-0.0006877592024732,0.0912225620403082,0.0043712614156425,1.0
10,50,0.6,6.0,6,0.238399835419346,0.0488262056092162,0.4882620560921624,0.0292957233655297,-0.0028587667881316,0.0012125547451685,0.09468891460969,0.0044824128822169,1.0
10,25,0.7,6.0,1,0.0832879555608572,0.0288596527284818,0.288596527284819,0.0202017569099373,7.342468988975559e-05,-4.8275852057749275e-05,0.0180199400396728,0.0004497980196301,0.5
10,25,0.7,6.0,2,0.0850743197219418,0.0291675024165494,0.2916750241654946,0.0204172516915846,1.9681632414806812e-05,-0.0006415866506389,0.0182027576375255,0.0005110442446764,0.5
10,25,0.7,6.0,3,0.0848594312992273,0.0291306421658066,0.2913064216580667,0.0203914495160646,4.552099741040532e-05,0.0002403379713317,0.0184215864304704,0.0005207521864569,0.5
10,25,0.7,6.0,4,0.0843986697160212,0.029051449140451,0.2905144914045101,0.0203360143983157,7.705057850413838e-05,0.0001080584306324,0.0189531747319217,0.000374778497166,0.5
10,25,0.7,6.0,5,0.084565417740452,0.0290801337239793,0.2908013372397934,0.0203560936067855,0.0001329319230461,-0.000199759930061,0.0189322427345482,0.000602116877281,0.5
10,25,0.7,6.0,6,0.0815008626079467,0.028548355926033,0.2854835592603306,0.0199838491482231,-1.5941940623762778e-06,-0.0002528383261986,0.0178221275775266,0.0005654179549555,0.5
10,28,0.7,6.0,1,0.1005759758525549,0.0317137156215658,0.3171371562156585,0.022199600935096,-3.958330299857344e-06,0.0001338700206439,0.0239601772267662,0.0012107512071352,0.56
10,28,0.7,6.0,2,0.0957311969061755,0.0309404584494437,0.3094045844944376,0.0216583209146106,5.502996250485812e-05,-0.0005280034342317,0.0216163126527565,0.0005328566354858,0.56
10,28,0.7,6.0,3,0.0981647118495341,0.0313312482754093,0.3133124827540934,0.0219318737927865,1.171920590672653e-05,-6.030421072234782e-05,0.0219453080796467,0.0006152501991026,0.56
10,28,0.7,6.0,4,0.1000935416257103,0.0316375633742091,0.3163756337420919,0.0221462943619464,0.0003433825014562,0.0003731982212954,0.0231897686906407,0.0006106253448761,0.56
10,28,0.7,6.0,5,0.0991782184019585,0.0314925734740682,0.3149257347406822,0.0220448014318477,0.0001476992993829,0.0002426191728007,0.0228262350311777,0.0006359862061685,0.56
10,28,0.7,6.0,6,0.0982301762549916,0.0313416936771119,0.3134169367711191,0.0219391855739783,-4.7217379048264814e-05,-0.0002017558329209,0.0227185546541319,0.0006341562271765,0.56
10,33,0.7,6.0,1,0.1256969330177329,0.0354537632724275,0.354537632724275,0.0248176342906992,-0.0005278209410769,0.0001217118440183,0.0388472021117003,0.0023644588853578,0.66
10,33,0.7,6.0,2,0.1229675126462928,0.0350667239197352,0.350667239197352,0.0245467067438146,-0.0005442220115755,0.0009808091665201,0.0346252839121317,0.0012624158838348,0.66
10,33,0.7,6.0,3,0.1230087274736448,0.0350726000566888,0.3507260005668881,0.0245508200396821,-8.30140547807712e-05,0.0003415503816607,0.0345965792575141,0.0014103641698486,0.66
10,33,0.7,6.0,4,0.120751802326411,0.0347493600410728,0.3474936004107284,0.0243245520287509,-0.0002233254916653,0.0009249170414536,0.0329285706357687,0.0010887400862513,0.66
10,33,0.7,6.0,5,0.1263660303715301,0.0355479999959955,0.3554799999599557,0.0248835999971969,-0.0008888969362838,0.0002734801336456,0.0372675575146771,0.00163834989819,0.66
10,33,0.7,6.0,6,0.1207732256159894,0.0347524424488394,0.3475244244883939,0.0243267097141875,-0.0003359521348037,0.000754375272055,0.0341943696587733,0.0010358843084074,0.66
10,39,0.7,6.0,1,0.1342064782636954,0.0366342023611399,0.3663420236113999,0.0256439416527979,-0.0004194960592598,4.125092048563338e-05,0.037852348027062,0.0016306329190271,0.78
10,39,0.7,6.0,2,0.1310752000309958,0.0362043091400728,0.3620430914007279,0.0253430163980509,-0.0004633402810659,0.0027763542024054,0.0367082530880879,0.0017814318035577,0.78
10,39,0.7,6.0,3,0.1314641086263109,0.0362579796219137,0.3625797962191369,0.0253805857353395,-0.0010398668301841,-0.0004998743074195,0.037623638105365,0.0015844352255433,0.78
10,39,0.7,6.0,4,0.1381236595941409,0.0371649915369479,0.371649915369479,0.0260154940758635,0.0001594837045785,-0.0015798965200756,0.0406926812010407,0.001756964573799,0.78
10,39,0.7,6.0,5,0.1341136784949072,0.036621534442853,0.3662153444285305,0.0256350741099971,-0.0006549682746987,0.0008244967430241,0.0365880645363037,0.0016608375193668,0.78
10,39,0.7,6.0,6,0.1381370881275125,0.0371667981036183,0.371667981036183,0.0260167586725328,-0.0004010707124647,-0.000361440009613,0.0394364568356148,0.0020974441804278,0.78
10,44,0.7,6.0,1,0.158171180402762,0.0397707405516621,0.397707405516621,0.0278395183861634,-0.0013466739922913,-0.0011108482189198,0.0470143463034247,0.0033951984495734,0.88
10,44,0.7,6.0,2,0.1661041949455792,0.0407558823908376,0.4075588239083767,0.0285291176735863,-0.0010380185206243,0.0009829779893258,0.0512987949236399,0.0024383547203389,0.88
10,44,0.7,6.0,3,0.1756035275078796,0.0419050745743137,0.4190507457431374,0.0293335522020196,-0.0008196335069602,-0.0014437749112772,0.057756944320214,0.0040311563161838,0.88
10,44,0.7,6.0,4,0.1606262944627089,0.0400782103471086,0.4007821034710869,0.028054747242976,-0.000856391637186,-0.0006059500162438,0.0496873033113849,0.0024568029622167,0.88
10,44,0.7,6.0,5,0.1531110966432357,0.0391294130601566,0.3912941306015665,0.0273905891421096,-0.001006182301505,-0.0027431722083075,0.0471990308675793,0.0026114326075006,0.88
10,44,0.7,6.0,6,0.1586567043659832,0.0398317341282027,0.3983173412820276,0.0278822138897419,-0.0010028768197727,-0.0027619734589306,0.0473934712930447,0.0020767628473696,0.88
10,50,0.7,6.0,1,0.2244672223884296,0.0473779719266696,0.4737797192666963,0.0331645803486687,-0.002435601546938,-0.0004927633681436,0.0868518070788783,0.0034417655896597,1.0
10,50,0.7,6.0,2,0.2081140951346024,0.0456195237956954,0.4561952379569546,0.0319336666569868,-0.0028435985404198,-0.0010560237724567,0.0807313304927417,0.0026594146263489,1.0
10,50,0.7,6.0,3,0.2148325994906676,0.0463500377012433,0.4635003770124331,0.0324450263908703,-0.0024970831796803,-0.0008329710211137,0.0823771428508915,0.0027794127995036,1.0
10,50,0.7,6.0,4,0.2121594929626648,0.0460607743055481,0.4606077430554818,0.0322425420138837,-0.0027621171761867,-0.0001366416888137,0.0790202208631052,0.0040418508996409,1.0
10,50,0.7,6.0,5,0.2122087257771974,0.0460661183275949,0.4606611832759489,0.0322462828293164,-0.0024602831623781,0.0005202071147436,0.0814292677004938,0.0028095771430022,1.0
10,50,0.7,6.0,6,0.2204607010111789,0.046953242807199,0.4695324280719904,0.0328672699650393,-0.0027911791596559,0.0007457355930526,0.0867333053315627,0.0033751642140273,1.0
10,25,0.0,8.0,1,0.1315319599163208,0.036267335153871,0.3626733515387101,0.0,0.0004893578120677,0.0005917542692884,0.0337288385024203,0.0010510300808651,0.5
10,25,0.0,8.0,2,0.1321702414871544,0.0363552254135708,0.3635522541357081,0.0,0.0001003245410128,0.0002746666613946,0.0347415942612254,0.0011703490092571,0.5
10,25,0.0,8.0,3,0.1309115500331988,0.0361817011807348,0.3618170118073484,0.0,-9.274055399111725e-05,-0.0002974472333936,0.0340238192546899,0.000969814492217,0.5
10,25,0.0,8.0,4,0.1310294581103527,0.0361979913959811,0.3619799139598118,0.0,0.0002001375913513,-0.0001847803506485,0.0344840969513864,0.0008041597739067,0.5
10,25,0.0,8.0,5,0.1300307537098794,0.0360597772746698,0.3605977727466982,0.0,-7.676162858931351e-05,0.0001945038127691,0.0344586056915994,0.0013272494588356,0.5
10,25,0.0,8.0,6,0.1308259852989938,0.0361698749374384,0.3616987493743845,0.0,-0.0005559932424917,-0.0002425794653399,0.0337567505833843,0.0008919489034535,0.5
10,28,0.0,8.0,1,0.1500954258028969,0.0387421509215604,0.3874215092156047,0.0,3.034257394210413e-06,-0.0009779468347997,0.0472337313101747,0.0015209797494364,0.56
10,28,0.0,8.0,2,0.1546871473061993,0.0393302869689758,0.3933028696897587,0.0,-0.0002530824767358,0.0002375092577235,0.0499416049081232,0.0016931669981508,0.56
10,28,0.0,8.0,3,0.1544447952973989,0.0392994650469187,0.3929946504691876,0.0,0.0002635335054439,-2.0687810795308663e-05,0.0493044288288147,0.0017604770350505,0.56
10,28,0.0,8.0,4,0.1601838050470694,0.0400229690361758,0.4002296903617589,0.0,0.0002828957195434,0.0004591837926658,0.0507812772907115,0.002060737838622,0.56
10,28,0.0,8.0,5,0.1534008460500318,0.0391664200623482,0.3916642006234829,0.0,2.8196074960356728e-05,0.0001290103436142,0.0501611385051148,0.0015435576424414,0.56
10,28,0.0,8.0,6,0.1519403391304841,0.0389795252832155,0.3897952528321556,0.0,-0.0006087177467786,-0.0012349293312931,0.0479845608121214,0.0016808514014716,0.56
10,33,0.0,8.0,1,0.2045072791060295,0.0452224810360985,0.4522248103609858,0.0,0.0001352531455588,-0.0002273735154692,0.0813313265358949,0.0041432037629647,0.66
10,33,0.0,8.0,2,0.2125990541617728,0.0461084649670505,0.4610846496705056,0.0,0.000737994068687,-0.0003913900493818,0.0870902786560343,0.0063827692414566,0.66
10,33,0.0,8.0,3,0.1938651551339598,0.0440301209553142,0.440301209553142,0.0,0.0001875000340603,-0.0005661132573845,0.0754866879732274,0.0036267647514286,0.66
10,33,0.0,8.0,4,0.2170153920281969,0.0465849108648065,0.4658491086480652,0.0,0.0007482562550226,-0.0014789793863554,0.0931734596008292,0.005851024111546,0.66
10,33,0.0,8.0,5,0.1925360554264956,0.0438789306417665,0.4387893064176651,0.0,0.00132010559888,0.0008190185419831,0.075770257624838,0.0034917284175766,0.66
10,33,0.0,8.0,6,0.2023046783966447,0.0449782923638331,0.449782923638331,0.0,0.0001873589367182,-0.0014595432099867,0.0830134534989158,0.0036434794942246,0.66
10,39,0.0,8.0,1,0.2992985453475709,0.0547081845200122,0.5470818452001226,0.0,0.0020439747029177,0.0009172960666175,0.1379932118127813,0.009907398205082,0.78
10,39,0.0,8.0,2,0.2658956756231871,0.0515650730265348,0.5156507302653485,0.0,-0.0001833072798945,0.0004240162565742,0.1289002798236773,0.0109924673227922,0.78
10,39,0.0,8.0,3,0.2978841766212715,0.0545787666241434,0.5457876662414345,0.0,2.145569551756959e-05,0.0008555681818259,0.1472005449729722,0.0099057889004722,0.78
10,39,0.0,8.0,4,0.320153859279804,0.05658214022815,0.5658214022815008,0.0,0.0003274320698045,-0.0019413289545414,0.160926563379585,0.0139352917063334,0.78
10,39,0.0,8.0,5,0.2948671773539735,0.0543016737637039,0.5430167376370396,0.0,-0.001339754517828,-0.0025411283526332,0.1486755941081773,0.0087919479424672,0.78
10,39,0.0,8.0,6,0.2620577882925897,0.0511915801956327,0.5119158019563274,0.0,0.0003643240507985,-0.0019184401301366,0.1221653411109014,0.008535132894226,0.78
10,44,0.0,8.0,1,0.4133944296856461,0.0642957564451687,0.6429575644516877,0.0,0.0039318793087293,-0.0009972875702788,0.2395291503238045,0.0176979711242133,0.88
10,44,0.0,8.0,2,0.4752837091307811,0.0689408231116209,0.6894082311162096,0.0,-0.0002502180114311,-0.0047112676353826,0.2793266865713211,0.0273531015699901,0.88
10,44,0.0,8.0,3,0.4552577865295462,0.0674727935192805,0.6747279351928052,0.0,-0.0011974544324822,-0.000251484915803,0.2613860503185042,0.0302158221763667,0.88
10,44,0.0,8.0,4,0.3691934488723832,0.0607612910389816,0.6076129103898166,0.0,0.0005610216634384,-0.0012003361936548,0.1915469033544604,0.0146042989007159,0.88
10,44,0.0,8.0,5,0.3592332652137042,0.0599360713772352,0.5993607137723528,0.0,-0.0009428674475697,-0.0065066221264579,0.2013522164619024,0.0186778244511571,0.88
10,44,0.0,8.0,6,0.3477712650298878,0.0589721345238484,0.5897213452384845,0.0,0.0018551258083675,-0.0013070280314439,0.1823380452207214,0.0221715438970443,0.88
10,50,0.0,8.0,1,0.8074729084554446,0.0898594963515512,0.8985949635155122,0.0,-0.0031840269158656,-0.0015845526507841,0.5350491219813205,0.1144968243104467,1.0
10,50,0.0,8.0,2,0.99569175722367,0.099784355348104,0.9978435534810404,0.0,0.0021347442019369,0.0012596015189067,0.6254736568246552,0.0962490543443641,1.0
10,50,0.0,8.0,3,0.8652430517005533,0.0930184418113179,0.930184418113179,0.0,0.0049003146088965,-0.0035438827663354,0.532653758762663,0.0901777456005125,1.0
10,50,0.0,8.0,4,0.7198498896260125,0.0848439679426895,0.848439679426895,0.0,0.0016924634176125,0.0005293084302067,0.4066661841476889,0.0634354108001866,1.0
10,50,0.0,8.0,5,0.7511763179331308,0.0866704285170628,0.8667042851706289,0.0,-0.0003979205787203,0.0031123253959412,0.4795159892679119,0.0821066450197677,1.0
10,50,0.0,8.0,6,0.7990743549190684,0.0893909589902171,0.8939095899021715,0.0,-0.0010627636454236,-0.0055788500352353,0.5026235558366411,0.0599242662549475,1.0
10,25,0.1,8.0,1,0.133414863977827,0.0365259995041651,0.3652599950416512,0.0036525999504165,-0.0002283453047719,-2.095096374055333e-05,0.0350136866922051,0.0009814159405013,0.5
10,25,0.1,8.0,2,0.129385721014402,0.0359702267179958,0.3597022671799581,0.0035970226717995,-0.0001438981249477,0.0003886374810207,0.0332854346707321,0.0007986014075326,0.5
10,25,0.1,8.0,3,0.128455628767504,0.0358407071313477,0.3584070713134772,0.0035840707131347,4.500300508901458e-05,-9.714654580510384e-05,0.0325046809923319,0.0007966424162412,0.5
10,25,0.1,8.0,4,0.1315291103072419,0.0362669422900858,0.3626694229008587,0.0036266942290085,4.839568156948368e-05,-0.0005192643851786,0.0332583042263702,0.0008712127616274,0.5
10,25,0.1,8.0,5,0.1313546787821351,0.0362428860305212,0.3624288603052123,0.0036242886030521,2.174212555136652e-05,-0.0003164688005892,0.0341833836934167,0.0012329270648359,0.5
10,25,0.1,8.0,6,0.1288251969205045,0.0358922271418902,0.3589222714189027,0.003589222714189,0.0001085306431943,0.0001603149134184,0.0339292236213301,0.0010896806216184,0.5
10,28,0.1,8.0,1,0.1527263182500297,0.0390802147192194,0.3908021471921946,0.0039080214719219,-0.0001908171284558,-0.0011786076876572,0.0500619437191805,0.0015068766339126,0.56
10,28,0.1,8.0,2,0.1531537769822238,0.0391348664214181,0.391348664214181,0.0039134866421418,-5.2166078190010214e-05,-0.0013346292258817,0.0489462867452389,0.001332289247018,0.56
10,28,0.1,8.0,3,0.1479561668944932,0.0384650707648501,0.3846507076485019,0.003846507076485,0.0002976522136395,-0.0017428960374467,0.0455750835400073,0.0034468954670422,0.56
10,28,0.1,8.0,4,0.1481087544493795,0.0384849002141592,0.3848490021415925,0.0038484900214159,0.0005138985233752,-0.0018838459703129,0.0465544211842795,0.0012537371788527,0.56
10,28,0.1,8.0,5,0.158082202691827,0.0397595526498761,0.3975955264987611,0.0039759552649876,-8.771365414488697e-05,-0.0020400615705588,0.0526621846634804,0.0027914474524755,0.56
10,28,0.1,8.0,6,0.149631057300706,0.0386821738402466,0.3868217384024662,0.0038682173840246,0.0001304861716076,-0.0015006595761189,0.0476252329900765,0.0017634447500081,0.56
10,33,0.1,8.0,1,0.2074733603444439,0.0455492437197857,0.4554924371978572,0.0045549243719785,0.0002748551009433,0.0024973362926456,0.0863001858760866,0.0041533304073814,0.66
10,33,0.1,8.0,2,0.2016284722536364,0.0449030591667913,0.4490305916679135,0.0044903059166791,-9.457921164400708e-05,0.002330170290932,0.0761487273566386,0.0047396425948038,0.66
10,33,0.1,8.0,3,0.2110935599026665,0.0459449191862023,0.4594491918620236,0.0045944919186202,-0.0008711815646238,0.0036537690294069,0.0877909748941324,0.0063434768322431,0.66
10,33,0.1,8.0,4,0.1960138042554641,0.0442734462466458,0.4427344624664587,0.0044273446246645,-0.0010715743877916,0.0024887675369893,0.0763820618785389,0.0040326998998789,0.66
10,33,0.1,8.0,5,0.1962119720872433,0.0442958205801905,0.4429582058019056,0.004429582058019,0.0002647097790975,0.0041251247243953,0.0741044964469684,0.0038180853064183,0.66
10,33,0.1,8.0,6,0.207738495175063,0.045578338624292,0.4557833862429202,0.0045578338624292,-0.0006059239794604,0.0031588271209542,0.0844085601498689,0.0035792948606432,0.66
10,39,0.1,8.0,1,0.334211305742806,0.0578110115585954,0.5781101155859548,0.0057811011558595,-0.0013585545069018,-0.0021356784411171,0.1648617437273691,0.0133714279543635,0.78
10,39,0.1,8.0,2,0.2481777424547512,0.0498174409674715,0.4981744096747155,0.0049817440967471,0.0014870132282481,0.0020592704262884,0.1156168395842622,0.0080432683995709,0.78
10,39,0.1,8.0,3,0.2722125794062556,0.0521739953814403,0.5217399538144033,0.005217399538144,-0.0007782187510515,0.0018697836589247,0.1223052000450749,0.0074050128582916,0.78
10,39,0.1,8.0,4,0.2752990580130239,0.0524689487233186,0.5246894872331863,0.0052468948723318,0.0003134605989622,0.0009485513310119,0.1298797972235232,0.009145378669558,0.78
10,39,0.1,8.0,5,0.2482311020003154,0.0498227961881221,0.498227961881221,0.0049822796188122,-0.0008614773961705,0.0001162753553727,0.1136297253294559,0.0077775137406274,0.78
10,39,0.1,8.0,6,0.2942217513854763,0.0542422115501826,0.5424221155018261,0.0054242211550182,-0.0012377080819687,0.0013125025724359,0.1422251316216186,0.0100782231132225,0.78
10,44,0.1,8.0,1,0.4388470489036351,0.0662455318420521,0.6624553184205219,0.0066245531842052,-0.0008265671402699,-0.0022215655684958,0.230384072360863,0.0402313615142036,0.88
10,44,0.1,8.0,2,0.4303311096259644,0.0655996272570175,0.6559962725701758,0.0065599627257017,0.0001911613761055,-0.0022578328860123,0.2224880615766806,0.0208197511760123,0.88
10,44,0.1,8.0,3,0.3829605820396572,0.0618838090327071,0.6188380903270719,0.0061883809032707,0.0023404300716906,-0.0039586340961134,0.2067073121507767,0.023478222128777,0.88
10,44,0.1,8.0,4,0.3754765191740915,0.0612761388449118,0.6127613884491185,0.0061276138844911,0.0003963539973557,0.0004307029143247,0.2049770419733482,0.0160145152587719,0.88
10,44,0.1,8.0,5,0.4011589645324598,0.0633371111223475,0.6333711112234752,0.0063337111122347,0.0037418389059349,-0.0014719990147553,0.2192077718132146,0.0205817774239412,0.88
10,44,0.1,8.0,6,0.3544573161693619,0.0595363180058493,0.5953631800584933,0.0059536318005849,-0.0018842989364186,-0.0018156450726004,0.1807134297804558,0.0170213790574183,0.88
10,50,0.1,8.0,1,0.521038986040366,0.0721830302800018,0.7218303028000183,0.0072183030280001,-0.0010342120541514,0.000621704352003,0.3061752969428605,0.0412174223714716,1.0
10,50,0.1,8.0,2,0.5642651065256167,0.0751175815988252,0.7511758159882523,0.0075117581598825,-0.0008885000317622,-0.0023169462438031,0.3365278686999194,0.0569397239485217,1.0
10,50,0.1,8.0,3,0.4558190308691957,0.0675143711271308,0.6751437112713083,0.006751437112713,0.0014571804192328,0.0018082865238319,0.2670571600444621,0.0370797500862947,1.0
10,50,0.1,8.0,4,0.5102328035149319,0.071430581932036,0.7143058193203609,0.0071430581932036,-0.003621326028732,0.0033636010916794,0.2987210086465478,0.0439267595555199,1.0
10,50,0.1,8.0,5,0.5596908957726138,0.074812491989815,0.7481249198981503,0.0074812491989815,-0.0021733467466474,-0.0033134753931935,0.3179620635406898,0.0490570195215686,1.0
10,50,0.1,8.0,6,0.4864092775804934,0.069743048225647,0.6974304822564709,0.0069743048225647,0.001146184412227,0.0040639046878221,0.2885818774423072,0.0474224497463989,1.0
10,25,0.2,8.0,1,0.1305322511162758,0.0361292473096625,0.3612924730966254,0.0072258494619325,-0.0002767682575533,-7.35714263678558e-05,0.0346633640938099,0.0011126233611087,0.5
10,25,0.2,8.0,2,0.1303182399528239,0.0360996177199737,0.360996177199737,0.0072199235439947,-5.7807284768888135e-05,-0.000468155809864,0.0350943488227329,0.0010135576846151,0.5
10,25,0.2,8.0,3,0.1298197711095418,0.0360305108358932,0.3603051083589322,0.0072061021671786,-0.0003121356726588,-0.0005722071036608,0.0337256752304479,0.0009486725765169,0.5
10,25,0.2,8.0,4,0.1223230020606313,0.0349747054398791,0.3497470543987917,0.0069949410879758,0.0005881629309971,3.0227297909886515e-05,0.0308941005367835,0.0008403240932627,0.5
10,25,0.2,8.0,5,0.1304071623377986,0.0361119318699233,0.3611193186992336,0.0072223863739846,-1.3445239925926246e-05,0.0005362210656664,0.0350556211236615,0.0011071101606913,0.5
10,25,0.2,8.0,6,0.1290358177119854,0.0359215558838958,0.3592155588389587,0.0071843111767791,-0.0003648216801328,0.0003510411462873,0.0355223025863868,0.0010816849181775,0.5
10,28,0.2,8.0,1,0.1444283866537281,0.0380037349024708,0.3800373490247085,0.0076007469804941,-4.0766843997809415e-05,0.0011064796613306,0.0433975406746791,0.0013079423401273,0.56
10,28,0.2,8.0,2,0.141476331984918,0.0376133396529632,0.3761333965296329,0.0075226679305926,8.000539227195544e-05,8.347072626225014e-05,0.0417480552961957,0.002349041394195,0.56
10,28,0.2,8.0,3,0.1543419115429748,0.0392863731518926,0.3928637315189262,0.0078572746303785,0.0001520573516108,0.0005494198958603,0.0478867785641913,0.0024251753073641,0.56
10,28,0.2,8.0,4,0.1524368948510628,0.0390431677571201,0.3904316775712017,0.007808633551424,0.0002504733673038,0.0009215675234405,0.0461534727974137,0.0021457212795722,0.56
10,28,0.2,8.0,5,0.1497532428657109,0.0386979641409869,0.3869796414098691,0.0077395928281973,0.000316564459354,0.0002481055291835,0.0470779879179663,0.0019218792471984,0.56
10,28,0.2,8.0,6,0.1508081278110644,0.0388340221727114,0.3883402217271144,0.0077668044345422,0.0001505718067159,0.0005009188672777,0.0460042318244351,0.0015305698086414,0.56
10,33,0.2,8.0,1,0.1832331900020705,0.0428057461098472,0.4280574610984728,0.0085611492219694,-0.00025148768228,-1.9244613961152816e-05,0.0651983585812145,0.0030500912995577,0.66
10,33,0.2,8.0,2,0.1779877642905156,0.0421885961238953,0.4218859612389533,0.008437719224779,0.0003056554179293,0.0016220601694569,0.0601422245179929,0.0040892882393577,0.66
10,33,0.2,8.0,3,0.1771119873172447,0.0420846750394065,0.4208467503940654,0.0084169350078813,-0.0004130927509569,0.0001111409218486,0.0656032122347217,0.0035856392986124,0.66
10,33,0.2,8.0,4,0.1756502917044606,0.0419106539801588,0.4191065398015886,0.0083821307960317,0.0005903336132081,-0.0004823068592402,0.062409046342092,0.0031098345416986,0.66
10,33,0.2,8.0,5,0.1747108185087549,0.0417984232368584,0.4179842323685845,0.0083596846473716,0.0003278835893753,-0.0001123916772353,0.0634602867277738,0.0031889923714062,0.66
10,33,0.2,8.0,6,0.1761487746543554,0.0419700815646521,0.4197008156465215,0.0083940163129304,0.0004197498662771,0.0009381075293295,0.0626820032818699,0.0025947966302696,0.66
10,39,0.2,8.0,1,0.3031039455835682,0.0550548767670556,0.5505487676705564,0.0110109753534111,-0.0001846181082725,0.0009454084916215,0.1578097363552303,0.0147115261090178,0.78
10,39,0.2,8.0,2,0.2958205922645038,0.054389391637019,0.5438939163701906,0.0108778783274038,0.0012285167720129,-0.0010702504561138,0.1458168935702,0.0143019152919656,0.78
10,39,0.2,8.0,3,0.275964369091857,0.0525323109230744,0.5253231092307449,0.0105064621846148,-0.0007384781115128,0.0013000000685481,0.1315349489784781,0.0091184877437925,0.78
10,39,0.2,8.0,4,0.2698759299763456,0.0519495842116513,0.5194958421165136,0.0103899168423302,-0.0005343703295029,-0.0001917444766043,0.1214995887297674,0.0097916307396857,0.78
10,39,0.2,8.0,5,0.2759137311250271,0.0525274910047136,0.5252749100471363,0.0105054982009427,0.000362948361502,0.0020812818280022,0.1261820275525909,0.0083758537594125,0.78
10,39,0.2,8.0,6,0.3057618038186286,0.055295732549504,0.552957325495041,0.0110591465099008,-0.0003184739363691,0.0016016174466211,0.1358028502133911,0.0136197237138674,0.78
10,44,0.2,8.0,1,0.4176116002447447,0.0646228752257855,0.6462287522578555,0.0129245750451571,-0.0001605182422327,0.0014413788186827,0.2328242489965392,0.0246988877750021,0.88
10,44,0.2,8.0,2,0.4665185106000423,0.0683021603318696,0.6830216033186962,0.0136604320663739,0.0011773211158526,-0.0008529386305139,0.2583427886429431,0.0274334219197006,0.88
10,44,0.2,8.0,3,0.423910958450242,0.0651084448017491,0.6510844480174919,0.0130216889603498,0.000630888190808,-0.0008955824688914,0.2350325001155767,0.0277807597977208,0.88
10,44,0.2,8.0,4,0.4305951570103635,0.0656197498479203,0.656197498479203,0.013123949969584,0.0012409331106718,0.0027961854872758,0.2477626543865815,0.0384431590538642,0.88
10,44,0.2,8.0,5,0.3368586131802774,0.0580395221534668,0.5803952215346689,0.0116079044306933,-0.0006204594535603,-0.0002452345038894,0.1759696353870052,0.0198045334922127,0.88
10,44,0.2,8.0,6,0.479517100485901,0.0692471732625889,0.6924717326258892,0.0138494346525177,0.0003567610545487,-0.0013918981234531,0.2760382044107119,0.0367227038794193,0.88
10,50,0.2,8.0,1,0.4726736694382697,0.0687512668565656,0.6875126685656561,0.0137502533713131,0.0016133974397801,-0.0008370721900029,0.2589488405104298,0.0444294639043234,1.0
10,50,0.2,8.0,2,0.4288598268938824,0.0654873901521417,0.6548739015214169,0.0130974780304283,-0.0002935323483103,-0.0023145570448656,0.2351839639456592,0.0306507361639317,1.0
10,50,0.2,8.0,3,0.3507819906358402,0.0592268512277869,0.5922685122778689,0.0118453702455573,0.0014002371556662,-0.0069809871205251,0.1734251805486839,0.0201082762508608,1.0
10,50,0.2,8.0,4,0.4698756885188267,0.0685474790578637,0.6854747905786374,0.0137094958115727,0.003054361373962,-0.0030549812845635,0.2647449706018111,0.0488364474325196,1.0
10,50,0.2,8.0,5,0.4859436369606779,0.0697096576494733,0.6970965764947336,0.0139419315298946,0.0004064567078909,-0.0074575617406782,0.285302198002573,0.0341488928816204,1.0
10,50,0.2,8.0,6,0.5188800315997434,0.0720333278142654,0.7203332781426549,0.014406665562853,-0.0012913605190656,0.0012901207665228,0.3016769800807092,0.0520171521853292,1.0
10,25,0.3,8.0,1,0.1239252694345941,0.0352030210968595,0.3520302109685959,0.0105609063290578,-0.000234807878302,-0.0001671358291493,0.0337350540232444,0.0010036540761412,0.5
10,25,0.3,8.0,2,0.1246411106821078,0.0353045479622821,0.3530454796228212,0.0105913643886846,-4.456098514981875e-06,0.0001062676636677,0.0344739106147459,0.0027904163721011,0.5
10,25,0.3,8.0,3,0.1248997963297386,0.0353411652792799,0.3534116527927999,0.0106023495837839,-0.0001331444275667,0.0006220973269904,0.0333194340076025,0.0011866868162975,0.5
10,25,0.3,8.0,4,0.1198466439221598,0.0346188740316839,0.3461887403168391,0.0103856622095051,-6.529792154108226e-05,6.15614327120511e-05,0.0312771227403124,0.0007568236105798,0.5
10,25,0.3,8.0,5,0.1281559984824176,0.0357988824521684,0.3579888245216848,0.0107396647356505,-0.0002338551920481,-0.0004885616088446,0.0359415530469001,0.0022617279391894,0.5
10,25,0.3,8.0,6,0.1186732636837575,0.0344489860059418,0.3444898600594182,0.0103346958017825,0.0003500066940144,0.0005495166668445,0.0306043751834148,0.0016333285450255,0.5
10,28,0.3,8.0,1,0.1398002254851387,0.0373898683449325,0.3738986834493253,0.0112169605034797,-0.0011335160771314,0.0001078233333885,0.0418580927885879,0.001621601843495,0.56
10,28,0.3,8.0,2,0.1460459753686898,0.0382159620274944,0.3821596202749445,0.0114647886082483,-0.0008909791603344,3.205843663346204e-05,0.0454734877621568,0.0021282275693236,0.56
10,28,0.3,8.0,3,0.1453857933941471,0.0381294890333121,0.3812948903331214,0.0114388467099936,-0.0003253067899672,-5.0040040438446634e-05,0.0429207203729913,0.0022786949817939,0.56
10,28,0.3,8.0,4,0.1431042184482798,0.0378291182091626,0.3782911820916261,0.0113487354627487,-0.0015066331993351,-0.0005173524047257,0.0433045760156991,0.0019505605964485,0.56
10,28,0.3,8.0,5,0.1492076738375683,0.0386274091595033,0.3862740915950335,0.011588222747851,-0.0010345153557637,-0.0004623967842387,0.0461651576866055,0.0019991050098718,0.56
10,28,0.3,8.0,6,0.1420553243035814,0.0376902274208555,0.3769022742085559,0.0113070682262566,-0.0015465071421788,0.001161186449246,0.0420099496840736,0.0024958704167293,0.56
10,33,0.3,8.0,1,0.1770490559948532,0.0420771976247056,0.4207719762470562,0.0126231592874116,4.013576872602151e-05,-0.0007885021716536,0.0611971774320503,0.0042761559213157,0.66
10,33,0.3,8.0,2,0.173692834197741,0.0416764722832608,0.4167647228326085,0.0125029416849782,-0.0009009350948168,-0.0012871475825006,0.0624278022396188,0.0026500405601613,0.66
10,33,0.3,8.0,3,0.1626122099366021,0.040325204269365,0.403252042693651,0.0120975612808095,-0.0002855064210616,-0.0031769653500686,0.05395799554865,0.0027151250258026,0.66
10,33,0.3,8.0,4,0.1776334918218839,0.0421465884529084,0.4214658845290849,0.0126439765358725,-0.0002943807824269,-0.0006747343057872,0.0576141855399181,0.0031903268044878,0.66
10,33,0.3,8.0,5,0.1759136563930776,0.0419420619894966,0.419420619894966,0.0125826185968489,-0.0013265819381337,-0.0027779902541562,0.0614776071845647,0.0030234181096666,0.66
10,33,0.3,8.0,6,0.1543775133725471,0.0392909039565835,0.3929090395658353,0.011787271186975,-0.0009262331770019,-0.0032650800350966,0.0474814535161143,0.0021341349943319,0.66
10,39,0.3,8.0,1,0.1956189985225668,0.0442288365800601,0.4422883658006017,0.013268650974018,0.0001748288534826,0.0007289401283098,0.077789816249468,0.0046273586746256,0.78
10,39,0.3,8.0,2,0.2446316298235918,0.049460249678261,0.4946024967826101,0.0148380749034783,-0.0011280444807058,0.0035574418385793,0.1101502650784045,0.0084319649387131,0.78
10,39,0.3,8.0,3,0.2193369875187331,0.0468334268998899,0.468334268998899,0.0140500280699669,-0.0001034253638394,0.0012422237830295,0.0922894802286688,0.0070026067088385,0.78
10,39,0.3,8.0,4,0.2259694427388028,0.0475362433032736,0.4753624330327364,0.014260872990982,0.0012177293378969,0.0021251454476887,0.0972460224101045,0.0094631045826923,0.78
10,39,0.3,8.0,5,0.2430669154268713,0.0493018169469312,0.4930181694693121,0.0147905450840793,0.0001107451174129,0.0003775424923093,0.1045974705916299,0.0072469679809765,0.78
10,39,0.3,8.0,6,0.2362361902184812,0.0486041346202646,0.4860413462026468,0.0145812403860794,-0.0008218552094712,0.0007468631725037,0.1052415381330522,0.0091343165478018,0.78
10,44,0.3,8.0,1,0.3890286595122404,0.0623721620205873,0.623721620205874,0.0187116486061762,-0.0004432504291856,0.00251142532703,0.2279820992060562,0.0235516136735186,0.88
10,44,0.3,8.0,2,0.3732185515707014,0.0610916157562313,0.6109161575623134,0.0183274847268694,-0.0004459224203177,0.0014099635629916,0.1978401177681854,0.0248156930365258,0.88
10,44,0.3,8.0,3,0.3290334083797216,0.057361433766924,0.5736143376692406,0.0172084301300772,0.0015751509846683,0.0004688171405504,0.1719543435572315,0.0159612617511105,0.88
10,44,0.3,8.0,4,0.4162408181567028,0.0645167279204938,0.6451672792049383,0.0193550183761481,0.0020703319396788,0.0008956419970329,0.2211526005703665,0.0252552822251874,0.88
10,44,0.3,8.0,5,0.3454506226114868,0.0587750476487673,0.5877504764876731,0.0176325142946301,0.0010071646042838,-0.0002538398019399,0.1889975251625943,0.0228702729419918,0.88
10,44,0.3,8.0,6,0.3979312777085848,0.0630817943394593,0.6308179433945936,0.0189245383018378,-0.0003046324474918,0.0005771395506046,0.2182453860474364,0.0189236191026671,0.88
10,50,0.3,8.0,1,0.3893967219265822,0.0624016603886933,0.6240166038869337,0.018720498116608,-0.0002837331899226,0.0027182075289679,0.2023488905361885,0.0332772264443054,1.0
10,50,0.3,8.0,2,0.4255018959662197,0.0652305063575486,0.6523050635754867,0.0195691519072646,-0.0024675815446039,0.0068924404335605,0.2419735327448916,0.0333030403289489,1.0
10,50,0.3,8.0,3,0.3655950202018254,0.060464454037213,0.6046445403721309,0.0181393362111639,-0.0006910694988936,0.0057217096622236,0.1942105512260122,0.0229519478803827,1.0
10,50,0.3,8.0,4,0.4949572679242205,0.0703531994954188,0.7035319949541887,0.0211059598486256,0.0002958393308116,-0.001906353340822,0.272617412404133,0.0346445960911419,1.0
10,50,0.3,8.0,5,0.36005522037594,0.060004601521545,0.60004601521545,0.0180013804564635,0.000410667518463,0.0032926579518986,0.2082839316387104,0.0280392705857137,1.0
10,50,0.3,8.0,6,0.3695834122564988,0.0607933723572314,0.6079337235723141,0.0182380117071694,-0.0024533910134059,0.0011434956961003,0.2026119736410116,0.030094545485984,1.0
10,25,0.4,8.0,1,0.1135009424611457,0.0336899009290834,0.3368990092908344,0.0134759603716333,0.000114295675573,0.0001118448137833,0.0277871966819167,0.0008146685921768,0.5
10,25,0.4,8.0,2,0.1135510497204224,0.0336973366485279,0.3369733664852794,0.0134789346594111,0.0001676027114841,0.0004626141474756,0.0286209413205082,0.0010034534012051,0.5
10,25,0.4,8.0,3,0.1159286666794208,0.0340482990293819,0.340482990293819,0.0136193196117527,0.0003367657067177,-2.3455001604451992e-05,0.0293635472817221,0.0008393791705784,0.5
10,25,0.4,8.0,4,0.1125200005854432,0.0335440010412358,0.3354400104123586,0.0134176004164943,-0.0002702198448344,-0.0002363468862963,0.027976125812738,0.0009751470725599,0.5
10,25,0.4,8.0,5,0.1154398150052208,0.0339764352169589,0.3397643521695895,0.0135905740867835,0.000159810583496,-0.0002057470775402,0.0301845561624062,0.0009321996298351,0.5
10,25,0.4,8.0,6,0.1159045660737793,0.0340447596663244,0.3404475966632447,0.0136179038665297,0.0002536004665496,8.105824822200735e-06,0.029372574183613,0.0012055420909334,0.5
10,28,0.4,8.0,1,0.1314524847164767,0.0362563766414236,0.3625637664142361,0.0145025506565694,6.071236879875864e-05,-0.0028286970338902,0.0360160855729833,0.0012656364642288,0.56
10,28,0.4,8.0,2,0.1309776809995033,0.036190838757827,0.36190838757827,0.0144763355031308,0.0001341454971457,-0.0023873814870581,0.0378681938032956,0.0016407604852285,0.56
10,28,0.4,8.0,3,0.1301327580610118,0.0360739182874569,0.3607391828745691,0.0144295673149827,9.427938923522086e-05,-0.0032092643659437,0.0361936831562843,0.0012883218439571,0.56
10,28,0.4,8.0,4,0.1360455564351924,0.0368843539234717,0.3688435392347172,0.0147537415693886,-6.851053128179293e-05,-0.00302431763816,0.0389910726887042,0.0023289786892451,0.56
10,28,0.4,8.0,5,0.1343328250385123,0.0366514426780873,0.3665144267808735,0.0146605770712349,0.0003860981663123,-0.0028810093726784,0.0406729425498047,0.0023193251904975,0.56
10,28,0.4,8.0,6,0.1260294676865767,0.0355006292460537,0.3550062924605375,0.0142002516984215,0.000212353324009,-0.0023709071644298,0.0353353116484111,0.0011676670634227,0.56
10,33,0.4,8.0,1,0.1667439466829103,0.0408342927798327,0.4083429277983278,0.0163337171119331,0.0002520001398638,0.0029494453538268,0.0557386658278816,0.0025277961325839,0.66
10,33,0.4,8.0,2,0.1603630271340161,0.0400453526809311,0.4004535268093118,0.0160181410723724,0.0011408412357172,0.0009259522139909,0.0552314842001418,0.002777511478142,0.66
10,33,0.4,8.0,3,0.1657003253031764,0.0407063048314602,0.4070630483146025,0.0162825219325841,0.0007455486790718,-0.000236409567486,0.0605270405408276,0.0029065342080077,0.66
10,33,0.4,8.0,4,0.1679401905046354,0.0409805064030003,0.4098050640300037,0.0163922025612001,0.0012524252842657,0.00105769625367,0.0602507612873181,0.0029177677889723,0.66
10,33,0.4,8.0,5,0.1830579900289603,0.0427852766765578,0.4278527667655782,0.0171141106706231,0.0006317305058731,-0.0001074621771154,0.0656863965147107,0.0047432380939221,0.66
10,33,0.4,8.0,6,0.1697302160027035,0.0411983271508326,0.4119832715083266,0.016479330860333,0.0010042840572235,0.0010484024159028,0.0579076143029019,0.0030895112230402,0.66
10,39,0.4,8.0,1,0.2010018500131293,0.0448332298650375,0.4483322986503754,0.017933291946015,-0.0011577577642447,0.0002585191876505,0.0744979130201139,0.0058441742960733,0.78
10,39,0.4,8.0,2,0.2240352681220598,0.0473323639935784,0.4733236399357841,0.0189329455974313,0.001562297049096,0.0014306942395169,0.0883933129089123,0.0073203840655213,0.78
10,39,0.4,8.0,3,0.2031308707518862,0.0450700422400385,0.4507004224003859,0.0180280168960154,0.00069232134018,-5.847824241193844e-07,0.0738367501235996,0.0050586197920553,0.78
10,39,0.4,8.0,4,0.2020298077021118,0.0449477260495024,0.4494772604950242,0.0179790904198009,-0.0002877843873132,-0.0009932118594621,0.0741213581033901,0.0050185609024683,0.78
10,39,0.4,8.0,5,0.2267078986484583,0.0476138528842666,0.4761385288426661,0.0190455411537066,-0.000318498465056,0.0020683339470574,0.0844369528515609,0.0090866958204906,0.78
10,39,0.4,8.0,6,0.1943211241539689,0.0440818697600236,0.4408186976002367,0.0176327479040094,0.0006344418378973,0.0016948226908498,0.0770949430872112,0.0047838715779149,0.78
10,44,0.4,8.0,1,0.2443289837738758,0.049429645332925,0.4942964533292505,0.01977185813317,0.0017512380235083,0.0007621383190818,0.1072694922009251,0.0090248526989258,0.88
10,44,0.4,8.0,2,0.28835203603743,0.0536984204644261,0.5369842046442613,0.0214793681857704,-0.0005231283710887,0.0036478343458705,0.1341441309093555,0.0130231414058736,0.88
10,44,0.4,8.0,3,0.2622765834388116,0.0512129459647471,0.5121294596474719,0.0204851783858988,0.0020591911839954,0.0011077572000307,0.118639518875048,0.0131620677260302,0.88
10,44,0.4,8.0,4,0.2711838071712664,0.0520753115373558,0.5207531153735582,0.0208301246149423,-0.0012220269419213,0.0027799636385081,0.1116730557561489,0.0091705933726514,0.88
10,44,0.4,8.0,5,0.2709395407269638,0.0520518530627838,0.5205185306278383,0.0208207412251135,-0.0006288232032341,0.0025570627030327,0.1340416736074054,0.0275367818962807,0.88
10,44,0.4,8.0,6,0.2453899799627824,0.0495368529443264,0.4953685294432645,0.0198147411777305,0.0005695773876159,0.0002197670664958,0.1015904167780181,0.0140784900670352,0.88
10,50,0.4,8.0,1,0.3100234407833991,0.0556797486329993,0.5567974863299934,0.0222718994531997,0.001256390493871,0.0002602167581013,0.1502133989199293,0.0125957683931469,1.0
10,50,0.4,8.0,2,0.2679937328064795,0.0517681111116176,0.517681111116177,0.020707244444647,0.0033419550455499,-0.0038990885986665,0.1280115570323145,0.0132239606836267,1.0
10,50,0.4,8.0,3,0.3357089453623393,0.0579403956978496,0.5794039569784964,0.0231761582791398,0.0010235782763173,0.0006438246023846,0.1628606773960633,0.0209931473629307,1.0
10,50,0.4,8.0,4,0.3111467234096162,0.0557805273737723,0.5578052737377232,0.0223122109495089,0.0028372460702915,0.005074151510238,0.1588261505361988,0.0187460998484004,1.0
10,50,0.4,8.0,5,0.3629541250461505,0.0602456741223924,0.6024567412239243,0.0240982696489569,0.0030967811177204,-0.0018280691407983,0.1774789866537243,0.0182628977033465,1.0
10,50,0.4,8.0,6,0.2358873711062962,0.0485682376771379,0.4856823767713795,0.0194272950708551,0.0037936417437844,-0.0026622764125678,0.1040525516946758,0.0134009947159194,1.0
10,25,0.5,8.0,1,0.1108593273924279,0.033295544355428,0.3329554435542808,0.016647772177714,0.0002566529314665,-9.544245775883538e-05,0.0284964828817786,0.0013006111784017,0.5
10,25,0.5,8.0,2,0.1155408376810788,0.0339912985455217,0.3399129854552174,0.0169956492727608,1.796991592265786e-05,-6.219466073267823e-05,0.0286550408826255,0.0012777072567101,0.5
10,25,0.5,8.0,3,0.1142691319658835,0.0338037175419928,0.3380371754199285,0.0169018587709964,0.0001727052807032,0.0003341548364908,0.0299120791764118,0.0012767416350233,0.5
10,25,0.5,8.0,4,0.1085727193420406,0.0329503747083459,0.3295037470834598,0.0164751873541729,1.498775358006462e-05,0.000422490729608,0.0261911842860906,0.0009922178842496,0.5
10,25,0.5,8.0,5,0.1086032170080035,0.0329550022011838,0.3295500220118389,0.0164775011005919,0.0001936579144602,0.0001574650346701,0.0278340903051,0.0007901386573818,0.5
10,25,0.5,8.0,6,0.1063712434347641,0.0326146046173741,0.3261460461737412,0.016307302308687,-2.8863577159608454e-06,0.0001251746949132,0.0265550345584574,0.0008670687314825,0.5
10,28,0.5,8.0,1,0.1153543281669821,0.0339638525740208,0.3396385257402083,0.0169819262870104,0.0013916411836924,0.0004338625041811,0.0298937120689583,0.0010098337830541,0.56
10,28,0.5,8.0,2,0.1217317891753774,0.0348900830000986,0.3489008300009867,0.0174450415000493,0.0014544618728582,-0.000314900197351,0.0334666669549752,0.0011677785122555,0.56
10,28,0.5,8.0,3,0.1178367548294591,0.0343273585976927,0.3432735859769276,0.0171636792988463,0.0021082909199968,0.000192350432746,0.0327278652519636,0.0013940395497478,0.56
10,28,0.5,8.0,4,0.1150327457463032,0.0339164776688711,0.3391647766887111,0.0169582388344355,0.0016971955116377,-0.0006442826588107,0.0306450301250614,0.001715317423003,0.56
10,28,0.5,8.0,5,0.1124345640869294,0.0335312636336493,0.3353126363364933,0.0167656318168246,0.0016729084374121,0.000529838133476,0.0305245092355113,0.0010326688302917,0.56
10,28,0.5,8.0,6,0.1148466163029824,0.0338890271773892,0.3388902717738921,0.0169445135886946,0.0015273545325095,0.0002144729562121,0.0292773227134241,0.0008490852579472,0.56
10,33,0.5,8.0,1,0.1328042261872798,0.0364423141673631,0.3644231416736317,0.0182211570836815,0.0006151898338967,-0.0011015883149506,0.0404976223735306,0.0017269455319534,0.66
10,33,0.5,8.0,2,0.1357231283839264,0.0368406200251741,0.3684062002517417,0.018420310012587,0.0014170160600452,0.0011661549659139,0.0406351254072992,0.0019575064604345,0.66
10,33,0.5,8.0,3,0.1300451256766502,0.036061770017104,0.3606177001710401,0.018030885008552,0.0011995368484638,-0.000700618066241,0.0377409439348711,0.0016766408701163,0.66
10,33,0.5,8.0,4,0.1316467584036646,0.0362831584076778,0.3628315840767788,0.0181415792038389,0.0012645807039564,3.817229870801679e-05,0.0389289058121603,0.0015483801166149,0.66
10,33,0.5,8.0,5,0.1400385492725469,0.0374217248764066,0.3742172487640661,0.0187108624382033,0.0004037085307678,-0.0010572145895117,0.0408014941827797,0.0020425440595504,0.66
10,33,0.5,8.0,6,0.1307265980467259,0.0361561333727385,0.3615613337273857,0.0180780666863692,0.0007709438243961,0.0010734907490688,0.0391998489716366,0.00231496107331,0.66
10,39,0.5,8.0,1,0.1528874708965134,0.0391008274716166,0.3910082747161669,0.0195504137358083,0.000531995320047,-0.0048209686673294,0.0476055465800018,0.002912697529019,0.78
10,39,0.5,8.0,2,0.1625727934071748,0.0403203166415114,0.4032031664151148,0.0201601583207557,-0.0002764122296753,-0.0055336410475104,0.0551186086528139,0.0028548671332771,0.78
10,39,0.5,8.0,3,0.1482364674559882,0.0385014892511949,0.3850148925119497,0.0192507446255974,0.0006970878606366,-0.0035150036588646,0.0493810152601606,0.0031671749898205,0.78
10,39,0.5,8.0,4,0.1425978734739804,0.0377621336094745,0.3776213360947451,0.0188810668047372,-0.0018760100761433,-0.0066137438948178,0.0436298751921966,0.0023957238571607,0.78
10,39,0.5,8.0,5,0.1580123672947218,0.0397507694635867,0.3975076946358672,0.0198753847317933,-0.000210096690557,-0.003807804952459,0.050725437849312,0.0033696113260527,0.78
10,39,0.5,8.0,6,0.1626493973694019,0.0403298149474308,0.4032981494743088,0.0201649074737154,-8.794752131211212e-05,-0.0055506353965684,0.0525839136915083,0.0030394472021484,0.78
10,44,0.5,8.0,1,0.1810823217212761,0.0425537685430181,0.4255376854301815,0.021276884271509,-0.0006622930162666,0.0006714416046407,0.0662218538984343,0.0058941810822681,0.88
10,44,0.5,8.0,2,0.2218729238682887,0.047103388823766,0.4710338882376603,0.023551694411883,0.0017741092549863,0.0016634109164652,0.0851029368244882,0.0071654962906906,0.88
10,44,0.5,8.0,3,0.2086453671915191,0.0456777152659279,0.45677715265928,0.0228388576329639,0.0005352104931565,-0.0045386668495861,0.0778756673091376,0.007137075735584,0.88
10,44,0.5,8.0,4,0.1944171216096674,0.044092756957313,0.44092756957313,0.0220463784786565,0.0014677487499447,-0.001497044871775,0.0747657453100952,0.0071481693733013,0.88
10,44,0.5,8.0,5,0.1963427644530448,0.0443105816315973,0.443105816315973,0.0221552908157986,0.002605879775521,-0.0035630026380656,0.0741319047099636,0.0061950188628029,0.88
10,44,0.5,8.0,6,0.2092994630136972,0.04574925824685,0.4574925824685,0.022874629123425,0.0017446597958948,-2.375401659621669e-05,0.0754055875228038,0.0090755780120572,0.88
10,50,0.5,8.0,1,0.2770952753506687,0.0526398399836728,0.5263983998367289,0.0263199199918364,-0.0031793467828626,-0.0036800032540273,0.1350293350495929,0.0119618723176269,1.0
10,50,0.5,8.0,2,0.2727353781439732,0.0522240728155104,0.5222407281551039,0.0261120364077552,-0.0019103555540759,0.0030793748175235,0.1302678602009152,0.0189523221247043,1.0
10,50,0.5,8.0,3,0.3395550765010857,0.0582713545836276,0.582713545836276,0.0291356772918138,-0.0040664371747177,0.0003166358536122,0.1741804720784841,0.0227844392366309,1.0
10,50,0.5,8.0,4,0.3530297805731582,0.0594163092570683,0.5941630925706831,0.0297081546285341,-0.0026373309994624,0.0035239058813439,0.1663985528492764,0.0250707923578051,1.0
10,50,0.5,8.0,5,0.3308450976035711,0.0575191357379064,0.5751913573790649,0.0287595678689532,-0.0012013064869992,-0.0101022536992736,0.1558829561961412,0.0144298273565882,1.0
10,50,0.5,8.0,6,0.2886394530251357,0.0537251759443499,0.5372517594434993,0.0268625879721749,-0.0015221530653939,0.0033107389767939,0.1383135523303097,0.0192728454504665,1.0
10,25,0.6,8.0,1,0.0909839613266177,0.0301635477566246,0.3016354775662467,0.0180981286539748,0.0001876143037135,0.0002648848570778,0.0213833402386742,0.0007422959476178,0.5
10,25,0.6,8.0,2,0.0923111032443084,0.0303827423456653,0.3038274234566531,0.0182296454073991,-1.0224760860293448e-05,-2.986682096060011e-05,0.0217483900883059,0.000997796698473,0.5
10,25,0.6,8.0,3,0.091883052812844,0.0303122174729669,0.3031221747296692,0.0181873304837801,0.0003829643971517,-0.0004821357659434,0.0223722270268588,0.0010765732658309,0.5
10,25,0.6,8.0,4,0.0877526927905901,0.02962308099955,0.2962308099955003,0.01777384859973,0.0004453344396966,0.0004561625853918,0.0200590269752656,0.0013537166564606,0.5
10,25,0.6,8.0,5,0.0932369141111226,0.0305347202559844,0.3053472025598443,0.0183208321535906,-6.284051702262795e-06,-5.4642002145756096e-05,0.0227307983085727,0.0007106934289354,0.5
10,25,0.6,8.0,6,0.0913138854413072,0.030218187477297,0.3021818747729705,0.0181309124863782,9.26786723425109e-05,0.0005668382607993,0.0221186571286554,0.0012015495086618,0.5
10,28,0.6,8.0,1,0.1071717911511774,0.0327371029798266,0.3273710297982664,0.0196422617878959,-0.0003866953828681,-3.659534407500095e-05,0.0264627081466535,0.0012711512001005,0.56
10,28,0.6,8.0,2,0.1082460045914384,0.0329007605674152,0.3290076056741522,0.0197404563404491,-8.371557005821688e-05,-0.0001517468506805,0.0286793990297399,0.0011833432995653,0.56
10,28,0.6,8.0,3,0.1054441556463667,0.0324721658726926,0.3247216587269267,0.0194832995236156,-0.0001250303637613,-0.0001266005636464,0.0258346339770769,0.0008409513946728,0.56
10,28,0.6,8.0,4,0.1071271792979389,0.0327302886174165,0.3273028861741658,0.0196381731704499,-0.0002623373201161,-0.0005214697919553,0.0259703357278038,0.000878436173643,0.56
10,28,0.6,8.0,5,0.1058325854774873,0.0325319205515886,0.3253192055158861,0.0195191523309531,0.000172239084777,0.0004572058385379,0.0259333816196866,0.0010191065301079,0.56
10,28,0.6,8.0,6,0.1043327251069506,0.0323005766367956,0.3230057663679561,0.0193803459820773,9.10919961198942e-05,-0.0010191246443157,0.0265921788689971,0.0009660362778964,0.56
10,33,0.6,8.0,1,0.1258003713655779,0.035468348053663,0.3546834805366299,0.0212810088321978,0.0005346622764199,0.0013030622304933,0.0364673703805065,0.0017444662790477,0.66
10,33,0.6,8.0,2,0.1323622363811098,0.0363816212367054,0.3638162123670546,0.0218289727420232,0.0004236745081757,0.0016039693401812,0.0372773676824527,0.0018429992681132,0.66
10,33,0.6,8.0,3,0.1264690417736226,0.0355624861017368,0.3556248610173685,0.0213374916610421,0.0002150932043512,0.0012682309692144,0.0374602348279339,0.0024223995071686,0.66
10,33,0.6,8.0,4,0.1263285613237416,0.0355427294005035,0.3554272940050351,0.0213256376403021,0.0004591494117051,0.0022458347533523,0.0362279944572728,0.0015619307788388,0.66
10,33,0.6,8.0,5,0.1255168224766809,0.0354283534018561,0.354283534018561,0.0212570120411136,0.0001685362213533,-0.0004708267836621,0.0342732706273067,0.0017104377856644,0.66
10,33,0.6,8.0,6,0.1179492193058729,0.0343437358634544,0.3434373586345448,0.0206062415180726,0.0004383624606334,0.0012261331473365,0.0348628999957461,0.0019829145212698,0.66
10,39,0.6,8.0,1,0.1456903512519446,0.0381694054514796,0.3816940545147968,0.0229016432708878,0.0005264904648116,0.0004779680221566,0.043605700455614,0.0025607480349763,0.78
10,39,0.6,8.0,2,0.164861468843675,0.0406031364359546,0.4060313643595468,0.0243618818615728,0.0012035054768884,-0.0027974384678421,0.0535576736896538,0.005691511616481,0.78
10,39,0.6,8.0,3,0.1443702446817576,0.0379960846248343,0.3799608462483439,0.0227976507749006,-0.0005729821624022,0.0001130419721474,0.0471414800034564,0.0026771100375554,0.78
10,39,0.6,8.0,4,0.1615930476088173,0.0401986377392091,0.4019863773920918,0.0241191826435255,-0.0001871975801966,-0.001156873814303,0.051488874869012,0.0037800728328109,0.78
10,39,0.6,8.0,5,0.1520198154051428,0.0389897185685076,0.3898971856850763,0.0233938311411045,0.0010466255405296,0.0017667826370029,0.0486348782254071,0.0041119716169679,0.78
10,39,0.6,8.0,6,0.1516956965305633,0.0389481317306187,0.3894813173061878,0.0233688790383712,-0.000100154425007,-0.0016350150533964,0.0436797086329914,0.002486068724943,0.78
10,44,0.6,8.0,1,0.1939057329054033,0.0440347286701534,0.4403472867015344,0.026420837202092,-0.0013560943989636,-0.0006982468482881,0.0715748455127988,0.0059245946819554,0.88
10,44,0.6,8.0,2,0.1821230469499081,0.0426758769036921,0.426758769036921,0.0256055261422152,-0.0014223464268637,-0.0009975200954268,0.0698166630660426,0.0070428986559287,0.88
10,44,0.6,8.0,3,0.2021174159488753,0.0449574705637311,0.4495747056373115,0.0269744823382386,-0.001181141474243,-0.0016202275481369,0.0754655648445401,0.0085775671008063,0.88
10,44,0.6,8.0,4,0.189489341845288,0.0435303735161195,0.4353037351611952,0.0261182241096717,-0.000404200459864,-0.0013616019079187,0.0690418425439938,0.0060178073274614,0.88
10,44,0.6,8.0,5,0.1903975382927865,0.0436345663772182,0.4363456637721824,0.0261807398263309,-0.0011259356829283,0.0008051697038157,0.070976572920569,0.007157626748454,0.88
10,44,0.6,8.0,6,0.2245022408082949,0.047381667426157,0.4738166742615702,0.0284290004556942,-0.0012493280215738,0.0006547040084418,0.0833024600958733,0.0064894063342162,0.88
10,50,0.6,8.0,1,0.2731799622385563,0.0522666205372565,0.522666205372565,0.0313599723223539,-0.0022772490076139,-0.0025710426474498,0.132044080191015,0.0174236744404756,1.0
10,50,0.6,8.0,2,0.2530732702350106,0.050306388285685,0.5030638828568501,0.030183832971411,-0.0027063101130521,-0.000884430719784,0.1127836665469625,0.0110814347103987,1.0
10,50,0.6,8.0,3,0.2380924710159491,0.0487947201053504,0.4879472010535045,0.0292768320632102,-0.0037956245980262,-0.0012006369299849,0.1026628928019183,0.0094406228853535,1.0
10,50,0.6,8.0,4,0.2902456174517291,0.0538744482525556,0.5387444825255561,0.0323246689515333,-0.0020430017271016,-0.0041763888151423,0.1291281159881827,0.0137076200107305,1.0
10,50,0.6,8.0,5,0.2479555873628502,0.0497951390562221,0.4979513905622217,0.0298770834337333,-0.0039353144690261,-0.0018221104086322,0.1154328190866195,0.0106250225251468,1.0
10,50,0.6,8.0,6,0.2323983945049039,0.0482077166545879,0.4820771665458798,0.0289246299927527,-0.0016767515043873,0.0047859517301053,0.1018682149348105,0.007498640446146,1.0
10,25,0.7,8.0,1,0.0875514923291842,0.0295891014275838,0.2958910142758381,0.0207123709993086,0.0003179105417073,-0.0004651018981119,0.0209690385226442,0.0006017483641726,0.5
10,25,0.7,8.0,2,0.0853809084212544,0.0292200117079467,0.2922001170794674,0.0204540081955627,-1.3462231315703384e-05,-0.0001517837345448,0.0203633768945808,0.0006628384940826,0.5
10,25,0.7,8.0,3,0.0857035249498045,0.0292751643803761,0.2927516438037616,0.0204926150662633,0.000173303480357,-0.0002577974466771,0.0190900087409312,0.0007606066369249,0.5
10,25,0.7,8.0,4,0.08615467420445,0.0293521164832197,0.2935211648321974,0.0205464815382538,0.0002423841280836,-0.00022077577957,0.0204039810532305,0.0005954419883391,0.5
10,25,0.7,8.0,5,0.0842236402230642,0.0290213094506544,0.290213094506544,0.020314916615458,0.0002201576693644,-0.0004071132552883,0.0199588497062534,0.0007236357760827,0.5
10,25,0.7,8.0,6,0.0860883288231365,0.0293408126716245,0.2934081267162458,0.0205385688701372,2.058530181768523e-05,0.0001454054121033,0.0200857160860624,0.0007330907362981,0.5
10,28,0.7,8.0,1,0.0979206511651691,0.0312922755908178,0.312922755908178,0.0219045929135724,-6.359823550108352e-05,-0.0002307743243187,0.0238932330080462,0.0006603700557105,0.56
10,28,0.7,8.0,2,0.1003380918937307,0.0316761885165704,0.3167618851657041,0.0221733319615992,0.0001161401105962,-0.000570653168142,0.0241838232592347,0.000797409524528,0.56
10,28,0.7,8.0,3,0.0991606488705062,0.0314897838783479,0.3148978387834795,0.0220428487148435,8.667893666332076e-05,-0.000243547443212,0.0234810170363016,0.0007666273833219,0.56
10,28,0.7,8.0,4,0.0998448064929806,0.0315982288258346,0.3159822882583463,0.0221187601780842,0.0004698754498886,-0.0011106102781876,0.0243742246567624,0.0009067441402667,0.56
10,28,0.7,8.0,5,0.0975526981776763,0.0312334273139654,0.3123342731396546,0.0218633991197758,-0.0005522835174059,-0.0005406709854564,0.0241058284865905,0.0008268167884429,0.56
10,28,0.7,8.0,6,0.1039331962387699,0.0322386718459011,0.3223867184590115,0.0225670702921308,-7.007986818691612e-05,0.0006414847187245,0.0269411893403394,0.0011582078366293,0.56
10,33,0.7,8.0,1,0.1250562063893117,0.035363286949789,0.35363286949789,0.0247543008648522,-0.000228879531762,0.0002854813316524,0.0380922981479099,0.001829946526054,0.66
10,33,0.7,8.0,2,0.1225503758930522,0.0350071958164392,0.3500719581643926,0.0245050370715074,-0.0006699059402014,0.0007689753490563,0.0382176924189771,0.0012434871544159,0.66
10,33,0.7,8.0,3,0.1243522502496171,0.0352636144275678,0.3526361442756785,0.0246845300992974,-0.0007163186805616,0.0003560747259504,0.0370336144925041,0.0021802376221868,0.66
10,33,0.7,8.0,4,0.1311367881316525,0.0362128137724276,0.3621281377242765,0.0253489696406993,0.0001566968700696,0.0014415198017225,0.0405259999615157,0.0022649640942901,0.66
10,33,0.7,8.0,5,0.1209427718479267,0.0347768273204912,0.3477682732049126,0.0243437791243438,-0.0006330003904971,-0.0005982149331502,0.0355898367015216,0.0012225611744513,0.66
10,33,0.7,8.0,6,0.1210813696486695,0.0347967483608267,0.347967483608267,0.0243577238525786,-0.0008926173002192,0.0012527590569248,0.0362644085195766,0.0013051898057879,0.66
10,39,0.7,8.0,1,0.144305510545505,0.0379875651424917,0.3798756514249169,0.0265912955997441,0.0001156437005768,0.0006867399416688,0.0434128958684814,0.0038493847591248,0.78
10,39,0.7,8.0,2,0.1447749025612251,0.0380492973077329,0.3804929730773292,0.026634508115413,-0.0008517306272017,-2.79016232387512e-05,0.0461220226275608,0.0028009589807634,0.78
10,39,0.7,8.0,3,0.1363230533771164,0.0369219519225509,0.3692195192255095,0.0258453663457856,-0.0002740196929817,-0.0016535974842397,0.0407357532446784,0.0021181924157593,0.78
10,39,0.7,8.0,4,0.1328420538982727,0.0364475038786297,0.364475038786297,0.0255132527150407,1.0005135120695237e-05,0.0002926061324924,0.0401994503186308,0.0017962577754109,0.78
10,39,0.7,8.0,5,0.1476938203134718,0.0384309537109699,0.3843095371096999,0.0269016675976789,0.0002925147281301,0.0003082460973722,0.0461012849389873,0.0036156948692705,0.78
10,39,0.7,8.0,6,0.1459107634222444,0.0381982674243537,0.3819826742435375,0.0267387871970476,-0.0011227426731056,0.0012272946392335,0.0458426031846111,0.0033065858799354,0.78
10,44,0.7,8.0,1,0.1795348855599981,0.0423715571533544,0.4237155715335444,0.0296600900073481,-0.0015287110975382,-0.0004265591211128,0.0654439750263099,0.0059181523487369,0.88
10,44,0.7,8.0,2,0.1864457013549713,0.0431793586514403,0.4317935865144032,0.0302255510560082,-0.000411673364852,-0.0006681971919602,0.0715205102587213,0.0061054444253647,0.88
10,44,0.7,8.0,3,0.170551974106048,0.0412979387023187,0.4129793870231878,0.0289085570916231,-0.0002613382875988,-0.0024608130090708,0.0561928031099621,0.003518993357041,0.88
10,44,0.7,8.0,4,0.1806523523447195,0.0425032178010935,0.4250321780109355,0.0297522524607654,-0.0019629571481603,0.0005708362155127,0.0645501033897283,0.0046148632681962,0.88
10,44,0.7,8.0,5,0.1828565601174171,0.0427617305680461,0.4276173056804613,0.0299332113976322,-0.0018887334538985,0.0008045339778897,0.0657127984306444,0.0083662399086591,0.88
10,44,0.7,8.0,6,0.1862702794741961,0.0431590407069244,0.4315904070692444,0.0302113284948471,-0.0012831206933306,0.0002630450678658,0.0656145315173704,0.0072615316516679,0.88
10,50,0.7,8.0,1,0.3006228333044102,0.0548290829126669,0.5482908291266692,0.0383803580388668,-0.0025879302438606,0.0043026436572069,0.1368552574510327,0.0125411520774473,1.0
10,50,0.7,8.0,2,0.2427317950435736,0.0492678186084561,0.4926781860845612,0.0344874730259192,-0.0029921336623162,0.0015655743861493,0.1098259827161535,0.0090001935633282,1.0
10,50,0.7,8.0,3,0.2394866983832511,0.0489373781871537,0.4893737818715374,0.0342561647310076,-0.00303148911371,0.0007232357631811,0.0955684287508469,0.0098684379191993,1.0
10,50,0.7,8.0,4,0.2258365789827067,0.0475222662530636,0.475222662530636,0.0332655863771445,-0.0037251989452075,-0.0024413932349456,0.1018198917760291,0.0089221289370011,1.0
10,50,0.7,8.0,5,0.272248124214125,0.0521774016422938,0.5217740164229386,0.0365241811496057,-0.0018649033556471,-0.0005457974021371,0.11544685949372,0.0139454509001935,1.0
10,50,0.7,8.0,6,0.280930651599372,0.0530028915814384,0.5300289158143846,0.0371020241070069,-0.0036235122048579,-0.0011592044690756,0.1269675878437898,0.0152877579975105,1.0
12,36,0.0,0.0,1,0.125,0.0294627825494394,0.3535533905932738,0.0,2.5731755538335744e-06,1.5419764230904953e-18,0.0250807584769973,2.1874030734153772e-18,0.5
12,36,0.0,0.0,2,0.125,0.0294627825494394,0.3535533905932738,0.0,2.5731755538335744e-06,1.5419764230904953e-18,0.0250807584769973,2.1874030734153772e-18,0.5
12,36,0.0,0.0,3,0.125,0.0294627825494394,0.3535533905932738,0.0,2.5731755538335744e-06,1.5419764230904953e-18,0.0250807584769973,2.1874030734153772e-18,0.5
12,36,0.0,0.0,4,0.125,0.0294627825494394,0.3535533905932738,0.0,2.5731755538335744e-06,1.5419764230904953e-18,0.0250807584769973,2.1874030734153772e-18,0.5
12,36,0.0,0.0,5,0.125,0.0294627825494394,0.3535533905932738,0.0,2.5731755538335744e-06,1.5419764230904953e-18,0.0250807584769973,2.1874030734153772e-18,0.5
12,36,0.0,0.0,6,0.125,0.0294627825494394,0.3535533905932738,0.0,2.5731755538335744e-06,1.5419764230904953e-18,0.0250807584769973,2.1874030734153772e-18,0.5
12,40,0.0,0.0,1,0.1388888888888889,0.031056499687497,0.372677996249965,0.0,-3.8549410577262387e-19,-0.0007053165860148,0.030076456281029,7.099661806259484e-19,0.5555555555555556
12,40,0.0,0.0,2,0.1388888888888889,0.031056499687497,0.372677996249965,0.0,-3.8549410577262387e-19,-0.0007053165860148,0.030076456281029,7.099661806259484e-19,0.5555555555555556
12,40,0.0,0.0,3,0.1388888888888889,0.031056499687497,0.372677996249965,0.0,-3.8549410577262387e-19,-0.0007053165860148,0.030076456281029,7.099661806259484e-19,0.5555555555555556
12,40,0.0,0.0,4,0.1388888888888889,0.031056499687497,0.372677996249965,0.0,-3.8549410577262387e-19,-0.0007053165860148,0.030076456281029,7.099661806259484e-19,0.5555555555555556
12,40,0.0,0.0,5,0.1388888888888889,0.031056499687497,0.372677996249965,0.0,-3.8549410577262387e-19,-0.0007053165860148,0.030076456281029,7.099661806259484e-19,0.5555555555555556
12,40,0.0,0.0,6,0.1388888888888889,0.031056499687497,0.372677996249965,0.0,-3.8549410577262387e-19,-0.0007053165860148,0.030076456281029,7.099661806259484e-19,0.5555555555555556
12,48,0.0,0.0,1,0.1666666666666667,0.0340206908719885,0.4082482904638631,0.0,4.026266677699552e-05,0.000445366056652,0.0454114576905069,4.651517947829005e-18,0.6666666666666666
12,48,0.0,0.0,2,0.1666666666666667,0.0340206908719885,0.4082482904638631,0.0,4.026266677699552e-05,0.000445366056652,0.0454114576905069,4.651517947829005e-18,0.6666666666666666
12,48,0.0,0.0,3,0.1666666666666667,0.0340206908719885,0.4082482904638631,0.0,4.026266677699552e-05,0.000445366056652,0.0454114576905069,4.651517947829005e-18,0.6666666666666666
12,48,0.0,0.0,4,0.1666666666666667,0.0340206908719885,0.4082482904638631,0.0,4.026266677699552e-05,0.000445366056652,0.0454114576905069,4.651517947829005e-18,0.6666666666666666
12,48,0.0,0.0,5,0.1666666666666667,0.0340206908719885,0.4082482904638631,0.0,4.026266677699552e-05,0.000445366056652,0.0454114576905069,4.651517947829005e-18,0.6666666666666666
12,48,0.0,0.0,6,0.1666666666666667,0.0340206908719885,0.4082482904638631,0.0,4.026266677699552e-05,0.000445366056652,0.0454114576905069,4.651517947829005e-18,0.6666666666666666
12,56,0.0,0.0,1,0.1875,0.0360843918243516,0.4330127018922193,0.0,-1.811038576010928e-05,-5.5380706908927935e-05,0.0549841465763163,9.813077866773594e-19,0.7777777777777778
12,56,0.0,0.0,2,0.1875,0.0360843918243516,0.4330127018922193,0.0,-1.811038576010928e-05,-5.5380706908927935e-05,0.0549841465763163,9.813077866773594e-19,0.7777777777777778
12,56,0.0,0.0,3,0.1875,0.0360843918243516,0.4330127018922193,0.0,-1.811038576010928e-05,-5.5380706908927935e-05,0.0549841465763163,9.813077866773594e-19,0.7777777777777778
12,56,0.0,0.0,4,0.1875,0.0360843918243516,0.4330127018922193,0.0,-1.811038576010928e-05,-5.5380706908927935e-05,0.0549841465763163,9.813077866773594e-19,0.7777777777777778
12,56,0.0,0.0,5,0.1875,0.0360843918243516,0.4330127018922193,0.0,-1.811038576010928e-05,-5.5380706908927935e-05,0.0549841465763163,9.813077866773594e-19,0.7777777777777778
12,56,0.0,0.0,6,0.1875,0.0360843918243516,0.4330127018922193,0.0,-1.811038576010928e-05,-5.5380706908927935e-05,0.0549841465763163,9.813077866773594e-19,0.7777777777777778
12,64,0.0,0.0,1,0.2137178321802741,0.0385246883486812,0.4622962601841746,0.0,-4.203359202289084e-06,0.0005968888255212,0.0662212234350031,4.0387402643330055e-17,0.8888888888888888
12,64,0.0,0.0,2,0.2137178321802741,0.0385246883486812,0.4622962601841746,0.0,-4.203359202289084e-06,0.0005968888255212,0.0662212234350031,4.0387402643330055e-17,0.8888888888888888
12,64,0.0,0.0,3,0.2137178321802741,0.0385246883486812,0.4622962601841746,0.0,-4.203359202289084e-06,0.0005968888255212,0.0662212234350031,4.0387402643330055e-17,0.8888888888888888
12,64,0.0,0.0,4,0.2137178321802741,0.0385246883486812,0.4622962601841746,0.0,-4.203359202289084e-06,0.0005968888255212,0.0662212234350031,4.0387402643330055e-17,0.8888888888888888
12,64,0.0,0.0,5,0.2137178321802741,0.0385246883486812,0.4622962601841746,0.0,-4.203359202289084e-06,0.0005968888255212,0.0662212234350031,4.0387402643330055e-17,0.8888888888888888
12,64,0.0,0.0,6,0.2137178321802741,0.0385246883486812,0.4622962601841746,0.0,-4.203359202289084e-06,0.0005968888255212,0.0662212234350031,4.0387402643330055e-17,0.8888888888888888
12,72,0.0,0.0,1,0.2083333333333332,0.0380362887156365,0.4564354645876383,0.0,-2.4093381610788993e-19,-0.0014796965740501,0.0624322301951432,7.71708267411326e-18,1.0
12,72,0.0,0.0,2,0.2083333333333332,0.0380362887156365,0.4564354645876383,0.0,-2.4093381610788993e-19,-0.0014796965740501,0.0624322301951432,7.71708267411326e-18,1.0
12,72,0.0,0.0,3,0.2083333333333332,0.0380362887156365,0.4564354645876383,0.0,-2.4093381610788993e-19,-0.0014796965740501,0.0624322301951432,7.71708267411326e-18,1.0
12,72,0.0,0.0,4,0.2083333333333332,0.0380362887156365,0.4564354645876383,0.0,-2.4093381610788993e-19,-0.0014796965740501,0.0624322301951432,7.71708267411326e-18,1.0
12,72,0.0,0.0,5,0.2083333333333332,0.0380362887156365,0.4564354645876383,0.0,-2.4093381610788993e-19,-0.0014796965740501,0.0624322301951432,7.71708267411326e-18,1.0
12,72,0.0,0.0,6,0.2083333333333332,0.0380362887156365,0.4564354645876383,0.0,-2.4093381610788993e-19,-0.0014796965740501,0.0624322301951432,7.71708267411326e-18,1.0
12,36,0.1,0.0,1,0.1243572445825268,0.0293869354691425,0.3526432256297104,0.0029386935469142,-7.371447703197995e-05,0.0,0.0248909775838074,2.7742019778133826e-18,0.5
12,36,0.1,0.0,2,0.1243572445825268,0.0293869354691425,0.3526432256297104,0.0029386935469142,-7.371447703197995e-05,0.0,0.0248909775838074,2.7742019778133826e-18,0.5
12,36,0.1,0.0,3,0.1243572445825268,0.0293869354691425,0.3526432256297104,0.0029386935469142,-7.371447703197995e-05,0.0,0.0248909775838074,2.7742019778133826e-18,0.5
12,36,0.1,0.0,4,0.1243572445825268,0.0293869354691425,0.3526432256297104,0.0029386935469142,-7.371447703197995e-05,0.0,0.0248909775838074,2.7742019778133826e-18,0.5
12,36,0.1,0.0,5,0.1243572445825268,0.0293869354691425,0.3526432256297104,0.0029386935469142,-7.371447703197995e-05,0.0,0.0248909775838074,2.7742019778133826e-18,0.5
12,36,0.1,0.0,6,0.1243572445825268,0.0293869354691425,0.3526432256297104,0.0029386935469142,-7.371447703197995e-05,0.0,0.0248909775838074,2.7742019778133826e-18,0.5
12,40,0.1,0.0,1,0.1380950053405722,0.0309676136091056,0.3716113633092672,0.0030967613609105,6.02334540269725e-19,0.0009625661238015,0.0298007419124286,1.0798566553092633e-18,0.5555555555555556
12,40,0.1,0.0,2,0.1380950053405722,0.0309676136091056,0.3716113633092672,0.0030967613609105,6.02334540269725e-19,0.0009625661238015,0.0298007419124286,1.0798566553092633e-18,0.5555555555555556
12,40,0.1,0.0,3,0.1380950053405722,0.0309676136091056,0.3716113633092672,0.0030967613609105,6.02334540269725e-19,0.0009625661238015,0.0298007419124286,1.0798566553092633e-18,0.5555555555555556
12,40,0.1,0.0,4,0.1380950053405722,0.0309676136091056,0.3716113633092672,0.0030967613609105,6.02334540269725e-19,0.0009625661238015,0.0298007419124286,1.0798566553092633e-18,0.5555555555555556
12,40,0.1,0.0,5,0.1380950053405722,0.0309676136091056,0.3716113633092672,0.0030967613609105,6.02334540269725e-19,0.0009625661238015,0.0298007419124286,1.0798566553092633e-18,0.5555555555555556
12,40,0.1,0.0,6,0.1380950053405722,0.0309676136091056,0.3716113633092672,0.0030967613609105,6.02334540269725e-19,0.0009625661238015,0.0298007419124286,1.0798566553092633e-18,0.5555555555555556
12,48,0.1,0.0,1,0.1656368911176899,0.0339154269959452,0.4069851239513429,0.0033915426995945,-7.061973842546674e-05,0.0011716781916255,0.0450682765894152,2.1597133106185266e-18,0.6666666666666666
12,48,0.1,0.0,2,0.1656368911176899,0.0339154269959452,0.4069851239513429,0.0033915426995945,-7.061973842546674e-05,0.0011716781916255,0.0450682765894152,2.1597133106185266e-18,0.6666666666666666
12,48,0.1,0.0,3,0.1656368911176899,0.0339154269959452,0.4069851239513429,0.0033915426995945,-7.061973842546674e-05,0.0011716781916255,0.0450682765894152,2.1597133106185266e-18,0.6666666666666666
12,48,0.1,0.0,4,0.1656368911176899,0.0339154269959452,0.4069851239513429,0.0033915426995945,-7.061973842546674e-05,0.0011716781916255,0.0450682765894152,2.1597133106185266e-18,0.6666666666666666
12,48,0.1,0.0,5,0.1656368911176899,0.0339154269959452,0.4069851239513429,0.0033915426995945,-7.061973842546674e-05,0.0011716781916255,0.0450682765894152,2.1597133106185266e-18,0.6666666666666666
12,48,0.1,0.0,6,0.1656368911176899,0.0339154269959452,0.4069851239513429,0.0033915426995945,-7.061973842546674e-05,0.0011716781916255,0.0450682765894152,2.1597133106185266e-18,0.6666666666666666
12,56,0.1,0.0,1,0.185228110640529,0.0358651129078462,0.4303813548941556,0.0035865112907846,1.5124588407614533e-05,-2.694495936224802e-06,0.0539566606773194,5.039662800387211e-18,0.7777777777777778
12,56,0.1,0.0,2,0.185228110640529,0.0358651129078462,0.4303813548941556,0.0035865112907846,1.5124588407614533e-05,-2.694495936224802e-06,0.0539566606773194,5.039662800387211e-18,0.7777777777777778
12,56,0.1,0.0,3,0.185228110640529,0.0358651129078462,0.4303813548941556,0.0035865112907846,1.5124588407614533e-05,-2.694495936224802e-06,0.0539566606773194,5.039662800387211e-18,0.7777777777777778
12,56,0.1,0.0,4,0.185228110640529,0.0358651129078462,0.4303813548941556,0.0035865112907846,1.5124588407614533e-05,-2.694495936224802e-06,0.0539566606773194,5.039662800387211e-18,0.7777777777777778
12,56,0.1,0.0,5,0.185228110640529,0.0358651129078462,0.4303813548941556,0.0035865112907846,1.5124588407614533e-05,-2.694495936224802e-06,0.0539566606773194,5.039662800387211e-18,0.7777777777777778
12,56,0.1,0.0,6,0.185228110640529,0.0358651129078462,0.4303813548941556,0.0035865112907846,1.5124588407614533e-05,-2.694495936224802e-06,0.0539566606773194,5.039662800387211e-18,0.7777777777777778
12,64,0.1,0.0,1,0.2096150908785262,0.038153117216331,0.4578374065959729,0.0038153117216331,4.676222732072943e-05,3.854941057726238e-17,0.0644802129418522,8.735844209138817e-18,0.8888888888888888
12,64,0.1,0.0,2,0.2096150908785262,0.038153117216331,0.4578374065959729,0.0038153117216331,4.676222732072943e-05,3.854941057726238e-17,0.0644802129418522,8.735844209138817e-18,0.8888888888888888
12,64,0.1,0.0,3,0.2096150908785262,0.038153117216331,0.4578374065959729,0.0038153117216331,4.676222732072943e-05,3.854941057726238e-17,0.0644802129418522,8.735844209138817e-18,0.8888888888888888
12,64,0.1,0.0,4,0.2096150908785262,0.038153117216331,0.4578374065959729,0.0038153117216331,4.676222732072943e-05,3.854941057726238e-17,0.0644802129418522,8.735844209138817e-18,0.8888888888888888
12,64,0.1,0.0,5,0.2096150908785262,0.038153117216331,0.4578374065959729,0.0038153117216331,4.676222732072943e-05,3.854941057726238e-17,0.0644802129418522,8.735844209138817e-18,0.8888888888888888
12,64,0.1,0.0,6,0.2096150908785262,0.038153117216331,0.4578374065959729,0.0038153117216331,4.676222732072943e-05,3.854941057726238e-17,0.0644802129418522,8.735844209138817e-18,0.8888888888888888
12,72,0.1,0.0,1,0.2030906745557592,0.037554652263564,0.4506558271627686,0.0037554652263564,2.5779918323544217e-18,0.00115922968157,0.0597792857213312,8.845388854693244e-19,1.0
12,72,0.1,0.0,2,0.2030906745557592,0.037554652263564,0.4506558271627686,0.0037554652263564,2.5779918323544217e-18,0.00115922968157,0.0597792857213312,8.845388854693244e-19,1.0
12,72,0.1,0.0,3,0.2030906745557592,0.037554652263564,0.4506558271627686,0.0037554652263564,2.5779918323544217e-18,0.00115922968157,0.0597792857213312,8.845388854693244e-19,1.0
12,72,0.1,0.0,4,0.2030906745557592,0.037554652263564,0.4506558271627686,0.0037554652263564,2.5779918323544217e-18,0.00115922968157,0.0597792857213312,8.845388854693244e-19,1.0
12,72,0.1,0.0,5,0.2030906745557592,0.037554652263564,0.4506558271627686,0.0037554652263564,2.5779918323544217e-18,0.00115922968157,0.0597792857213312,8.845388854693244e-19,1.0
12,72,0.1,0.0,6,0.2030906745557592,0.037554652263564,0.4506558271627686,0.0037554652263564,2.5779918323544217e-18,0.00115922968157,0.0597792857213312,8.845388854693244e-19,1.0
12,36,0.2,0.0,1,0.1222341282205618,0.0291349980717828,0.3496199768613942,0.0058269996143565,0.0002245194669927,-0.0002318765611013,0.024072506518471,2.294823455450081e-18,0.5
12,36,0.2,0.0,2,0.1222341282205618,0.0291349980717828,0.3496199768613942,0.0058269996143565,0.0002245194669927,-0.0002318765611013,0.024072506518471,2.294823455450081e-18,0.5
12,36,0.2,0.0,3,0.1222341282205618,0.0291349980717828,0.3496199768613942,0.0058269996143565,0.0002245194669927,-0.0002318765611013,0.024072506518471,2.294823455450081e-18,0.5
12,36,0.2,0.0,4,0.1222341282205618,0.0291349980717828,0.3496199768613942,0.0058269996143565,0.0002245194669927,-0.0002318765611013,0.024072506518471,2.294823455450081e-18,0.5
12,36,0.2,0.0,5,0.1222341282205618,0.0291349980717828,0.3496199768613942,0.0058269996143565,0.0002245194669927,-0.0002318765611013,0.024072506518471,2.294823455450081e-18,0.5
12,36,0.2,0.0,6,0.1222341282205618,0.0291349980717828,0.3496199768613942,0.0058269996143565,0.0002245194669927,-0.0002318765611013,0.024072506518471,2.294823455450081e-18,0.5
12,40,0.2,0.0,1,0.1358499717377856,0.0307148592950122,0.368578311540147,0.0061429718590024,1.1564823173178713e-18,-0.0017422618309433,0.029030513275001,3.9643270895265e-18,0.5555555555555556
12,40,0.2,0.0,2,0.1358499717377856,0.0307148592950122,0.368578311540147,0.0061429718590024,1.1564823173178713e-18,-0.0017422618309433,0.029030513275001,3.9643270895265e-18,0.5555555555555556
12,40,0.2,0.0,3,0.1358499717377856,0.0307148592950122,0.368578311540147,0.0061429718590024,1.1564823173178713e-18,-0.0017422618309433,0.029030513275001,3.9643270895265e-18,0.5555555555555556
12,40,0.2,0.0,4,0.1358499717377856,0.0307148592950122,0.368578311540147,0.0061429718590024,1.1564823173178713e-18,-0.0017422618309433,0.029030513275001,3.9643270895265e-18,0.5555555555555556
12,40,0.2,0.0,5,0.1358499717377856,0.0307148592950122,0.368578311540147,0.0061429718590024,1.1564823173178713e-18,-0.0017422618309433,0.029030513275001,3.9643270895265e-18,0.5555555555555556
12,40,0.2,0.0,6,0.1358499717377856,0.0307148592950122,0.368578311540147,0.0061429718590024,1.1564823173178713e-18,-0.0017422618309433,0.029030513275001,3.9643270895265e-18,0.5555555555555556
12,48,0.2,0.0,1,0.1598081757450611,0.0333133456474967,0.3997601477699611,0.0066626691294993,1.944830964139276e-05,0.0004577164132142,0.0398288940615399,4.8603224660638194e-18,0.6666666666666666
12,48,0.2,0.0,2,0.1598081757450611,0.0333133456474967,0.3997601477699611,0.0066626691294993,1.944830964139276e-05,0.0004577164132142,0.0398288940615399,4.8603224660638194e-18,0.6666666666666666
12,48,0.2,0.0,3,0.1598081757450611,0.0333133456474967,0.3997601477699611,0.0066626691294993,1.944830964139276e-05,0.0004577164132142,0.0398288940615399,4.8603224660638194e-18,0.6666666666666666
12,48,0.2,0.0,4,0.1598081757450611,0.0333133456474967,0.3997601477699611,0.0066626691294993,1.944830964139276e-05,0.0004577164132142,0.0398288940615399,4.8603224660638194e-18,0.6666666666666666
12,48,0.2,0.0,5,0.1598081757450611,0.0333133456474967,0.3997601477699611,0.0066626691294993,1.944830964139276e-05,0.0004577164132142,0.0398288940615399,4.8603224660638194e-18,0.6666666666666666
12,48,0.2,0.0,6,0.1598081757450611,0.0333133456474967,0.3997601477699611,0.0066626691294993,1.944830964139276e-05,0.0004577164132142,0.0398288940615399,4.8603224660638194e-18,0.6666666666666666
12,56,0.2,0.0,1,0.1851897622840263,0.0358614000822791,0.4303368009873503,0.0071722800164558,7.251360779997604e-05,-5.145055200584762e-05,0.0539151405964512,7.258942042213833e-18,0.7777777777777778
12,56,0.2,0.0,2,0.1851897622840263,0.0358614000822791,0.4303368009873503,0.0071722800164558,7.251360779997604e-05,-5.145055200584762e-05,0.0539151405964512,7.258942042213833e-18,0.7777777777777778
12,56,0.2,0.0,3,0.1851897622840263,0.0358614000822791,0.4303368009873503,0.0071722800164558,7.251360779997604e-05,-5.145055200584762e-05,0.0539151405964512,7.258942042213833e-18,0.7777777777777778
12,56,0.2,0.0,4,0.1851897622840263,0.0358614000822791,0.4303368009873503,0.0071722800164558,7.251360779997604e-05,-5.145055200584762e-05,0.0539151405964512,7.258942042213833e-18,0.7777777777777778
12,56,0.2,0.0,5,0.1851897622840263,0.0358614000822791,0.4303368009873503,0.0071722800164558,7.251360779997604e-05,-5.145055200584762e-05,0.0539151405964512,7.258942042213833e-18,0.7777777777777778
12,56,0.2,0.0,6,0.1851897622840263,0.0358614000822791,0.4303368009873503,0.0071722800164558,7.251360779997604e-05,-5.145055200584762e-05,0.0539151405964512,7.258942042213833e-18,0.7777777777777778
12,64,0.2,0.0,1,0.1966698798736565,0.0369562316081898,0.4434747792982782,0.0073912463216379,0.0001694904357082,-3.3923481307990903e-17,0.0578527965770138,1.847704454987373e-17,0.8888888888888888
12,64,0.2,0.0,2,0.1966698798736565,0.0369562316081898,0.4434747792982782,0.0073912463216379,0.0001694904357082,-3.3923481307990903e-17,0.0578527965770138,1.847704454987373e-17,0.8888888888888888
12,64,0.2,0.0,3,0.1966698798736565,0.0369562316081898,0.4434747792982782,0.0073912463216379,0.0001694904357082,-3.3923481307990903e-17,0.0578527965770138,1.847704454987373e-17,0.8888888888888888
12,64,0.2,0.0,4,0.1966698798736565,0.0369562316081898,0.4434747792982782,0.0073912463216379,0.0001694904357082,-3.3923481307990903e-17,0.0578527965770138,1.847704454987373e-17,0.8888888888888888
12,64,0.2,0.0,5,0.1966698798736565,0.0369562316081898,0.4434747792982782,0.0073912463216379,0.0001694904357082,-3.3923481307990903e-17,0.0578527965770138,1.847704454987373e-17,0.8888888888888888
12,64,0.2,0.0,6,0.1966698798736565,0.0369562316081898,0.4434747792982782,0.0073912463216379,0.0001694904357082,-3.3923481307990903e-17,0.0578527965770138,1.847704454987373e-17,0.8888888888888888
12,72,0.2,0.0,1,0.1946755413612833,0.0367683761087647,0.4412205133051763,0.0073536752217529,-4.8225308641991474e-05,-8.018277400070575e-17,0.0562573257671152,1.5515838457795462e-18,1.0
12,72,0.2,0.0,2,0.1946755413612833,0.0367683761087647,0.4412205133051763,0.0073536752217529,-4.8225308641991474e-05,-8.018277400070575e-17,0.0562573257671152,1.5515838457795462e-18,1.0
12,72,0.2,0.0,3,0.1946755413612833,0.0367683761087647,0.4412205133051763,0.0073536752217529,-4.8225308641991474e-05,-8.018277400070575e-17,0.0562573257671152,1.5515838457795462e-18,1.0
12,72,0.2,0.0,4,0.1946755413612833,0.0367683761087647,0.4412205133051763,0.0073536752217529,-4.8225308641991474e-05,-8.018277400070575e-17,0.0562573257671152,1.5515838457795462e-18,1.0
12,72,0.2,0.0,5,0.1946755413612833,0.0367683761087647,0.4412205133051763,0.0073536752217529,-4.8225308641991474e-05,-8.018277400070575e-17,0.0562573257671152,1.5515838457795462e-18,1.0
12,72,0.2,0.0,6,0.1946755413612833,0.0367683761087647,0.4412205133051763,0.0073536752217529,-4.8225308641991474e-05,-8.018277400070575e-17,0.0562573257671152,1.5515838457795462e-18,1.0
12,36,0.3,0.0,1,0.1192419848148933,0.0287761939629325,0.3453143275551903,0.0086328581888797,0.0001858079083359,0.0004205402849983,0.0231512409085677,2.156227088312433e-18,0.5
12,36,0.3,0.0,2,0.1192419848148933,0.0287761939629325,0.3453143275551903,0.0086328581888797,0.0001858079083359,0.0004205402849983,0.0231512409085677,2.156227088312433e-18,0.5
12,36,0.3,0.0,3,0.1192419848148933,0.0287761939629325,0.3453143275551903,0.0086328581888797,0.0001858079083359,0.0004205402849983,0.0231512409085677,2.156227088312433e-18,0.5
12,36,0.3,0.0,4,0.1192419848148933,0.0287761939629325,0.3453143275551903,0.0086328581888797,0.0001858079083359,0.0004205402849983,0.0231512409085677,2.156227088312433e-18,0.5
12,36,0.3,0.0,5,0.1192419848148933,0.0287761939629325,0.3453143275551903,0.0086328581888797,0.0001858079083359,0.0004205402849983,0.0231512409085677,2.156227088312433e-18,0.5
12,36,0.3,0.0,6,0.1192419848148933,0.0287761939629325,0.3453143275551903,0.0086328581888797,0.0001858079083359,0.0004205402849983,0.0231512409085677,2.156227088312433e-18,0.5
12,40,0.3,0.0,1,0.1325006985948723,0.0303338711713847,0.3640064540566174,0.0091001613514154,3.0357660829594124e-18,-0.001060758888973,0.0279078345007013,4.156102042626362e-18,0.5555555555555556
12,40,0.3,0.0,2,0.1325006985948723,0.0303338711713847,0.3640064540566174,0.0091001613514154,3.0357660829594124e-18,-0.001060758888973,0.0279078345007013,4.156102042626362e-18,0.5555555555555556
12,40,0.3,0.0,3,0.1325006985948723,0.0303338711713847,0.3640064540566174,0.0091001613514154,3.0357660829594124e-18,-0.001060758888973,0.0279078345007013,4.156102042626362e-18,0.5555555555555556
12,40,0.3,0.0,4,0.1325006985948723,0.0303338711713847,0.3640064540566174,0.0091001613514154,3.0357660829594124e-18,-0.001060758888973,0.0279078345007013,4.156102042626362e-18,0.5555555555555556
12,40,0.3,0.0,5,0.1325006985948723,0.0303338711713847,0.3640064540566174,0.0091001613514154,3.0357660829594124e-18,-0.001060758888973,0.0279078345007013,4.156102042626362e-18,0.5555555555555556
12,40,0.3,0.0,6,0.1325006985948723,0.0303338711713847,0.3640064540566174,0.0091001613514154,3.0357660829594124e-18,-0.001060758888973,0.0279078345007013,4.156102042626362e-18,0.5555555555555556
12,48,0.3,0.0,1,0.1485250554619694,0.0321157904505505,0.3853894854066071,0.0096347371351651,-0.0003589722688079,9.963082827882075e-12,0.033642384770319,5.402765562156018e-18,0.6666666666666666
12,48,0.3,0.0,2,0.1485250554619694,0.0321157904505505,0.3853894854066071,0.0096347371351651,-0.0003589722688079,9.963082827882075e-12,0.033642384770319,5.402765562156018e-18,0.6666666666666666
12,48,0.3,0.0,3,0.1485250554619694,0.0321157904505505,0.3853894854066071,0.0096347371351651,-0.0003589722688079,9.963082827882075e-12,0.033642384770319,5.402765562156018e-18,0.6666666666666666
12,48,0.3,0.0,4,0.1485250554619694,0.0321157904505505,0.3853894854066071,0.0096347371351651,-0.0003589722688079,9.963082827882075e-12,0.033642384770319,5.402765562156018e-18,0.6666666666666666
12,48,0.3,0.0,5,0.1485250554619694,0.0321157904505505,0.3853894854066071,0.0096347371351651,-0.0003589722688079,9.963082827882075e-12,0.033642384770319,5.402765562156018e-18,0.6666666666666666
12,48,0.3,0.0,6,0.1485250554619694,0.0321157904505505,0.3853894854066071,0.0096347371351651,-0.0003589722688079,9.963082827882075e-12,0.033642384770319,5.402765562156018e-18,0.6666666666666666
12,56,0.3,0.0,1,0.1656520196104365,0.0339169757981854,0.4070037095782255,0.0101750927394556,5.222462656657994e-05,0.0008176623355422,0.0404665260442808,6.123352725818513e-18,0.7777777777777778
12,56,0.3,0.0,2,0.1656520196104365,0.0339169757981854,0.4070037095782255,0.0101750927394556,5.222462656657994e-05,0.0008176623355422,0.0404665260442808,6.123352725818513e-18,0.7777777777777778
12,56,0.3,0.0,3,0.1656520196104365,0.0339169757981854,0.4070037095782255,0.0101750927394556,5.222462656657994e-05,0.0008176623355422,0.0404665260442808,6.123352725818513e-18,0.7777777777777778
12,56,0.3,0.0,4,0.1656520196104365,0.0339169757981854,0.4070037095782255,0.0101750927394556,5.222462656657994e-05,0.0008176623355422,0.0404665260442808,6.123352725818513e-18,0.7777777777777778
12,56,0.3,0.0,5,0.1656520196104365,0.0339169757981854,0.4070037095782255,0.0101750927394556,5.222462656657994e-05,0.0008176623355422,0.0404665260442808,6.123352725818513e-18,0.7777777777777778
12,56,0.3,0.0,6,0.1656520196104365,0.0339169757981854,0.4070037095782255,0.0101750927394556,5.222462656657994e-05,0.0008176623355422,0.0404665260442808,6.123352725818513e-18,0.7777777777777778
12,64,0.3,0.0,1,0.1895073566003803,0.0362770355696942,0.4353244268363312,0.0108831106709082,0.0001620127513164,-0.0009975887072362,0.0566100844880507,2.088379406232416e-17,0.8888888888888888
12,64,0.3,0.0,2,0.1895073566003803,0.0362770355696942,0.4353244268363312,0.0108831106709082,0.0001620127513164,-0.0009975887072362,0.0566100844880507,2.088379406232416e-17,0.8888888888888888
12,64,0.3,0.0,3,0.1895073566003803,0.0362770355696942,0.4353244268363312,0.0108831106709082,0.0001620127513164,-0.0009975887072362,0.0566100844880507,2.088379406232416e-17,0.8888888888888888
12,64,0.3,0.0,4,0.1895073566003803,0.0362770355696942,0.4353244268363312,0.0108831106709082,0.0001620127513164,-0.0009975887072362,0.0566100844880507,2.088379406232416e-17,0.8888888888888888
12,64,0.3,0.0,5,0.1895073566003803,0.0362770355696942,0.4353244268363312,0.0108831106709082,0.0001620127513164,-0.0009975887072362,0.0566100844880507,2.088379406232416e-17,0.8888888888888888
12,64,0.3,0.0,6,0.1895073566003803,0.0362770355696942,0.4353244268363312,0.0108831106709082,0.0001620127513164,-0.0009975887072362,0.0566100844880507,2.088379406232416e-17,0.8888888888888888
12,72,0.3,0.0,1,0.1832683177782343,0.0356748742287585,0.4280984907451021,0.0107024622686275,0.0002503564300905,-0.0001884663777462,0.051618853430334,5.551440374248966e-17,1.0
12,72,0.3,0.0,2,0.1832683177782343,0.0356748742287585,0.4280984907451021,0.0107024622686275,0.0002503564300905,-0.0001884663777462,0.051618853430334,5.551440374248966e-17,1.0
12,72,0.3,0.0,3,0.1832683177782343,0.0356748742287585,0.4280984907451021,0.0107024622686275,0.0002503564300905,-0.0001884663777462,0.051618853430334,5.551440374248966e-17,1.0
12,72,0.3,0.0,4,0.1832683177782343,0.0356748742287585,0.4280984907451021,0.0107024622686275,0.0002503564300905,-0.0001884663777462,0.051618853430334,5.551440374248966e-17,1.0
12,72,0.3,0.0,5,0.1832683177782343,0.0356748742287585,0.4280984907451021,0.0107024622686275,0.0002503564300905,-0.0001884663777462,0.051618853430334,5.551440374248966e-17,1.0
12,72,0.3,0.0,6,0.1832683177782343,0.0356748742287585,0.4280984907451021,0.0107024622686275,0.0002503564300905,-0.0001884663777462,0.051618853430334,5.551440374248966e-17,1.0
12,36,0.4,0.0,1,0.1155758039676974,0.0283303679781198,0.3399644157374378,0.0113321471912479,-0.0002032416448814,-0.0001681196340982,0.0220313049320563,1.3470381909355417e-17,0.5
12,36,0.4,0.0,2,0.1155758039676974,0.0283303679781198,0.3399644157374378,0.0113321471912479,-0.0002032416448814,-0.0001681196340982,0.0220313049320563,1.3470381909355417e-17,0.5
12,36,0.4,0.0,3,0.1155758039676974,0.0283303679781198,0.3399644157374378,0.0113321471912479,-0.0002032416448814,-0.0001681196340982,0.0220313049320563,1.3470381909355417e-17,0.5
12,36,0.4,0.0,4,0.1155758039676974,0.0283303679781198,0.3399644157374378,0.0113321471912479,-0.0002032416448814,-0.0001681196340982,0.0220313049320563,1.3470381909355417e-17,0.5
12,36,0.4,0.0,5,0.1155758039676974,0.0283303679781198,0.3399644157374378,0.0113321471912479,-0.0002032416448814,-0.0001681196340982,0.0220313049320563,1.3470381909355417e-17,0.5
12,36,0.4,0.0,6,0.1155758039676974,0.0283303679781198,0.3399644157374378,0.0113321471912479,-0.0002032416448814,-0.0001681196340982,0.0220313049320563,1.3470381909355417e-17,0.5
12,40,0.4,0.0,1,0.1255817742745035,0.0295312657142231,0.3543751885706779,0.0118125062856892,0.0009563432960214,0.0001489303778198,0.0265879293988831,1.5540063044689708e-18,0.5555555555555556
12,40,0.4,0.0,2,0.1255817742745035,0.0295312657142231,0.3543751885706779,0.0118125062856892,0.0009563432960214,0.0001489303778198,0.0265879293988831,1.5540063044689708e-18,0.5555555555555556
12,40,0.4,0.0,3,0.1255817742745035,0.0295312657142231,0.3543751885706779,0.0118125062856892,0.0009563432960214,0.0001489303778198,0.0265879293988831,1.5540063044689708e-18,0.5555555555555556
12,40,0.4,0.0,4,0.1255817742745035,0.0295312657142231,0.3543751885706779,0.0118125062856892,0.0009563432960214,0.0001489303778198,0.0265879293988831,1.5540063044689708e-18,0.5555555555555556
12,40,0.4,0.0,5,0.1255817742745035,0.0295312657142231,0.3543751885706779,0.0118125062856892,0.0009563432960214,0.0001489303778198,0.0265879293988831,1.5540063044689708e-18,0.5555555555555556
12,40,0.4,0.0,6,0.1255817742745035,0.0295312657142231,0.3543751885706779,0.0118125062856892,0.0009563432960214,0.0001489303778198,0.0265879293988831,1.5540063044689708e-18,0.5555555555555556
12,48,0.4,0.0,1,0.1363773093487204,0.0307744154819389,0.3692929857832672,0.0123097661927755,9.415855359258567e-05,-1.2572763847924002e-05,0.029244737019333,5.3263355940538915e-18,0.6666666666666666
12,48,0.4,0.0,2,0.1363773093487204,0.0307744154819389,0.3692929857832672,0.0123097661927755,9.415855359258567e-05,-1.2572763847924002e-05,0.029244737019333,5.3263355940538915e-18,0.6666666666666666
12,48,0.4,0.0,3,0.1363773093487204,0.0307744154819389,0.3692929857832672,0.0123097661927755,9.415855359258567e-05,-1.2572763847924002e-05,0.029244737019333,5.3263355940538915e-18,0.6666666666666666
12,48,0.4,0.0,4,0.1363773093487204,0.0307744154819389,0.3692929857832672,0.0123097661927755,9.415855359258567e-05,-1.2572763847924002e-05,0.029244737019333,5.3263355940538915e-18,0.6666666666666666
12,48,0.4,0.0,5,0.1363773093487204,0.0307744154819389,0.3692929857832672,0.0123097661927755,9.415855359258567e-05,-1.2572763847924002e-05,0.029244737019333,5.3263355940538915e-18,0.6666666666666666
12,48,0.4,0.0,6,0.1363773093487204,0.0307744154819389,0.3692929857832672,0.0123097661927755,9.415855359258567e-05,-1.2572763847924002e-05,0.029244737019333,5.3263355940538915e-18,0.6666666666666666
12,56,0.4,0.0,1,0.1528852030617114,0.0325837812268567,0.3910053747222811,0.0130335124907427,-1.15519397177026e-05,0.0008263111862414,0.0360547037674274,3.882836636520565e-18,0.7777777777777778
12,56,0.4,0.0,2,0.1528852030617114,0.0325837812268567,0.3910053747222811,0.0130335124907427,-1.15519397177026e-05,0.0008263111862414,0.0360547037674274,3.882836636520565e-18,0.7777777777777778
12,56,0.4,0.0,3,0.1528852030617114,0.0325837812268567,0.3910053747222811,0.0130335124907427,-1.15519397177026e-05,0.0008263111862414,0.0360547037674274,3.882836636520565e-18,0.7777777777777778
12,56,0.4,0.0,4,0.1528852030617114,0.0325837812268567,0.3910053747222811,0.0130335124907427,-1.15519397177026e-05,0.0008263111862414,0.0360547037674274,3.882836636520565e-18,0.7777777777777778
12,56,0.4,0.0,5,0.1528852030617114,0.0325837812268567,0.3910053747222811,0.0130335124907427,-1.15519397177026e-05,0.0008263111862414,0.0360547037674274,3.882836636520565e-18,0.7777777777777778
12,56,0.4,0.0,6,0.1528852030617114,0.0325837812268567,0.3910053747222811,0.0130335124907427,-1.15519397177026e-05,0.0008263111862414,0.0360547037674274,3.882836636520565e-18,0.7777777777777778
12,64,0.4,0.0,1,0.1595777583465305,0.0332893207711791,0.3994718492541502,0.0133157283084716,-6.2642792188051395e-19,-0.0014023893479591,0.0386785156241178,4.8230304383812544e-18,0.8888888888888888
12,64,0.4,0.0,2,0.1595777583465305,0.0332893207711791,0.3994718492541502,0.0133157283084716,-6.2642792188051395e-19,-0.0014023893479591,0.0386785156241178,4.8230304383812544e-18,0.8888888888888888
12,64,0.4,0.0,3,0.1595777583465305,0.0332893207711791,0.3994718492541502,0.0133157283084716,-6.2642792188051395e-19,-0.0014023893479591,0.0386785156241178,4.8230304383812544e-18,0.8888888888888888
12,64,0.4,0.0,4,0.1595777583465305,0.0332893207711791,0.3994718492541502,0.0133157283084716,-6.2642792188051395e-19,-0.0014023893479591,0.0386785156241178,4.8230304383812544e-18,0.8888888888888888
12,64,0.4,0.0,5,0.1595777583465305,0.0332893207711791,0.3994718492541502,0.0133157283084716,-6.2642792188051395e-19,-0.0014023893479591,0.0386785156241178,4.8230304383812544e-18,0.8888888888888888
12,64,0.4,0.0,6,0.1595777583465305,0.0332893207711791,0.3994718492541502,0.0133157283084716,-6.2642792188051395e-19,-0.0014023893479591,0.0386785156241178,4.8230304383812544e-18,0.8888888888888888
12,72,0.4,0.0,1,0.1699944250131999,0.034358650153483,0.4123038018417971,0.0137434600613932,-0.0008770293503544,2.2523942263788203e-09,0.045456031444375,3.2407308941019226e-18,1.0
12,72,0.4,0.0,2,0.1699944250131999,0.034358650153483,0.4123038018417971,0.0137434600613932,-0.0008770293503544,2.2523942263788203e-09,0.045456031444375,3.2407308941019226e-18,1.0
12,72,0.4,0.0,3,0.1699944250131999,0.034358650153483,0.4123038018417971,0.0137434600613932,-0.0008770293503544,2.2523942263788203e-09,0.045456031444375,3.2407308941019226e-18,1.0
12,72,0.4,0.0,4,0.1699944250131999,0.034358650153483,0.4123038018417971,0.0137434600613932,-0.0008770293503544,2.2523942263788203e-09,0.045456031444375,3.2407308941019226e-18,1.0
12,72,0.4,0.0,5,0.1699944250131999,0.034358650153483,0.4123038018417971,0.0137434600613932,-0.0008770293503544,2.2523942263788203e-09,0.045456031444375,3.2407308941019226e-18,1.0
12,72,0.4,0.0,6,0.1699944250131999,0.034358650153483,0.4123038018417971,0.0137434600613932,-0.0008770293503544,2.2523942263788203e-09,0.045456031444375,3.2407308941019226e-18,1.0
12,36,0.5,0.0,1,0.1092468475801388,0.0275437590708124,0.3305251088497496,0.0137718795354062,-0.0003156508827522,0.0003722456719133,0.0249691081622,7.789854913661e-18,0.5
12,36,0.5,0.0,2,0.1092468475801388,0.0275437590708124,0.3305251088497496,0.0137718795354062,-0.0003156508827522,0.0003722456719133,0.0249691081622,7.789854913661e-18,0.5
12,36,0.5,0.0,3,0.1092468475801388,0.0275437590708124,0.3305251088497496,0.0137718795354062,-0.0003156508827522,0.0003722456719133,0.0249691081622,7.789854913661e-18,0.5
12,36,0.5,0.0,4,0.1092468475801388,0.0275437590708124,0.3305251088497496,0.0137718795354062,-0.0003156508827522,0.0003722456719133,0.0249691081622,7.789854913661e-18,0.5
12,36,0.5,0.0,5,0.1092468475801388,0.0275437590708124,0.3305251088497496,0.0137718795354062,-0.0003156508827522,0.0003722456719133,0.0249691081622,7.789854913661e-18,0.5
12,36,0.5,0.0,6,0.1092468475801388,0.0275437590708124,0.3305251088497496,0.0137718795354062,-0.0003156508827522,0.0003722456719133,0.0249691081622,7.789854913661e-18,0.5
12,40,0.5,0.0,1,0.1144193316580307,0.0281882722434287,0.3382592669211455,0.0140941361217143,0.0001432527406384,1.011760235891051e-06,0.0250139574917718,1.6810267111374384e-17,0.5555555555555556
12,40,0.5,0.0,2,0.1144193316580307,0.0281882722434287,0.3382592669211455,0.0140941361217143,0.0001432527406384,1.011760235891051e-06,0.0250139574917718,1.6810267111374384e-17,0.5555555555555556
12,40,0.5,0.0,3,0.1144193316580307,0.0281882722434287,0.3382592669211455,0.0140941361217143,0.0001432527406384,1.011760235891051e-06,0.0250139574917718,1.6810267111374384e-17,0.5555555555555556
12,40,0.5,0.0,4,0.1144193316580307,0.0281882722434287,0.3382592669211455,0.0140941361217143,0.0001432527406384,1.011760235891051e-06,0.0250139574917718,1.6810267111374384e-17,0.5555555555555556
12,40,0.5,0.0,5,0.1144193316580307,0.0281882722434287,0.3382592669211455,0.0140941361217143,0.0001432527406384,1.011760235891051e-06,0.0250139574917718,1.6810267111374384e-17,0.5555555555555556
12,40,0.5,0.0,6,0.1144193316580307,0.0281882722434287,0.3382592669211455,0.0140941361217143,0.0001432527406384,1.011760235891051e-06,0.0250139574917718,1.6810267111374384e-17,0.5555555555555556
12,48,0.5,0.0,1,0.1206524867826651,0.0289458890267043,0.3473506683204527,0.0144729445133521,0.000329077531429,3.0839528461809906e-18,0.0227538075031501,2.0978681678024108e-18,0.6666666666666666
12,48,0.5,0.0,2,0.1206524867826651,0.0289458890267043,0.3473506683204527,0.0144729445133521,0.000329077531429,3.0839528461809906e-18,0.0227538075031501,2.0978681678024108e-18,0.6666666666666666
12,48,0.5,0.0,3,0.1206524867826651,0.0289458890267043,0.3473506683204527,0.0144729445133521,0.000329077531429,3.0839528461809906e-18,0.0227538075031501,2.0978681678024108e-18,0.6666666666666666
12,48,0.5,0.0,4,0.1206524867826651,0.0289458890267043,0.3473506683204527,0.0144729445133521,0.000329077531429,3.0839528461809906e-18,0.0227538075031501,2.0978681678024108e-18,0.6666666666666666
12,48,0.5,0.0,5,0.1206524867826651,0.0289458890267043,0.3473506683204527,0.0144729445133521,0.000329077531429,3.0839528461809906e-18,0.0227538075031501,2.0978681678024108e-18,0.6666666666666666
12,48,0.5,0.0,6,0.1206524867826651,0.0289458890267043,0.3473506683204527,0.0144729445133521,0.000329077531429,3.0839528461809906e-18,0.0227538075031501,2.0978681678024108e-18,0.6666666666666666
12,56,0.5,0.0,1,0.1303963545258114,0.0300920295055448,0.3611043540665377,0.0150460147527724,-2.8871638530690296e-05,-0.0005394177341563,0.0274339600644695,1.1896459904403528e-17,0.7777777777777778
12,56,0.5,0.0,2,0.1303963545258114,0.0300920295055448,0.3611043540665377,0.0150460147527724,-2.8871638530690296e-05,-0.0005394177341563,0.0274339600644695,1.1896459904403528e-17,0.7777777777777778
12,56,0.5,0.0,3,0.1303963545258114,0.0300920295055448,0.3611043540665377,0.0150460147527724,-2.8871638530690296e-05,-0.0005394177341563,0.0274339600644695,1.1896459904403528e-17,0.7777777777777778
12,56,0.5,0.0,4,0.1303963545258114,0.0300920295055448,0.3611043540665377,0.0150460147527724,-2.8871638530690296e-05,-0.0005394177341563,0.0274339600644695,1.1896459904403528e-17,0.7777777777777778
12,56,0.5,0.0,5,0.1303963545258114,0.0300920295055448,0.3611043540665377,0.0150460147527724,-2.8871638530690296e-05,-0.0005394177341563,0.0274339600644695,1.1896459904403528e-17,0.7777777777777778
12,56,0.5,0.0,6,0.1303963545258114,0.0300920295055448,0.3611043540665377,0.0150460147527724,-2.8871638530690296e-05,-0.0005394177341563,0.0274339600644695,1.1896459904403528e-17,0.7777777777777778
12,64,0.5,0.0,1,0.1461177695930441,0.0318544617484745,0.3822535409816947,0.0159272308742372,-0.0006021097715369,2.6213599192538418e-17,0.0325780192037473,2.2618026913899e-18,0.8888888888888888
12,64,0.5,0.0,2,0.1461177695930441,0.0318544617484745,0.3822535409816947,0.0159272308742372,-0.0006021097715369,2.6213599192538418e-17,0.0325780192037473,2.2618026913899e-18,0.8888888888888888
12,64,0.5,0.0,3,0.1461177695930441,0.0318544617484745,0.3822535409816947,0.0159272308742372,-0.0006021097715369,2.6213599192538418e-17,0.0325780192037473,2.2618026913899e-18,0.8888888888888888
12,64,0.5,0.0,4,0.1461177695930441,0.0318544617484745,0.3822535409816947,0.0159272308742372,-0.0006021097715369,2.6213599192538418e-17,0.0325780192037473,2.2618026913899e-18,0.8888888888888888
12,64,0.5,0.0,5,0.1461177695930441,0.0318544617484745,0.3822535409816947,0.0159272308742372,-0.0006021097715369,2.6213599192538418e-17,0.0325780192037473,2.2618026913899e-18,0.8888888888888888
12,64,0.5,0.0,6,0.1461177695930441,0.0318544617484745,0.3822535409816947,0.0159272308742372,-0.0006021097715369,2.6213599192538418e-17,0.0325780192037473,2.2618026913899e-18,0.8888888888888888
12,72,0.5,0.0,1,0.1600066584819333,0.0333340269179854,0.4000083230158259,0.0166670134589927,-0.0009469118844119,-1.490273953624271e-13,0.0416147069640875,5.8080863184148434e-18,1.0
12,72,0.5,0.0,2,0.1600066584819333,0.0333340269179854,0.4000083230158259,0.0166670134589927,-0.0009469118844119,-1.490273953624271e-13,0.0416147069640875,5.8080863184148434e-18,1.0
12,72,0.5,0.0,3,0.1600066584819333,0.0333340269179854,0.4000083230158259,0.0166670134589927,-0.0009469118844119,-1.490273953624271e-13,0.0416147069640875,5.8080863184148434e-18,1.0
12,72,0.5,0.0,4,0.1600066584819333,0.0333340269179854,0.4000083230158259,0.0166670134589927,-0.0009469118844119,-1.490273953624271e-13,0.0416147069640875,5.8080863184148434e-18,1.0
12,72,0.5,0.0,5,0.1600066584819333,0.0333340269179854,0.4000083230158259,0.0166670134589927,-0.0009469118844119,-1.490273953624271e-13,0.0416147069640875,5.8080863184148434e-18,1.0
12,72,0.5,0.0,6,0.1600066584819333,0.0333340269179854,0.4000083230158259,0.0166670134589927,-0.0009469118844119,-1.490273953624271e-13,0.0416147069640875,5.8080863184148434e-18,1.0
12,36,0.6,0.0,1,0.0850027605148282,0.0242960274123083,0.2915523289477006,0.014577616447385,0.0001912571311019,-8.108799099774503e-09,0.0143734829392227,3.5937990388104125e-18,0.5
12,36,0.6,0.0,2,0.0850027605148282,0.0242960274123083,0.2915523289477006,0.014577616447385,0.0001912571311019,-8.108799099774503e-09,0.0143734829392227,3.5937990388104125e-18,0.5
12,36,0.6,0.0,3,0.0850027605148282,0.0242960274123083,0.2915523289477006,0.014577616447385,0.0001912571311019,-8.108799099774503e-09,0.0143734829392227,3.5937990388104125e-18,0.5
12,36,0.6,0.0,4,0.0850027605148282,0.0242960274123083,0.2915523289477006,0.014577616447385,0.0001912571311019,-8.108799099774503e-09,0.0143734829392227,3.5937990388104125e-18,0.5
12,36,0.6,0.0,5,0.0850027605148282,0.0242960274123083,0.2915523289477006,0.014577616447385,0.0001912571311019,-8.108799099774503e-09,0.0143734829392227,3.5937990388104125e-18,0.5
12,36,0.6,0.0,6,0.0850027605148282,0.0242960274123083,0.2915523289477006,0.014577616447385,0.0001912571311019,-8.108799099774503e-09,0.0143734829392227,3.5937990388104125e-18,0.5
12,40,0.6,0.0,1,0.0955914387988544,0.025764887659432,0.3091786519131851,0.0154589325956592,0.000118209372243,0.0001611548492109,0.0174952127694999,2.1163804144231768e-17,0.5555555555555556
12,40,0.6,0.0,2,0.0955914387988544,0.025764887659432,0.3091786519131851,0.0154589325956592,0.000118209372243,0.0001611548492109,0.0174952127694999,2.1163804144231768e-17,0.5555555555555556
12,40,0.6,0.0,3,0.0955914387988544,0.025764887659432,0.3091786519131851,0.0154589325956592,0.000118209372243,0.0001611548492109,0.0174952127694999,2.1163804144231768e-17,0.5555555555555556
12,40,0.6,0.0,4,0.0955914387988544,0.025764887659432,0.3091786519131851,0.0154589325956592,0.000118209372243,0.0001611548492109,0.0174952127694999,2.1163804144231768e-17,0.5555555555555556
12,40,0.6,0.0,5,0.0955914387988544,0.025764887659432,0.3091786519131851,0.0154589325956592,0.000118209372243,0.0001611548492109,0.0174952127694999,2.1163804144231768e-17,0.5555555555555556
12,40,0.6,0.0,6,0.0955914387988544,0.025764887659432,0.3091786519131851,0.0154589325956592,0.000118209372243,0.0001611548492109,0.0174952127694999,2.1163804144231768e-17,0.5555555555555556
12,48,0.6,0.0,1,0.1041367387934139,0.0268918537326173,0.3227022447914082,0.0161351122395704,4.336808689942021e-19,2.3352460092873925e-05,0.0183772108113026,2.545082330843372e-18,0.6666666666666666
12,48,0.6,0.0,2,0.1041367387934139,0.0268918537326173,0.3227022447914082,0.0161351122395704,4.336808689942021e-19,2.3352460092873925e-05,0.0183772108113026,2.545082330843372e-18,0.6666666666666666
12,48,0.6,0.0,3,0.1041367387934139,0.0268918537326173,0.3227022447914082,0.0161351122395704,4.336808689942021e-19,2.3352460092873925e-05,0.0183772108113026,2.545082330843372e-18,0.6666666666666666
12,48,0.6,0.0,4,0.1041367387934139,0.0268918537326173,0.3227022447914082,0.0161351122395704,4.336808689942021e-19,2.3352460092873925e-05,0.0183772108113026,2.545082330843372e-18,0.6666666666666666
12,48,0.6,0.0,5,0.1041367387934139,0.0268918537326173,0.3227022447914082,0.0161351122395704,4.336808689942021e-19,2.3352460092873925e-05,0.0183772108113026,2.545082330843372e-18,0.6666666666666666
12,48,0.6,0.0,6,0.1041367387934139,0.0268918537326173,0.3227022447914082,0.0161351122395704,4.336808689942021e-19,2.3352460092873925e-05,0.0183772108113026,2.545082330843372e-18,0.6666666666666666
12,56,0.6,0.0,1,0.1249601364514965,0.0294580842105798,0.3534970105269583,0.0176748505263479,-2.0372535834601788e-05,-0.0004834030510192,0.0265738653340055,1.3969371746154785e-17,0.7777777777777778
12,56,0.6,0.0,2,0.1249601364514965,0.0294580842105798,0.3534970105269583,0.0176748505263479,-2.0372535834601788e-05,-0.0004834030510192,0.0265738653340055,1.3969371746154785e-17,0.7777777777777778
12,56,0.6,0.0,3,0.1249601364514965,0.0294580842105798,0.3534970105269583,0.0176748505263479,-2.0372535834601788e-05,-0.0004834030510192,0.0265738653340055,1.3969371746154785e-17,0.7777777777777778
12,56,0.6,0.0,4,0.1249601364514965,0.0294580842105798,0.3534970105269583,0.0176748505263479,-2.0372535834601788e-05,-0.0004834030510192,0.0265738653340055,1.3969371746154785e-17,0.7777777777777778
12,56,0.6,0.0,5,0.1249601364514965,0.0294580842105798,0.3534970105269583,0.0176748505263479,-2.0372535834601788e-05,-0.0004834030510192,0.0265738653340055,1.3969371746154785e-17,0.7777777777777778
12,56,0.6,0.0,6,0.1249601364514965,0.0294580842105798,0.3534970105269583,0.0176748505263479,-2.0372535834601788e-05,-0.0004834030510192,0.0265738653340055,1.3969371746154785e-17,0.7777777777777778
12,64,0.6,0.0,1,0.139962763915756,0.0311763313798121,0.3741159765577461,0.0187057988278873,0.0003722227919016,-9.251858538542969e-18,0.0314308194496114,6.2858298191503234e-18,0.8888888888888888
12,64,0.6,0.0,2,0.139962763915756,0.0311763313798121,0.3741159765577461,0.0187057988278873,0.0003722227919016,-9.251858538542969e-18,0.0314308194496114,6.2858298191503234e-18,0.8888888888888888
12,64,0.6,0.0,3,0.139962763915756,0.0311763313798121,0.3741159765577461,0.0187057988278873,0.0003722227919016,-9.251858538542969e-18,0.0314308194496114,6.2858298191503234e-18,0.8888888888888888
12,64,0.6,0.0,4,0.139962763915756,0.0311763313798121,0.3741159765577461,0.0187057988278873,0.0003722227919016,-9.251858538542969e-18,0.0314308194496114,6.2858298191503234e-18,0.8888888888888888
12,64,0.6,0.0,5,0.139962763915756,0.0311763313798121,0.3741159765577461,0.0187057988278873,0.0003722227919016,-9.251858538542969e-18,0.0314308194496114,6.2858298191503234e-18,0.8888888888888888
12,64,0.6,0.0,6,0.139962763915756,0.0311763313798121,0.3741159765577461,0.0187057988278873,0.0003722227919016,-9.251858538542969e-18,0.0314308194496114,6.2858298191503234e-18,0.8888888888888888
12,72,0.6,0.0,1,0.151543437167701,0.0324404836636456,0.3892858039637473,0.0194642901981873,-0.0010012703824405,1.0026177419162094e-12,0.0386209347003965,3.768784066493577e-18,1.0
12,72,0.6,0.0,2,0.151543437167701,0.0324404836636456,0.3892858039637473,0.0194642901981873,-0.0010012703824405,1.0026177419162094e-12,0.0386209347003965,3.768784066493577e-18,1.0
12,72,0.6,0.0,3,0.151543437167701,0.0324404836636456,0.3892858039637473,0.0194642901981873,-0.0010012703824405,1.0026177419162094e-12,0.0386209347003965,3.768784066493577e-18,1.0
12,72,0.6,0.0,4,0.151543437167701,0.0324404836636456,0.3892858039637473,0.0194642901981873,-0.0010012703824405,1.0026177419162094e-12,0.0386209347003965,3.768784066493577e-18,1.0
12,72,0.6,0.0,5,0.151543437167701,0.0324404836636456,0.3892858039637473,0.0194642901981873,-0.0010012703824405,1.0026177419162094e-12,0.0386209347003965,3.768784066493577e-18,1.0
12,72,0.6,0.0,6,0.151543437167701,0.0324404836636456,0.3892858039637473,0.0194642901981873,-0.0010012703824405,1.0026177419162094e-12,0.0386209347003965,3.768784066493577e-18,1.0
12,36,0.7,0.0,1,0.0747060761087671,0.0227770102340006,0.2733241228080081,0.0159439071638004,3.307314714399975e-05,-0.0001285677784094,0.0135864892435035,3.0742437412494137e-18,0.5
12,36,0.7,0.0,2,0.0747060761087671,0.0227770102340006,0.2733241228080081,0.0159439071638004,3.307314714399975e-05,-0.0001285677784094,0.0135864892435035,3.0742437412494137e-18,0.5
12,36,0.7,0.0,3,0.0747060761087671,0.0227770102340006,0.2733241228080081,0.0159439071638004,3.307314714399975e-05,-0.0001285677784094,0.0135864892435035,3.0742437412494137e-18,0.5
12,36,0.7,0.0,4,0.0747060761087671,0.0227770102340006,0.2733241228080081,0.0159439071638004,3.307314714399975e-05,-0.0001285677784094,0.0135864892435035,3.0742437412494137e-18,0.5
12,36,0.7,0.0,5,0.0747060761087671,0.0227770102340006,0.2733241228080081,0.0159439071638004,3.307314714399975e-05,-0.0001285677784094,0.0135864892435035,3.0742437412494137e-18,0.5
12,36,0.7,0.0,6,0.0747060761087671,0.0227770102340006,0.2733241228080081,0.0159439071638004,3.307314714399975e-05,-0.0001285677784094,0.0135864892435035,3.0742437412494137e-18,0.5
12,40,0.7,0.0,1,0.081797083312181,0.0238334911580119,0.2860018938961437,0.0166834438106083,9.210637885456532e-05,2.025415858641602e-05,0.0137686679043742,1.503566006366672e-18,0.5555555555555556
12,40,0.7,0.0,2,0.081797083312181,0.0238334911580119,0.2860018938961437,0.0166834438106083,9.210637885456532e-05,2.025415858641602e-05,0.0137686679043742,1.503566006366672e-18,0.5555555555555556
12,40,0.7,0.0,3,0.081797083312181,0.0238334911580119,0.2860018938961437,0.0166834438106083,9.210637885456532e-05,2.025415858641602e-05,0.0137686679043742,1.503566006366672e-18,0.5555555555555556
12,40,0.7,0.0,4,0.081797083312181,0.0238334911580119,0.2860018938961437,0.0166834438106083,9.210637885456532e-05,2.025415858641602e-05,0.0137686679043742,1.503566006366672e-18,0.5555555555555556
12,40,0.7,0.0,5,0.081797083312181,0.0238334911580119,0.2860018938961437,0.0166834438106083,9.210637885456532e-05,2.025415858641602e-05,0.0137686679043742,1.503566006366672e-18,0.5555555555555556
12,40,0.7,0.0,6,0.081797083312181,0.0238334911580119,0.2860018938961437,0.0166834438106083,9.210637885456532e-05,2.025415858641602e-05,0.0137686679043742,1.503566006366672e-18,0.5555555555555556
12,48,0.7,0.0,1,0.0987179415138794,0.0261828428653775,0.3141941143845305,0.0183279900057642,2.8912057932946786e-18,-7.237591871521145e-05,0.0168224269110101,9.138222949918397e-19,0.6666666666666666
12,48,0.7,0.0,2,0.0987179415138794,0.0261828428653775,0.3141941143845305,0.0183279900057642,2.8912057932946786e-18,-7.237591871521145e-05,0.0168224269110101,9.138222949918397e-19,0.6666666666666666
12,48,0.7,0.0,3,0.0987179415138794,0.0261828428653775,0.3141941143845305,0.0183279900057642,2.8912057932946786e-18,-7.237591871521145e-05,0.0168224269110101,9.138222949918397e-19,0.6666666666666666
12,48,0.7,0.0,4,0.0987179415138794,0.0261828428653775,0.3141941143845305,0.0183279900057642,2.8912057932946786e-18,-7.237591871521145e-05,0.0168224269110101,9.138222949918397e-19,0.6666666666666666
12,48,0.7,0.0,5,0.0987179415138794,0.0261828428653775,0.3141941143845305,0.0183279900057642,2.8912057932946786e-18,-7.237591871521145e-05,0.0168224269110101,9.138222949918397e-19,0.6666666666666666
12,48,0.7,0.0,6,0.0987179415138794,0.0261828428653775,0.3141941143845305,0.0183279900057642,2.8912057932946786e-18,-7.237591871521145e-05,0.0168224269110101,9.138222949918397e-19,0.6666666666666666
12,56,0.7,0.0,1,0.1175378685096657,0.028569830205722,0.342837962468665,0.0199988811440054,1.998987834441002e-05,1.8208143365118655e-05,0.0238108618405898,1.692755932018445e-17,0.7777777777777778
12,56,0.7,0.0,2,0.1175378685096657,0.028569830205722,0.342837962468665,0.0199988811440054,1.998987834441002e-05,1.8208143365118655e-05,0.0238108618405898,1.692755932018445e-17,0.7777777777777778
12,56,0.7,0.0,3,0.1175378685096657,0.028569830205722,0.342837962468665,0.0199988811440054,1.998987834441002e-05,1.8208143365118655e-05,0.0238108618405898,1.692755932018445e-17,0.7777777777777778
12,56,0.7,0.0,4,0.1175378685096657,0.028569830205722,0.342837962468665,0.0199988811440054,1.998987834441002e-05,1.8208143365118655e-05,0.0238108618405898,1.692755932018445e-17,0.7777777777777778
12,56,0.7,0.0,5,0.1175378685096657,0.028569830205722,0.342837962468665,0.0199988811440054,1.998987834441002e-05,1.8208143365118655e-05,0.0238108618405898,1.692755932018445e-17,0.7777777777777778
12,56,0.7,0.0,6,0.1175378685096657,0.028569830205722,0.342837962468665,0.0199988811440054,1.998987834441002e-05,1.8208143365118655e-05,0.0238108618405898,1.692755932018445e-17,0.7777777777777778
12,64,0.7,0.0,1,0.1269324072021981,0.0296896455016772,0.3562757460201271,0.020782751851174,2.1654846219374476e-06,0.0001555561355102,0.0269735145169544,4.884255578215357e-18,0.8888888888888888
12,64,0.7,0.0,2,0.1269324072021981,0.0296896455016772,0.3562757460201271,0.020782751851174,2.1654846219374476e-06,0.0001555561355102,0.0269735145169544,4.884255578215357e-18,0.8888888888888888
12,64,0.7,0.0,3,0.1269324072021981,0.0296896455016772,0.3562757460201271,0.020782751851174,2.1654846219374476e-06,0.0001555561355102,0.0269735145169544,4.884255578215357e-18,0.8888888888888888
12,64,0.7,0.0,4,0.1269324072021981,0.0296896455016772,0.3562757460201271,0.020782751851174,2.1654846219374476e-06,0.0001555561355102,0.0269735145169544,4.884255578215357e-18,0.8888888888888888
12,64,0.7,0.0,5,0.1269324072021981,0.0296896455016772,0.3562757460201271,0.020782751851174,2.1654846219374476e-06,0.0001555561355102,0.0269735145169544,4.884255578215357e-18,0.8888888888888888
12,64,0.7,0.0,6,0.1269324072021981,0.0296896455016772,0.3562757460201271,0.020782751851174,2.1654846219374476e-06,0.0001555561355102,0.0269735145169544,4.884255578215357e-18,0.8888888888888888
12,72,0.7,0.0,1,0.1443335326916346,0.03165937774574,0.379912532948881,0.022161564422018,-0.0010445857293331,4.2959463147301194e-15,0.0362645561416206,4.3782441089698516e-18,1.0
12,72,0.7,0.0,2,0.1443335326916346,0.03165937774574,0.379912532948881,0.022161564422018,-0.0010445857293331,4.2959463147301194e-15,0.0362645561416206,4.3782441089698516e-18,1.0
12,72,0.7,0.0,3,0.1443335326916346,0.03165937774574,0.379912532948881,0.022161564422018,-0.0010445857293331,4.2959463147301194e-15,0.0362645561416206,4.3782441089698516e-18,1.0
12,72,0.7,0.0,4,0.1443335326916346,0.03165937774574,0.379912532948881,0.022161564422018,-0.0010445857293331,4.2959463147301194e-15,0.0362645561416206,4.3782441089698516e-18,1.0
12,72,0.7,0.0,5,0.1443335326916346,0.03165937774574,0.379912532948881,0.022161564422018,-0.0010445857293331,4.2959463147301194e-15,0.0362645561416206,4.3782441089698516e-18,1.0
12,72,0.7,0.0,6,0.1443335326916346,0.03165937774574,0.379912532948881,0.022161564422018,-0.0010445857293331,4.2959463147301194e-15,0.0362645561416206,4.3782441089698516e-18,1.0
12,36,0.0,2.0,1,0.1321284804446651,0.0302912345733355,0.363494814880027,0.0,-0.0005343617113417,7.56978355183439e-05,0.0287511734676062,0.0002078790759695,0.5
12,36,0.0,2.0,2,0.1320384248211551,0.03028090992197,0.363370919063641,0.0,-0.0004761014422941,-6.227242093386548e-05,0.0288370051516278,0.0002032937458505,0.5
12,36,0.0,2.0,3,0.133212983772588,0.0304152949202768,0.3649835390433218,0.0,-0.000538616657841,6.701936526623542e-05,0.0291096841067284,0.0001831589740672,0.5
12,36,0.0,2.0,4,0.1334696273294805,0.030444579353479,0.3653349522417483,0.0,-0.0005208055411746,6.767304513422001e-05,0.0291568430777075,0.0002445382144472,0.5
12,36,0.0,2.0,5,0.1316978478817284,0.0302418317578079,0.3629019810936948,0.0,-0.0006111367416466,7.490558187279389e-05,0.0285079345669686,0.0002411216371823,0.5
12,36,0.0,2.0,6,0.1321814425347676,0.0302973049010835,0.3635676588130023,0.0,-0.000547285555886,5.489195622739029e-05,0.0287412364477262,0.000189030825064,0.5
12,40,0.0,2.0,1,0.1498330423459346,0.0322568944338018,0.3870827332056218,0.0,-3.610713019217795e-06,-0.0015660650106175,0.035697780115131,0.0002865686933898,0.5555555555555556
12,40,0.0,2.0,2,0.1489011274608372,0.0321564240450788,0.3858770885409462,0.0,-1.3922473154832857e-06,-0.0017786697561142,0.0356251038539549,0.0002859990185981,0.5555555555555556
12,40,0.0,2.0,3,0.1499195403267729,0.0322662039746841,0.3871944476962098,0.0,-2.9164028805950125e-05,-0.0014386851542542,0.0354814185376827,0.0002840810461896,0.5555555555555556
12,40,0.0,2.0,4,0.1507335218100986,0.0323536793599381,0.3882441523192572,0.0,-5.525259600166309e-06,-0.0015907235388092,0.0362852172831977,0.0003477302322522,0.5555555555555556
12,40,0.0,2.0,5,0.1490641870702145,0.0321740262597856,0.3860883151174282,0.0,-3.431123321957162e-05,-0.0017671564125919,0.0355601672783751,0.0002786452852922,0.5555555555555556
12,40,0.0,2.0,6,0.1495842570307046,0.0322301033618141,0.3867612403417703,0.0,-2.098556622054396e-05,-0.001537875238858,0.035809862935003,0.0002628031877281,0.5555555555555556
12,48,0.0,2.0,1,0.1928983736797556,0.036600164472892,0.4392019736747043,0.0,7.571778626132354e-05,0.0004737130675187,0.0616345736707477,0.0005384065087728,0.6666666666666666
12,48,0.0,2.0,2,0.1907143770356282,0.0363923810169209,0.4367085722030519,0.0,0.0001937240276422,0.0004769755640028,0.0602797145539585,0.0007191380597592,0.6666666666666666
12,48,0.0,2.0,3,0.194705617162555,0.0367712162078796,0.4412545944945559,0.0,0.0001288123134261,0.0004129296290595,0.062556612384063,0.0007593988889299,0.6666666666666666
12,48,0.0,2.0,4,0.1951177166952351,0.0368101092597795,0.441721311117355,0.0,0.0001269971518146,0.0003066298080669,0.0628996440679342,0.0008028108420082,0.6666666666666666
12,48,0.0,2.0,5,0.1916351856701393,0.0364801302147769,0.4377615625773228,0.0,1.3876943209868523e-05,0.0001349646648401,0.0605638391585043,0.0005293527500382,0.6666666666666666
12,48,0.0,2.0,6,0.191205043474898,0.0364391657685657,0.437269989222789,0.0,6.780747334194273e-05,0.0004458367152144,0.0605052572430391,0.0008013485872549,0.6666666666666666
12,56,0.0,2.0,1,0.2271649290292858,0.0397181851218058,0.4766182214616703,0.0,-0.0001088289048058,0.0003090084141627,0.0799910412937251,0.0009067246103327,0.7777777777777778
12,56,0.0,2.0,2,0.2304318764899089,0.0400027669607148,0.4800332035285777,0.0,4.150964971514159e-05,0.0001609676124328,0.0812963124342587,0.0010106262613496,0.7777777777777778
12,56,0.0,2.0,3,0.2338386871807382,0.0402973916288444,0.483568699546133,0.0,-2.5766031544879393e-05,3.2522337131027676e-05,0.0826493834744435,0.0009370474676529,0.7777777777777778
12,56,0.0,2.0,4,0.2358433938265103,0.040469758413134,0.4856371009576083,0.0,-6.145225579272043e-05,0.0001559278936191,0.0849945157591412,0.0011530554740873,0.7777777777777778
12,56,0.0,2.0,5,0.227756659119338,0.039769881394172,0.4772385767300649,0.0,-8.775540869853106e-05,2.5260493803531186e-05,0.0798889592366637,0.0007519869047968,0.7777777777777778
12,56,0.0,2.0,6,0.229892769428397,0.0399559453082389,0.479471343698867,0.0,-0.0001764765521044,9.39334470156696e-05,0.0818228399414518,0.0009885583682213,0.7777777777777778
12,64,0.0,2.0,1,0.295000025016203,0.0452615872991076,0.5431390475892918,0.0,2.012580699189117e-05,-0.0004912734422965,0.1182444715534415,0.0018798152303706,0.8888888888888888
12,64,0.0,2.0,2,0.2887596335660691,0.0447802996092891,0.5373635953114698,0.0,1.6686617036374336e-05,-0.0005181123536732,0.1143108715408379,0.0017248744091804,0.8888888888888888
12,64,0.0,2.0,3,0.2925040391766337,0.0450697021272354,0.5408364255268258,0.0,-1.9383923795556335e-05,-0.0006847249863251,0.1156157489354948,0.0022206021787197,0.8888888888888888
12,64,0.0,2.0,4,0.2999204017041846,0.0456374908095325,0.547649889714391,0.0,5.1792797466345815e-05,-0.0005850031995375,0.1203611166901275,0.0017814448180825,0.8888888888888888
12,64,0.0,2.0,5,0.2849328447756598,0.0444825843554764,0.5337910122657179,0.0,-3.052378838729381e-05,-0.0007882563264538,0.1121095957226172,0.0014939562511786,0.8888888888888888
12,64,0.0,2.0,6,0.2938467362738508,0.0451730266335462,0.5420763196025544,0.0,-2.7425929303530876e-05,-0.0002814197081762,0.1185280236064477,0.0019575698282093,0.8888888888888888
12,72,0.0,2.0,1,0.2692028654179869,0.0432373026816019,0.5188476321792236,0.0,9.862730812973553e-06,7.544359780318261e-05,0.1006478509512061,0.0011236962671999,1.0
12,72,0.0,2.0,2,0.2716709607562488,0.0434350537485637,0.5212206449827643,0.0,3.0117400406653055e-05,7.361225472601411e-05,0.1019310098548948,0.001249498912693,1.0
12,72,0.0,2.0,3,0.2757273656869618,0.043758123506683,0.525097482080196,0.0,4.5695331571964514e-05,-9.716250212289206e-05,0.1025579816223339,0.0016661089338679,1.0
12,72,0.0,2.0,4,0.2798304982177286,0.044082506153056,0.528990073836673,0.0,7.960472060078188e-08,4.285178414457296e-05,0.1053256147553285,0.001701587518641,1.0
12,72,0.0,2.0,5,0.2681913107530022,0.043155992144857,0.5178719057382841,0.0,-6.43589197203471e-05,-6.202074906251786e-05,0.099583818268225,0.0013191185820265,1.0
12,72,0.0,2.0,6,0.2732410894261264,0.0435603898680809,0.5227246784169717,0.0,-8.944622760881008e-05,-8.920352155834039e-06,0.1028594478017827,0.0014345438230915,1.0
12,36,0.1,2.0,1,0.1308910313458182,0.0301490546362082,0.3617886556344991,0.0030149054636208,0.000401716883661,5.376637299088802e-05,0.0283358149392419,0.000215508657844,0.5
12,36,0.1,2.0,2,0.1310098029683758,0.0301627302874175,0.3619527634490111,0.0030162730287417,0.0004031297413317,-2.843360181764719e-05,0.0283312698038366,0.0001955312980347,0.5
12,36,0.1,2.0,3,0.1317615086398839,0.0302491400979575,0.36298968117549,0.0030249140097957,0.0004019743833996,-6.369601435119659e-05,0.0284185063164869,0.0002001887378811,0.5
12,36,0.1,2.0,4,0.1325384428600893,0.0303381913303193,0.3640582959638323,0.0030338191330319,0.0003935268430817,0.0001464789158668,0.0288530444466346,0.0003024004270482,0.5
12,36,0.1,2.0,5,0.1311871553063251,0.030183139529371,0.3621976743524523,0.0030183139529371,0.0003880108676849,-5.342012656617884e-05,0.0284099706298429,0.0002195424976911,0.5
12,36,0.1,2.0,6,0.1308385041016963,0.0301430045438149,0.361716054525779,0.0030143004543814,0.0003835640061156,4.537654431487687e-05,0.0284428876400526,0.0002116581052888,0.5
12,40,0.1,2.0,1,0.1491072690749135,0.032178675335594,0.3861441040271281,0.0032178675335594,2.7346980944327017e-05,0.0002740887477359,0.0355428583425758,0.0003075194286304,0.5555555555555556
12,40,0.1,2.0,2,0.1485632986364174,0.0321199248732622,0.3854390984791468,0.0032119924873262,3.241689329471232e-05,7.2386783931523e-06,0.0353580388087555,0.0002885752127475,0.5555555555555556
12,40,0.1,2.0,3,0.1494882096689948,0.032219754299898,0.3866370515987763,0.0032219754299898,-5.5816835196535055e-05,0.000169885628049,0.0354845930275255,0.000275351599435,0.5555555555555556
12,40,0.1,2.0,4,0.1497530967595925,0.0322482877193581,0.3869794526322974,0.0032248287719358,-6.896718464491667e-06,0.0002371993646083,0.0357802550635172,0.0003661534007748,0.5555555555555556
12,40,0.1,2.0,5,0.1478430085633977,0.0320419655993205,0.3845035871918462,0.003204196559932,-5.352918776277358e-05,-0.0001282746113533,0.0351487399603374,0.0002627704772381,0.5555555555555556
12,40,0.1,2.0,6,0.1485730170282992,0.0321209754318968,0.3854517051827624,0.0032120975431896,-2.3808919006563672e-05,6.089830067505489e-05,0.0355605372640181,0.0002688998418402,0.5555555555555556
12,48,0.1,2.0,1,0.1917738679416262,0.0364933277712083,0.4379199332545005,0.0036493327771208,0.0001637917655107,-0.0009051569251268,0.0609832040606575,0.0007462971430906,0.6666666666666666
12,48,0.1,2.0,2,0.1904559674893295,0.0363677176262487,0.4364126115149853,0.0036367717626248,0.0001555369104414,-0.0011757734866601,0.0602991033533065,0.0006509347544707,0.6666666666666666
12,48,0.1,2.0,3,0.19233123004083,0.0365463204981049,0.4385558459772599,0.0036546320498104,9.241168419849454e-05,-0.0012271134405934,0.0609854249190697,0.0006819038778129,0.6666666666666666
12,48,0.1,2.0,4,0.1924691094861361,0.0365594179124636,0.4387130149495637,0.0036559417912463,0.0001290583041942,-0.0012876639427817,0.0608631460841235,0.0007034064916663,0.6666666666666666
12,48,0.1,2.0,5,0.1885046499527665,0.0361809351608887,0.4341712219306648,0.0036180935160888,0.0001008916041808,-0.0009818740785126,0.0588393642254666,0.0006024760301693,0.6666666666666666
12,48,0.1,2.0,6,0.188817860362865,0.0362109809506561,0.4345317714078741,0.0036210980950656,0.0001009727246653,-0.0010492584615839,0.0592011465183702,0.0006148602786014,0.6666666666666666
12,56,0.1,2.0,1,0.2272036190836141,0.039721567319315,0.4766588078317804,0.0039721567319315,-0.0001996203863701,0.0004995957922197,0.0799944709780585,0.0011238485588657,0.7777777777777778
12,56,0.1,2.0,2,0.2246501218327773,0.0394977251307641,0.4739727015691699,0.0039497725130764,-5.322246049616112e-05,0.0003687385813036,0.0784936673244758,0.0009375816258654,0.7777777777777778
12,56,0.1,2.0,3,0.2277133829799258,0.0397661028686568,0.4771932344238818,0.0039766102868656,-8.028198014559697e-05,0.0003367940373269,0.0796353941754254,0.0009234464781026,0.7777777777777778
12,56,0.1,2.0,4,0.2289252148531859,0.039871774935165,0.4784612992219809,0.0039871774935165,-0.000149692618807,0.000359269121098,0.0804636175214718,0.0011413574218902,0.7777777777777778
12,56,0.1,2.0,5,0.2234205484370356,0.0393894857337374,0.4726738288048489,0.0039389485733737,-0.0001725213193128,0.0002410964447195,0.0776982816645942,0.0009917151145383,0.7777777777777778
12,56,0.1,2.0,6,0.2272300049941954,0.0397238737510961,0.4766864850131534,0.0039723873751096,-0.0001499684399892,0.0003073270948748,0.0804677578920783,0.0010297591845209,0.7777777777777778
12,64,0.1,2.0,1,0.2676772003125945,0.0431146082739393,0.5173752992872722,0.0043114608273939,6.82361644509151e-05,-5.349440471741043e-06,0.1002552084354193,0.0011051571105001,0.8888888888888888
12,64,0.1,2.0,2,0.2723949845343477,0.0434928940982786,0.5219147291793437,0.0043492894098278,0.000130967568732,-0.0001486124910832,0.1027928568525336,0.0013731241574926,0.8888888888888888
12,64,0.1,2.0,3,0.27343047759423,0.0435754834863715,0.522905801836459,0.0043575483486371,0.0001211143244579,-9.472652783627954e-05,0.1035360118105624,0.001178630477268,0.8888888888888888
12,64,0.1,2.0,4,0.2721519586842075,0.0434734879843936,0.5216818558127237,0.0043473487984393,7.741624429474531e-05,-3.9820183143092334e-05,0.1035240059788309,0.0017449650104307,0.8888888888888888
12,64,0.1,2.0,5,0.2647043872135483,0.0428745252009301,0.5144943024111621,0.004287452520093,0.0001412495231951,-3.1260417259235426e-05,0.0988131463451584,0.0013819209178844,0.8888888888888888
12,64,0.1,2.0,6,0.2686512027986741,0.0431929780493145,0.5183157365917749,0.0043192978049314,8.516141492208716e-05,-6.261966856105206e-05,0.1009999301140916,0.0015526689965437,0.8888888888888888
12,72,0.1,2.0,1,0.2628050205972711,0.0427204267916277,0.5126451214995331,0.0042720426791627,-2.702528993304089e-06,0.000179111160978,0.0961189520146526,0.0013141468281075,1.0
12,72,0.1,2.0,2,0.2612254676062914,0.0425918507142612,0.5111022085711345,0.0042591850714261,3.0112079474309135e-05,5.687024638896995e-07,0.0954029097896508,0.0011329580035271,1.0
12,72,0.1,2.0,3,0.2641477309301517,0.0428294202922535,0.5139530435070423,0.0042829420292253,-6.251457514877155e-05,-0.0001937769925291,0.0956361034702728,0.0012161290148531,1.0
12,72,0.1,2.0,4,0.2659988860585014,0.0429792332006676,0.5157507984080116,0.0042979233200667,-5.243537347828262e-05,6.47758984964084e-05,0.0975894422390472,0.0012687996883728,1.0
12,72,0.1,2.0,5,0.2563812914716331,0.0421950901790679,0.506341082148815,0.0042195090179067,-0.0001559463137964,-0.000313219844154,0.0923018081354415,0.001028605309082,1.0
12,72,0.1,2.0,6,0.2624832595533019,0.0426942667528626,0.5123312010343524,0.0042694266752862,-7.404564392471453e-05,3.179163668707975e-05,0.0967102945129532,0.0013373217733562,1.0
12,36,0.2,2.0,1,0.1286226699610951,0.0298866690322113,0.3586400283865357,0.0059773338064422,0.0002086442911101,0.0009922234601805,0.0273606225547368,0.0002416093300901,0.5
12,36,0.2,2.0,2,0.1292669317187726,0.029961425630714,0.3595371075685688,0.0059922851261428,0.0002820757229469,0.0008477496947357,0.0276679265276167,0.0002152472708073,0.5
12,36,0.2,2.0,3,0.1296414042967878,0.0300047917812939,0.3600575013755272,0.0060009583562587,0.0002175970568373,0.0008824667463983,0.0275173558270335,0.0001888346665879,0.5
12,36,0.2,2.0,4,0.1302270145008716,0.0300724835583488,0.3608698027001866,0.0060144967116697,0.000217214058222,0.0010089500701751,0.0278535689281265,0.0002447180400387,0.5
12,36,0.2,2.0,5,0.1289101844727802,0.0299200537164341,0.3590406445972102,0.0059840107432868,0.0001833667800273,0.0009437341040838,0.0274295776576046,0.000153970332155,0.5
12,36,0.2,2.0,6,0.1288139443337,0.0299088829630118,0.3589065955561419,0.0059817765926023,0.0002376214776423,0.0009440083660622,0.0276344577816106,0.0001929472974,0.5
12,40,0.2,2.0,1,0.1452207550459813,0.0317565342189145,0.3810784106269749,0.0063513068437829,-4.602123210026591e-05,-0.0010108482796642,0.034034604354796,0.0002751377891017,0.5555555555555556
12,40,0.2,2.0,2,0.1459323636252787,0.0318342455830543,0.3820109469966518,0.0063668491166108,1.2107194453757844e-05,-0.001068800225223,0.0342886844356619,0.0002609659521017,0.5555555555555556
12,40,0.2,2.0,3,0.1464087965198104,0.0318861686881599,0.3826340242579198,0.0063772337376319,-4.126518628030331e-05,-0.0009254019084939,0.03438914906048,0.0003199511089238,0.5555555555555556
12,40,0.2,2.0,4,0.1471247852002919,0.0319640406898791,0.3835684882785497,0.0063928081379758,2.608872223931462e-05,-0.0009645548392552,0.0348067068837958,0.0003123698322564,0.5555555555555556
12,40,0.2,2.0,5,0.145588388650261,0.0317967054384243,0.381560465261092,0.0063593410876848,-5.2463404735619235e-05,-0.0011516146650479,0.0342775032771534,0.000241261943083,0.5555555555555556
12,40,0.2,2.0,6,0.1454807243306256,0.0317849462458498,0.3814193549501987,0.0063569892491699,1.1015142417827648e-05,-0.0008626902248614,0.0343281799637103,0.000218367938789,0.5555555555555556
12,48,0.2,2.0,1,0.1802585259258188,0.0353807195931526,0.4245686351178321,0.0070761439186305,-2.528723075346783e-05,0.0016706971374042,0.0517037259265702,0.0005973731213995,0.6666666666666666
12,48,0.2,2.0,2,0.1792389927346052,0.0352805219253293,0.4233662631039526,0.0070561043850658,-3.768518805963237e-05,0.0014857005579114,0.0512418869519489,0.0005241452695303,0.6666666666666666
12,48,0.2,2.0,3,0.1811229805951196,0.0354654546898104,0.4255854562777253,0.007093090937962,-9.824050306034046e-05,0.0015105377177157,0.0517497947509065,0.0005660947419661,0.6666666666666666
12,48,0.2,2.0,4,0.1824609018305545,0.0355962019890538,0.4271544238686456,0.0071192403978107,-0.0001281165978024,0.0016060083358455,0.0529658899410849,0.0006330513143308,0.6666666666666666
12,48,0.2,2.0,5,0.1791726624626752,0.0352739932589896,0.4232879191078754,0.0070547986517979,-7.226657786300238e-05,0.0014535603583679,0.0516450030914904,0.0004642705604958,0.6666666666666666
12,48,0.2,2.0,6,0.1797583965244708,0.0353316033896935,0.4239792406763223,0.0070663206779387,-8.644538235802849e-05,0.0014788680639674,0.0517824181104989,0.000613170345529,0.6666666666666666
12,56,0.2,2.0,1,0.2239099392625214,0.0394326024219491,0.4731912290633898,0.0078865204843898,0.0004673099260334,9.678010906840094e-05,0.0777651115723273,0.0008369780504866,0.7777777777777778
12,56,0.2,2.0,2,0.2258062781641267,0.0395992317339307,0.4751907808071687,0.0079198463467861,0.0005775289658862,-2.2663234799710467e-05,0.078869161283454,0.0010036777695393,0.7777777777777778
12,56,0.2,2.0,3,0.228614069382571,0.0398446697068206,0.4781360364818479,0.0079689339413641,0.0004298916309845,-0.0001132413310304,0.0795988679213369,0.0011355791243811,0.7777777777777778
12,56,0.2,2.0,4,0.2297138645095967,0.0399403952184443,0.4792847426213322,0.0079880790436888,0.0004540714727952,0.0001555090420763,0.0814699904832535,0.0011353025704911,0.7777777777777778
12,56,0.2,2.0,5,0.2206138340169891,0.0391412891204016,0.4696954694448192,0.0078282578240803,0.0003825947975104,-5.1606486665345705e-05,0.0759595424932233,0.0007059481237387,0.7777777777777778
12,56,0.2,2.0,6,0.2240278319256075,0.0394429820477194,0.4733157845726334,0.0078885964095438,0.0004382353356515,-6.632557666169967e-05,0.0782272697329687,0.0012066922863823,0.7777777777777778
12,64,0.2,2.0,1,0.2475356418966509,0.0414607948931419,0.4975295387177036,0.0082921589786283,0.0001640435381494,0.0002362215723954,0.0887891897793427,0.0011453294358427,0.8888888888888888
12,64,0.2,2.0,2,0.2445204875090367,0.041207510735726,0.4944901288287125,0.0082415021471452,0.0002318209353486,-3.484145707017642e-05,0.0875477219878722,0.0012781347603145,0.8888888888888888
12,64,0.2,2.0,3,0.251400974897536,0.0417832514705965,0.501399017647159,0.0083566502941193,0.0002792091990615,-5.133296087562559e-05,0.090674391827542,0.0015010403111571,0.8888888888888888
12,64,0.2,2.0,4,0.2541340561391482,0.0420097587983987,0.5041171055807848,0.0084019517596797,0.0001609648776502,8.84955885074158e-05,0.0935553315473903,0.0015814318206009,0.8888888888888888
12,64,0.2,2.0,5,0.2396346541172492,0.0407937439135083,0.4895249269620999,0.0081587487827016,0.000221842089672,-0.0001933137764213,0.0846377725020793,0.001137553257326,0.8888888888888888
12,64,0.2,2.0,6,0.2502271906524996,0.0416855949216955,0.5002271390603469,0.0083371189843391,0.0002769546322965,4.1991537664541454e-05,0.0910654353007337,0.0011484205418712,0.8888888888888888
12,72,0.2,2.0,1,0.2471552065176154,0.0414289222743818,0.4971470672925824,0.0082857844548763,-0.0001169102559542,7.992240081177961e-05,0.0880460427673027,0.000902655510154,1.0
12,72,0.2,2.0,2,0.2457706434416607,0.0413127169217418,0.4957526030609025,0.0082625433843483,-0.0001304326870458,-0.0002023873948406,0.0874682846352251,0.001357117244365,1.0
12,72,0.2,2.0,3,0.2505435372202601,0.0417119368423559,0.500543242108272,0.0083423873684712,-9.179182339250904e-05,-0.0001150540567945,0.0890796603470548,0.001024303287382,1.0
12,72,0.2,2.0,4,0.2479057179885039,0.0414917761252911,0.4979013135034933,0.0082983552250582,-0.0001005435700755,-9.19154831164183e-05,0.0881863331858094,0.0012427220258811,1.0
12,72,0.2,2.0,5,0.2442911352388713,0.0411881805489949,0.4942581665879395,0.0082376361097989,-0.0002331965800135,-0.0002209659080577,0.0865996882606555,0.0010131759897903,1.0
12,72,0.2,2.0,6,0.2495519053993828,0.0416293087025387,0.4995517044304652,0.0083258617405077,-0.0001000674350556,1.2076423610899196e-05,0.0896815832018569,0.0012595884908826,1.0
12,36,0.3,2.0,1,0.1252702018813726,0.0294946089567149,0.3539353074805799,0.0088483826870144,0.0001453734538212,0.0006646457798976,0.0264806107689486,0.0002404861340859,0.5
12,36,0.3,2.0,2,0.1250443130117627,0.0294680044252051,0.3536160531024612,0.0088404013275615,0.0001752624772459,0.0006813560551252,0.0261795787364825,0.0001637967146674,0.5
12,36,0.3,2.0,3,0.125617830772639,0.0295355048548728,0.3544260582584737,0.0088606514564618,0.0001698384232073,0.0006897690182814,0.0263367982810298,0.0002176833489941,0.5
12,36,0.3,2.0,4,0.1263589327029883,0.0296225013834955,0.3554700166019467,0.0088867504150486,0.0001916923037754,0.0008200405629414,0.026802735940962,0.000212926802885,0.5
12,36,0.3,2.0,5,0.1254533383251432,0.0295161606305605,0.3541939275667261,0.0088548481891681,0.0001385054212844,0.0007199842755715,0.026477730784792,0.0001765521210122,0.5
12,36,0.3,2.0,6,0.1249050922543723,0.0294515954404629,0.3534191452855551,0.0088354786321388,9.391336872071636e-05,0.0006016245403124,0.0263688319147205,0.0001764459720689,0.5
12,40,0.3,2.0,1,0.1414166760970572,0.0313378405553734,0.3760540866644813,0.009401352166612,-6.8514573124189735e-06,0.0002210026486358,0.0327434558971584,0.0002520788873031,0.5555555555555556
12,40,0.3,2.0,2,0.1410989511710018,0.0313026169445367,0.3756314033344415,0.009390785083361,5.471262307748652e-05,-9.274886256966437e-06,0.0325997969225521,0.0002584642026797,0.5555555555555556
12,40,0.3,2.0,3,0.1424432711953819,0.0314513812622158,0.3774165751465904,0.0094354143786647,-7.732535992997693e-06,5.453001502858965e-05,0.0332160177591644,0.0002540399555217,0.5555555555555556
12,40,0.3,2.0,4,0.1422762205193287,0.0314329335118758,0.3771952021425097,0.0094298800535627,1.9252169901344714e-06,0.0001299468099512,0.0331917274493689,0.0002886183620094,0.5555555555555556
12,40,0.3,2.0,5,0.1412853989957841,0.0313232917193801,0.3758795006325619,0.009396987515814,-4.558777215517352e-05,1.0273620455844568e-05,0.0327988988467822,0.0002325554188496,0.5555555555555556
12,40,0.3,2.0,6,0.141511918081251,0.0313483915590899,0.3761806987090791,0.0094045174677269,-7.496839130386933e-05,-1.6626674556496604e-05,0.0328150684038277,0.0002884471392329,0.5555555555555556
12,48,0.3,2.0,1,0.1630682731401718,0.0336514273616055,0.4038171283392668,0.0100954282084816,-0.0006114830730059,0.0001051382881827,0.0416841751340307,0.0004765769297415,0.6666666666666666
12,48,0.3,2.0,2,0.1629563888428574,0.0336398809330013,0.4036785711960166,0.0100919642799004,-0.0005091671560246,-7.454468058562073e-05,0.0416690092018849,0.0003115271939065,0.6666666666666666
12,48,0.3,2.0,3,0.1649294270121494,0.033842920133167,0.4061150415980051,0.0101528760399501,-0.0006251329812139,0.0001077426930403,0.0426672554090899,0.0004513339428932,0.6666666666666666
12,48,0.3,2.0,4,0.1637985568171863,0.0337266953302147,0.4047203439625766,0.0101180085990644,-0.0006216661776726,0.000230319055996,0.042041624093366,0.0004650005058883,0.6666666666666666
12,48,0.3,2.0,5,0.1641582874297079,0.0337637099139112,0.4051645189669351,0.0101291129741733,-0.000728094870086,-0.0001149788019494,0.0426349860581539,0.0004776440102719,0.6666666666666666
12,48,0.3,2.0,6,0.1641330177679682,0.0337611111101022,0.4051333333212268,0.0101283333330306,-0.0006840959471867,6.686138933823897e-05,0.0425923017621299,0.0004750312593359,0.6666666666666666
12,56,0.3,2.0,1,0.1901419012194227,0.0363377196529904,0.4360526358358847,0.0109013158958971,-1.0703981594037654e-05,-0.0001136501332801,0.0552205564813119,0.0006326856431616,0.7777777777777778
12,56,0.3,2.0,2,0.1892265171892234,0.0362501453243469,0.4350017438921635,0.010875043597304,-5.295642813103514e-05,-0.0003419271173783,0.0546920300613983,0.0006393643621732,0.7777777777777778
12,56,0.3,2.0,3,0.1933192228999509,0.0366400682787557,0.4396808193450686,0.0109920204836267,-6.3399202818911314e-06,-2.9927584452086072e-05,0.0562268911386489,0.0006830400452329,0.7777777777777778
12,56,0.3,2.0,4,0.1935095298426805,0.0366580984158079,0.439897180989695,0.0109974295247423,-3.737472495265383e-05,-0.0001769012197569,0.0569614422636442,0.0006761107465836,0.7777777777777778
12,56,0.3,2.0,5,0.1898064045807735,0.0363056473817907,0.4356677685814886,0.0108916942145372,-0.0001530521605537,-0.0001424233534917,0.054760589228575,0.0004735768908353,0.7777777777777778
12,56,0.3,2.0,6,0.1894119348320994,0.0362679012152102,0.4352148145825225,0.010880370364563,-0.0001219782242028,-0.0001670166869728,0.054907733072672,0.0006003641699772,0.7777777777777778
12,64,0.3,2.0,1,0.2491748960202488,0.0415978511748243,0.4991742140978927,0.0124793553524473,0.000316864314807,-0.0004382185394637,0.0950254042962714,0.0014771838681974,0.8888888888888888
12,64,0.3,2.0,2,0.2471049413919761,0.0414247092620368,0.4970965111444418,0.012427412778611,0.0002813465862791,-0.0004180871314308,0.0943862153093931,0.0013055929267848,0.8888888888888888
12,64,0.3,2.0,3,0.2523802112001951,0.0418645477170948,0.5023745726051381,0.0125593643151284,0.0003238080390432,-0.0004239072784172,0.0971316178003894,0.0012219468302188,0.8888888888888888
12,64,0.3,2.0,4,0.2511565442033443,0.0417629341411589,0.5011552096939075,0.0125288802423476,0.0003071802248645,-0.0006307168423828,0.0967414118469597,0.0012269839347306,0.8888888888888888
12,64,0.3,2.0,5,0.2472640800810056,0.0414380461318967,0.4972565535827614,0.012431413839569,0.0002368681228156,-0.0005275196079492,0.0941248828229907,0.0011412127856199,0.8888888888888888
12,64,0.3,2.0,6,0.2499385692673036,0.0416615471244254,0.499938565493105,0.0124984641373276,0.0002949242454324,-0.00025703093349,0.0966977552496864,0.0018870784579827,0.8888888888888888
12,72,0.3,2.0,1,0.2299575788064015,0.0399615769283446,0.4795389231401362,0.0119884730785034,-0.0001216435012631,-7.088555150603421e-05,0.0802409651603342,0.0008677344489472,1.0
12,72,0.3,2.0,2,0.2310229550970483,0.0400540394599949,0.4806484735199398,0.0120162118379984,-4.907192403307654e-05,-0.0001023641129635,0.0807244034880954,0.0010852872090619,1.0
12,72,0.3,2.0,3,0.2337482308746495,0.0402895967129999,0.4834751605559995,0.0120868790138999,-0.0001187456960137,-0.0001968171820233,0.0814039389085292,0.0010275413005816,1.0
12,72,0.3,2.0,4,0.2382521769634837,0.0406759020390557,0.4881108244686689,0.0122027706117167,-4.953857042540431e-05,1.468719925105481e-06,0.0850361752293371,0.0013472857232339,1.0
12,72,0.3,2.0,5,0.2299714963282243,0.0399627861898681,0.4795534342784173,0.0119888358569604,-0.0001549386635615,-4.695279015002391e-05,0.0800766904583653,0.000987884020756,1.0
12,72,0.3,2.0,6,0.2301349786625687,0.0399769880562007,0.4797238566744088,0.0119930964168602,-0.0001117007273396,1.9171423763302152e-05,0.0803882627386375,0.0010832583536551,1.0
12,36,0.4,2.0,1,0.1209974040249765,0.0289872342622308,0.3478468111467698,0.0115948937048923,0.0001083437488952,-0.0006088311441063,0.0252119215722589,0.0002290092132801,0.5
12,36,0.4,2.0,2,0.1218499912200698,0.0290891817448311,0.3490701809379739,0.0116356726979324,0.000164820197308,-0.000776244766139,0.0255921994210896,0.0001825341447926,0.5
12,36,0.4,2.0,3,0.1218352251269669,0.029087419140766,0.3490490296891927,0.0116349676563064,0.0001921445975731,-0.0007812406291925,0.0254029346491046,0.0001842455190681,0.5
12,36,0.4,2.0,4,0.1222930337804351,0.0291420174152511,0.3497042089830134,0.0116568069661004,0.0001814988651959,-0.0006381697424185,0.0254073057603833,0.0002447857195236,0.5
12,36,0.4,2.0,5,0.120573519817303,0.0289364149445362,0.3472369793344353,0.0115745659778145,7.160954173991385e-05,-0.0007526048927049,0.025006640122372,0.000148522228122,0.5
12,36,0.4,2.0,6,0.1211980443377428,0.029011257912727,0.3481350949527249,0.0116045031650908,0.0001626022248288,-0.0006331838736944,0.0253526296708035,0.0002032515903617,0.5
12,40,0.4,2.0,1,0.1321524962896057,0.0302939873354073,0.3635278480248876,0.0121175949341629,0.0003678954400442,-7.697386048385879e-05,0.0299339335743895,0.0003077367159954,0.5555555555555556
12,40,0.4,2.0,2,0.1318109803706264,0.0302548182997613,0.3630578195971358,0.0121019273199045,0.0003482256564604,-0.0004117029410429,0.0300054110279384,0.0002578693178261,0.5555555555555556
12,40,0.4,2.0,3,0.1331954221632621,0.030413290013859,0.3649594801663085,0.0121653160055436,0.0004008262009321,-0.0002071046006537,0.0302994443723952,0.0002154264986433,0.5555555555555556
12,40,0.4,2.0,4,0.1337157838022375,0.0304726407119564,0.3656716885434768,0.0121890562847825,0.0003543335761015,-0.0001882524289707,0.0304558213554401,0.0002934195498939,0.5555555555555556
12,40,0.4,2.0,5,0.1325484015657416,0.0303393310880976,0.3640719730571712,0.012135732435239,0.0003911601508818,-0.0003639574047697,0.0301917764093292,0.0004197877097122,0.5555555555555556
12,40,0.4,2.0,6,0.1326797894246255,0.0303543642094493,0.3642523705133922,0.0121417456837797,0.0003698801521176,-0.0002552107188374,0.0305825029216274,0.0002377853112611,0.5555555555555556
12,48,0.4,2.0,1,0.1478705140050639,0.0320449460832689,0.3845393529992268,0.0128179784333075,-0.0006055568333493,-9.304627022457514e-05,0.0358620464421853,0.0003388869389944,0.6666666666666666
12,48,0.4,2.0,2,0.1477874479577305,0.032035944217842,0.384431330614104,0.0128143776871368,-0.0004971205522458,-0.0004245992411166,0.0359142535085956,0.0003081115983493,0.6666666666666666
12,48,0.4,2.0,3,0.1491394600859074,0.0321821487014311,0.3861857844171732,0.0128728594805724,-0.0003830212615464,-4.2153448073120295e-05,0.0365485565574734,0.0002884236680816,0.6666666666666666
12,48,0.4,2.0,4,0.1497599022308456,0.0322490204664814,0.3869882455977773,0.0128996081865925,-0.0005461683087724,4.841240215522038e-05,0.0367109590913884,0.0003737058000432,0.6666666666666666
12,48,0.4,2.0,5,0.1463277811658636,0.031877345356619,0.3825281442794289,0.0127509381426476,-0.0005905578046743,-0.0002302207649006,0.0348459171275063,0.0003339554536051,0.6666666666666666
12,48,0.4,2.0,6,0.1468750336176768,0.0319368988982002,0.3832427867784034,0.0127747595592801,-0.0005817510016463,-9.356270356267952e-05,0.0351475967002661,0.0003648411221968,0.6666666666666666
12,56,0.4,2.0,1,0.1758107383110838,0.0349414925974561,0.4192979111694737,0.0139765970389824,5.06903568725651e-05,-0.0009650936435445,0.0495315999349922,0.0004665990728262,0.7777777777777778
12,56,0.4,2.0,2,0.1732575280713597,0.0346868458968717,0.4162421507624614,0.0138747383587487,-8.3583515220711e-05,-0.0012082884847247,0.0481727936326607,0.0005211649511702,0.7777777777777778
12,56,0.4,2.0,3,0.1742598996456643,0.0347870405752455,0.4174444869029465,0.0139148162300982,4.8970252706262966e-05,-0.0010549949502803,0.0484449679423693,0.0005811458254541,0.7777777777777778
12,56,0.4,2.0,4,0.176060359463772,0.0349662892678803,0.4195954712145641,0.0139865157071521,8.075952647013232e-05,-0.0011285637045073,0.0495552702388935,0.0006062871695104,0.7777777777777778
12,56,0.4,2.0,5,0.1710325040964635,0.0344633968565506,0.4135607622786083,0.0137853587426202,-4.8828411891940776e-05,-0.0011579272984634,0.0472441752235631,0.0004502986196245,0.7777777777777778
12,56,0.4,2.0,6,0.1740226753847177,0.0347633542869896,0.4171602514438759,0.0139053417147958,-3.535356721360332e-05,-0.0010613173664883,0.0487842756732763,0.0004769470495064,0.7777777777777778
12,64,0.4,2.0,1,0.1833699982567338,0.0356847693795513,0.4282172325546157,0.0142739077518205,-3.73271614741029e-05,0.0024436758474348,0.0519027249343734,0.0006123180586739,0.8888888888888888
12,64,0.4,2.0,2,0.1824835065295168,0.0355984068902197,0.4271808826826369,0.0142393627560878,-4.6608229947505405e-05,0.0023818069791476,0.0514660596318572,0.0005061003804952,0.8888888888888888
12,64,0.4,2.0,3,0.1853567820486105,0.0358775678570548,0.4305308142846578,0.0143510271428219,-5.922077206647688e-05,0.0024928849499819,0.0524548635480355,0.0004588970277904,0.8888888888888888
12,64,0.4,2.0,4,0.1860358869425099,0.0359432313731696,0.4313187764780359,0.0143772925492678,5.130095409811453e-06,0.002536378748906,0.0530986692004483,0.00061214897633,0.8888888888888888
12,64,0.4,2.0,5,0.1821214590882571,0.0355630757215902,0.4267569086590833,0.0142252302886361,-8.864080450869864e-05,0.0024288211740166,0.0512080212704437,0.000387400043405,0.8888888888888888
12,64,0.4,2.0,6,0.183482897568555,0.0356957530901159,0.4283490370813911,0.0142783012360463,-0.0001508943629341,0.0024814177272395,0.0523950314243151,0.0005842353639553,0.8888888888888888
12,72,0.4,2.0,1,0.202654611995573,0.037514313193949,0.4501717583273888,0.0150057252775796,-0.0012599435650041,-0.000118485952192,0.0642606338443484,0.0007062762753161,1.0
12,72,0.4,2.0,2,0.2045499180279821,0.0376893292837772,0.4522719514053266,0.0150757317135108,-0.001184976610384,-0.0001500494514196,0.0651921000188812,0.0006777296986762,1.0
12,72,0.4,2.0,3,0.2061767371023981,0.0378389071795741,0.4540668861548902,0.0151355628718296,-0.0011873424371557,-0.0001999847511426,0.0654645046280055,0.0007336697930588,1.0
12,72,0.4,2.0,4,0.2069808568000927,0.0379126240335822,0.4549514884029865,0.0151650496134328,-0.0012045041725638,1.831719774621364e-05,0.0663857110881955,0.000844961050795,1.0
12,72,0.4,2.0,5,0.2018966965967075,0.0374440969050221,0.4493291628602661,0.0149776387620088,-0.0013400502805557,-0.0002318367691277,0.0638951620861197,0.0006564546335936,1.0
12,72,0.4,2.0,6,0.2040212409281517,0.0376405920930073,0.4516871051160878,0.0150562368372029,-0.0012117161130774,0.0001580186603124,0.0649817752114016,0.000736711926171,1.0
12,36,0.5,2.0,1,0.1188546364709981,0.0287294173268008,0.3447530079216106,0.0143647086634004,-0.0005029290335091,0.0005729465039553,0.031572755952048,0.0003482963527193,0.5
12,36,0.5,2.0,2,0.1179252476870034,0.0286168714425554,0.3434024573106655,0.0143084357212777,-0.0005108415275313,0.0004377219090874,0.0305028866999035,0.0003776495388316,0.5
12,36,0.5,2.0,3,0.1178430847478133,0.0286069004821065,0.3432828057852787,0.0143034502410532,-0.0004739212598404,0.0004335260171103,0.0305623343968228,0.0003422386136143,0.5
12,36,0.5,2.0,4,0.1188979909211727,0.0287346566450365,0.3448158797404387,0.0143673283225182,-0.0004701001009481,0.0006076611905804,0.0314786479428624,0.0003448265225595,0.5
12,36,0.5,2.0,5,0.11763775030533,0.0285819667196782,0.3429836006361384,0.0142909833598391,-0.0004750467137581,0.0004740518081981,0.0306281832357417,0.0003692938944866,0.5
12,36,0.5,2.0,6,0.1176158525625163,0.0285793063930243,0.3429516767162923,0.0142896531965121,-0.0004342069556554,0.0005274389387262,0.0310167857299876,0.0003748183511975,0.5
12,40,0.5,2.0,1,0.1236299086644219,0.0293008708469871,0.3516104501638453,0.0146504354234935,0.0001646842832779,-9.355375435756954e-05,0.0309139391498737,0.0004055072397309,0.5555555555555556
12,40,0.5,2.0,2,0.122149349387929,0.0291248926306949,0.349498711568339,0.0145624463153474,0.0001260414824576,5.003606168851871e-05,0.0304435236583296,0.0003664071140378,0.5555555555555556
12,40,0.5,2.0,3,0.1237211397254583,0.0293116799489008,0.3517401593868097,0.0146558399744504,0.000290245893665,-5.9883750440296095e-05,0.0306642907498018,0.0002888035472513,0.5555555555555556
12,40,0.5,2.0,4,0.1232561994781915,0.0292565519108056,0.3510786229296673,0.0146282759554028,0.0002556496742803,-2.0292047601102532e-05,0.0308081215150846,0.0003482586885654,0.5555555555555556
12,40,0.5,2.0,5,0.1231558419347649,0.0292446388646664,0.3509356663759967,0.0146223194323332,0.0001441059660339,-7.434290615940715e-05,0.0308885250561183,0.0003713565687852,0.5555555555555556
12,40,0.5,2.0,6,0.1232378509138534,0.0292543741878711,0.3510524902544539,0.0146271870939355,0.0001341276715839,0.0001125187604564,0.0305750021818988,0.0003394514069679,0.5555555555555556
12,48,0.5,2.0,1,0.1276447276194233,0.0297728352626908,0.3572740231522904,0.0148864176313454,0.0006668792839484,0.0001071779856357,0.0266190416916031,0.0002423218410997,0.6666666666666666
12,48,0.5,2.0,2,0.1270411554138447,0.029702360948744,0.3564283313849289,0.014851180474372,0.0006196057289035,-0.0001312410338874,0.0263564452397076,0.0002119088801163,0.6666666666666666
12,48,0.5,2.0,3,0.129343220960516,0.0299702654680569,0.3596431856166831,0.0149851327340284,0.0006598365840308,2.8508226767679872e-05,0.0271604298914742,0.0002252686759656,0.6666666666666666
12,48,0.5,2.0,4,0.1295826176568503,0.0299979880872648,0.359975857047178,0.0149989940436324,0.0007478203148499,-3.110138420076785e-05,0.0270804506644196,0.0002346326310337,0.6666666666666666
12,48,0.5,2.0,5,0.1279010437497535,0.0298027128413945,0.3576325540967343,0.0149013564206972,0.0006100126740251,1.2793728521500983e-05,0.02657830498432,0.000194047774036,0.6666666666666666
12,48,0.5,2.0,6,0.1282256023533558,0.0298405022058661,0.3580860264703941,0.014920251102933,0.0006120915502489,6.996718794662997e-05,0.0267399115884291,0.0002215902771309,0.6666666666666666
12,56,0.5,2.0,1,0.1437693875460069,0.0315974449065909,0.379169338879091,0.0157987224532954,-0.0001618760067589,-0.00071459630043,0.0346876651767978,0.0003891827925647,0.7777777777777778
12,56,0.5,2.0,2,0.1420676450340052,0.03140988488186,0.376918618582321,0.01570494244093,-0.0001349160122136,-0.0008334275457088,0.0337784064919683,0.0003681549396189,0.7777777777777778
12,56,0.5,2.0,3,0.1434082332450167,0.0315577329452853,0.3786927953434243,0.0157788664726426,-0.000104265463279,-0.000524753256382,0.0341726503686016,0.0002964171257476,0.7777777777777778
12,56,0.5,2.0,4,0.1440240932932293,0.0316254219661384,0.3795050635936619,0.0158127109830692,-7.449869022128932e-05,-0.0006309025033924,0.0344392909924719,0.0003361312114528,0.7777777777777778
12,56,0.5,2.0,5,0.1426587964830309,0.0314751661899935,0.3777019942799229,0.0157375830949967,-0.0001745332739263,-0.0008587031032321,0.0341614104695116,0.0002899202336579,0.7777777777777778
12,56,0.5,2.0,6,0.1422010407016753,0.0314246277160918,0.3770955325931021,0.0157123138580459,-5.560873504654134e-05,-0.00057476998872,0.0336961711510349,0.0002813425396456,0.7777777777777778
12,64,0.5,2.0,1,0.16323120541288,0.0336682348451688,0.4040188181420266,0.0168341174225844,-0.0009751245094613,3.445718318031051e-05,0.041269424750194,0.0003755432531608,0.8888888888888888
12,64,0.5,2.0,2,0.1638686877616213,0.0337339146608363,0.4048069759300366,0.0168669573304181,-0.0009368549130528,-0.0001398481347513,0.0417441070893831,0.0003929825953249,0.8888888888888888
12,64,0.5,2.0,3,0.1638434818591991,0.0337313201247082,0.4047758414964993,0.0168656600623541,-0.0010068389339096,6.765883035307002e-05,0.0413341035084392,0.0003707958936408,0.8888888888888888
12,64,0.5,2.0,4,0.165488480500472,0.0339002294834571,0.4068027538014855,0.0169501147417285,-0.0009539030669308,6.437343775404471e-05,0.0423091495774162,0.0003921529665091,0.8888888888888888
12,64,0.5,2.0,5,0.1625072492403115,0.0335934899075524,0.4031218788906297,0.0167967449537762,-0.0010989825540715,-3.30623642843916e-05,0.0409402806466085,0.0003895911390606,0.8888888888888888
12,64,0.5,2.0,6,0.1642119756714224,0.0337692307013745,0.4052307684164942,0.0168846153506872,-0.0010343114049626,6.0826033709092555e-05,0.0420043032522138,0.0004406700779069,0.8888888888888888
12,72,0.5,2.0,1,0.1872868302803341,0.0360638737250711,0.4327664847008535,0.0180319368625355,-0.0012352870529153,-0.0001921617283875,0.0571824044651074,0.0005777660158614,1.0
12,72,0.5,2.0,2,0.1886516424827731,0.0361950390326466,0.4343404683917596,0.0180975195163233,-0.0012138483299514,0.0001741805906421,0.0577297039114525,0.0005156991406037,1.0
12,72,0.5,2.0,3,0.1911654753043367,0.0364353951940524,0.4372247423286298,0.0182176975970262,-0.0012905290470924,-0.0003299188773431,0.0589476400069438,0.0006277694628843,1.0
12,72,0.5,2.0,4,0.1909520876032551,0.0364150540835997,0.4369806490031969,0.0182075270417998,-0.0012080560129032,0.0001583917099672,0.0588844074627338,0.0005425170954086,1.0
12,72,0.5,2.0,5,0.1860687209005235,0.0359464030904696,0.4313568370856355,0.0179732015452348,-0.0013378670858575,-0.0004592969729271,0.0561427815145623,0.0005465650566057,1.0
12,72,0.5,2.0,6,0.1869841329728099,0.0360347183064096,0.4324166196769152,0.0180173591532048,-0.0012408812309212,0.0002890629494589,0.0567624701595399,0.0005512248773499,1.0
12,36,0.6,2.0,1,0.0885280581438808,0.0247947208404274,0.2975366500851296,0.0148768325042564,0.0002990793543248,0.0001522765771001,0.0163178693899557,0.0001216678181752,0.5
12,36,0.6,2.0,2,0.0883852374919129,0.0247747123388268,0.2972965480659217,0.014864827403296,0.0003094226794219,-0.0001765733381198,0.0160888871878253,0.0001199595224049,0.5
12,36,0.6,2.0,3,0.0888587693228766,0.0248409900560428,0.2980918806725145,0.0149045940336257,0.0003753145754957,9.431309502315776e-05,0.0162665345606467,0.0001168129753491,0.5
12,36,0.6,2.0,4,0.0885939670585677,0.0248039489265553,0.2976473871186639,0.0148823693559331,0.0003173485978118,-2.0721196654461013e-05,0.01618134148322,0.0001246100705642,0.5
12,36,0.6,2.0,5,0.0886627247410395,0.0248135722187922,0.2977628666255072,0.0148881433312753,0.000306829829602,-4.9295475321762015e-06,0.016345022782589,0.0001127261298422,0.5
12,36,0.6,2.0,6,0.0886729915133456,0.0248150088310909,0.2977801059730915,0.0148890052986545,0.0002931593494154,2.9239279390785547e-05,0.0163223718427877,0.0001154357172155,0.5
12,40,0.6,2.0,1,0.1005778965846904,0.0264283487030775,0.3171401844369307,0.0158570092218465,0.0001651781208186,0.0002477676177333,0.020344274796466,0.0001470799905414,0.5555555555555556
12,40,0.6,2.0,2,0.1007967597665946,0.0264570878665647,0.3174850543987774,0.0158742527199388,0.0001955404042394,0.0002063434977706,0.0204051033215245,0.0001839586963876,0.5555555555555556
12,40,0.6,2.0,3,0.1007549915945559,0.026451605653133,0.3174192678375967,0.0158709633918798,0.0002172093470252,0.0002362827401513,0.0202149219422635,0.0001532686668433,0.5555555555555556
12,40,0.6,2.0,4,0.1010426866059362,0.0264893435866639,0.3178721230399675,0.0158936061519983,0.0001788253225612,0.0002587473623185,0.0205047821544531,0.00016879020595,0.5555555555555556
12,40,0.6,2.0,5,0.0996546168523636,0.0263067662467973,0.3156811949615681,0.0157840597480784,0.0001265759581176,0.0001600951453286,0.0198029110866928,0.0001417148653563,0.5555555555555556
12,40,0.6,2.0,6,0.1005569723878643,0.0264255994870326,0.3171071938443913,0.0158553596922195,0.0001125729894805,0.0002619812791127,0.020369483756229,0.0001621293797452,0.5555555555555556
12,48,0.6,2.0,1,0.1098484146213918,0.0276194897246229,0.3314338766954758,0.0165716938347737,-8.976556377018056e-05,0.0001315940692624,0.0210386639360528,0.0001792063133848,0.6666666666666666
12,48,0.6,2.0,2,0.1098701017078858,0.0276222160120413,0.3314665921444963,0.0165733296072248,-5.428470514815421e-05,-8.430539234416235e-05,0.0211176833848498,0.0001623532347583,0.6666666666666666
12,48,0.6,2.0,3,0.1100191811100784,0.0276409495322105,0.3316913943865267,0.0165845697193263,-3.785483979309152e-05,2.414037371545176e-05,0.0211467308586082,0.000151758352702,0.6666666666666666
12,48,0.6,2.0,4,0.1103548964581875,0.0276830895607102,0.3321970747285225,0.0166098537364261,-6.181712891262338e-05,0.0001051828849874,0.0213161181850929,0.0001594196472717,0.6666666666666666
12,48,0.6,2.0,5,0.1093316029263364,0.0275544414304482,0.330653297165379,0.0165326648582689,-0.0001075337362165,5.286414666666461e-05,0.0210284010907372,0.0001525742295933,0.6666666666666666
12,48,0.6,2.0,6,0.1097379400373415,0.0276055977663425,0.33126717319611,0.0165633586598055,-9.119226424041028e-05,0.0001046356093915,0.0211119878924913,0.0001527019377285,0.6666666666666666
12,56,0.6,2.0,1,0.1358950216719474,0.0307199516320812,0.3686394195849752,0.0184319709792487,-0.0001174469627482,-0.0007293885732909,0.0326347459958781,0.0003199981594694,0.7777777777777778
12,56,0.6,2.0,2,0.1374814580650347,0.0308987434643199,0.3707849215718389,0.0185392460785919,-1.4755128126272348e-05,-0.0008224592342972,0.0340049645612859,0.0004209489459181,0.7777777777777778
12,56,0.6,2.0,3,0.1381772207674281,0.0309768305852477,0.3717219670229729,0.0185860983511486,-2.1813886713659546e-05,-0.0006826325442425,0.0338896708900219,0.0003644263922549,0.7777777777777778
12,56,0.6,2.0,4,0.1375962445342216,0.0309116398130557,0.3709396777566693,0.0185469838878334,-1.7840046888634772e-05,-0.000652864987726,0.0333778539190193,0.0003309582144447,0.7777777777777778
12,56,0.6,2.0,5,0.1358001740120739,0.0307092292963,0.3685107515556011,0.01842553757778,-0.000172179591629,-0.0007345629372942,0.0326722612617376,0.0003008621467086,0.7777777777777778
12,56,0.6,2.0,6,0.1351181629842693,0.0306320188084241,0.3675842257010892,0.0183792112850544,-6.960208446585928e-05,-0.0006718415474987,0.0324059232658618,0.0002382864820322,0.7777777777777778
12,64,0.6,2.0,1,0.1567077733887534,0.0329886105544138,0.3958633266529667,0.0197931663326483,0.0004537029245493,-2.6003835081892276e-05,0.0404472514079847,0.0003323043032539,0.8888888888888888
12,64,0.6,2.0,2,0.1563940733405353,0.0329555754577843,0.395466905493412,0.0197733452746706,0.0004896267492101,-0.0001676688274918,0.0404188170528965,0.000357649121768,0.8888888888888888
12,64,0.6,2.0,3,0.1582652517826023,0.0331521379173394,0.397825655008073,0.0198912827504036,0.0005016527662558,-7.23041952239958e-05,0.0408948839383696,0.000391482732096,0.8888888888888888
12,64,0.6,2.0,4,0.1592217782473584,0.0332521697545353,0.3990260370544238,0.0199513018527211,0.0004325482190169,7.365644797629405e-05,0.0417574099239221,0.0004960649405437,0.8888888888888888
12,64,0.6,2.0,5,0.1555305286912929,0.0328644658546545,0.3943735902558549,0.0197186795127927,0.000392930684435,-5.720772182782793e-05,0.0396836961154725,0.0003157740552624,0.8888888888888888
12,64,0.6,2.0,6,0.1578946863409596,0.0331133036311355,0.3973596435736267,0.0198679821786813,0.0004301318772122,1.774166898360938e-05,0.0411977144961493,0.0003775018481758,0.8888888888888888
12,72,0.6,2.0,1,0.1746859148581219,0.0348295367606171,0.4179544411274056,0.0208977220563702,-0.0012617928228477,-0.0001856000731804,0.0515642621721641,0.0005168650626596,1.0
12,72,0.6,2.0,2,0.1763954398567451,0.034999547601912,0.4199945712229446,0.0209997285611472,-0.0012422273746811,-0.0002662405817895,0.0528678326019583,0.0004984449876799,1.0
12,72,0.6,2.0,3,0.1786421111132769,0.0352217293167786,0.4226607518013435,0.0211330375900671,-0.0013022121898101,-0.0001039045611694,0.0533210595065167,0.000594947781487,1.0
12,72,0.6,2.0,4,0.1760707637761771,0.0349673224215775,0.4196078690589311,0.0209803934529465,-0.0012574055083268,-0.0001938677548608,0.0519878222961438,0.0004557571477725,1.0
12,72,0.6,2.0,5,0.1747284179150785,0.0348337737128341,0.4180052845540096,0.0209002642277004,-0.0013817892210472,0.0001594963513605,0.0515046425577432,0.0004214979960768,1.0
12,72,0.6,2.0,6,0.1745122365288079,0.0348122181345868,0.4177466176150418,0.020887330880752,-0.0013216285566771,0.0004384583955877,0.0516259765814212,0.0004638658107963,1.0
12,36,0.7,2.0,1,0.0781465316250262,0.0232955842896463,0.2795470114757556,0.0163069090027524,6.405887536147972e-05,-0.0001207119558207,0.0155407218073212,0.0001249905790191,0.5
12,36,0.7,2.0,2,0.0776062503708975,0.0232149153399779,0.2785789840797356,0.0162504407379845,8.006657977412032e-05,-0.0002580904079904,0.015232692507715,0.0001187085461022,0.5
12,36,0.7,2.0,3,0.0790098369958184,0.0234239070947199,0.2810868851366396,0.0163967349663039,0.0001305199258537,-0.0002595751892236,0.0158257997363539,0.0001635021733013,0.5
12,36,0.7,2.0,4,0.0783715120908994,0.0233290936759737,0.2799491241116846,0.0163303655731816,9.99403898517533e-05,-0.0002346130907587,0.0155287459575616,0.0001503557047932,0.5
12,36,0.7,2.0,5,0.0784161202078962,0.0233357320504974,0.2800287846059691,0.0163350124353481,6.213964617035714e-05,-0.000264859532291,0.0156094043768749,0.0001439561858696,0.5
12,36,0.7,2.0,6,0.0777648720905632,0.0232386280567989,0.2788635366815877,0.0162670396397592,-2.32969940073356e-05,-0.0001232943972782,0.015287370814681,9.612593583283032e-05,0.5
12,40,0.7,2.0,1,0.0850825873580272,0.0243074330421254,0.2916891965055052,0.0170152031294878,9.77158868022011e-05,5.863345605106812e-05,0.0154071918865667,0.0001181263310016,0.5555555555555556
12,40,0.7,2.0,2,0.08514718693677,0.0243166590896678,0.291799909076014,0.0170216613627674,0.0001203479313484,-1.609738646888354e-05,0.0155354451841412,9.720912595532216e-05,0.5555555555555556
12,40,0.7,2.0,3,0.0855521413747774,0.024374414718725,0.2924929766247002,0.0170620903031075,4.3723304067178935e-05,6.739683993523291e-05,0.0156085487700375,0.0001024838055575,0.5555555555555556
12,40,0.7,2.0,4,0.0858176119702837,0.0244122026593776,0.292946431912532,0.0170885418615643,8.274224329651527e-05,-7.031700724071295e-06,0.0158630982034515,0.0001258912501587,0.5555555555555556
12,40,0.7,2.0,5,0.0851811690291794,0.0243215109735388,0.2918581316824656,0.0170250576814771,0.0001152364669364,3.805535354744575e-05,0.0154846828358674,0.0001125773091444,0.5555555555555556
12,40,0.7,2.0,6,0.0851518257553522,0.0243173214664168,0.291807857597002,0.0170221250264917,6.771089526761937e-05,3.72826818442319e-05,0.0155193858417386,0.0001281998715138,0.5555555555555556
12,48,0.7,2.0,1,0.1038579357646198,0.0268558311178798,0.3222699734145579,0.0187990817825158,-3.110938955568592e-05,-6.933295653675786e-05,0.0192598387774337,0.0001642379669457,0.6666666666666666
12,48,0.7,2.0,2,0.103011558282933,0.0267461781126103,0.3209541373513247,0.0187223246788272,-4.43369776126998e-05,-0.0003682555958603,0.0189106211875929,0.0001401563119977,0.6666666666666666
12,48,0.7,2.0,3,0.1038119451655318,0.0268498842804163,0.3221986113649962,0.0187949189962914,-4.034987215428456e-06,-0.0001440635317265,0.0189956068072471,0.0001048416608469,0.6666666666666666
12,48,0.7,2.0,4,0.1035346068051729,0.026813994947339,0.3217679393680684,0.0187697964631373,1.1323674736321843e-05,-0.000141906054593,0.0191948279722116,0.0001580875919395,0.6666666666666666
12,48,0.7,2.0,5,0.1029643778047058,0.0267400523825509,0.3208806285906113,0.0187180366677856,-7.713672443728666e-05,-0.0001882740897889,0.0189502921370712,0.0001051689717891,0.6666666666666666
12,48,0.7,2.0,6,0.1028985672508467,0.0267315054511794,0.3207780654141531,0.0187120538158256,-5.086227040556401e-05,-1.5085999441635492e-05,0.0189847388676874,0.0001170155053662,0.6666666666666666
12,56,0.7,2.0,1,0.1262712348701698,0.0296122200364527,0.3553466404374324,0.0207285540255168,-6.49565413104158e-05,9.766576696531674e-05,0.0284931595884545,0.000246224031501,0.7777777777777778
12,56,0.7,2.0,2,0.1278017302548117,0.0297911398851808,0.3574936786221705,0.0208537979196266,-4.366087581306507e-06,1.37541284060621e-05,0.0297746353695678,0.0003132207110235,0.7777777777777778
12,56,0.7,2.0,3,0.1282181337104095,0.0298396331465768,0.3580755977589223,0.0208877432026038,4.891553494799362e-05,0.0001064824577217,0.0294049343445338,0.0003365688965678,0.7777777777777778
12,56,0.7,2.0,4,0.1276578914958062,0.0297743704448564,0.3572924453382778,0.0208420593113995,-1.6900318863726277e-05,7.94789698146392e-05,0.0292005477036965,0.0002415100783882,0.7777777777777778
12,56,0.7,2.0,5,0.1262891376334594,0.029614319175567,0.3553718301068043,0.0207300234228969,-2.4080126020138443e-05,0.0001058594169701,0.028749192407328,0.0002968802683016,0.7777777777777778
12,56,0.7,2.0,6,0.1265670501113675,0.0296468859746788,0.3557626316961459,0.0207528201822751,2.935137199800367e-05,0.0001887445388784,0.028785962517917,0.000236024221799,0.7777777777777778
12,64,0.7,2.0,1,0.1401975992132977,0.0312024748855156,0.3744296986261877,0.0218417324198609,5.9744332394264297e-05,0.0003084326266991,0.033761040600999,0.0003242897130152,0.8888888888888888
12,64,0.7,2.0,2,0.1400376031192465,0.0311846653821195,0.374215984585435,0.0218292657674837,-8.80961549853691e-05,6.846822659760542e-05,0.0337628773307652,0.0003146816103043,0.8888888888888888
12,64,0.7,2.0,3,0.1413579367614927,0.0313313315807272,0.3759759789687271,0.021931932106509,5.201134844508799e-05,0.0003160230242397,0.0340413178999033,0.0004099695869671,0.8888888888888888
12,64,0.7,2.0,4,0.1419169119865378,0.031393217595806,0.3767186111496721,0.0219752523170642,-4.645307948592525e-05,0.000397384337697,0.0348748978775166,0.000310487093442,0.8888888888888888
12,64,0.7,2.0,5,0.1396720763346677,0.0311439396118458,0.3737272753421506,0.0218007577282921,-0.0001221854660673,0.0001781877757122,0.0338251842443807,0.0002525549778451,0.8888888888888888
12,64,0.7,2.0,6,0.1404086436426687,0.0312259511511868,0.3747114138142428,0.0218581658058308,-7.08133427402647e-05,0.0002932653571396,0.0342904796357885,0.0003220442068563,0.8888888888888888
12,72,0.7,2.0,1,0.1646219627833687,0.0338113601454378,0.4057363217452546,0.0236679521018065,-0.0013178961138527,-0.0001871253619427,0.0473266542516523,0.0003929562360605,1.0
12,72,0.7,2.0,2,0.1658851003180808,0.0339408288543459,0.4072899462521519,0.0237585801980421,-0.0012587171182913,1.2962467565531667e-05,0.0484116716626259,0.000400360569573,1.0
12,72,0.7,2.0,3,0.1676975521870529,0.0341257429901872,0.4095089158822466,0.023888020093131,-0.0013054849177843,0.0001006867900319,0.0489388675921548,0.0004870971068765,1.0
12,72,0.7,2.0,4,0.1675820042494706,0.034113984205881,0.4093678104705726,0.0238797889441167,-0.0012859811187017,-0.0002088309873033,0.0489400637539713,0.0005009535418233,1.0
12,72,0.7,2.0,5,0.1649677187875773,0.0338468485718695,0.4061621828624341,0.0236927940003086,-0.0013968342830258,-8.916431880892947e-06,0.0475941313686155,0.0003889787186574,1.0
12,72,0.7,2.0,6,0.1652906424630675,0.0338799599139565,0.4065595189674785,0.0237159719397695,-0.0013725872950506,0.0002008811111896,0.0478808281926588,0.0004040708067478,1.0
12,36,0.0,4.0,1,0.1322129222998599,0.0303009124243648,0.3636109490923781,0.0,-0.0005459054105186,9.896486644042173e-05,0.0304120069761309,0.000658946310137,0.5
12,36,0.0,4.0,2,0.1329194731955889,0.0303817691583553,0.3645812299002636,0.0,-0.0005175136451825,-9.55722992631426e-05,0.0308384322438241,0.0004929845640871,0.5
12,36,0.0,4.0,3,0.1342941782516044,0.0305384750778519,0.3664617009342237,0.0,-0.0005831153032641,-0.0001352846473842,0.0310311501072994,0.0004451529573092,0.5
12,36,0.0,4.0,4,0.1336686009279337,0.0304672639583972,0.3656071675007667,0.0,-0.000542198088709,0.0001471758231002,0.0311406241569104,0.0004250324549851,0.5
12,36,0.0,4.0,5,0.1318224986638038,0.0302561401784602,0.3630736821415232,0.0,-0.0006899605316925,0.0002095520697155,0.0310690022035099,0.0004599937081667,0.5
12,36,0.0,4.0,6,0.1330825207292472,0.0304003975587636,0.3648047707051638,0.0,-0.0006057608075489,0.000206227019017,0.0312519999171704,0.0005145058585194,0.5
12,40,0.0,4.0,1,0.1511730350269691,0.0324008139287092,0.3888097671445114,0.0,-2.6967918244196528e-05,-0.0015590334905548,0.039942275408207,0.0008495281049541,0.5555555555555556
12,40,0.0,4.0,2,0.1531341986235674,0.0326103041213338,0.3913236494560064,0.0,-1.8140835167401784e-05,-0.0019884079685241,0.0398448164345952,0.0006276236108997,0.5555555555555556
12,40,0.0,4.0,3,0.1530139684806173,0.0325974999553281,0.391169999463938,0.0,-5.0240961906833753e-05,-0.0017451386924808,0.0394480019751846,0.0006489937913748,0.5555555555555556
12,40,0.0,4.0,4,0.1550942342418518,0.0328183377602552,0.3938200531230625,0.0,-2.9105248085850614e-06,-0.0018657832661569,0.0408119093341457,0.0006398622694207,0.5555555555555556
12,40,0.0,4.0,5,0.1506232116626074,0.0323418386217415,0.3881020634608987,0.0,-4.6231141146164606e-05,-0.0018878559273224,0.0395798209740481,0.0007505833446497,0.5555555555555556
12,40,0.0,4.0,6,0.1507534752790462,0.0323558207109982,0.3882698485319794,0.0,-0.0001487257200337,-0.001569037232281,0.0389892640207095,0.0006887013352077,0.5555555555555556
12,48,0.0,4.0,1,0.2094649585868421,0.0381394515949584,0.4576734191395019,0.0,0.0001534729766708,0.0004224184503801,0.0764097845762077,0.0021645861081246,0.6666666666666666
12,48,0.0,4.0,2,0.2009439240348571,0.037355641031961,0.4482676923835322,0.0,0.000217202856957,0.0004141429033002,0.0703486752249036,0.0015195834756655,0.6666666666666666
12,48,0.0,4.0,3,0.2019807876221989,0.0374518939239058,0.4494227270868696,0.0,0.00013540563699,0.0007357094767789,0.0694854006901386,0.0019941953655023,0.6666666666666666
12,48,0.0,4.0,4,0.2061366004042377,0.0378352239252508,0.4540226871030099,0.0,0.0001322699119269,0.00045368078499,0.0737429272267433,0.0019562079669475,0.6666666666666666
12,48,0.0,4.0,5,0.1996356099699591,0.0372338341105124,0.4468060093261494,0.0,-0.0001691071067172,-0.0002780607624021,0.0690134333976294,0.0015768021267758,0.6666666666666666
12,48,0.0,4.0,6,0.2061982619112471,0.037840882315079,0.4540905877809483,0.0,-4.4977208998786166e-05,0.0004538187101662,0.0738579969639681,0.0021342497516019,0.6666666666666666
12,56,0.0,4.0,1,0.2622662061598896,0.0426766106706304,0.5121193280475651,0.0,0.0001153257910148,-0.0002458144589778,0.1088527110085695,0.003110836214679,0.7777777777777778
12,56,0.0,4.0,2,0.2722175275904921,0.0434787246496053,0.5217446957952636,0.0,0.0001142615685771,6.701116167989431e-05,0.1146655154837896,0.0035894800480642,0.7777777777777778
12,56,0.0,4.0,3,0.2773348323229988,0.0438854911739219,0.5266258940870633,0.0,-0.0001188971788435,0.0009884306648217,0.1164719262896657,0.0043034837963981,0.7777777777777778
12,56,0.0,4.0,4,0.2802425068462167,0.0441149466707758,0.5293793600493097,0.0,-8.577459811675686e-05,0.0002540880852777,0.1183692387456596,0.0044431506190659,0.7777777777777778
12,56,0.0,4.0,5,0.2747518006325055,0.0436806434877453,0.5241677218529442,0.0,-0.0004127426317973,-0.0003188118631926,0.116937750940518,0.0036176711361301,0.7777777777777778
12,56,0.0,4.0,6,0.2568052116063941,0.0422299600407625,0.5067595204891508,0.0,8.351043728495501e-05,-0.0002688672125505,0.1052065304326828,0.0033938636641102,0.7777777777777778
12,64,0.0,4.0,1,0.4058780380881942,0.0530904651206181,0.6370855814474177,0.0,-0.0001686244031766,0.0002460780930697,0.1992639391461324,0.0128697338167886,0.8888888888888888
12,64,0.0,4.0,2,0.4089266550659831,0.0532894777414661,0.6394737328975938,0.0,-0.0001397563302642,-0.0014273501801604,0.2030607848215819,0.0123423813576706,0.8888888888888888
12,64,0.0,4.0,3,0.4089803428397416,0.0532929758009479,0.6395157096113758,0.0,-0.0001025442604854,-0.0016342230540016,0.2038493745915263,0.0096343475876559,0.8888888888888888
12,64,0.0,4.0,4,0.3727749411936834,0.0508794149868154,0.6105529798417852,0.0,0.0007731331705719,-0.0021276235661305,0.1781396444084688,0.0125581616544991,0.8888888888888888
12,64,0.0,4.0,5,0.3705837750361625,0.0507296603354598,0.6087559240255183,0.0,-0.0004177717545773,-0.0010718030589173,0.1802315052286239,0.0079484854799138,0.8888888888888888
12,64,0.0,4.0,6,0.3608983541497369,0.0500623468335662,0.6007481620027955,0.0,0.0001997101417964,-0.0009219880014601,0.1720492317808503,0.0065680108325802,0.8888888888888888
12,72,0.0,4.0,1,0.3565544480459283,0.0497601502798625,0.5971218033583503,0.0,-0.0002296079594564,-0.0002304765307059,0.1659033962029511,0.0065713567331342,1.0
12,72,0.0,4.0,2,0.3557516043447912,0.0497040969377211,0.5964491632526541,0.0,0.0001301859479576,-0.0002524028204918,0.1574911915742071,0.0060410463126402,1.0
12,72,0.0,4.0,3,0.3625488296709515,0.0501766898673903,0.6021202784086843,0.0,0.0007006268744738,0.0007910371667653,0.1649111077088563,0.0058778117949339,1.0
12,72,0.0,4.0,4,0.3885717421536897,0.051946269125581,0.623355229506972,0.0,-0.0001358417910311,0.0002676891600264,0.1813692390701497,0.01208606157669,1.0
12,72,0.0,4.0,5,0.3484337370654382,0.0491902300220389,0.590282760264467,0.0,-0.0011561944162807,-0.0005411981072898,0.1578517445993811,0.0071408391114596,1.0
12,72,0.0,4.0,6,0.3433698406949032,0.0488314732790594,0.5859776793487131,0.0,0.0004069148321392,0.0005253968770365,0.1528176682650419,0.0061117760047795,1.0
12,36,0.1,4.0,1,0.1319395924779046,0.0302695749885169,0.363234899862203,0.0030269574988516,0.000521546149341,-5.4448312197366874e-05,0.0311291561618344,0.0005798785165457,0.5
12,36,0.1,4.0,2,0.1314746791231733,0.0302161977260878,0.3625943727130542,0.0030216197726087,0.0003376974121725,9.862157800125424e-05,0.0301300893686623,0.0004690726293326,0.5
12,36,0.1,4.0,3,0.1316762408709309,0.0302393508425935,0.3628722101111229,0.0030239350842593,0.0004080537480266,-1.936932612382604e-05,0.0309338985817922,0.0004854426059249,0.5
12,36,0.1,4.0,4,0.1328985136284728,0.0303793736709987,0.3645524840519851,0.0030379373670998,0.000514866115542,0.0001392550161956,0.0310612422313238,0.0004099804535942,0.5
12,36,0.1,4.0,5,0.1298143226778353,0.0300247956184453,0.3602975474213436,0.0030024795618445,0.0004685457247119,-0.0001256285175338,0.0299453887222405,0.0004376519958438,0.5
12,36,0.1,4.0,6,0.1300871907268868,0.0300563349218881,0.3606760190626579,0.0030056334921888,0.0004393548901494,-6.062624058642305e-06,0.0295993589131491,0.0004335265877815,0.5
12,40,0.1,4.0,1,0.1499458112473102,0.0322690309102101,0.3872283709225219,0.003226903091021,-2.4468181116483597e-05,0.000290506084454,0.0381868858432326,0.0007396424861285,0.5555555555555556
12,40,0.1,4.0,2,0.1510462709521227,0.0323872264506783,0.3886467174081401,0.0032387226450678,0.000212251722487,-0.0001544514959623,0.0392382369276068,0.0005725933620051,0.5555555555555556
12,40,0.1,4.0,3,0.1499848836340703,0.0322732349153794,0.3872788189845532,0.0032273234915379,0.0001303489675765,8.893655057057458e-05,0.0381480633321034,0.0006800757351623,0.5555555555555556
12,40,0.1,4.0,4,0.1530022310093809,0.0325962496787698,0.3911549961452377,0.0032596249678769,-6.220292603745733e-05,0.0001850747250458,0.0392762871070407,0.0006904610255168,0.5555555555555556
12,40,0.1,4.0,5,0.1516347786470507,0.0324502587995854,0.3894031055950257,0.0032450258799585,-1.8527415678636335e-05,-9.816987246772132e-05,0.0396348318328288,0.000654677150598,0.5555555555555556
12,40,0.1,4.0,6,0.1501044414893176,0.0322860953784586,0.3874331445415036,0.0032286095378458,-0.0001138401674006,4.293977950901707e-05,0.0394962046281392,0.0008141795825022,0.5555555555555556
12,48,0.1,4.0,1,0.2052902708614852,0.0377574745048253,0.4530896940579041,0.0037757474504825,5.769262066149187e-05,-0.0016439629443113,0.073224834362489,0.0018701406298723,0.6666666666666666
12,48,0.1,4.0,2,0.2005953290259306,0.0373232249174107,0.4478786990089288,0.003732322491741,0.0001182948125472,-0.0013382914666101,0.0701163970204833,0.0015027477037853,0.6666666666666666
12,48,0.1,4.0,3,0.2065821272712462,0.0378760888430989,0.4545130661171868,0.0037876088843098,0.0002269879063059,-0.0012208236788935,0.0746847278475576,0.0017776635007741,0.6666666666666666
12,48,0.1,4.0,4,0.2127641859534412,0.0384386403131161,0.461263683757394,0.0038438640313116,0.0001644353210295,-0.0009633927486514,0.0788139987788893,0.0018500799455972,0.6666666666666666
12,48,0.1,4.0,5,0.2005590057674514,0.0373198455702201,0.4478381468426415,0.003731984557022,0.0001492783585839,-0.001455058772587,0.0693618454656592,0.001305257202291,0.6666666666666666
12,48,0.1,4.0,6,0.2059593093734415,0.0378189500351346,0.4538274004216157,0.0037818950035134,0.0003280348916261,-0.0007207932419673,0.0743797336273754,0.0020738658707722,0.6666666666666666
12,56,0.1,4.0,1,0.2556517499802129,0.0421350136449792,0.5056201637397513,0.0042135013644979,-0.0003699040658694,0.0001516355527024,0.1035802858332797,0.0029370321660648,0.7777777777777778
12,56,0.1,4.0,2,0.262493704771214,0.0426951162289095,0.5123413947469148,0.0042695116228909,-0.0001880583036439,0.0006564257426612,0.1080916207993772,0.0036537552365332,0.7777777777777778
12,56,0.1,4.0,3,0.2607208202669869,0.0425506903804635,0.510608284565563,0.0042550690380463,-7.599823018866434e-05,-7.902665357728237e-06,0.1066237666033363,0.0036306250199098,0.7777777777777778
12,56,0.1,4.0,4,0.2638131725035468,0.0428022887257623,0.5136274647091478,0.0042802288725762,-9.677940919561027e-05,0.0009448374328882,0.1094752817989761,0.0036084856726312,0.7777777777777778
12,56,0.1,4.0,5,0.2605580273585325,0.0425374040762405,0.5104488489148864,0.004253740407624,-0.000293066946952,0.0003475493939159,0.1045545807140658,0.0032105959480339,0.7777777777777778
12,56,0.1,4.0,6,0.2750233882296802,0.0437022269510821,0.5244267234129858,0.0043702226951082,-0.0003408735134664,1.3356490043320598e-05,0.1165091588025323,0.00422907352449,0.7777777777777778
12,64,0.1,4.0,1,0.3716530255173251,0.050802793115288,0.6096335173834565,0.0050802793115288,-0.0006583418445457,-0.0003702509879922,0.1827872182170141,0.0090764664524518,0.8888888888888888
12,64,0.1,4.0,2,0.3271046018495925,0.0476608826509393,0.5719305918112726,0.0047660882650939,-0.0001977509711019,-0.0005447474802599,0.1439003840108803,0.0068410806976815,0.8888888888888888
12,64,0.1,4.0,3,0.3705443717096538,0.0507269632792981,0.6087235593515777,0.0050726963279298,-8.684631428323397e-05,-0.0005551745010172,0.1678627959810706,0.0103977115595564,0.8888888888888888
12,64,0.1,4.0,4,0.3293370125551206,0.0478232431688644,0.573878918026373,0.0047823243168864,-0.0002527482944307,0.0008032647680427,0.1519953046690096,0.0071714731979263,0.8888888888888888
12,64,0.1,4.0,5,0.3303481017888953,0.047896597376021,0.5747591685122521,0.0047896597376021,0.0005417326196969,-0.0007120663935501,0.1466448539181951,0.0065375497385273,0.8888888888888888
12,64,0.1,4.0,6,0.3504878164433,0.0493350095747952,0.592020114897543,0.0049335009574795,0.0003201046451208,-0.0006160910299357,0.1637024804858017,0.0070839001728207,0.8888888888888888
12,72,0.1,4.0,1,0.3666848646878248,0.0504620914295397,0.6055450971544768,0.0050462091429539,-0.0002125378393236,8.645902982254737e-05,0.1699766717185193,0.0107252500946612,1.0
12,72,0.1,4.0,2,0.3576810846358424,0.0498387040469777,0.5980644485637333,0.0049838704046977,-6.906092437959996e-05,-0.0002739554125041,0.1619211005780693,0.0058091772907175,1.0
12,72,0.1,4.0,3,0.3281929759641552,0.0477401077568952,0.5728812930827426,0.0047740107756895,0.000259685361897,-2.3419787485884973e-05,0.1444511663116936,0.0062221595105222,1.0
12,72,0.1,4.0,4,0.3792222169776205,0.0513175176513843,0.615810211816612,0.0051317517651384,0.0001966387485484,-1.6026203968887308e-05,0.176376448861127,0.0079759601331608,1.0
12,72,0.1,4.0,5,0.31658465573402,0.0468882133772281,0.5626585605267372,0.0046888213377228,-0.0006818716976542,-9.39962489184296e-05,0.1327489752440859,0.0041081873004285,1.0
12,72,0.1,4.0,6,0.3620570161731649,0.0501426448697699,0.6017117384372395,0.0050142644869769,-2.95968890294423e-05,0.00067155014548,0.1659868422203236,0.0059150011084575,1.0
12,36,0.2,4.0,1,0.1298928100569619,0.0300338709322216,0.3604064511866594,0.0060067741864443,0.0002415571099938,0.0007004387792317,0.0306091102523328,0.0007565429351125,0.5
12,36,0.2,4.0,2,0.1297033544646883,0.0300119599382998,0.3601435192595978,0.0060023919876599,0.0002103165879551,0.0008450430718212,0.0299853788535705,0.0004109457201427,0.5
12,36,0.2,4.0,3,0.1299605094836086,0.0300416966578223,0.3605003598938684,0.0060083393315644,0.0002278457307807,0.0009785557957878,0.0295664129541822,0.0004223871726397,0.5
12,36,0.2,4.0,4,0.1327474986823956,0.0303621084534466,0.3643453014413602,0.0060724216906893,0.0001716641448674,0.0009657577671958,0.0308965778234184,0.0005494796433292,0.5
12,36,0.2,4.0,5,0.1292023846731274,0.029953944355498,0.3594473322659766,0.0059907888710996,0.0001997667753057,0.000843528935454,0.0296104815884628,0.0004767665815549,0.5
12,36,0.2,4.0,6,0.129793577347802,0.0300223964256272,0.3602687571075267,0.0060044792851254,0.0002904315415221,0.0012439837572632,0.0301824104982128,0.0004179930657945,0.5
12,40,0.2,4.0,1,0.1488308992288096,0.0321488399683593,0.3857860796203119,0.0064297679936718,-5.993461146735717e-07,-0.0011551510243613,0.0384381285397903,0.0007334643283185,0.5555555555555556
12,40,0.2,4.0,2,0.1502439226679037,0.032301092459585,0.387613109515021,0.006460218491917,8.523047114766741e-05,-0.0009520730205872,0.039176321641856,0.0009142543274874,0.5555555555555556
12,40,0.2,4.0,3,0.1490644836315983,0.0321740582646863,0.3860886991762363,0.0064348116529372,2.1023702085303698e-05,-0.0008219494195282,0.0383966041847409,0.0009246284240324,0.5555555555555556
12,40,0.2,4.0,4,0.150109612865057,0.03228665153153,0.3874398183783606,0.006457330306306,-1.7223261773380988e-05,-0.000506318854262,0.0383758840490306,0.0007733908968539,0.5555555555555556
12,40,0.2,4.0,5,0.1461168065467278,0.0318543567736563,0.3822522812838765,0.0063708713547312,3.198174806264032e-05,-0.0011524810096602,0.0374582460966765,0.0006017525982694,0.5555555555555556
12,40,0.2,4.0,6,0.1480864591433717,0.0320683362289913,0.3848200347478958,0.0064136672457982,-9.721441687363812e-05,-0.0010355353556501,0.0387274442665157,0.0007789832157628,0.5555555555555556
12,48,0.2,4.0,1,0.1915627777377898,0.0364732376904428,0.4376788522853141,0.0072946475380885,-0.0002103973482187,0.001491052047987,0.0627528573346759,0.0020790487948041,0.6666666666666666
12,48,0.2,4.0,2,0.189098600064548,0.0362378907039368,0.4348546884472422,0.0072475781407873,0.0003014246661508,0.0014004046909307,0.0610006641024334,0.0017741619810625,0.6666666666666666
12,48,0.2,4.0,3,0.1907677956143009,0.0363974773635844,0.4367697283630139,0.0072794954727168,5.446768214666894e-05,0.0017429700116687,0.0601336935480182,0.0014687773217981,0.6666666666666666
12,48,0.2,4.0,4,0.197289510087862,0.0370144031733164,0.4441728380797974,0.0074028806346632,-0.0001780048918261,0.0011764515509975,0.064992921009454,0.0024289376533209,0.6666666666666666
12,48,0.2,4.0,5,0.1886284983081678,0.0361928187233331,0.4343138246799977,0.0072385637446666,-0.0001997320850278,0.0009253692613272,0.0605783428256769,0.001278689437144,0.6666666666666666
12,48,0.2,4.0,6,0.1932898295481631,0.0366372826909059,0.4396473922908711,0.0073274565381811,-6.7909595091979425e-06,0.0014567819491835,0.0616031019804022,0.0021128919333903,0.6666666666666666
12,56,0.2,4.0,1,0.256625401086154,0.0422151731119993,0.5065820773439917,0.0084430346223998,0.0001894668314204,-0.0002255361830559,0.107063916977402,0.0033601602453801,0.7777777777777778
12,56,0.2,4.0,2,0.2616859098724926,0.0426293708961722,0.5115524507540675,0.0085258741792344,0.0002592079240562,0.0004976544960708,0.1070622812058543,0.0044600236866326,0.7777777777777778
12,56,0.2,4.0,3,0.2596159089619072,0.042460431659133,0.509525179909597,0.0084920863318266,0.0006271605490941,8.819750072458037e-05,0.1063911166247588,0.0042088646502769,0.7777777777777778
12,56,0.2,4.0,4,0.2686157374908801,0.0431901269494416,0.5182815233933002,0.0086380253898883,0.0005367246495663,0.0005990392938619,0.1115020327595639,0.0041207672168971,0.7777777777777778
12,56,0.2,4.0,5,0.2555452451203291,0.0421262359792571,0.5055148317510864,0.0084252471958514,0.0001479736293497,-0.0001173295376547,0.1047170069954624,0.0037086189743613,0.7777777777777778
12,56,0.2,4.0,6,0.2548281170774926,0.0420670857313295,0.5048050287759549,0.0084134171462659,0.0006308164732122,7.044659270866788e-05,0.1047558300407305,0.0034237338238487,0.7777777777777778
12,64,0.2,4.0,1,0.3313245819731596,0.0479673342243592,0.575608010692311,0.0095934668448718,0.0003670694121069,0.0001454968898076,0.1465488725068597,0.0081039890017193,0.8888888888888888
12,64,0.2,4.0,2,0.314108972557369,0.0467045212953325,0.5604542555439909,0.0093409042590665,0.00021331465454,-0.0010677470658185,0.1365169950558036,0.0046541834610984,0.8888888888888888
12,64,0.2,4.0,3,0.3337964767895206,0.0481459353301617,0.5777512239619408,0.0096291870660323,0.0007805218025525,-0.0003544341501296,0.1488469776795347,0.009421529467799,0.8888888888888888
12,64,0.2,4.0,4,0.340059420651678,0.0485955116705806,0.583146140046968,0.0097191023341161,-0.0002056151125005,-0.0003548352751925,0.1478130313162083,0.0072791589047904,0.8888888888888888
12,64,0.2,4.0,5,0.2918095095482608,0.0450161629575253,0.5401939554903042,0.009003232591505,-6.713200119075558e-05,-0.0003651098028341,0.1250616229267396,0.0043776786121912,0.8888888888888888
12,64,0.2,4.0,6,0.3381344673755925,0.0484577756757531,0.581493308109038,0.0096915551351506,0.0004600201109244,-0.0002311122310056,0.1557326832425787,0.006701906128931,0.8888888888888888
12,72,0.2,4.0,1,0.3264478908505613,0.0476130154686487,0.5713561856237853,0.0095226030937297,-0.0003837986253084,0.0006921019201115,0.1448913180009242,0.0078876508508025,1.0
12,72,0.2,4.0,2,0.3215756708018509,0.0472563686773371,0.5670764241280455,0.0094512737354674,0.0004707396895568,-0.0004814962331509,0.1400019799743492,0.0063590665544006,1.0
12,72,0.2,4.0,3,0.3259308420781931,0.0475752942769985,0.5709035313239822,0.0095150588553997,-0.0001507633126186,-0.0009763896045003,0.1407534707436145,0.0057600690906793,1.0
12,72,0.2,4.0,4,0.3306211711863241,0.047916389215597,0.5749966705871645,0.0095832778431194,-0.0001253561023763,0.0006012203068197,0.1476760429061125,0.0057069061110502,1.0
12,72,0.2,4.0,5,0.2929676772465437,0.0451054071997643,0.5412648863971722,0.0090210814399528,-0.0006772790596239,-3.07415780782003e-05,0.1220660103672117,0.0045495825462574,1.0
12,72,0.2,4.0,6,0.3402691009271484,0.0486104913321151,0.5833258959853818,0.009722098266423,-0.0001461644340163,-0.000290436770974,0.1517198709018001,0.0093851843583605,1.0
12,36,0.3,4.0,1,0.1278512285260446,0.0297969084579774,0.3575629014957293,0.0089390725373932,0.0001314935314927,0.000608926342959,0.0308630869411982,0.0013057792710024,0.5
12,36,0.3,4.0,2,0.1265036523087187,0.0296394599390274,0.3556735192683295,0.0088918379817082,0.0002645021848504,0.0005805507701917,0.0293576529345171,0.0004355140108966,0.5
12,36,0.3,4.0,3,0.1286217808732493,0.0298865657381337,0.3586387888576044,0.0089659697214401,0.0001946033193514,0.0002904694937707,0.0294239496221844,0.0004959725272214,0.5
12,36,0.3,4.0,4,0.1270614958164859,0.0297047386577562,0.3564568638930745,0.0089114215973268,0.0001509066396483,0.0007984551446944,0.0294693332236564,0.0003954665930675,0.5
12,36,0.3,4.0,5,0.1262452613817721,0.0296091743221604,0.355310091865925,0.0088827522966481,0.0001538794130781,0.0009090136076535,0.0290730442784712,0.0004166005713017,0.5
12,36,0.3,4.0,6,0.1271579402508391,0.0297160100239237,0.3565921202870853,0.0089148030071771,0.0001068984571158,0.0007966680138018,0.0298220630363548,0.0005677772685813,0.5
12,40,0.3,4.0,1,0.1420798681009423,0.0314112360581526,0.3769348326978317,0.0094233708174457,0.0001015824435329,9.730873209036638e-05,0.0357295269694236,0.0005903612230766,0.5555555555555556
12,40,0.3,4.0,2,0.1438899608378279,0.0316106918486701,0.3793283021840421,0.009483207554601,4.042203045433435e-05,-0.0005947452100665,0.0366982995188285,0.0008463410271083,0.5555555555555556
12,40,0.3,4.0,3,0.1454070318445459,0.0317768949785219,0.3813227397422634,0.0095330684935565,-0.0001917124298051,-0.0003777070411213,0.0371712202054151,0.000950144297348,0.5555555555555556
12,40,0.3,4.0,4,0.1438075862888373,0.0316016422622698,0.3792197071472385,0.0094804926786809,0.000159778333485,0.0004044335050441,0.0362067221285604,0.0006517317805612,0.5555555555555556
12,40,0.3,4.0,5,0.1457872690364072,0.0318184159022822,0.3818209908273866,0.0095455247706846,6.6957155761367745e-06,0.0002347571194047,0.0380396732340138,0.0005521704312443,0.5555555555555556
12,40,0.3,4.0,6,0.1431023327732352,0.0315240574770148,0.3782886897241777,0.0094572172431044,-3.7396196541208e-05,2.1688472071987627e-05,0.0368969345883048,0.0007375873650083,0.5555555555555556
12,48,0.3,4.0,1,0.1749030990103917,0.0348511815328954,0.4182141783947452,0.0104553544598686,-0.0009353256196312,-0.000102753268071,0.0531601429866224,0.0014693871108714,0.6666666666666666
12,48,0.3,4.0,2,0.1689730449427604,0.0342552758449499,0.4110633101393998,0.0102765827534849,-0.000972112043327,-0.0002240201436041,0.050019138769172,0.0012312117401643,0.6666666666666666
12,48,0.3,4.0,3,0.169180157426676,0.0342762629869698,0.4113151558436378,0.0102828788960909,-0.000618775158336,1.962793774248443e-05,0.0495460684485097,0.0012166994769278,0.6666666666666666
12,48,0.3,4.0,4,0.1685423563719658,0.0342115920465691,0.4105391045588299,0.0102634776139707,-0.0009959265389741,0.0004057959083612,0.0497766501171683,0.0014909490094317,0.6666666666666666
12,48,0.3,4.0,5,0.1713619234482106,0.0344965702248678,0.4139588426984144,0.0103489710674603,-0.0008526307784785,-1.4742939848650752e-05,0.0500277224581763,0.0014206785238772,0.6666666666666666
12,48,0.3,4.0,6,0.1694577765605066,0.034304374575315,0.4116524949037801,0.0102913123725945,-0.0008612335668759,0.0001292065698244,0.0505248794593031,0.0015350895703032,0.6666666666666666
12,56,0.3,4.0,1,0.2072849615820048,0.0379404652037245,0.4552855824446947,0.0113821395611173,-0.0001872341780351,-0.0006575451708233,0.0719076785300051,0.0018394207637368,0.7777777777777778
12,56,0.3,4.0,2,0.2071281781766726,0.037926114040683,0.4551133684881962,0.0113778342122049,0.000120979334345,-3.62057132330704e-05,0.0691812327779198,0.001830086017004,0.7777777777777778
12,56,0.3,4.0,3,0.2298224696607377,0.0399498357023406,0.4793980284280879,0.0119849507107021,-0.0005923063237513,0.0008661840431003,0.0820811270919673,0.0041155608920778,0.7777777777777778
12,56,0.3,4.0,4,0.2176920702210378,0.0388812356754012,0.4665748281048151,0.0116643707026203,-0.0001476000731921,0.0003177163423255,0.0749204225050867,0.0025654746011613,0.7777777777777778
12,56,0.3,4.0,5,0.2102078372148141,0.0382070235339668,0.4584842824076024,0.01146210706019,-0.0004051944325486,-0.0009430048406632,0.0734405081425042,0.002411971416215,0.7777777777777778
12,56,0.3,4.0,6,0.2116450275692302,0.0383374117005495,0.4600489404065944,0.0115012235101648,0.0003332236204503,-0.0006597629973181,0.0704175321588735,0.0022723219247691,0.7777777777777778
12,64,0.3,4.0,1,0.3001902124213589,0.0456580141150061,0.5478961693800741,0.0136974042345018,0.0004060811132926,-0.0008270534678532,0.1313071210702044,0.0058347359284225,0.8888888888888888
12,64,0.3,4.0,2,0.3430525549393193,0.0488089070693129,0.5857068848317556,0.0146426721207938,0.0003614967249778,-0.0007047279219682,0.1608360815724662,0.00708595459998,0.8888888888888888
12,64,0.3,4.0,3,0.3081923612466393,0.04626256295191,0.5551507554229206,0.013878768885573,-9.69217678782939e-05,-0.0011127967427013,0.1420746279818026,0.0053351251598951,0.8888888888888888
12,64,0.3,4.0,4,0.3401289258366927,0.0486004776665978,0.5832057319991744,0.0145801432999793,0.0006709638947794,0.0002131652974175,0.1630073868203254,0.0064378042332855,0.8888888888888888
12,64,0.3,4.0,5,0.2962693816861485,0.0453588608951918,0.5443063307423023,0.0136076582685575,0.0006873184287977,-0.0010159549076921,0.1345155319140878,0.0051542047879565,0.8888888888888888
12,64,0.3,4.0,6,0.3230043355970771,0.0473612253205994,0.5683347038471935,0.0142083675961798,0.0004111049636477,-0.0002706112796965,0.148027806354043,0.007148467107639,0.8888888888888888
12,72,0.3,4.0,1,0.2839817925524444,0.0444082850559914,0.5328994206718979,0.0133224855167974,-3.350119681824859e-05,-0.0004805491648062,0.1196439493209096,0.0040322701285749,1.0
12,72,0.3,4.0,2,0.2937010036366845,0.0451618235131458,0.54194188215775,0.0135485470539437,-0.0001692557603387,-0.0007770580986904,0.1239035671337479,0.0044346604078445,1.0
12,72,0.3,4.0,3,0.3078196980364654,0.0462345843705758,0.5548150124469106,0.0138703753111727,0.0001545639764759,-0.0003975058613524,0.1324217150471866,0.0046952503450452,1.0
12,72,0.3,4.0,4,0.3159978429319792,0.0468447378560859,0.5621368542730313,0.0140534213568257,0.0002239843080964,-0.000605644198686,0.1349240445406351,0.0095013023472107,1.0
12,72,0.3,4.0,5,0.3024045506185116,0.0458261017490844,0.5499132209890135,0.0137478305247253,-0.0002431510721196,-0.0002103605955378,0.1300971412921848,0.0053682657686267,1.0
12,72,0.3,4.0,6,0.293734818712378,0.0451644232770337,0.5419730793244052,0.0135493269831101,-0.0001514504902238,-0.0003074788324703,0.1248548354439674,0.003732408821547,1.0
12,36,0.4,4.0,1,0.1229577301228497,0.0292211075398097,0.3506532904777164,0.0116884430159238,0.0001640225528272,-0.0007308429125593,0.028760797966263,0.0005325768064244,0.5
12,36,0.4,4.0,2,0.1220708976329771,0.0291155382381242,0.3493864588574909,0.0116462152952496,0.0002854357611768,-0.0008084825090635,0.0283452646502889,0.0003907327390101,0.5
12,36,0.4,4.0,3,0.123591542114254,0.0292963239676184,0.351555887611421,0.0117185295870473,0.000269949465194,-0.0004453115291625,0.0286698697114067,0.0004573782873723,0.5
12,36,0.4,4.0,4,0.1244291263893224,0.0293954274587291,0.3527451295047494,0.0117581709834916,6.534988306837058e-05,-0.0005690183611607,0.0298099294515487,0.0006123220156133,0.5
12,36,0.4,4.0,5,0.1227358804458189,0.0291947341672426,0.3503368100069116,0.011677893666897,0.0002282442054344,-0.0004859470820179,0.028085233642823,0.0004246892247176,0.5
12,36,0.4,4.0,6,0.1255879761206235,0.0295319949048466,0.3543839388581593,0.0118127979619386,0.0001698214751009,-0.0003258526590912,0.0299892294433326,0.0005765249454984,0.5
12,40,0.4,4.0,1,0.1345141927955602,0.0305634804768379,0.3667617657220559,0.0122253921907352,0.0005804806844858,-0.0004582642455011,0.034892331752679,0.0007894405281328,0.5555555555555556
12,40,0.4,4.0,2,0.1329588474473241,0.0303862687656004,0.3646352251872056,0.0121545075062401,0.0006127780211641,-0.0001561931249205,0.0336089274727918,0.0006268794614669,0.5555555555555556
12,40,0.4,4.0,3,0.1357864142598586,0.0307076734732201,0.3684920816786416,0.012283069389288,0.0005727801623588,-0.0003381725132417,0.0347350874202445,0.0008983987804375,0.5555555555555556
12,40,0.4,4.0,4,0.1351343900011364,0.0306338581294746,0.3676062975536959,0.0122535432517898,0.0005146983494795,1.501885594176744e-05,0.0343779743705276,0.0005830797532051,0.5555555555555556
12,40,0.4,4.0,5,0.134010305209806,0.0305061816606493,0.3660741799277928,0.0122024726642597,0.0002922441588491,-8.756517992601168e-06,0.0342963142883692,0.0006954095867657,0.5555555555555556
12,40,0.4,4.0,6,0.1336715178628407,0.0304675963870315,0.3656111566443791,0.0121870385548126,0.0002865598732479,-0.0003628019325272,0.0339953814809032,0.0006570635477579,0.5555555555555556
12,48,0.4,4.0,1,0.1566992824220046,0.0329877168240531,0.3958526018886382,0.0131950867296212,-0.0005919646139792,-0.0004458890806424,0.0450680801866115,0.0010688058042915,0.6666666666666666
12,48,0.4,4.0,2,0.1545045527045683,0.0327558892822437,0.3930706713869254,0.0131023557128975,-0.0007593976891574,-0.0005970288469621,0.0431492207809421,0.0010937145999486,0.6666666666666666
12,48,0.4,4.0,3,0.1550259539896546,0.0328111128267262,0.3937333539207144,0.0131244451306904,-0.0004883214288823,0.0002233740695553,0.0436805274950987,0.001296951610173,0.6666666666666666
12,48,0.4,4.0,4,0.1579330354293631,0.0331173246274769,0.3974078955297229,0.0132469298509907,-0.0003953554468568,-0.000396032540673,0.0437381832897819,0.0010719903009046,0.6666666666666666
12,48,0.4,4.0,5,0.1535614777036924,0.0326557674954989,0.3918692099459875,0.0130623069981995,-0.0005150282041845,-0.0001488875771648,0.0427920868224529,0.0013131876052683,0.6666666666666666
12,48,0.4,4.0,6,0.1555346828952531,0.0328649047549261,0.394378857059114,0.0131459619019704,-0.000652879006393,0.0006618135172614,0.0435369202953076,0.0012090117954994,0.6666666666666666
12,56,0.4,4.0,1,0.1946697654308448,0.0367678306546297,0.4412139678555574,0.0147071322618519,0.0001692922646955,-0.0009822769634089,0.0639803091572361,0.0018507142899801,0.7777777777777778
12,56,0.4,4.0,2,0.193175972266938,0.0366264905145072,0.4395178861740874,0.0146505962058029,-6.67816105426056e-05,-0.0011409916701479,0.0646218035925423,0.0018209483604352,0.7777777777777778
12,56,0.4,4.0,3,0.1891233666789867,0.0362402637000411,0.4348831644004935,0.0144961054800164,3.470799328789763e-05,-0.0016113223111026,0.0614891748372013,0.0020936924613621,0.7777777777777778
12,56,0.4,4.0,4,0.1950800753349452,0.0368065584560899,0.4416787014730789,0.0147226233824359,8.17525180433358e-05,-0.0012691048710293,0.0655357674714807,0.0024305776375263,0.7777777777777778
12,56,0.4,4.0,5,0.1857406154058814,0.0359146959441823,0.4309763513301877,0.0143658783776729,-0.0003577657073932,-0.0007850119671297,0.061329683081173,0.0022946093811792,0.7777777777777778
12,56,0.4,4.0,6,0.1804704046923435,0.0354015070195095,0.4248180842341149,0.0141606028078038,-0.000363649111458,-0.0007994512809779,0.0579075200291647,0.0015339808494682,0.7777777777777778
12,64,0.4,4.0,1,0.2120613812048888,0.0383751023528212,0.4605012282338548,0.0153500409411284,-6.116882341292233e-05,0.0028778591020359,0.071816933172612,0.0027426883535697,0.8888888888888888
12,64,0.4,4.0,2,0.2115371457327788,0.0383276395891741,0.45993167507009,0.0153310558356696,3.180256983902251e-05,0.0022995021656074,0.071260060795791,0.0020458212737893,0.8888888888888888
12,64,0.4,4.0,3,0.219251951574991,0.0390202895561853,0.4682434746742244,0.0156081158224741,0.0001055953849179,0.0030406535873025,0.0749371129658885,0.0023172848630746,0.8888888888888888
12,64,0.4,4.0,4,0.2158512578101107,0.0387164960724207,0.4645979528690486,0.0154865984289682,-0.0001844474894953,0.0024729661436174,0.0736725064903837,0.0021578913908981,0.8888888888888888
12,64,0.4,4.0,5,0.2137331051398308,0.0385260648727865,0.4623127784734387,0.0154104259491146,-1.3030173883138844e-05,0.0029367011002036,0.0729100158858518,0.0032029323594145,0.8888888888888888
12,64,0.4,4.0,6,0.2090566863014549,0.0381022642865237,0.457227171438285,0.0152409057146095,-0.0003020025417442,0.0029812618056637,0.0726254640123392,0.0023050744793099,0.8888888888888888
12,72,0.4,4.0,1,0.2422079933113423,0.0410121927425368,0.4921463129104416,0.0164048770970147,-0.0018455559018487,-0.0006962333377716,0.0916579889759876,0.0024708537701049,1.0
12,72,0.4,4.0,2,0.2376305284638356,0.0406228015186185,0.4874736182234231,0.0162491206074474,-0.0013076902014936,-0.0008171269977097,0.0883185071477985,0.0020602869477832,1.0
12,72,0.4,4.0,3,0.2549047754701986,0.0420734126483267,0.5048809517799207,0.0168293650593306,-0.001386726609602,0.0005504520106549,0.0984605787419902,0.0028409798572111,1.0
12,72,0.4,4.0,4,0.2389753744753924,0.0407375896640273,0.4888510759683284,0.0162950358656109,-0.001540996224022,0.0004841689857573,0.0894053222417403,0.0021751597794363,1.0
12,72,0.4,4.0,5,0.2310930446710177,0.0400601149550946,0.4807213794611362,0.0160240459820378,-0.0015880420946243,-0.0008900542348972,0.0845775585584023,0.0022533198264187,1.0
12,72,0.4,4.0,6,0.25101109239474,0.0417508393457494,0.5010100721489938,0.0167003357382997,-0.0014412121414437,-0.000284157082168,0.097238495190014,0.0031248830660206,1.0
12,36,0.5,4.0,1,0.119524417374551,0.0288102529702909,0.3457230356434917,0.0144051264851454,-0.0006555647532454,0.0002492000563169,0.0338565901230551,0.0007091426291153,0.5
12,36,0.5,4.0,2,0.1192559247839016,0.0287778759524161,0.3453345114289935,0.014388937976208,-0.0005060372096235,0.000360215185531,0.0336007874583537,0.000644203979621,0.5
12,36,0.5,4.0,3,0.1207056643086145,0.0289522672673649,0.3474272072083799,0.0144761336336824,-0.0005021143983199,0.0006356076747198,0.0344410792617505,0.000773147975089,0.5
12,36,0.5,4.0,4,0.1230002069730794,0.0292261544507606,0.3507138534091282,0.0146130772253803,-0.000765538628474,0.0004792523451278,0.0354008365886966,0.000716933128225,0.5
12,36,0.5,4.0,5,0.1179827431372068,0.0286238467910847,0.3434861614930168,0.0143119233955423,-0.000644483574618,0.0001291995512574,0.0335992876298138,0.0006151992361538,0.5
12,36,0.5,4.0,6,0.1175535107230767,0.0285717312122631,0.3428607745471575,0.0142858656061315,-0.000632586631683,0.000652992420972,0.0329498844659392,0.000710772643382,0.5
12,40,0.5,4.0,1,0.1277056926814479,0.0297799443932592,0.3573593327191105,0.0148899721966296,0.0001507104068816,3.734064279387513e-05,0.0352401515102091,0.0010423519048108,0.5555555555555556
12,40,0.5,4.0,2,0.1272761438834072,0.0297298185379836,0.3567578224558043,0.0148649092689918,0.0002044334186683,-0.0001026758404706,0.0359033210457666,0.0007473680285104,0.5555555555555556
12,40,0.5,4.0,3,0.1274292600017794,0.0297476959894211,0.3569723518730539,0.0148738479947105,0.0001126967244823,0.000122337982334,0.0357413657350424,0.0006744027743389,0.5555555555555556
12,40,0.5,4.0,4,0.1271461473124512,0.029714632024248,0.3565755842909764,0.014857316012124,0.0004631987966097,-4.755576351301829e-05,0.0353357297513606,0.0006977302116265,0.5555555555555556
12,40,0.5,4.0,5,0.1282437616477415,0.0298426151352276,0.3581113816227314,0.0149213075676138,0.0003715692998147,-0.0002647464526806,0.0354390714372751,0.0006930239288866,0.5555555555555556
12,40,0.5,4.0,6,0.1278167022913859,0.0297928848575398,0.3575146182904777,0.0148964424287699,0.0001133899978803,3.765844635230294e-05,0.0355128855618841,0.0007651367872269,0.5555555555555556
12,48,0.5,4.0,1,0.1344459881231323,0.0305557309730847,0.3666687716770169,0.0152778654865423,0.0005497546647084,-0.0002216575796842,0.0325858242635158,0.0009312768507626,0.6666666666666666
12,48,0.5,4.0,2,0.1337683297313358,0.0304786274993705,0.3657435299924467,0.0152393137496852,0.0008118941498072,-0.0002527761165472,0.0326991111093503,0.0007321505426065,0.6666666666666666
12,48,0.5,4.0,3,0.134312235485292,0.0305405281148959,0.3664863373787514,0.0152702640574479,0.0008790044691985,0.0001275005071774,0.0325815501656039,0.0009051796331802,0.6666666666666666
12,48,0.5,4.0,4,0.138692587663962,0.0310345447830095,0.3724145373961147,0.0155172723915047,0.0007505152518444,3.834018474227177e-06,0.033989948008721,0.0008524131277169,0.6666666666666666
12,48,0.5,4.0,5,0.1324489645250709,0.0303279487580111,0.3639353850961334,0.0151639743790055,0.0005542438859357,-0.0002043008922155,0.0314934712779902,0.0008269972366603,0.6666666666666666
12,48,0.5,4.0,6,0.133914599019507,0.0304952864093948,0.3659434369127379,0.0152476432046974,0.0008144779397027,-0.0003714313880334,0.0322615873877102,0.0006150699196773,0.6666666666666666
12,56,0.5,4.0,1,0.1544102055202231,0.0327458866713124,0.3929506400557495,0.0163729433356562,-0.0004164653228929,-0.0008724998700091,0.0427717887970684,0.0012073585625886,0.7777777777777778
12,56,0.5,4.0,2,0.1512458658949942,0.032408617884132,0.3889034146095843,0.016204308942066,-0.0002398685615217,-0.0006453715077343,0.0417755988795355,0.0009580749055637,0.7777777777777778
12,56,0.5,4.0,3,0.1564921623172833,0.0329659085602589,0.3955909027231077,0.0164829542801294,-0.0001932837365349,-0.000337398337318,0.0436992389898992,0.0010725702596998,0.7777777777777778
12,56,0.5,4.0,4,0.1552242180338373,0.0328320873318818,0.3939850479825819,0.0164160436659409,-0.0002443649402573,3.994665795833037e-06,0.0422269205847343,0.0011742313325101,0.7777777777777778
12,56,0.5,4.0,5,0.1486479383420284,0.0321290732763554,0.3855488793162657,0.0160645366381777,-0.0001167952310854,-0.0016421369156381,0.0407229718073681,0.0010708136459408,0.7777777777777778
12,56,0.5,4.0,6,0.1543597495813359,0.032740536120014,0.3928864334401684,0.016370268060007,-0.0004879585706582,-0.0003520592357022,0.0448018822688807,0.00124514529364,0.7777777777777778
12,64,0.5,4.0,1,0.1852710682540264,0.0358692715378074,0.4304312584536889,0.0179346357689037,-0.0011168313996588,-0.0001764678996028,0.056646885955061,0.0017334772336709,0.8888888888888888
12,64,0.5,4.0,2,0.1887738367997737,0.0362067593443634,0.4344811121323615,0.0181033796721817,-0.0011086357108313,-0.0005356556274134,0.0587595470738112,0.0015418486413572,0.8888888888888888
12,64,0.5,4.0,3,0.1823711763072745,0.0355874486600803,0.4270493839209636,0.0177937243300401,-0.0009522322458767,-0.0006269067239522,0.0548498146781847,0.0012937162601374,0.8888888888888888
12,64,0.5,4.0,4,0.1900676502195893,0.0363306239643091,0.4359674875717102,0.0181653119821545,-0.0012873500460027,0.0005805805348354,0.0595164817001455,0.0018285940715658,0.8888888888888888
12,64,0.5,4.0,5,0.1800289788418137,0.0353581849358396,0.4242982192300761,0.0176790924679198,-0.0012532043956448,-6.783986524834683e-05,0.0541406641870919,0.0011590896711871,0.8888888888888888
12,64,0.5,4.0,6,0.1855730338219169,0.0358984905499285,0.430781886599143,0.0179492452749642,-0.0012382002547687,-0.0004485346594125,0.0554667859962389,0.0016069679692013,0.8888888888888888
12,72,0.5,4.0,1,0.2200372796488841,0.0390901095448498,0.4690813145381983,0.0195450547724249,-0.0015721603003371,-0.0002153437476954,0.0803703185778477,0.0016940860610865,1.0
12,72,0.5,4.0,2,0.2185102993799981,0.0389542376973715,0.4674508523684582,0.0194771188486857,-0.0014057758425383,-0.001091719736487,0.0784566467905754,0.0015412915847129,1.0
12,72,0.5,4.0,3,0.2287514861201824,0.0398566429462606,0.4782797153551281,0.0199283214731303,-0.0017873779944418,-7.407949672531678e-05,0.0838809087701515,0.0020272955224419,1.0
12,72,0.5,4.0,4,0.2267242007618365,0.0396796373017904,0.4761556476214858,0.0198398186508952,-0.00149884153251,5.3605441281403175e-05,0.0826662379653769,0.0026106512921607,1.0
12,72,0.5,4.0,5,0.2155658665479373,0.0386908927831948,0.4642907133983377,0.0193454463915974,-0.0017353966320452,-0.0006867775381354,0.0778310397686867,0.0018432211409542,1.0
12,72,0.5,4.0,6,0.222751868901602,0.0393304967993457,0.4719659615921491,0.0196652483996728,-0.0016833183153676,0.0002845180893855,0.0814540396557143,0.0021713686123838,1.0
12,36,0.6,4.0,1,0.0930453953603391,0.0254194527653772,0.3050334331845267,0.0152516716592263,0.0002748645574908,0.0001509370768924,0.0196437155110151,0.0003367164564657,0.5
12,36,0.6,4.0,2,0.093358905025027,0.0254622412473934,0.3055468949687216,0.015277344748436,0.000492758466975,1.9473448252703264e-05,0.0197637950798796,0.0003410815269614,0.5
12,36,0.6,4.0,3,0.0933711367913155,0.0254639092081697,0.3055669104980373,0.0152783455249018,0.0002922077260362,9.134612886732408e-05,0.0195986381530841,0.0005188895361381,0.5
12,36,0.6,4.0,4,0.0926013494720594,0.0253587248671793,0.3043046984061526,0.0152152349203076,0.0004333852630458,6.632849856457827e-05,0.0192797731516045,0.0003263404187261,0.5
12,36,0.6,4.0,5,0.093749733228949,0.0255154818510237,0.3061857822122854,0.0153092891106142,0.0001421094202211,0.0001459880541379,0.0201749995085122,0.0003982773705539,0.5
12,36,0.6,4.0,6,0.0943486289808014,0.0255968516104359,0.3071622193252312,0.0153581109662615,0.0005537413891598,-0.0002384695789154,0.0203736226813565,0.000502580833552,0.5
12,40,0.6,4.0,1,0.1057856325485261,0.0271039194260471,0.3252470331125653,0.0162623516556282,0.0002560725655923,0.0002702633455961,0.0242614685904347,0.0004789632413605,0.5555555555555556
12,40,0.6,4.0,2,0.1070529421493174,0.0272657882587366,0.3271894591048394,0.0163594729552419,0.0001941767411497,1.4948231958633595e-06,0.0249975888281666,0.0005979439624889,0.5555555555555556
12,40,0.6,4.0,3,0.1072897890980711,0.0272959333939639,0.3275512007275673,0.0163775600363783,0.0001652546197551,-6.435106320189387e-05,0.0245314618312195,0.0004825945182189,0.5555555555555556
12,40,0.6,4.0,4,0.1087643298227496,0.0274828645885271,0.3297943750623252,0.0164897187531162,-8.033077111607082e-05,0.0006186190160814,0.0255248889426722,0.0005581352597806,0.5555555555555556
12,40,0.6,4.0,5,0.1043085174533726,0.026914024309592,0.3229682917151041,0.0161484145857552,0.0001405094124078,0.0001115708712563,0.0241172696373804,0.0005318269708132,0.5555555555555556
12,40,0.6,4.0,6,0.1057058509402868,0.0270936968556811,0.3251243622681739,0.0162562181134086,-3.4874830760007965e-05,0.000350432584942,0.0250007026698432,0.000506682028898,0.5555555555555556
12,48,0.6,4.0,1,0.1141089932740013,0.0281500189059046,0.3378002268708552,0.0168900113435427,2.1049393391832782e-05,0.0004802738786169,0.0253809587155312,0.0004790001431599,0.6666666666666666
12,48,0.6,4.0,2,0.114687832802013,0.0282213267467586,0.3386559209611033,0.0169327960480551,-0.0003314184517925,-5.647484926605643e-06,0.0254377672849287,0.0006059144967098,0.6666666666666666
12,48,0.6,4.0,3,0.1171679558784761,0.0285248376028189,0.3422980512338277,0.0171149025616913,-7.216888475961936e-05,-0.0003392700067803,0.0259895924305815,0.0006137356993364,0.6666666666666666
12,48,0.6,4.0,4,0.1176826501644965,0.0285874207675742,0.3430490492108912,0.0171524524605445,-0.0003613598598417,0.0001263975022301,0.0266311196888371,0.0007352078576608,0.6666666666666666
12,48,0.6,4.0,5,0.1160436703462487,0.0283876526301304,0.3406518315615648,0.0170325915780782,-0.0001721305108083,0.0002981095036611,0.0260514330105855,0.0006274980994499,0.6666666666666666
12,48,0.6,4.0,6,0.1156529136546333,0.0283398171079619,0.3400778052955431,0.0170038902647771,0.0001104014900895,0.0002671214122104,0.0259356799067382,0.0003944026317547,0.6666666666666666
12,56,0.6,4.0,1,0.1454118230739001,0.0317774185059467,0.3813290220713605,0.019066451103568,-0.0004883265881076,-0.0009916416661565,0.0396461607372104,0.0011499766489819,0.7777777777777778
12,56,0.6,4.0,2,0.1443976111505151,0.0316664047303328,0.3799968567639937,0.0189998428381996,-0.0001790118617966,-0.0009330885268028,0.0401202010993697,0.0009792240069553,0.7777777777777778
12,56,0.6,4.0,3,0.1457660608476567,0.0318161014494557,0.3817932173934691,0.0190896608696734,-0.0002529217899536,-0.0014054105851174,0.0405430617826136,0.0011215604631656,0.7777777777777778
12,56,0.6,4.0,4,0.1478154966118693,0.0320389841326015,0.3844678095912183,0.0192233904795609,-8.54655508614198e-06,-0.0008592161084049,0.0411109708228192,0.0013028209290019,0.7777777777777778
12,56,0.6,4.0,5,0.1455352627182963,0.0317909035205801,0.3814908422469619,0.019074542112348,-0.0003173000830158,-0.0009715914200161,0.0408133181483789,0.0010254880695393,0.7777777777777778
12,56,0.6,4.0,6,0.1448543286533519,0.0317164442816419,0.3805973313797036,0.0190298665689851,2.557582395155325e-05,-0.0004023758477045,0.0400378425107776,0.0011426197919457,0.7777777777777778
12,64,0.6,4.0,1,0.1753952632530735,0.0349001813960855,0.4188021767530269,0.0209401088376513,0.0003688578788603,-0.0003275411021477,0.0538353814692336,0.0013023012515228,0.8888888888888888
12,64,0.6,4.0,2,0.1707085331912427,0.0344307409873674,0.4131688918484095,0.0206584445924204,0.0008248064898993,-0.0004967725857688,0.0499393282143297,0.0013173075957872,0.8888888888888888
12,64,0.6,4.0,3,0.1752697337353697,0.0348876902175802,0.4186522826109631,0.0209326141305481,0.0007436727689094,-0.0002544733514685,0.0521679194063053,0.0012280104624439,0.8888888888888888
12,64,0.6,4.0,4,0.1774071495986145,0.0350997734242661,0.4211972810911942,0.0210598640545597,0.0005338173517045,0.0003829237259464,0.0531554417964554,0.0016595714338034,0.8888888888888888
12,64,0.6,4.0,5,0.1709574814037329,0.0344558374150211,0.4134700489802532,0.0206735024490126,0.0004880105331271,-0.0002427829315903,0.0509485100903131,0.001191361917852,0.8888888888888888
12,64,0.6,4.0,6,0.172868055674703,0.0346478370010611,0.4157740440127341,0.0207887022006367,0.0006801236182953,0.0003822361338971,0.0518086083355903,0.001440588572068,0.8888888888888888
12,72,0.6,4.0,1,0.2005434958803414,0.0373184025091603,0.4478208301099241,0.0223910415054962,-0.0017986326326678,-0.0006003274170515,0.0697141529483305,0.0014910990671801,1.0
12,72,0.6,4.0,2,0.2007953098759877,0.0373418247296353,0.4481018967556238,0.0224050948377811,-0.0015601836511734,-0.0009532332781824,0.0686190404994858,0.0013484715436295,1.0
12,72,0.6,4.0,3,0.2066884439312085,0.0378858339777409,0.4546300077328911,0.0227315003866445,-0.0016319969402585,4.114874480586525e-05,0.0719132214417532,0.0018035326498757,1.0
12,72,0.6,4.0,4,0.2035895084115619,0.0376007450808603,0.4512089409703246,0.0225604470485162,-0.0016581264855285,-5.425177021085704e-05,0.0709952380553548,0.0014335597539889,1.0
12,72,0.6,4.0,5,0.2016623740223434,0.0374223616696346,0.4490683400356157,0.0224534170017807,-0.0017213842054193,-0.0004652374263393,0.0694479718640246,0.0015130893225497,1.0
12,72,0.6,4.0,6,0.2019869869046697,0.0374524686644312,0.4494296239731752,0.0224714811986587,-0.0016289813217367,-0.000310030493959,0.0685984094389522,0.0013738236754406,1.0
12,36,0.7,4.0,1,0.0835515485511506,0.0240877372777263,0.2890528473327163,0.0168614160944084,-7.62372264896623e-05,-0.0001861929384472,0.018755055991562,0.0003541011805842,0.5
12,36,0.7,4.0,2,0.0834041191124086,0.0240664760946414,0.2887977131356975,0.016846533266249,0.0001456750143061,-0.0003992732785466,0.0187340458618108,0.0003280572203331,0.5
12,36,0.7,4.0,3,0.0821810777371255,0.0238893685293278,0.2866724223519338,0.0167225579705294,5.515937513148925e-05,-0.0003245000329614,0.0180889250323569,0.0003307220673088,0.5
12,36,0.7,4.0,4,0.0851610750296522,0.0243186421161335,0.2918237053936027,0.0170230494812934,0.0001019449611995,-0.0002432704530699,0.0196018170097583,0.0004958347169518,0.5
12,36,0.7,4.0,5,0.0826160526532517,0.0239525069224455,0.287430083069347,0.0167667548457119,-4.362445136338787e-05,-0.0002362843449387,0.0184706457864747,0.0003663390723895,0.5
12,36,0.7,4.0,6,0.0835267764889944,0.0240841661460668,0.2890099937528016,0.0168589163022467,6.907653581702447e-05,-0.0002599576907433,0.0190986729951025,0.0003575929611794,0.5
12,40,0.7,4.0,1,0.0914971796751029,0.0252070839463255,0.3024850073559067,0.0176449587624278,0.0003465851346755,0.0002199979999764,0.0196320935423498,0.0004319065370283,0.5555555555555556
12,40,0.7,4.0,2,0.0903786540389974,0.0250525356388825,0.300630427666591,0.0175367749472178,0.0003864724328034,-2.1992575628705196e-05,0.0187446046711167,0.0003107295788863,0.5555555555555556
12,40,0.7,4.0,3,0.0913235167593542,0.025183150887183,0.3021978106461962,0.0176282056210281,-2.4089304028063717e-05,-0.0001180365020659,0.0188942123748811,0.0003412452853886,0.5555555555555556
12,40,0.7,4.0,4,0.091814512095612,0.0252507579775687,0.3030090957308246,0.0176755305842981,7.814232901219219e-05,-1.6894103668079073e-05,0.0195605802223731,0.0003531639148848,0.5555555555555556
12,40,0.7,4.0,5,0.0905745900977259,0.0250796772110803,0.3009561265329648,0.0175557740477562,-2.3520157200702917e-05,-3.88689717067804e-05,0.0190144678777339,0.0002879294701832,0.5555555555555556
12,40,0.7,4.0,6,0.0910372898885726,0.025143655303157,0.3017238636378843,0.0176005587122099,0.0002133527714849,0.0001217605939306,0.0193794968314976,0.0003459310277484,0.5555555555555556
12,48,0.7,4.0,1,0.1090171261831427,0.0275147846851801,0.3301774162221619,0.0192603492796261,-0.0001610688715265,0.0001331910089343,0.0234155055655604,0.000490135739921,0.6666666666666666
12,48,0.7,4.0,2,0.1096933761844918,0.027599991971679,0.3311999036601488,0.0193199943801753,1.5303372068757967e-05,-0.0007936074014836,0.0237292849611965,0.0004620600263594,0.6666666666666666
12,48,0.7,4.0,3,0.1087415034397982,0.0274799805211547,0.3297597662538568,0.0192359863648083,6.933450322301551e-05,-0.0001107588261948,0.0227267935701028,0.0004395904756926,0.6666666666666666
12,48,0.7,4.0,4,0.1076689555711023,0.0273441233239406,0.3281294798872883,0.0191408863267584,-8.979834345951683e-05,0.00031137860607,0.0229182909765157,0.0004592766647205,0.6666666666666666
12,48,0.7,4.0,5,0.1079430887824669,0.0273789112860898,0.3285469354330778,0.0191652379002628,-0.0001912412720665,-4.574042767655248e-05,0.0235424597623057,0.0004136112127721,0.6666666666666666
12,48,0.7,4.0,6,0.1080713205205129,0.0273951689425791,0.3287420273109492,0.0191766182598053,-7.915946130638433e-05,-0.0002163664065044,0.0226910668302243,0.0004916951349433,0.6666666666666666
12,56,0.7,4.0,1,0.1343937682433112,0.0305497963535801,0.3665975562429615,0.021384857447506,0.0001192667479219,-0.0002356530038141,0.0357375614203196,0.0009972529033019,0.7777777777777778
12,56,0.7,4.0,2,0.1361455677073432,0.0307482573701501,0.3689790884418021,0.0215237801591051,-7.007583009742215e-05,-0.0001150051386022,0.035062256034706,0.0007821108934649,0.7777777777777778
12,56,0.7,4.0,3,0.1395080836223557,0.0311256507765919,0.3735078093191034,0.0217879555436143,0.0001282260360999,-0.0001962447509571,0.0375261999407336,0.0010025293832741,0.7777777777777778
12,56,0.7,4.0,4,0.1399563993926527,0.0311756225315029,0.3741074703780355,0.021822935772052,0.0001690761431563,0.0001295808219281,0.0381705796608763,0.0010804661784003,0.7777777777777778
12,56,0.7,4.0,5,0.1311273703213084,0.0301762611723589,0.3621151340683076,0.0211233828206512,0.0001602313386645,4.1914515261794026e-05,0.0326997102365588,0.0006247625680031,0.7777777777777778
12,56,0.7,4.0,6,0.1314368274452059,0.0302118477777719,0.3625421733332633,0.0211482934444403,-5.013103802883542e-05,-0.000320276694513,0.0334064562854708,0.0006632376791684,0.7777777777777778
12,64,0.7,4.0,1,0.1516473447727848,0.0324516033644274,0.389419240373129,0.0227161223550991,-8.516408719461436e-05,-4.23427187552752e-05,0.0422534682053502,0.0009739028081055,0.8888888888888888
12,64,0.7,4.0,2,0.1532780250648733,0.0326256146243588,0.3915073754923058,0.0228379302370511,8.557627344331208e-05,0.0004247325089459,0.0419280395146471,0.0010052287378876,0.8888888888888888
12,64,0.7,4.0,3,0.1529892248710669,0.0325948642076592,0.3911383704919103,0.0228164049453614,-1.7458034270453277e-05,-0.000520981552197,0.0417318195331469,0.0009763625892554,0.8888888888888888
12,64,0.7,4.0,4,0.1538259653674932,0.0326838778391975,0.3922065340703711,0.0228787144874383,0.0001337297677625,0.0004416205115622,0.0428107114591984,0.000873081272057,0.8888888888888888
12,64,0.7,4.0,5,0.1501820965834624,0.0322944457496029,0.3875333489952348,0.022606112024722,-0.0001270466490633,-0.000679762799594,0.0412486674167701,0.0007592999638564,0.8888888888888888
12,64,0.7,4.0,6,0.1526840236701969,0.0325623359102494,0.3907480309229937,0.0227936351371746,1.0615459283000557e-05,0.000683643700395,0.0418926786777646,0.0009822117187928,0.8888888888888888
12,72,0.7,4.0,1,0.1841528389774398,0.035760860721822,0.4291303286618644,0.0250326025052754,-0.0016310331985968,0.0001886424765055,0.0618866495112175,0.0011984154808541,1.0
12,72,0.7,4.0,2,0.1842008251866456,0.0357655196681033,0.4291862360172395,0.0250358637676723,-0.0014926928748125,-0.0002879399258726,0.0606557362158339,0.001034534911664,1.0
12,72,0.7,4.0,3,0.1927228321132968,0.0365835072237037,0.4390020866844449,0.0256084550565926,-0.0016709375343849,-8.18728654707088e-05,0.0652329415339981,0.0013214800242297,1.0
12,72,0.7,4.0,4,0.1949914415761935,0.0367981960586114,0.4415783527033379,0.025758737241028,-0.001552682545268,0.0005153972164511,0.0666137294259085,0.0013636478862095,1.0
12,72,0.7,4.0,5,0.182972173734213,0.0356460389857902,0.4277524678294831,0.0249522272900531,-0.0017330576653559,-8.261741391680911e-05,0.0601730617557639,0.0009197150789052,1.0
12,72,0.7,4.0,6,0.1889196271813288,0.0362207379194004,0.4346488550328056,0.0253545165435803,-0.0016953752431765,0.0003570799507015,0.0631902037202349,0.0013839097485874,1.0
12,36,0.0,6.0,1,0.1300884672148068,0.0300564823862699,0.3606777886352399,0.0,-0.0005791645176938,-0.0002947800890728,0.0338093127290409,0.0011208891899164,0.5
12,36,0.0,6.0,2,0.1314304073404863,0.0302111099115327,0.3625333189383927,0.0,-0.0005129853788313,-0.0001458188376152,0.0322495659004667,0.0008791269701255,0.5
12,36,0.0,6.0,3,0.1354039744747583,0.0306643991999995,0.3679727903999946,0.0,-0.0006930949507699,0.0001675174793764,0.0332116941162923,0.0008547737502506,0.5
12,36,0.0,6.0,4,0.13324868014656,0.0304193697596339,0.3650324371156076,0.0,-0.0005949376575536,0.000231162098342,0.0331520443571471,0.000958587037893,0.5
12,36,0.0,6.0,5,0.1274868082465962,0.029754412399979,0.3570529487997491,0.0,-0.0006077241241045,0.0001805816022941,0.032279785020145,0.0013563093180658,0.5
12,36,0.0,6.0,6,0.1327812946647498,0.0303659731288289,0.3643916775459476,0.0,-0.0006115222455628,-0.0001186483067605,0.0347197189267555,0.0012036978407544,0.5
12,40,0.0,6.0,1,0.1533387712625173,0.0326320789747133,0.3915849476965596,0.0,-1.766955917499668e-05,-0.0020392496703457,0.0425906776902171,0.0015120780302588,0.5555555555555556
12,40,0.0,6.0,2,0.1563762657587658,0.0329536991852421,0.3954443902229058,0.0,-0.0001911493411862,-0.0016013875157745,0.0455533716658427,0.0019612261645225,0.5555555555555556
12,40,0.0,6.0,3,0.1545930809050189,0.0327652721923748,0.3931832663084976,0.0,-0.0003228360450202,-0.0013385284700783,0.042131568473934,0.0013363574344521,0.5555555555555556
12,40,0.0,6.0,4,0.1597784946284328,0.0333102518658162,0.3997230223897954,0.0,0.0001964181215924,-0.0016415527213295,0.0476003469497175,0.0020525407262085,0.5555555555555556
12,40,0.0,6.0,5,0.1487989462620738,0.0321453887160949,0.3857446645931396,0.0,-0.0002269479977709,-0.0018558233384528,0.0411014995211833,0.0013976046693928,0.5555555555555556
12,40,0.0,6.0,6,0.1549106671588225,0.0327989103772711,0.3935869245272542,0.0,0.0001693164822796,-0.0019214138614493,0.0439227774353495,0.0017105110079434,0.5555555555555556
12,48,0.0,6.0,1,0.2036313724555827,0.0376046107966,0.4512553295592006,0.0,5.771697279266333e-05,-0.0004140519293471,0.0786196187120557,0.0035382676863815,0.6666666666666666
12,48,0.0,6.0,2,0.198094251418188,0.037089816981719,0.4450778037806289,0.0,0.000451145170755,-0.0003046493994529,0.0743981119192285,0.0035717266256339,0.6666666666666666
12,48,0.0,6.0,3,0.2072418854304586,0.037936522770725,0.4552382732487007,0.0,0.0004436750723683,0.001117309472565,0.0779842944486189,0.0034617089990595,0.6666666666666666
12,48,0.0,6.0,4,0.2049686545201587,0.0377278866909845,0.4527346402918145,0.0,-0.0005861209741627,0.0010163130535203,0.078305066695189,0.0033352915972716,0.6666666666666666
12,48,0.0,6.0,5,0.2017737594930918,0.0374326951093088,0.4491923413117055,0.0,-5.1587477067223615e-05,0.0004326467053942,0.079099595249649,0.0035186343564937,0.6666666666666666
12,48,0.0,6.0,6,0.199997208433523,0.0372675395352386,0.4472104744228639,0.0,-0.0001983112480374,0.0016543484389689,0.0768526161538553,0.0034909395009285,0.6666666666666666
12,56,0.0,6.0,1,0.2759463834852037,0.0437754991948505,0.5253059903382064,0.0,9.442915313698012e-05,-0.0006030217114936,0.1292871598586513,0.010070872164537,0.7777777777777778
12,56,0.0,6.0,2,0.2934042444544001,0.0451390017100265,0.5416680205203185,0.0,-0.0014991055259007,-0.0006397984375882,0.1256055991736343,0.0107346606066651,0.7777777777777778
12,56,0.0,6.0,3,0.2805895961318883,0.0441422571016367,0.5297070852196413,0.0,5.471460647207538e-06,-0.0007302048711015,0.1334522020180247,0.0110794132662321,0.7777777777777778
12,56,0.0,6.0,4,0.2652357204892951,0.042917534011405,0.51501040813686,0.0,-0.0002720106225007,-0.0001694606426667,0.1143219106519689,0.0082431128694967,0.7777777777777778
12,56,0.0,6.0,5,0.2813532775650854,0.0442022873312354,0.5304274479748248,0.0,-0.0007805589854076,-2.3685981401478744e-05,0.1231295646379058,0.0094325645612049,0.7777777777777778
12,56,0.0,6.0,6,0.2719460323112662,0.0434570375574852,0.5214844506898229,0.0,0.000662876403243,-0.000729280836757,0.1289351216167439,0.0077753281741051,0.7777777777777778
12,64,0.0,6.0,1,0.3554868777873746,0.0496856002632899,0.596227203159479,0.0,-0.0005866221876848,-0.0014861563861778,0.1819261423237542,0.0170261116605873,0.8888888888888888
12,64,0.0,6.0,2,0.4882631304303674,0.0582298564616487,0.6987582775397851,0.0,0.0006845493308261,6.503773229581585e-05,0.2684398538918321,0.0270731915003981,0.8888888888888888
12,64,0.0,6.0,3,0.4306854489195594,0.0546888578510513,0.6562662942126157,0.0,-0.0002926330853539,-9.325824267193849e-05,0.2187547093466745,0.0161696886219588,0.8888888888888888
12,64,0.0,6.0,4,0.5178144507713622,0.0599661044750468,0.7195932537005626,0.0,-6.118431351533586e-05,-0.0010315753582294,0.2929293523764673,0.0350256763938852,0.8888888888888888
12,64,0.0,6.0,5,0.3761789064657524,0.0511111877882257,0.6133342534587094,0.0,-0.0007484298883971,-9.115617382995007e-05,0.1866608321493084,0.014216325887415,0.8888888888888888
12,64,0.0,6.0,6,0.4180905276000305,0.0538832668058171,0.646599201669806,0.0,-0.0008446643967184,-0.0012562250053951,0.2210353215521995,0.0179418067755598,0.8888888888888888
12,72,0.0,6.0,1,0.5341357011945916,0.0609038233835957,0.7308458806031485,0.0,-0.0004079965096985,-0.0008922053225553,0.2989714504964046,0.0316081505669377,1.0
12,72,0.0,6.0,2,0.4828677915437674,0.057907240932264,0.6948868911871683,0.0,0.0017334399451891,-0.0027967399540417,0.2565299048852369,0.0333938296847807,1.0
12,72,0.0,6.0,3,0.5151181658881441,0.059809777506143,0.7177173300737165,0.0,-0.0011429036457536,0.0020084423724987,0.2874988704774355,0.0291890381826864,1.0
12,72,0.0,6.0,4,0.4804196312627675,0.0577602583038266,0.6931230996459197,0.0,-0.0006693972539795,-0.0003139101332203,0.2565430472705626,0.0281569137774459,1.0
12,72,0.0,6.0,5,0.4507607207783667,0.0559489301343922,0.6713871616127066,0.0,-0.001187280388919,0.0010691709884666,0.2417098556398392,0.0258064544680592,1.0
12,72,0.0,6.0,6,0.5042070036535292,0.0591729458905987,0.7100753506871853,0.0,0.0007659503359383,-0.0003822098126298,0.2785570688380757,0.0314458038495465,1.0
12,36,0.1,6.0,1,0.1278456651142697,0.0297962601487014,0.3575551217844176,0.0029796260148701,0.0005491340102923,-3.614263974309781e-05,0.0320853812858756,0.0014237464260959,0.5
12,36,0.1,6.0,2,0.1301227544455608,0.0300604430972878,0.3607253171674547,0.0030060443097287,0.0007677937913265,-0.0002782420268694,0.0317255705791024,0.0007927331160856,0.5
12,36,0.1,6.0,3,0.1339645929776454,0.0305009782376872,0.366011738852247,0.0030500978237687,0.0005761247059357,5.878974565685461e-05,0.0337761392034487,0.0009120079398944,0.5
12,36,0.1,6.0,4,0.1321734264446459,0.0302963862032538,0.3635566344390458,0.0030296386203253,0.000472480941194,0.0001670077674888,0.0321295999170851,0.0009650570935155,0.5
12,36,0.1,6.0,5,0.1306602266129103,0.0301224614666842,0.361469537600211,0.0030122461466684,0.000399706383822,-0.0002485851057811,0.0325194577842472,0.0010940402692675,0.5
12,36,0.1,6.0,6,0.131288562334919,0.0301948029853785,0.3623376358245428,0.0030194802985378,0.0005977618883001,2.5390202910423167e-05,0.0336205670990835,0.000931629731266,0.5
12,40,0.1,6.0,1,0.1467805477362263,0.031926624614565,0.3831194953747803,0.0031926624614565,-0.0001041125032685,0.0002955986878219,0.0402148800512126,0.0012517741420646,0.5555555555555556
12,40,0.1,6.0,2,0.1519081239690372,0.0324794939548441,0.38975392745813,0.0032479493954844,0.000286316544091,0.0005531464868383,0.0436708811691132,0.0014595481451446,0.5555555555555556
12,40,0.1,6.0,3,0.1529905253421286,0.0325950027422116,0.3911400329065393,0.0032595002742211,8.644074774692185e-05,0.0001325409460633,0.0414217043944179,0.0012609328375255,0.5555555555555556
12,40,0.1,6.0,4,0.1507791983815249,0.0323585810340683,0.3883029724088202,0.0032358581034068,-0.0001721123016935,0.0008099787929226,0.0427075312432601,0.0012087829482168,0.5555555555555556
12,40,0.1,6.0,5,0.1522827812940847,0.0325195220527955,0.3902342646335464,0.0032519522052795,0.0001716766290969,-0.0007012224332515,0.0438800868942856,0.001861124611315,0.5555555555555556
12,40,0.1,6.0,6,0.149870040933382,0.0322608768192757,0.3871305218313096,0.0032260876819275,4.7687496191538486e-05,0.0003735930140632,0.041491380056714,0.0014151445127027,0.5555555555555556
12,48,0.1,6.0,1,0.1989089843880939,0.0371660112412401,0.4459921348948812,0.003716601124124,-0.0002458821242109,-0.0013025053779118,0.0744839333459628,0.0031079744614813,0.6666666666666666
12,48,0.1,6.0,2,0.205041799593069,0.0377346178735518,0.4528154144826223,0.0037734617873551,0.0002552422430519,-0.0010812755975184,0.0763123299430055,0.0039640102675195,0.6666666666666666
12,48,0.1,6.0,3,0.19766422152859,0.0370495371774014,0.4445944461288175,0.0037049537177401,-0.0001280592492077,0.0003003700443462,0.0749140654229016,0.002982006412806,0.6666666666666666
12,48,0.1,6.0,4,0.2042052430128229,0.0376575618616875,0.4518907423402508,0.0037657561861687,9.948966396711243e-05,-0.0020087196713308,0.076725882190697,0.0038411181785727,0.6666666666666666
12,48,0.1,6.0,5,0.2027121356235775,0.037519637045854,0.4502356445502483,0.0037519637045854,0.0003360669488522,-0.0019139928091567,0.0787432136417411,0.0037394749979449,0.6666666666666666
12,48,0.1,6.0,6,0.2162268449972774,0.038750165321984,0.4650019838638083,0.0038750165321984,0.0001059778528261,-0.001406449475546,0.0835600833214715,0.0036809291227374,0.6666666666666666
12,56,0.1,6.0,1,0.2638298519551991,0.0428036417806812,0.5136437013681752,0.0042803641780681,-0.0010934380306909,2.8433011325882137e-05,0.1207333803997457,0.0090964408035971,0.7777777777777778
12,56,0.1,6.0,2,0.2706310819725719,0.0433518455627717,0.5202221467532615,0.0043351845562771,-0.0015849861306364,-0.000937557955692,0.1233247453862402,0.009817218777874,0.7777777777777778
12,56,0.1,6.0,3,0.3150161167568445,0.0467719138150507,0.5612629657806085,0.004677191381505,-0.0001909257044741,0.0011264151030278,0.1496696018556454,0.0112382161543678,0.7777777777777778
12,56,0.1,6.0,4,0.3131779869257851,0.0466352563135345,0.5596230757624144,0.0046635256313534,8.142933680783543e-05,-0.0014750937705567,0.155184468212138,0.0189527811298325,0.7777777777777778
12,56,0.1,6.0,5,0.2990470338659451,0.0455709942063803,0.5468519304765643,0.004557099420638,-0.0006507608919264,0.0003884412388708,0.1384556591172255,0.0081996676860347,0.7777777777777778
12,56,0.1,6.0,6,0.2650576210452299,0.0429031225428314,0.5148374705139768,0.0042903122542831,-0.0002828157473577,-0.0009473272785212,0.1158753674471974,0.0061188818535011,0.7777777777777778
12,64,0.1,6.0,1,0.3930834995078612,0.0522469762221714,0.6269637146660573,0.0052246976222171,0.0001393788286,0.0001928222067419,0.2111950540046591,0.0207413221267167,0.8888888888888888
12,64,0.1,6.0,2,0.4662193450099477,0.056900213886653,0.6828025666398361,0.0056900213886653,-0.0007109864932781,0.000987004541466,0.2552324868761055,0.0222617430501467,0.8888888888888888
12,64,0.1,6.0,3,0.5743833580475257,0.0631567361393421,0.7578808336721056,0.0063156736139342,-0.0002144924250726,0.0019597322413255,0.3329244075323583,0.0506087160467202,0.8888888888888888
12,64,0.1,6.0,4,0.41506297117009,0.0536878174657597,0.6442538095891168,0.0053687817465759,-0.0006098606429345,0.0002172813480543,0.2122026720017838,0.0231577896903334,0.8888888888888888
12,64,0.1,6.0,5,0.3641722860604164,0.0502889074125983,0.6034668889511805,0.0050288907412598,-0.0010474392968688,0.0001856088071804,0.1887972259794212,0.0180772680083007,0.8888888888888888
12,64,0.1,6.0,6,0.3393334937493469,0.0485436153935981,0.5825233847231774,0.0048543615393598,0.0002217203855446,0.0007149971622089,0.1712826043775928,0.0157368401079223,0.8888888888888888
12,72,0.1,6.0,1,0.4725017889519389,0.0572823046261003,0.6873876555132038,0.00572823046261,0.0007605975650107,-0.0002676316862692,0.2538258847680444,0.0260126467291876,1.0
12,72,0.1,6.0,2,0.643010651158594,0.0668232874390126,0.8018794492681516,0.0066823287439012,0.0009704331473938,-0.0014925030166722,0.3610608224049434,0.0652509763593074,1.0
12,72,0.1,6.0,3,0.4281480476639889,0.0545275190247999,0.6543302282975997,0.0054527519024799,-0.000438844609539,0.0004610838833726,0.2291962639629789,0.0337798980463543,1.0
12,72,0.1,6.0,4,0.4362947561196009,0.0550438433912005,0.6605261206944059,0.00550438433912,-0.0001944040432275,-0.0013326187890088,0.2248485114940242,0.0244648825812895,1.0
12,72,0.1,6.0,5,0.4446227900723588,0.0555667010393039,0.6668004124716472,0.0055566701039303,-0.0014925605112439,0.000415198835281,0.2181890275832236,0.023426524241958,1.0
12,72,0.1,6.0,6,0.4224988485014225,0.0541665928526049,0.6499991142312599,0.0054166592852605,-7.473628453523104e-05,-0.0004526206416267,0.2277385393450269,0.0319245328985932,1.0
12,36,0.2,6.0,1,0.1285421448387032,0.0298773121883831,0.3585277462605972,0.0059754624376766,0.0001247126108178,0.0011298184862706,0.0328980697189645,0.0011635207401732,0.5
12,36,0.2,6.0,2,0.1305524843905239,0.030110039437606,0.3613204732512731,0.0060220078875212,0.0004838891354623,0.0007633977509192,0.0321970201367625,0.0009938131948312,0.5
12,36,0.2,6.0,3,0.1280735859288797,0.0298228084238203,0.3578737010858436,0.005964561684764,0.0001450667670143,0.0005474878996707,0.0317432859219599,0.0008191014670653,0.5
12,36,0.2,6.0,4,0.1302094107116063,0.0300704509249628,0.3608454110995542,0.0060140901849925,0.0002451990799802,0.000990816163989,0.0319140194081623,0.0008031463411343,0.5
12,36,0.2,6.0,5,0.1274828985496459,0.0297539561503132,0.3570474738037589,0.0059507912300626,2.7644665551391863e-05,0.0005982042737477,0.0322251903023458,0.0007651373849905,0.5
12,36,0.2,6.0,6,0.1260189429754651,0.0295826224064184,0.3549914688770212,0.0059165244812836,0.0003081276091804,0.0008587396377883,0.0313236507964789,0.0006963982961028,0.5
12,40,0.2,6.0,1,0.1426002655736618,0.0314687086172807,0.3776245034073687,0.0062937417234561,9.92012670371674e-05,-0.0005732470018621,0.0378489663699243,0.0010653687620477,0.5555555555555556
12,40,0.2,6.0,2,0.1464380758458434,0.031889356880671,0.3826722825680524,0.0063778713761342,-0.0001300705635591,-0.0013004259470852,0.0411822040469871,0.0013060753399309,0.5555555555555556
12,40,0.2,6.0,3,0.1467966448238187,0.0319283752265888,0.3831405027190661,0.0063856750453177,-6.498874146272075e-05,-0.0007945049936911,0.0391624533668983,0.0012441637637295,0.5555555555555556
12,40,0.2,6.0,4,0.1520821354426917,0.0324980913374039,0.389977096048847,0.0064996182674807,0.0001343934232523,-0.0013361076825497,0.0408924380068265,0.001928608819763,0.5555555555555556
12,40,0.2,6.0,5,0.1482034853615683,0.0320810048247626,0.3849720578971523,0.0064162009649525,-0.0004611252169671,-0.0011201674831918,0.0406957108152126,0.0011020303348383,0.5555555555555556
12,40,0.2,6.0,6,0.1470423574620349,0.0319550853914559,0.3834610246974715,0.0063910170782911,2.553908206177603e-06,-0.0004342083839802,0.0410541336420879,0.0017691119367626,0.5555555555555556
12,48,0.2,6.0,1,0.1913599725138624,0.036453925687269,0.4374471082472285,0.0072907851374538,0.0002375332743191,0.0017852972566254,0.0668618748838793,0.0028350687184788,0.6666666666666666
12,48,0.2,6.0,2,0.1828801557718374,0.0356370745397103,0.4276448944765241,0.007127414907942,0.0002865079140909,0.0023274875970627,0.0623302174615538,0.0030486123062616,0.6666666666666666
12,48,0.2,6.0,3,0.1960799498777165,0.036900763116706,0.4428091574004726,0.0073801526233412,-6.264980095890811e-05,0.0021131853880968,0.0719083637154844,0.0037139922512026,0.6666666666666666
12,48,0.2,6.0,4,0.1934293728421571,0.0366505052301614,0.4398060627619373,0.0073301010460322,-0.0002152014955223,0.0016739277018771,0.0694326017160677,0.0035685377509601,0.6666666666666666
12,48,0.2,6.0,5,0.1827425977731326,0.0356236693487486,0.4274840321849842,0.0071247338697497,-0.0002608749856284,0.0013608513952309,0.0642833191017032,0.0028699756116853,0.6666666666666666
12,48,0.2,6.0,6,0.1958937324024799,0.0368832365944732,0.4425988391336786,0.0073766473188946,-0.0003532710438294,0.0019612638562713,0.0692174440722877,0.0035559092613749,0.6666666666666666
12,56,0.2,6.0,1,0.2662796973479538,0.0430019135029634,0.5160229620355609,0.0086003827005926,0.0006066451340808,-4.4510600145415534e-05,0.1193847914801883,0.0132961400835226,0.7777777777777778
12,56,0.2,6.0,2,0.2741895198771082,0.0436359242830431,0.5236310913965176,0.0087271848566086,0.0007196033566965,2.1933049610268267e-05,0.1237297826244594,0.0088093661941054,0.7777777777777778
12,56,0.2,6.0,3,0.253993256152181,0.0419981196794852,0.5039774361538233,0.008399623935897,0.000647957809979,-7.218983805584106e-05,0.1077616697430006,0.0066599554714848,0.7777777777777778
12,56,0.2,6.0,4,0.262820251712188,0.0427216647251742,0.5126599767020905,0.0085443329450348,0.0004669901862021,-0.0002595318078742,0.1150096199657838,0.0081981864204601,0.7777777777777778
12,56,0.2,6.0,5,0.2826564759351737,0.0443045392030462,0.531654470436555,0.0088609078406092,0.000686413963347,-0.0003518780771481,0.1341646220185044,0.0092394388711093,0.7777777777777778
12,56,0.2,6.0,6,0.2593176401640379,0.0424360335750597,0.5092324029007167,0.0084872067150119,0.0008234586175327,0.0010532867333151,0.1233626687603847,0.0084688210965622,0.7777777777777778
12,64,0.2,6.0,1,0.322230502533221,0.0473044588083128,0.5676535056997543,0.0094608917616625,-0.0017304556853502,0.0014847725524002,0.1652238252135533,0.0157294226467448,0.8888888888888888
12,64,0.2,6.0,2,0.3872341408023648,0.0518567833344317,0.6222814000131812,0.0103713566668863,-0.0002798965946595,0.0004083559834721,0.1980278295652781,0.0215747335947571,0.8888888888888888
12,64,0.2,6.0,3,0.4024442687807273,0.0528654127623423,0.6343849531481082,0.0105730825524684,-0.0007961122130214,4.803841799879323e-05,0.2026921328427226,0.0209922948684319,0.8888888888888888
12,64,0.2,6.0,4,0.3982529602383318,0.0525894053703846,0.6310728644446153,0.0105178810740769,7.686438492212536e-05,0.0007934386267208,0.1993890265193152,0.0178279626103614,0.8888888888888888
12,64,0.2,6.0,5,0.3066351627932373,0.0461455399007402,0.5537464788088835,0.009229107980148,-0.0002431078004129,-0.0009296275741598,0.1413632939055939,0.0156762841417264,0.8888888888888888
12,64,0.2,6.0,6,0.3728586669536586,0.0508851284590035,0.6106215415080429,0.0101770256918007,-0.0003141590917256,-0.0001685518538075,0.183986355282954,0.0152438382174674,0.8888888888888888
12,72,0.2,6.0,1,0.3832010580370343,0.05158602968431,0.6190323562117204,0.010317205936862,-0.0006630655765541,-0.0029220972915932,0.1842935145444552,0.0160204279874141,1.0
12,72,0.2,6.0,2,0.4923651050976838,0.0584739439300438,0.7016873271605265,0.0116947887860087,-0.0001311247779629,0.0010411508020239,0.2639772277960798,0.0347410299355987,1.0
12,72,0.2,6.0,3,0.3951594645102198,0.0523847587375148,0.6286171048501781,0.0104769517475029,-0.0016144482007043,-0.0019273073561952,0.2094051774040395,0.0179619369442771,1.0
12,72,0.2,6.0,4,0.4796465370979135,0.0577137655143608,0.6925651861723295,0.0115427531028721,-0.0004753871957203,0.0040563313075782,0.2645130377139175,0.0267635673957596,1.0
12,72,0.2,6.0,5,0.3447260034887943,0.0489278098813271,0.5871337185759257,0.0097855619762654,-0.0012082314102282,0.0008568800734977,0.1668343127283678,0.0183005229133177,1.0
12,72,0.2,6.0,6,0.3926530046283192,0.0522183586163482,0.6266203033961789,0.0104436717232696,-0.0008190734427756,0.0029762181148409,0.1982136803479643,0.0201495378194907,1.0
12,36,0.3,6.0,1,0.1287733430504043,0.0299041690528079,0.3588500286336959,0.0089712507158423,0.0002742034726656,0.0011606487923809,0.0324167205051951,0.0011257500930023,0.5
12,36,0.3,6.0,2,0.1299821810091181,0.030044201350436,0.3605304162052324,0.0090132604051308,0.0002488235928542,-3.2237282429272647e-05,0.0325296294199655,0.0010515172298093,0.5
12,36,0.3,6.0,3,0.1275520021866292,0.0297620193025053,0.3571442316300646,0.0089286057907516,8.08151861488847e-05,0.0007456558078914,0.0317119673553018,0.0010038949849662,0.5
12,36,0.3,6.0,4,0.1270273243636456,0.02970074404741,0.3564089285689202,0.008910223214223,7.866229131059147e-05,0.0005251206382006,0.0316570578636888,0.0009325557506799,0.5
12,36,0.3,6.0,5,0.1293826450954248,0.0299748326257287,0.3596979915087446,0.0089924497877186,0.0002040619904737,0.0006000885524233,0.0326461260878879,0.0008957084529998,0.5
12,36,0.3,6.0,6,0.124144869987968,0.0293618315623229,0.3523419787478751,0.0088085494686968,-9.453408740519564e-06,0.0009426208864432,0.0309290732783619,0.0008545334146593,0.5
12,40,0.3,6.0,1,0.1394156836622272,0.0311153413909694,0.3733840966916336,0.0093346024172908,-0.0003446164471459,0.0001780791107664,0.0380373021126467,0.0013032344065916,0.5555555555555556
12,40,0.3,6.0,2,0.1431671582055063,0.0315311968759057,0.3783743625108687,0.0094593590627717,-8.825583887711591e-05,-0.0006933733068151,0.0397426880169974,0.0012026427741871,0.5555555555555556
12,40,0.3,6.0,3,0.1445101245367565,0.0316787394241824,0.3801448730901899,0.0095036218272547,8.871699265298341e-07,-0.0002529915271487,0.0404518438465588,0.0014242713263074,0.5555555555555556
12,40,0.3,6.0,4,0.1444897977689551,0.0316765113829714,0.3801181365956577,0.0095029534148914,0.0001375847453332,-0.0002746574884395,0.0390783131044638,0.0012689204594992,0.5555555555555556
12,40,0.3,6.0,5,0.1400995792171034,0.0311915652791458,0.3742987833497504,0.0093574695837437,0.0002184008120956,-0.000349978838866,0.0384103430777415,0.0013978891280539,0.5555555555555556
12,40,0.3,6.0,6,0.1438529627426037,0.0316066275950906,0.3792795311410883,0.0094819882785272,9.659361322227012e-05,-0.000217424842403,0.0396444972442663,0.0012793404482552,0.5555555555555556
12,48,0.3,6.0,1,0.1775497481973639,0.0351138770642276,0.421366524770732,0.0105341631192683,-0.0014376794178027,-9.408512889903952e-05,0.0592697062946797,0.0030141800722618,0.6666666666666666
12,48,0.3,6.0,2,0.1723885019565053,0.0345997452981659,0.4151969435779908,0.0103799235894497,-0.00041828121495,-0.0012862061076379,0.0564696851266832,0.0020145047167757,0.6666666666666666
12,48,0.3,6.0,3,0.1687034468343904,0.0342279376259761,0.4107352515117134,0.0102683812877928,-0.0010756276563875,0.0003789291400978,0.0538480804421587,0.0028143226636278,0.6666666666666666
12,48,0.3,6.0,4,0.171399606058751,0.0345003629267093,0.414004355120512,0.0103501088780128,-0.0007895939476207,0.0002885747658814,0.0579598336780873,0.0023159492462133,0.6666666666666666
12,48,0.3,6.0,5,0.1603435694266941,0.0333691026236486,0.4004292314837843,0.0100107307870946,-0.0007373463164096,0.0007642368220777,0.0504117455039178,0.0018411085026545,0.6666666666666666
12,48,0.3,6.0,6,0.179370158628177,0.035293428589251,0.4235211430710124,0.0105880285767753,-0.0006258425609084,0.0009570858733651,0.0604240952148451,0.0023053248252528,0.6666666666666666
12,56,0.3,6.0,1,0.2416681878101221,0.0409664656058703,0.4915975872704444,0.0122899396817611,-0.0003463008806695,0.0005058454378962,0.0995851575435261,0.0071231282623643,0.7777777777777778
12,56,0.3,6.0,2,0.2166390706613163,0.0387870853597377,0.4654450243168535,0.0116361256079213,-0.0001041787127288,-0.0002622480260849,0.0840931442419191,0.0040818807573507,0.7777777777777778
12,56,0.3,6.0,3,0.2309813994043431,0.0400504368997829,0.4806052427973952,0.0120151310699348,0.0001497476917881,0.0006095163072539,0.094320984933626,0.0063769185871721,0.7777777777777778
12,56,0.3,6.0,4,0.2236284538063321,0.0394078085365715,0.472893702438859,0.0118223425609714,4.118503503418862e-05,2.5344967106951295e-05,0.0892709207010503,0.0042349629824341,0.7777777777777778
12,56,0.3,6.0,5,0.2219549162522043,0.0392600762236238,0.4711209146834859,0.0117780228670871,-0.0002223826478579,-0.0001545448655129,0.0874003037025455,0.0076588782268842,0.7777777777777778
12,56,0.3,6.0,6,0.2237448869149809,0.0394180661234108,0.4730167934809302,0.0118254198370232,-0.0006423309341085,-0.0007629088871862,0.0909579187901326,0.0061218283559904,0.7777777777777778
12,64,0.3,6.0,1,0.3977184664683989,0.0525541035021951,0.6306492420263414,0.0157662310506585,0.000558492511843,-0.000254064234469,0.213400034102125,0.0194571977836959,0.8888888888888888
12,64,0.3,6.0,2,0.4512496547843792,0.0559792654312724,0.6717511851752695,0.0167937796293817,-7.543574327914748e-06,-0.000990526016464,0.2475335006110823,0.0320787411401702,0.8888888888888888
12,64,0.3,6.0,3,0.3638517963703265,0.0502667741744489,0.6032012900933871,0.0150800322523346,-0.000628793341378,0.0016661359796176,0.1821911583645371,0.0186236721657563,0.8888888888888888
12,64,0.3,6.0,4,0.4109254055440043,0.0534195530645019,0.6410346367740236,0.0160258659193505,0.0009501201878959,-0.0004524382218645,0.2161608255587066,0.0259279827700799,0.8888888888888888
12,64,0.3,6.0,5,0.3306321715242288,0.0479171863395174,0.5750062360742089,0.0143751559018552,-0.0009699773144426,-0.0020147794206823,0.1646841160586213,0.0185870589883416,0.8888888888888888
12,64,0.3,6.0,6,0.3349773616951998,0.0482310240243651,0.5787722882923818,0.0144693072073095,0.002272708956467,-0.0025039957118631,0.1644078435243153,0.0148180602213039,0.8888888888888888
12,72,0.3,6.0,1,0.3990378312014034,0.0526412010692171,0.6316944128306055,0.0157923603207651,-0.0002619957924228,-0.0035568521582132,0.1993743634370463,0.019381937235278,1.0
12,72,0.3,6.0,2,0.3685818049973903,0.0505924487254514,0.6071093847054173,0.0151777346176354,0.0006996552635013,0.0017082164641652,0.1883120474497467,0.0169755514330682,1.0
12,72,0.3,6.0,3,0.3902393359020055,0.052057616044229,0.6246913925307483,0.0156172848132687,0.0001758691802825,0.002182915265888,0.1978728936003334,0.0161638751960045,1.0
12,72,0.3,6.0,4,0.3668772229972591,0.0504753255862359,0.6057039070348309,0.0151425976758707,0.001025966884038,0.0006002174029242,0.1808401544573944,0.0130765762077159,1.0
12,72,0.3,6.0,5,0.3597383378604285,0.0499818257150389,0.5997819085804678,0.0149945477145116,-0.0003250019672001,0.0008068523098553,0.1691754497838395,0.0161106979640419,1.0
12,72,0.3,6.0,6,0.3146972734572473,0.0467482377458444,0.5609788529501334,0.0140244713237533,0.0002953052594753,0.0006359612626269,0.1448593473231168,0.010444812797712,1.0
12,36,0.4,6.0,1,0.122252747871609,0.0291372170217929,0.3496466042615158,0.0116548868087171,9.929771898000208e-05,-0.0007489833265974,0.0315212698208703,0.0009590613273209,0.5
12,36,0.4,6.0,2,0.1234174032826254,0.0292756776279181,0.3513081315350179,0.0117102710511672,7.758145077227682e-05,-0.000757556876407,0.0310608840958924,0.0009855832887313,0.5
12,36,0.4,6.0,3,0.1241269098418036,0.0293597075846638,0.3523164910159665,0.0117438830338655,0.0001318779384137,-0.0012889763362436,0.032048525533921,0.0011936806877841,0.5
12,36,0.4,6.0,4,0.1239048968983764,0.0293334395000891,0.3520012740010701,0.0117333758000356,9.49776416046692e-05,-0.0004206201803222,0.0317968096214125,0.0009785626174526,0.5
12,36,0.4,6.0,5,0.1192004346643178,0.0287711799598136,0.3452541595177643,0.0115084719839254,3.4266598594902094e-05,-0.0003838688749491,0.0296231704245726,0.0008383593715444,0.5
12,36,0.4,6.0,6,0.1219196463689113,0.0290974949247391,0.3491699390968692,0.0116389979698956,2.655872298736312e-05,-0.0006720087086132,0.0313699172928508,0.0009174384491585,0.5
12,40,0.4,6.0,1,0.1433862760207284,0.0315553169516917,0.378663803420301,0.0126221267806767,0.0001174735730528,-0.0009004411464754,0.0406879825549124,0.0022536524290046,0.5555555555555556
12,40,0.4,6.0,2,0.130719352844476,0.030129276188488,0.3615513142618569,0.0120517104753952,-6.099062713791024e-05,-0.0001962853435156,0.0358408284043072,0.0012166058949123,0.5555555555555556
12,40,0.4,6.0,3,0.140371685917686,0.0312218413042596,0.374662095651116,0.0124887365217038,0.0001547436400606,0.0002356747152809,0.0405217351565786,0.001509459537378,0.5555555555555556
12,40,0.4,6.0,4,0.1369421921920111,0.030838084340274,0.3700570120832885,0.0123352337361096,0.0006124947765567,-0.0003972307416686,0.0393266553788864,0.001306566957314,0.5555555555555556
12,40,0.4,6.0,5,0.1342497761566989,0.0305334261457717,0.366401113749261,0.0122133704583087,0.0008221993309152,0.0003583464405317,0.0376268108522106,0.0011360048640472,0.5555555555555556
12,40,0.4,6.0,6,0.1421439478523472,0.0314183186847201,0.3770198242166414,0.012567327473888,0.000268288633479,0.0001761485619564,0.0406377868679906,0.0018599487317304,0.5555555555555556
12,48,0.4,6.0,1,0.1573578713009484,0.0330569659095549,0.3966835909146589,0.0132227863638219,-0.0008017117418844,0.0005894187813468,0.0503154257753687,0.0025707466154965,0.6666666666666666
12,48,0.4,6.0,2,0.1574335369343389,0.0330649126860016,0.3967789522320191,0.0132259650744006,-0.000627376532978,-0.0004937121809754,0.0491418853564387,0.0021780159875432,0.6666666666666666
12,48,0.4,6.0,3,0.1653622516833154,0.0338872980631832,0.4066475767581992,0.0135549192252733,-0.0002989845216441,-0.0013695915117489,0.0536998935937312,0.0041162884184247,0.6666666666666666
12,48,0.4,6.0,4,0.1563108908113161,0.0329468101233003,0.3953617214796042,0.0131787240493201,-0.0008369957144432,0.0017945109084121,0.0474175438090328,0.0023758873834633,0.6666666666666666
12,48,0.4,6.0,5,0.1563832928410276,0.0329544395973259,0.3954532751679111,0.0131817758389303,-0.0013131497369806,7.001016691871957e-05,0.0452631262615648,0.0020388867285693,0.6666666666666666
12,48,0.4,6.0,6,0.1499139932158542,0.0322656070349268,0.3871872844191222,0.0129062428139707,-0.0003003936935045,-0.0003522138725657,0.0476014536591069,0.0018120922771539,0.6666666666666666
12,56,0.4,6.0,1,0.2083982872459425,0.0380422177073948,0.4565066124887377,0.0152168870829579,0.0009526216074662,-0.0022843385734037,0.0758673939696086,0.0041149078249907,0.7777777777777778
12,56,0.4,6.0,2,0.1891241117643155,0.0362403350874711,0.4348840210496535,0.0144961340349884,-5.526290728298556e-05,-0.0021324814839161,0.0676270632700114,0.0049876145562203,0.7777777777777778
12,56,0.4,6.0,3,0.2120231783802443,0.0383716455627868,0.4604597467534425,0.0153486582251147,-0.0004228519491669,-0.0020181113205777,0.0836311019331384,0.0057254947599297,0.7777777777777778
12,56,0.4,6.0,4,0.2018141114277676,0.0374364379303781,0.4492372551645374,0.0149745751721512,-0.0004587176388823,-0.0005842149910571,0.0769468871215814,0.0044241018955048,0.7777777777777778
12,56,0.4,6.0,5,0.1944074537043703,0.0367430505243631,0.4409166062923582,0.0146972202097452,0.0003614072955132,-0.0012287003090335,0.0725186176984318,0.0054247939751797,0.7777777777777778
12,56,0.4,6.0,6,0.1836943668545941,0.0357163173546647,0.4285958082559769,0.0142865269418658,-0.0005193246439253,-0.0010438005445384,0.0674997461856359,0.0035373585352346,0.7777777777777778
12,64,0.4,6.0,1,0.2414492486085671,0.0409479046242301,0.4913748554907619,0.016379161849692,-0.0001258017703615,0.0024796221072665,0.0919240092833032,0.0073726852486761,0.8888888888888888
12,64,0.4,6.0,2,0.2633327675290634,0.0427632993875283,0.5131595926503405,0.0171053197550113,0.0005653142559952,0.0018352898054248,0.1009623788713986,0.0085970469634168,0.8888888888888888
12,64,0.4,6.0,3,0.2358687459831984,0.0404719335176996,0.4856632022123958,0.0161887734070798,-0.0011175375255898,0.0021775696896798,0.0890491249075932,0.0059401234761809,0.8888888888888888
12,64,0.4,6.0,4,0.2490928285475079,0.0415910003409114,0.499092004090937,0.0166364001363645,0.0001949450111708,0.0041633656296366,0.1021954502921945,0.0118495063181659,0.8888888888888888
12,64,0.4,6.0,5,0.2330672893358209,0.0402308692748474,0.4827704312981698,0.0160923477099389,-0.0007153741802845,0.0020004712310022,0.0889431812652184,0.0068093477425344,0.8888888888888888
12,64,0.4,6.0,6,0.2509044065436991,0.0417419658390572,0.5009035900686869,0.0166967863356228,-0.0003476251971325,0.0009699431873165,0.1025058202928932,0.0076553259605348,0.8888888888888888
12,72,0.4,6.0,1,0.3169195843220779,0.0469130093543475,0.5629561122521701,0.018765203741739,-0.0027706116466726,-0.0010297321775737,0.1464046917629109,0.0127506842167193,1.0
12,72,0.4,6.0,2,0.3088456793098504,0.0463115715763777,0.5557388589165332,0.0185246286305511,-0.000863507954539,-0.0021590825547575,0.1404320797178069,0.0115072015971261,1.0
12,72,0.4,6.0,3,0.3099137108317778,0.046391578410773,0.5566989409292763,0.0185566313643092,-0.0028624684379396,-0.0012199935192161,0.139514904928979,0.0080859954903282,1.0
12,72,0.4,6.0,4,0.333769753308488,0.0481440080288993,0.5777280963467919,0.0192576032115597,-0.0014826131400235,-0.0013153379094005,0.160062864030564,0.0207985230419211,1.0
12,72,0.4,6.0,5,0.289405757503384,0.0448303714560186,0.5379644574722238,0.0179321485824074,-0.0015635326328303,0.001166663815842,0.1275908768066371,0.0097722459286988,1.0
12,72,0.4,6.0,6,0.2852836028604942,0.0445099554142177,0.5341194649706134,0.0178039821656871,-0.0015461324202698,-0.0013811952901927,0.1247163373040965,0.0093469858228036,1.0
12,36,0.5,6.0,1,0.1202683273907014,0.0288997702065428,0.3467972424785142,0.0144498851032714,0.0005459794928264,0.0002455533115119,0.0348775097006075,0.001264893560883,0.5
12,36,0.5,6.0,2,0.1120272124194938,0.027892055372689,0.3347046644722685,0.0139460276863445,0.0010798005001946,0.0005828501286448,0.0312162594799371,0.0009836054313907,0.5
12,36,0.5,6.0,3,0.1179742314917134,0.0286228142653763,0.3434737711845163,0.0143114071326881,0.0007792730861777,0.0002614921877456,0.0335225744528469,0.001025469315527,0.5
12,36,0.5,6.0,4,0.1185300329382885,0.0286901590922412,0.3442819091068952,0.0143450795461206,0.0004301840304849,-3.337167619084369e-05,0.0339291393669631,0.0011312706987231,0.5
12,36,0.5,6.0,5,0.1156580332113525,0.0283404443541372,0.3400853322496466,0.0141702221770686,0.0008065877252331,0.0004956767252048,0.0329546790604934,0.0012139050299622,0.5
12,36,0.5,6.0,6,0.1139799529337223,0.0281340976562005,0.3376091718744061,0.0140670488281002,0.00091068194481,0.0008331425649267,0.0319525042450685,0.0010254174209213,0.5
12,40,0.5,6.0,1,0.124548870191463,0.0294095683352023,0.3529148200224284,0.0147047841676011,0.0011127365528233,0.0001648361220622,0.0356298724980923,0.001440081712547,0.5555555555555556
12,40,0.5,6.0,2,0.1266438795160687,0.0296558828148523,0.3558705937782283,0.0148279414074261,0.0014067589000253,0.0001402429960143,0.0370369468530973,0.0012727015005809,0.5555555555555556
12,40,0.5,6.0,3,0.1279619304264466,0.0298098057164135,0.3577176685969629,0.0149049028582067,0.0007536075987427,0.0010522208775313,0.0372621084791348,0.0015941859777308,0.5555555555555556
12,40,0.5,6.0,4,0.130202361720158,0.030069636969892,0.3608356436387043,0.015034818484946,0.0009266753724405,0.0011944809507539,0.0403282161809626,0.0038619840148703,0.5555555555555556
12,40,0.5,6.0,5,0.1203894133580666,0.0289143146687648,0.3469717760251785,0.0144571573343824,0.0011543727300585,0.0009677003470186,0.0349099844178008,0.0013379221960999,0.5555555555555556
12,40,0.5,6.0,6,0.1222459386645174,0.02913640557129,0.349636866855481,0.014568202785645,0.001001171575339,-6.565235814488812e-05,0.0345524539258914,0.0012502791014712,0.5555555555555556
12,48,0.5,6.0,1,0.1401863177820477,0.0312012194586792,0.374414633504151,0.0156006097293396,0.0001418538140844,-0.0004060553604933,0.0393214348443679,0.0015964184408035,0.6666666666666666
12,48,0.5,6.0,2,0.1462858878614646,0.0318727818249391,0.3824733818992697,0.0159363909124695,0.0005890463838572,-0.0015263975847289,0.0438172090867017,0.0023263926844099,0.6666666666666666
12,48,0.5,6.0,3,0.1446185353356814,0.0316906198152634,0.3802874377831608,0.0158453099076317,0.000765294898417,0.0001066400992131,0.0419174450979541,0.0021442063674794,0.6666666666666666
12,48,0.5,6.0,4,0.1416966910293041,0.0313688507729341,0.3764262092752099,0.015684425386467,0.0004463768323917,0.0010787390168422,0.0382367853514323,0.0016087124624242,0.6666666666666666
12,48,0.5,6.0,5,0.1373123263273559,0.0308797315680973,0.3705567788171685,0.0154398657840486,0.0010756644453492,-0.0004626285944319,0.0385588587126897,0.0012411494327063,0.6666666666666666
12,48,0.5,6.0,6,0.1433787598601668,0.0315544898922842,0.3786538787074111,0.0157772449461421,0.0004668968888786,-0.0005853213970357,0.0418321982907907,0.0017923625649428,0.6666666666666666
12,56,0.5,6.0,1,0.1792485130210888,0.0352814588760758,0.4233775065129097,0.0176407294380379,-0.0017732242854348,-0.0006258578696632,0.0623393595623986,0.0035933018688209,0.7777777777777778
12,56,0.5,6.0,2,0.1730076987180867,0.0346618284602664,0.4159419415231971,0.0173309142301332,6.241541266814516e-05,-0.0001794609188193,0.0568158991998895,0.0046476536760619,0.7777777777777778
12,56,0.5,6.0,3,0.1663831476622219,0.0339917420182034,0.4079009042184411,0.0169958710091017,0.0004129691185443,1.7120697195335513e-05,0.0509748216430701,0.0028716215939511,0.7777777777777778
12,56,0.5,6.0,4,0.1649991500504177,0.0338500728345697,0.4062008740148373,0.0169250364172848,-0.0006117902661718,-0.000914534825796,0.0482115873830469,0.0024533941844562,0.7777777777777778
12,56,0.5,6.0,5,0.1611747766385241,0.0334554820950464,0.4014657851405573,0.0167277410475232,-0.0012215770346613,0.0005643460083718,0.0506621037303485,0.0034482350611332,0.7777777777777778
12,56,0.5,6.0,6,0.1653336256751118,0.033884364805901,0.4066123776708129,0.0169421824029505,-0.0004988789288492,-0.0002893893078499,0.054421914683904,0.0022758090123983,0.7777777777777778
12,64,0.5,6.0,1,0.2109685967727128,0.0382760982835307,0.459313179402369,0.0191380491417653,0.0004483717545508,-0.0001482020351888,0.0789761199017346,0.0071379368825528,0.8888888888888888
12,64,0.5,6.0,2,0.2028072061070451,0.0375284342298392,0.4503412107580708,0.0187642171149196,-0.0006479682551104,0.0003865116018166,0.0746986514460998,0.0044988860771967,0.8888888888888888
12,64,0.5,6.0,3,0.2153113556172111,0.0386680455588557,0.4640165467062689,0.0193340227794278,0.0013067485281675,0.0008857387574942,0.0815759666364309,0.0053005728540593,0.8888888888888888
12,64,0.5,6.0,4,0.2094505565304642,0.0381381404067343,0.4576576848808116,0.0190690702033671,-0.0001902175300757,0.0001728192363865,0.0748588733371492,0.0040483785072071,0.8888888888888888
12,64,0.5,6.0,5,0.2240066337831183,0.039441115900718,0.473293390808617,0.019720557950359,-0.0001605836905769,0.0001276191392858,0.0832101710119362,0.0065276481530415,0.8888888888888888
12,64,0.5,6.0,6,0.2336593200011637,0.0402819335021886,0.4833832020262637,0.0201409667510943,0.0008043845501848,0.0007428150647866,0.095424140812002,0.0067707736392967,0.8888888888888888
12,72,0.5,6.0,1,0.2609294871559931,0.0425677146141553,0.5108125753698641,0.0212838573070776,-0.0020560043213076,-0.0019047576301573,0.1144924694848334,0.0079643134429484,1.0
12,72,0.5,6.0,2,0.264303921322808,0.0428420809260597,0.5141049711127175,0.0214210404630298,-0.0024051104536441,-0.0002335710534284,0.110892078258119,0.0077530441569534,1.0
12,72,0.5,6.0,3,0.2472153371882651,0.0414339616126494,0.4972075393517933,0.0207169808063247,-0.002168271711464,0.0003820116825047,0.0977147691159743,0.0064632916663321,1.0
12,72,0.5,6.0,4,0.2594237351791169,0.0424447136463617,0.5093365637563407,0.0212223568231808,-0.0010156802837739,-0.0017811640050599,0.1087396319347272,0.0075723865739391,1.0
12,72,0.5,6.0,5,0.2327513428918536,0.0402035915072561,0.4824430980870735,0.020101795753628,-0.0014270560665101,-0.001207374375696,0.096592854297955,0.0060658612455433,1.0
12,72,0.5,6.0,6,0.2405999414530734,0.0408758232547976,0.4905098790575715,0.0204379116273988,-0.0023636650498088,-0.0002684263147807,0.0991577768556778,0.0061965303221669,1.0
12,36,0.6,6.0,1,0.0964787473750786,0.0258841901788683,0.31061028214642,0.015530514107321,-2.4621442060449312e-05,0.000573720038805,0.0224147090926544,0.0010378531941807,0.5
12,36,0.6,6.0,2,0.0959938585688621,0.0258190630705167,0.3098287568462007,0.01549143784231,0.0001969002926179,0.000268641279012,0.0224820615882337,0.000605323194162,0.5
12,36,0.6,6.0,3,0.0964284664597962,0.0258774443906856,0.3105293326882281,0.0155264666344114,0.0002251493728861,0.0008840550539561,0.0229219210737633,0.0006211685807878,0.5
12,36,0.6,6.0,4,0.0954452806648419,0.0257451830263721,0.3089421963164661,0.0154471098158233,0.0002520744321967,0.0005119594611745,0.0222205673139132,0.0006341221110685,0.5
12,36,0.6,6.0,5,0.0963965523911347,0.0258731618229433,0.3104779418753203,0.015523897093766,-8.163916852353151e-05,0.0001493955036123,0.0237106076073121,0.0007875911244935,0.5
12,36,0.6,6.0,6,0.0954500310592065,0.02574582369844,0.3089498843812804,0.015447494219064,0.0001191797350026,0.0006498501213714,0.0224610478006332,0.0005103348124508,0.5
12,40,0.6,6.0,1,0.1048877729413166,0.026988651542685,0.3238638185122207,0.016193190925611,-0.000629245058436,-0.0005014355933352,0.0255980307433446,0.0009326757494118,0.5555555555555556
12,40,0.6,6.0,2,0.1074482781415705,0.0273160868025665,0.3277930416307987,0.0163896520815399,-0.0001887177847862,-0.0004433014340812,0.0259660242166383,0.0008167565134196,0.5555555555555556
12,40,0.6,6.0,3,0.1062541680571849,0.027163876142108,0.3259665137052961,0.0162983256852648,-0.0007022886488276,-0.000184080987487,0.0262099391721075,0.0007901564329305,0.5555555555555556
12,40,0.6,6.0,4,0.1078938947952121,0.0273726717420876,0.3284720609050519,0.0164236030452525,-0.0004173310108915,-0.000846123318268,0.0271360842977351,0.0007805166527761,0.5555555555555556
12,40,0.6,6.0,5,0.105904757692686,0.0271191759867295,0.3254301118407546,0.0162715055920377,-0.0007794786017174,-0.0007007014515724,0.0265782864135333,0.0007756020489589,0.5555555555555556
12,40,0.6,6.0,6,0.1057000123651378,0.0270929485963929,0.3251153831567154,0.0162557691578357,-0.0005669783006241,-0.0005304692999124,0.0260591791011787,0.000919358723867,0.5555555555555556
12,48,0.6,6.0,1,0.1241405139138794,0.0293613164245017,0.3523357970940214,0.017616789854701,-0.0008226128711202,-0.0001439433808967,0.0338666683380115,0.0014448705386568,0.6666666666666666
12,48,0.6,6.0,2,0.1245400899738317,0.0294085316860496,0.3529023802325959,0.0176451190116298,-0.0004121374200152,-0.0006753976004547,0.0299650809034654,0.0009766633336053,0.6666666666666666
12,48,0.6,6.0,3,0.1172725692730993,0.0285375689604826,0.3424508275257913,0.0171225413762895,-0.0005006071323818,-0.0007439721835405,0.0287573504856509,0.0012196218986704,0.6666666666666666
12,48,0.6,6.0,4,0.1205328147725897,0.0289315301344529,0.3471783616134359,0.0173589180806717,0.0002484998229962,-0.0008141829768884,0.030790740285234,0.0011213448502314,0.6666666666666666
12,48,0.6,6.0,5,0.1256853232578196,0.0295434382705528,0.3545212592466347,0.0177260629623317,7.307890051733306e-05,-0.000581986837063,0.03255724317025,0.0014043191963287,0.6666666666666666
12,48,0.6,6.0,6,0.1199199846145641,0.0288578874995116,0.3462946499941402,0.017314732499707,0.0003280770866257,-0.0008450967332513,0.0305804799897499,0.0012500117396643,0.6666666666666666
12,56,0.6,6.0,1,0.1524567185508982,0.0325380886371497,0.3904570636457973,0.0195228531822898,0.0001401368404577,0.0002738212587758,0.045152522461627,0.0029234969785111,0.7777777777777778
12,56,0.6,6.0,2,0.1536030097814588,0.0326601832194309,0.3919221986331712,0.0195961099316585,-0.0003421404368935,-0.0002238188260772,0.0423285193093298,0.0027230593545705,0.7777777777777778
12,56,0.6,6.0,3,0.1523688546327662,0.0325287111035908,0.3903445332430905,0.0195172266621545,-0.0002527902660518,-0.0006427026703198,0.0472650179747874,0.0029049477624983,0.7777777777777778
12,56,0.6,6.0,4,0.1490827375652606,0.0321760281676847,0.3861123380122171,0.0193056169006108,-0.0007185092132265,-0.000478248914878,0.0454895797988295,0.002111412734468,0.7777777777777778
12,56,0.6,6.0,5,0.1439064639419775,0.0316125045518622,0.3793500546223468,0.0189675027311173,-0.0008005576025649,0.0003235627769454,0.0433436318811932,0.0026938977067865,0.7777777777777778
12,56,0.6,6.0,6,0.1477075362824419,0.0320272818037869,0.3843273816454429,0.0192163690822721,-0.0008700789329339,0.0003648425521211,0.0435646968653918,0.0030079834730624,0.7777777777777778
12,64,0.6,6.0,1,0.2073181275077696,0.0379435003499144,0.455322004198973,0.0227661002099486,0.0002403035196054,-0.0016686753834879,0.0814308557403099,0.0078615102544409,0.8888888888888888
12,64,0.6,6.0,2,0.1836961489239517,0.0357164906011323,0.4285978872135882,0.0214298943606794,0.0005583686064557,-0.0011241124330215,0.0617544415085516,0.0045847391582763,0.8888888888888888
12,64,0.6,6.0,3,0.1732007155286144,0.0346811583821314,0.4161739005855778,0.0208086950292788,0.0007956368424082,-0.0010136471835875,0.0589110571643832,0.0029462608383012,0.8888888888888888
12,64,0.6,6.0,4,0.1950793082731211,0.0368064860936675,0.4416778331240104,0.0220838916562005,0.0008941520783452,0.0014329777178851,0.0698340040793633,0.0046010652284787,0.8888888888888888
12,64,0.6,6.0,5,0.1732025334043983,0.0346813403844758,0.4161760846137105,0.0208088042306855,0.0003320185911487,0.0008493320776779,0.0590448905430978,0.0027985082887921,0.8888888888888888
12,64,0.6,6.0,6,0.1851609827159612,0.0358586134387504,0.4303033612650048,0.0215151680632502,0.0010280257275896,-0.0016159454890854,0.0635704937914957,0.0039317701718912,0.8888888888888888
12,72,0.6,6.0,1,0.2410579693538938,0.0409147122202846,0.4909765466434153,0.0245488273321707,-0.0016741360200516,0.0001398077459058,0.0951262013874398,0.0070536083228091,1.0
12,72,0.6,6.0,2,0.2382331931147321,0.0406742814860676,0.4880913778328112,0.0244045688916405,-0.0014166318934419,-0.0024876817710876,0.0950230347897573,0.0049697250689052,1.0
12,72,0.6,6.0,3,0.2352846908351683,0.0404217944200045,0.4850615330400549,0.0242530766520027,-0.0015889933124172,-0.0019040536579826,0.0921726913415766,0.0052225671559467,1.0
12,72,0.6,6.0,4,0.233104017794353,0.0402340390881859,0.4828084690582312,0.0241404234529115,-0.0021630099671012,-0.0004523505650431,0.0950475641629122,0.006972197290179,1.0
12,72,0.6,6.0,5,0.2158544649593923,0.0387167836990081,0.4646014043880972,0.0232300702194048,-0.0026401064248467,0.0008109994833715,0.082263618188587,0.0040117134911879,1.0
12,72,0.6,6.0,6,0.2518286370806624,0.0418187754450895,0.5018253053410743,0.0250912652670537,-0.0012374170194838,-0.0002227371399994,0.1072027079566817,0.0128255765481164,1.0
12,36,0.7,6.0,1,0.0889256415828371,0.0248503355643055,0.2982040267716671,0.0173952348950139,0.0002959715134979,1.5684125447119117e-05,0.0225449704949642,0.0008842469891287,0.5
12,36,0.7,6.0,2,0.0877707327035133,0.0246884381261296,0.2962612575135557,0.0172819066882907,0.0002160996549588,-0.0002504802809408,0.0213588769362354,0.0007334002025994,0.5
12,36,0.7,6.0,3,0.0894298598524217,0.0249206880607176,0.2990482567286118,0.0174444816425023,0.0002638654381715,0.0001604242532766,0.0222311484671561,0.0007945387915226,0.5
12,36,0.7,6.0,4,0.089715979396243,0.0249605215229195,0.2995262582750351,0.0174723650660437,0.000312843168875,0.0001792785044147,0.0222635832647278,0.0007061574627088,0.5
12,36,0.7,6.0,5,0.0882391066916895,0.0247542233618395,0.2970506803420749,0.0173279563532877,0.0003357741783276,-0.0002547196718528,0.021122907832593,0.0005642555212694,0.5
12,36,0.7,6.0,6,0.0874780060265006,0.0246472341848291,0.2957668102179496,0.0172530639293803,0.000411904355401,2.433885875726929e-06,0.0218527103210987,0.0004829353811319,0.5
12,40,0.7,6.0,1,0.0951825324551615,0.0257097220661056,0.3085166647932677,0.0179968054462739,-0.0001402300747464,3.4735232115704985e-05,0.0225054395131468,0.0007259629340252,0.5555555555555556
12,40,0.7,6.0,2,0.0949568441464525,0.0256792236797534,0.3081506841570411,0.0179754565758273,0.0006669580405836,-0.0001617086847646,0.0218218374141715,0.0006723904937324,0.5555555555555556
12,40,0.7,6.0,3,0.0939798882332125,0.0255467828254487,0.3065613939053849,0.0178827479778141,0.0003044750476957,2.7666799022451863e-05,0.0213350277398534,0.0005780809224502,0.5555555555555556
12,40,0.7,6.0,4,0.0946843451476844,0.0256423511916652,0.3077082142999833,0.0179496458341656,-0.000280013911633,0.0003154374923401,0.0219645792007651,0.0007412511914185,0.5555555555555556
12,40,0.7,6.0,5,0.0903643009644884,0.0250505462576956,0.3006065550923473,0.0175353823803869,0.000297914621546,-0.0002979353477255,0.0206737955766047,0.0005756854526594,0.5555555555555556
12,40,0.7,6.0,6,0.0935810979530888,0.0254925231349378,0.3059102776192536,0.0178447661944564,0.0003504569890363,0.0002815256759937,0.0208880644853614,0.000672904821814,0.5555555555555556
12,48,0.7,6.0,1,0.1114229526979751,0.0278167306642432,0.3338007679709188,0.0194717114649702,-0.0007592302985532,0.0004671957961608,0.0278867623513097,0.0012483606401323,0.6666666666666666
12,48,0.7,6.0,2,0.1080324443720077,0.0273902411113692,0.3286828933364312,0.0191731687779584,3.118326738052144e-05,0.0004515411058766,0.0261172436906853,0.0007809236731077,0.6666666666666666
12,48,0.7,6.0,3,0.1127897261994239,0.0279868181023852,0.3358418172286231,0.0195907726716696,-0.00051992061326,-0.0001818830831295,0.0274047861914998,0.0009048966646989,0.6666666666666666
12,48,0.7,6.0,4,0.117243611275125,0.0285340453663013,0.3424085443956167,0.0199738317564109,-0.0001682834341452,0.0011298204311082,0.0288002768461791,0.0015288102656386,0.6666666666666666
12,48,0.7,6.0,5,0.1121222268093351,0.0279038810036315,0.3348465720435781,0.019532716702542,-0.0003145956669865,-0.0002633379565016,0.0272758554999037,0.001083591111907,0.6666666666666666
12,48,0.7,6.0,6,0.11617407825112,0.0284035989321678,0.3408431871860137,0.0198825192525174,0.0004512265890374,-0.0002654474266497,0.0285824045613654,0.0021346322140528,0.6666666666666666
12,56,0.7,6.0,1,0.133867863969305,0.0304899646479179,0.3658795757750151,0.0213429752535425,0.0010649516800596,-0.0044700145131941,0.0366934753097097,0.0018469117879709,0.7777777777777778
12,56,0.7,6.0,2,0.1362530521228673,0.0307603925666309,0.3691247107995716,0.0215322747966416,0.0003890985766966,-0.0026060144549958,0.0390367552138146,0.0022243858247953,0.7777777777777778
12,56,0.7,6.0,3,0.1415663608309056,0.0313544211873285,0.3762530542479431,0.02194809483113,7.087402621909359e-05,-0.0023031817122539,0.0424490062653463,0.001648478219106,0.7777777777777778
12,56,0.7,6.0,4,0.1431696523882177,0.0315314715346493,0.3783776584157919,0.0220720300742545,0.0003387113139372,-0.0021787573868732,0.0417286899789627,0.0022463817654111,0.7777777777777778
12,56,0.7,6.0,5,0.1411474840906705,0.0313079999639192,0.375695999567031,0.0219155999747434,0.0001977507260213,-0.0015508648254269,0.043451872947828,0.0027403323097415,0.7777777777777778
12,56,0.7,6.0,6,0.1340540301462987,0.0305111580393935,0.3661338964727231,0.0213578106275755,7.43532069671507e-05,-0.001937602313845,0.0378011176859221,0.0013991827450387,0.7777777777777778
12,64,0.7,6.0,1,0.1674981992097552,0.0341054532143561,0.4092654385722734,0.0238738172500492,0.0003645587928626,-0.0013955857102237,0.0488854161945893,0.0040381046926563,0.8888888888888888
12,64,0.7,6.0,2,0.1574022162691308,0.0330616234676007,0.396739481611209,0.0231431364273205,0.0001314561629993,-0.0005609189718203,0.0479917876742656,0.0022707574241869,0.8888888888888888
12,64,0.7,6.0,3,0.1639886617654881,0.0337462612914263,0.4049551354971166,0.0236223829039984,-0.0002180683538558,0.0015547964498293,0.0496578011586756,0.0034777639195816,0.8888888888888888
12,64,0.7,6.0,4,0.1748842536698218,0.0348493039215736,0.4181916470588836,0.0243945127451015,0.0003403486923995,0.0007265723843966,0.0555285106377097,0.002662141811906,0.8888888888888888
12,64,0.7,6.0,5,0.1654512517149616,0.0338964161202677,0.4067569934432125,0.0237274912841873,-9.80307438220746e-05,-0.0018504158523822,0.0535500313048693,0.003439985327512,0.8888888888888888
12,64,0.7,6.0,6,0.1558645046781742,0.0328997324244199,0.3947967890930398,0.0230298126970939,0.0004719198968732,-0.0011544084535035,0.0493769591228574,0.0024765170708863,0.8888888888888888
12,72,0.7,6.0,1,0.2297901044733809,0.0399470225974161,0.4793642711689941,0.0279629158181913,-0.0015072176823798,-0.0006555986753469,0.0966850751374875,0.0081294854046459,1.0
12,72,0.7,6.0,2,0.2099333195387456,0.0381820674476202,0.458184809371443,0.0267274472133341,-0.0021351330543736,-0.0014991313275033,0.0802198733171945,0.0038304838033606,1.0
12,72,0.7,6.0,3,0.2297367211912506,0.0399423822169066,0.4793085866028801,0.0279596675518346,-0.0015685599390145,0.0001501342496023,0.0911209301398238,0.0050331938752211,1.0
12,72,0.7,6.0,4,0.2313407341192537,0.0400815777612128,0.4809789331345539,0.0280571044328489,-0.0021313579324692,0.000276718323557,0.0917101931264185,0.0058786072699045,1.0
12,72,0.7,6.0,5,0.2037862494004757,0.0376189086431717,0.4514269037180612,0.0263332360502202,-0.0018460090834046,-0.000624979321807,0.0745931548217295,0.0034081463297428,1.0
12,72,0.7,6.0,6,0.2061955957355137,0.0378406376700287,0.4540876520403453,0.0264884463690201,-0.0019111417529501,-5.692529089481221e-05,0.0795835497897621,0.0036280509186029,1.0
12,36,0.0,8.0,1,0.132986636587361,0.0303894440494467,0.3646733285933604,0.0,-0.0005724246326951,5.274597705838701e-05,0.035186075360682,0.0012609334442102,0.5
12,36,0.0,8.0,2,0.131466002080475,0.0302152006079899,0.3625824072958795,0.0,-0.0010394225018599,-0.0004071187169002,0.0336333903374333,0.0010980933140404,0.5
12,36,0.0,8.0,3,0.1326302367687744,0.0303486953738421,0.3641843444861055,0.0,-0.000389905581313,-0.0002466331877133,0.0346240099435101,0.001262159972609,0.5
12,36,0.0,8.0,4,0.1342350498130737,0.0305317514388566,0.3663810172662793,0.0,-0.0005225745477496,0.0008756700715455,0.0342364911312372,0.0029321970264852,0.5
12,36,0.0,8.0,5,0.1262582314872501,0.0296106952673694,0.3553283432084333,0.0,-0.0008766839292202,-0.0002294112014233,0.0313142677662151,0.0010255863457627,0.5
12,36,0.0,8.0,6,0.1275535250362855,0.0297621969670845,0.3571463636050149,0.0,-0.0002576678018272,5.8458115987548696e-05,0.0321538338726321,0.0009113981083599,0.5
12,40,0.0,8.0,1,0.1430653182663631,0.0315199802447197,0.3782397629366367,0.0,-0.0001372941762365,-0.0012871324635085,0.0408437004568207,0.0018652792297506,0.5555555555555556
12,40,0.0,8.0,2,0.1511808297190654,0.0324016492334736,0.3888197908016842,0.0,-9.534205203460968e-05,-0.0021052263499659,0.0421665514629156,0.0019578610418006,0.5555555555555556
12,40,0.0,8.0,3,0.1432392987999749,0.0315391400132851,0.3784696801594217,0.0,0.0004313801159839,-0.0023546107856783,0.0403338230138578,0.0017958403628726,0.5555555555555556
12,40,0.0,8.0,4,0.1492893128748852,0.0321983126795322,0.3863797521543867,0.0,0.0002058995422384,-0.0014568005885869,0.043445262048,0.0015217171972616,0.5555555555555556
12,40,0.0,8.0,5,0.146742262278554,0.0319224605575058,0.3830695266900696,0.0,0.000255193752205,-0.0016011360210389,0.039374876700203,0.0018920965761475,0.5555555555555556
12,40,0.0,8.0,6,0.1462799195229059,0.031872131627248,0.3824655795269764,0.0,-0.000424550869437,-0.0012398471165982,0.0430744829135998,0.0016778362879297,0.5555555555555556
12,48,0.0,8.0,1,0.1874356472263554,0.0360781989444028,0.4329383873328346,0.0,-5.6127617870351426e-05,0.0023346070415613,0.0679098507914513,0.0033035243790251,0.6666666666666666
12,48,0.0,8.0,2,0.2035602860116207,0.0375980464559386,0.4511765574712639,0.0,-0.0001551683246341,0.001248377893351,0.0826850603228275,0.0057868012414744,0.6666666666666666
12,48,0.0,8.0,3,0.2067831681870395,0.0378945144251923,0.4547341731023077,0.0,-0.0004745253236712,0.0008166761339479,0.0761224448195862,0.0043839667458969,0.6666666666666666
12,48,0.0,8.0,4,0.1976989308901789,0.0370527899393947,0.4446334792727364,0.0,-0.0002080249622666,0.0005339424939682,0.076248786075502,0.0049503413613192,0.6666666666666666
12,48,0.0,8.0,5,0.2017375613058227,0.0374293372482868,0.4491520469794419,0.0,4.194318326782382e-05,0.0003907420220982,0.0805762771598592,0.0059777439058135,0.6666666666666666
12,48,0.0,8.0,6,0.2043711671477915,0.0376728578197103,0.4520742938365237,0.0,-0.0004899073504561,-0.0025636957676902,0.0846382096428835,0.0078931814104461,0.6666666666666666
12,56,0.0,8.0,1,0.2987341583880338,0.0455471488304544,0.5465657859654535,0.0,-0.0018862745209193,-0.0012565263462197,0.1402302555125448,0.0221444029193778,0.7777777777777778
12,56,0.0,8.0,2,0.3768851060510896,0.0511591407366302,0.6139096888395635,0.0,0.0005037121638753,0.0002900299992255,0.1829998463701679,0.0215839291457259,0.7777777777777778
12,56,0.0,8.0,3,0.288042258179123,0.0447246404074671,0.5366956848896058,0.0,-0.0004565717032177,-0.0002604304803278,0.1335378403979349,0.010988065922638,0.7777777777777778
12,56,0.0,8.0,4,0.3142358440304605,0.0467139525337199,0.5605674304046397,0.0,0.0010540488009048,0.0008561426359579,0.1522503625405638,0.0166353649065742,0.7777777777777778
12,56,0.0,8.0,5,0.2741867128239116,0.0436357009180613,0.5236284110167359,0.0,-0.0001747517341915,0.0008971405664189,0.1341677125336721,0.0171660468655033,0.7777777777777778
12,56,0.0,8.0,6,0.2689355975531076,0.0432158340928533,0.51859000911424,0.0,0.0002608892897803,0.0010798576674349,0.1269598921427412,0.0109428007495408,0.7777777777777778
12,64,0.0,8.0,1,0.4795385901338238,0.0577072707563921,0.692487249076706,0.0,-0.0007991817614147,-0.0028488762372821,0.2788090474080252,0.0398346106374499,0.8888888888888888
12,64,0.0,8.0,2,0.4333888330690701,0.0548602285275113,0.6583227423301357,0.0,-0.0012250238839289,-0.0008718480205416,0.2350873161957046,0.0366988798184637,0.8888888888888888
12,64,0.0,8.0,3,0.3916892891148457,0.0521542376776996,0.6258508521323956,0.0,0.0008765074482826,-0.0002960651653588,0.2109380672061898,0.0251036928238815,0.8888888888888888
12,64,0.0,8.0,4,0.4426312891900562,0.0554421175385028,0.6653054104620345,0.0,0.001651257831947,-1.2237849187684496e-05,0.2526917204779303,0.0315934933062042,0.8888888888888888
12,64,0.0,8.0,5,0.3538065209253137,0.0495680313170496,0.5948163758045955,0.0,-0.0009748802989522,0.0011756803408603,0.1801503668523138,0.0197017966980183,0.8888888888888888
12,64,0.0,8.0,6,0.6256792379692447,0.0659165738499791,0.7909988861997498,0.0,0.0017535024046254,0.000269210495834,0.4036986654630099,0.0831786272972031,0.8888888888888888
12,72,0.0,8.0,1,0.6686144876036565,0.0681407085662769,0.8176885027953227,0.0,0.0008103091471894,0.0008867551209682,0.3891464298516477,0.0503263544047656,1.0
12,72,0.0,8.0,2,0.4619096204446514,0.0566366109290828,0.6796393311489936,0.0,0.0011913827676604,-0.0017615610970549,0.2600400796129683,0.0491402970515897,1.0
12,72,0.0,8.0,3,0.4849050382471367,0.0580292693296964,0.6963512319563575,0.0,0.0001356417347544,-0.0015819603618187,0.2814557203413401,0.0448507490587956,1.0
12,72,0.0,8.0,4,0.5435698399132012,0.0614393241739587,0.7372718900875044,0.0,1.1138104570174418e-05,-0.002035656258132,0.3171227302622689,0.0636899829600405,1.0
12,72,0.0,8.0,5,0.8208255760615104,0.0754995206046917,0.9059942472563004,0.0,-0.0008390196807241,-0.0004109341130622,0.4815493209801455,0.0904283273925766,1.0
12,72,0.0,8.0,6,0.565765248979117,0.0626811402268079,0.7521736827216949,0.0,-0.0012226310725828,0.0004949320382444,0.3048198533118146,0.0334461708782146,1.0
12,36,0.1,8.0,1,0.1304878433692948,0.0301025842570606,0.3612310110847279,0.003010258425706,0.0006578856692723,0.0004528091488695,0.0338355611235484,0.0012650035661731,0.5
12,36,0.1,8.0,2,0.1318510197580963,0.0302594131082122,0.3631129572985469,0.0030259413108212,0.0006462294094835,-5.218910051887441e-05,0.035368020666135,0.0019817973426279,0.5
12,36,0.1,8.0,3,0.1303518193510669,0.0300868902965351,0.3610426835584222,0.0030086890296535,0.0005196351276959,-0.0003501388505823,0.0340450152107408,0.0010815594259434,0.5
12,36,0.1,8.0,4,0.1310282988974032,0.0301648593953805,0.3619783127445665,0.003016485939538,0.0005477836180495,-0.0005347177459287,0.0327702192827108,0.0010294322233507,0.5
12,36,0.1,8.0,5,0.1307530897739028,0.0301331639207422,0.3615979670489075,0.0030133163920742,0.0005695190063011,0.0005988209049845,0.0331568845850799,0.0013560491466963,0.5
12,36,0.1,8.0,6,0.1341332560913783,0.0305201727563756,0.3662420730765081,0.0030520172756375,0.000190836644133,0.0003136797539806,0.035810701839022,0.0014107650131623,0.5
12,40,0.1,8.0,1,0.1576559313394831,0.0330882585900828,0.3970591030809936,0.0033088258590082,-0.0001716344888076,-0.0002353978742479,0.0492841252654312,0.0053892259514117,0.5555555555555556
12,40,0.1,8.0,2,0.1470084520930235,0.031951401040076,0.3834168124809129,0.0031951401040076,0.0001252162824078,8.12130247322854e-05,0.0436495660717185,0.001808888068559,0.5555555555555556
12,40,0.1,8.0,3,0.1484244501088847,0.0321049115865215,0.3852589390382587,0.0032104911586521,0.0003558649017271,0.0003426659085601,0.0413131539792295,0.001730733905525,0.5555555555555556
12,40,0.1,8.0,4,0.1488710538106916,0.0321531765549571,0.385838118659486,0.0032153176554957,0.0001673298287283,0.0001617012085975,0.0423316143184065,0.0016619546438698,0.5555555555555556
12,40,0.1,8.0,5,0.148092581112437,0.0320689990827543,0.3848279889930526,0.0032068999082754,4.5898481403279693e-05,3.5265100770645287e-06,0.044165365502331,0.0019397190158881,0.5555555555555556
12,40,0.1,8.0,6,0.1542753671305358,0.0327315859100086,0.3927790309201037,0.0032731585910008,4.813093194039808e-05,0.0007644089093767,0.0456287757263914,0.0021318088827148,0.5555555555555556
12,48,0.1,8.0,1,0.2174270243874498,0.0388575590018147,0.4662907080217767,0.0038857559001814,-0.0002331784232244,-0.0017351383570482,0.0841394145098442,0.0070374813051512,0.6666666666666666
12,48,0.1,8.0,2,0.2135570844288132,0.0385101974616259,0.4621223695395119,0.0038510197461625,-0.0002029866665872,-0.0019879038895263,0.0880755214145147,0.0055128879363805,0.6666666666666666
12,48,0.1,8.0,3,0.2043420838993462,0.0376701771870138,0.4520421262441657,0.0037670177187013,0.0002938552850503,-0.0009481634196777,0.0772244898007178,0.006830022040577,0.6666666666666666
12,48,0.1,8.0,4,0.2094297809332722,0.038136248880865,0.4576349865703803,0.0038136248880865,0.000850247530127,-0.0026996817793655,0.0851214054692151,0.0057052691855067,0.6666666666666666
12,48,0.1,8.0,5,0.2087457859461248,0.0380739216986476,0.4568870603837723,0.0038073921698647,-0.0002617856595113,-0.0020483548688185,0.0848574654137244,0.0085491256069823,0.6666666666666666
12,48,0.1,8.0,6,0.2124434278723983,0.038409654807707,0.4609158576924841,0.0038409654807707,0.0002877463441046,-0.0023128345649871,0.0816529781384872,0.0055853904646374,0.6666666666666666
12,56,0.1,8.0,1,0.2531024666675868,0.0419244083861049,0.5030929006332596,0.0041924408386104,2.201323504330607e-05,0.0016543099092901,0.1198311238409408,0.0088687019187931,0.7777777777777778
12,56,0.1,8.0,2,0.3025951398069438,0.0458405403278388,0.5500864839340663,0.0045840540327838,-7.067276347852994e-05,0.0006262786887724,0.1410391501984289,0.012531512803859,0.7777777777777778
12,56,0.1,8.0,3,0.302205466291938,0.0458110147395993,0.5497321768751926,0.0045811014739599,-0.0001321437773933,0.0002360758789558,0.1478116624041424,0.0103672273454669,0.7777777777777778
12,56,0.1,8.0,4,0.2826193491442786,0.0443016294176353,0.5316195530116238,0.0044301629417635,0.0009691644444897,0.0016719449646072,0.1287523097071633,0.009817123613414,0.7777777777777778
12,56,0.1,8.0,5,0.3007151616394357,0.0456979182633869,0.5483750191606431,0.0045697918263386,0.0004449969848263,0.0007170664544382,0.1486097012114571,0.0151774629840528,0.7777777777777778
12,56,0.1,8.0,6,0.2855727039783665,0.0445325024855727,0.5343900298268732,0.0044532502485572,0.0009687936539057,0.0004306516230288,0.1345333072383566,0.0104955374322704,0.7777777777777778
12,64,0.1,8.0,1,0.4672481081775588,0.0569629575163616,0.6835554901963401,0.0056962957516361,0.0017073852177459,0.0016751859852476,0.2736313672906242,0.0333216658288013,0.8888888888888888
12,64,0.1,8.0,2,0.4230245211739191,0.054200279389778,0.6504033526773361,0.0054200279389778,0.0001864702504159,-0.0015633404289398,0.2305047040829787,0.0250916646667066,0.8888888888888888
12,64,0.1,8.0,3,0.4664320561191641,0.0569131926782141,0.6829583121385698,0.0056913192678214,0.0019002831228696,0.0024122324568418,0.2542586912308567,0.0343003888445084,0.8888888888888888
12,64,0.1,8.0,4,0.5217146209473956,0.0601915126992467,0.7222981523909608,0.0060191512699246,-0.0011259598833957,-0.0014616222912813,0.3081278056620689,0.0388217622309523,0.8888888888888888
12,64,0.1,8.0,5,0.3111162912588895,0.0464814995499172,0.5577779945990067,0.0046481499549917,0.000193072005713,-0.0015993689425048,0.1639039345016971,0.0192261190918959,0.8888888888888888
12,64,0.1,8.0,6,0.4400366572183348,0.0552793824094641,0.6633525889135693,0.0055279382409464,0.0002158455658437,0.0010832095292265,0.246550370819012,0.0320856785534389,0.8888888888888888
12,72,0.1,8.0,1,0.6263621059047542,0.0659525348001181,0.7914304176014175,0.0065952534800118,0.0015628017169738,0.0007555368034326,0.3547611158706831,0.0487524545319528,1.0
12,72,0.1,8.0,2,0.6990057685218141,0.0696721373710174,0.8360656484522098,0.0069672137371017,-0.0005996337111801,0.0021756327312924,0.4007663754015482,0.0446812127844851,1.0
12,72,0.1,8.0,3,0.503837962110218,0.0591512868573162,0.709815442287795,0.0059151286857316,-0.0021422393312695,-0.0006636164060043,0.3029515080872088,0.0483237966220606,1.0
12,72,0.1,8.0,4,0.492521983405885,0.0584832587278595,0.7017991047343143,0.0058483258727859,-0.0013510243067543,-0.0004924698492367,0.2867792330427677,0.0365038153255428,1.0
12,72,0.1,8.0,5,0.4393158252614356,0.0552340867770374,0.6628090413244494,0.0055234086777037,0.000729383140181,0.000172313709725,0.2486272324182622,0.0298303796414482,1.0
12,72,0.1,8.0,6,0.3635089164786452,0.050243083857842,0.6029170062941045,0.0050243083857842,0.0016055693063145,0.0021161304996524,0.2090390588006407,0.035255813150747,1.0
12,36,0.2,8.0,1,0.1261810289770647,0.02960164092874,0.3552196911448811,0.005920328185748,0.0001393569235238,0.0012948554328267,0.0330886351656655,0.0012850074174704,0.5
12,36,0.2,8.0,2,0.1284126378493866,0.0298622576090561,0.3583470913086733,0.0059724515218112,-0.0002794566453231,0.0001785192631643,0.0357883376246025,0.0014910550537666,0.5
12,36,0.2,8.0,3,0.125869300857816,0.0295650531382605,0.354780637659126,0.0059130106276521,0.0004259831283831,-8.329815615718304e-05,0.0317950074038867,0.0010571250188277,0.5
12,36,0.2,8.0,4,0.1264851824952317,0.0296372961466385,0.355647553759662,0.0059274592293277,0.0001433891248279,0.0010165438545472,0.0325964692736188,0.0009954962215809,0.5
12,36,0.2,8.0,5,0.1289744488523908,0.0299275106684179,0.3591301280210152,0.0059855021336835,-5.2485729183277056e-05,0.0009225264796212,0.0346408198672626,0.0011434675094687,0.5
12,36,0.2,8.0,6,0.1253409432531219,0.0295029357358817,0.3540352288305811,0.0059005871471763,0.0001329371123848,0.000918370721092,0.0324088980689062,0.0011586990594485,0.5
12,40,0.2,8.0,1,0.1432041355081759,0.0315352685615839,0.3784232227390068,0.0063070537123167,6.27715240952069e-05,-0.0012868926044274,0.0420827540987434,0.0017746284721715,0.5555555555555556
12,40,0.2,8.0,2,0.1380601027120996,0.0309636999287628,0.3715643991451545,0.0061927399857525,7.176780343915579e-05,-0.0011327134403764,0.0405981488848682,0.0015118171842263,0.5555555555555556
12,40,0.2,8.0,3,0.1496749871862013,0.0322398764457544,0.3868785173490527,0.0064479752891508,0.0003113556021814,-0.0010022824811699,0.0445110421003307,0.0020300933280776,0.5555555555555556
12,40,0.2,8.0,4,0.1381067800271531,0.03096893380954,0.3716272057144809,0.006193786761908,0.0003638181061446,-0.0009372366262681,0.0410212678029838,0.0018421942336164,0.5555555555555556
12,40,0.2,8.0,5,0.1461266023717516,0.0318554245306204,0.3822650943674449,0.006371084906124,-0.0001407688158294,-0.0011570803266112,0.0426225160614181,0.0019551027910185,0.5555555555555556
12,40,0.2,8.0,6,0.1569427242354089,0.0330133310862833,0.3961599730354,0.0066026662172566,-0.0002074042618825,-0.0011349040081286,0.0459486957814247,0.0039873962390435,0.5555555555555556
12,48,0.2,8.0,1,0.1915070981513761,0.0364679366543954,0.4376152398527457,0.007293587330879,0.0002445239477585,0.001323019020087,0.0686287539897306,0.0044241205907061,0.6666666666666666
12,48,0.2,8.0,2,0.1788327863984302,0.0352405214205053,0.4228862570460646,0.007048104284101,-5.7944827495752184e-05,0.000817478390685,0.0629231628361614,0.0032359371328507,0.6666666666666666
12,48,0.2,8.0,3,0.1867662205331341,0.0360137146458291,0.4321645757499498,0.0072027429291658,-0.0002549046761977,0.0019906904524479,0.0665726511718608,0.0050798596789289,0.6666666666666666
12,48,0.2,8.0,4,0.1945106357228034,0.0367527999427333,0.4410335993128,0.0073505599885466,-1.6610891416467014e-05,0.002177744921762,0.0712598184477397,0.0035363522257558,0.6666666666666666
12,48,0.2,8.0,5,0.1826671248610439,0.035616312279964,0.4273957473595683,0.0071232624559928,0.0005219422162154,-0.0003727652784118,0.0677812541410272,0.0037617906864739,0.6666666666666666
12,48,0.2,8.0,6,0.1932256300545854,0.0366311978122043,0.439574373746452,0.0073262395624408,-0.0008669159621784,0.0011704231465944,0.0706429855454597,0.0053043633146332,0.6666666666666666
12,56,0.2,8.0,1,0.2927002752999156,0.0450848178513993,0.5410178142167923,0.0090169635702798,0.0003902643983092,-0.002465189547943,0.13747833945825,0.0138619093505672,0.7777777777777778
12,56,0.2,8.0,2,0.2940472621346647,0.0451884374141789,0.5422612489701478,0.0090376874828358,-0.0003132050702455,-5.516172237440214e-05,0.1369314044631134,0.0110944155872542,0.7777777777777778
12,56,0.2,8.0,3,0.27083841465738,0.0433684484851554,0.5204213818218656,0.008673689697031,0.0002771353088951,0.0019816741746215,0.1248521097551109,0.009984446133926,0.7777777777777778
12,56,0.2,8.0,4,0.3272805813148997,0.0476737014997451,0.5720844179969419,0.009534740299949,-0.0011696952068431,0.0040372494704436,0.1661373274069065,0.0217432772022466,0.7777777777777778
12,56,0.2,8.0,5,0.3056387259230683,0.0460705019751633,0.5528460237019601,0.0092141003950326,0.0012601557936454,5.417560100588902e-05,0.14454817346995,0.0188823074040476,0.7777777777777778
12,56,0.2,8.0,6,0.2610976022605811,0.0425814254514366,0.51097710541724,0.0085162850902873,0.0015252533953662,-0.0001705183320393,0.1224631156250583,0.0102735005881542,0.7777777777777778
12,64,0.2,8.0,1,0.4749270735995045,0.05742912743351,0.6891495292021207,0.011485825486702,0.0011229710902225,0.0009109917719133,0.2676089422713126,0.0304536889956647,0.8888888888888888
12,64,0.2,8.0,2,0.3833542049538133,0.0515963368742968,0.6191560424915623,0.0103192673748593,-0.0010207710444793,-0.0020280946860712,0.2136730486508274,0.0298285462342661,0.8888888888888888
12,64,0.2,8.0,3,0.4129511199457006,0.0535510607806608,0.6426127293679301,0.0107102121561321,0.0010047917566344,0.0011364563245801,0.2285242913429148,0.0309961265815321,0.8888888888888888
12,64,0.2,8.0,4,0.3596495505643397,0.0499756573079681,0.5997078876956178,0.0099951314615936,0.000284175859179,-0.0020485900250448,0.1905675606102582,0.0291040064674184,0.8888888888888888
12,64,0.2,8.0,5,0.4528406006934379,0.0560778601027573,0.6729343212330887,0.0112155720205514,-0.0007409497482666,-0.0006388864155481,0.237791302472101,0.0367603550143383,0.8888888888888888
12,64,0.2,8.0,6,0.3155016567465526,0.0468079451312126,0.561695341574552,0.0093615890262425,-0.0005667179656664,-0.0033228099948515,0.1650600689588831,0.0191097004193869,0.8888888888888888
12,72,0.2,8.0,1,0.4090725285601578,0.0532989816819648,0.6395877801835788,0.0106597963363929,-0.0008798258192447,0.0022417854195514,0.2092658171912811,0.0251181091465626,1.0
12,72,0.2,8.0,2,0.4107111125249935,0.0534056223973261,0.6408674687679142,0.0106811244794652,-0.001499436138785,-0.0006832764209982,0.2317854210107637,0.0256880052083776,1.0
12,72,0.2,8.0,3,0.4580085784361875,0.0563969425414984,0.6767633104979817,0.0112793885082996,-0.0012742463448531,0.0055884779534556,0.2510877389833529,0.0425318038763981,1.0
12,72,0.2,8.0,4,0.4312735675958458,0.0547261850536533,0.6567142206438397,0.0109452370107306,6.311818658433076e-05,0.0043857475265899,0.21379115735976,0.0328532454237459,1.0
12,72,0.2,8.0,5,0.5484209492813952,0.0617128739766196,0.7405544877194352,0.0123425747953239,-0.0005264706864206,0.0006103769511257,0.3157207621088265,0.0732372273169429,1.0
12,72,0.2,8.0,6,0.3224299797526448,0.0473190984869279,0.5678291818431357,0.0094638196973855,-0.0025718662443363,0.002456996925248,0.1455606111752262,0.0182172058164009,1.0
12,36,0.3,8.0,1,0.1246570485310978,0.0294223375708427,0.3530680508501128,0.0088267012712528,-0.0001907825663703,0.0008497915494682,0.0325220780361788,0.0011884866314193,0.5
12,36,0.3,8.0,2,0.1268633715705761,0.0296815706442024,0.356178847730429,0.0089044711932607,5.722225178149366e-05,0.0002221232463486,0.032731840655847,0.0010304929915898,0.5
12,36,0.3,8.0,3,0.1284421065665691,0.0298656838759629,0.3583882065115552,0.0089597051627888,0.0005677282155881,0.0005819935275054,0.0341588635939888,0.0011945384246679,0.5
12,36,0.3,8.0,4,0.1267528955565674,0.0296686440769552,0.356023728923463,0.0089005932230865,9.736671051695204e-05,0.0012548420636969,0.0341354852868739,0.0019627977073024,0.5
12,36,0.3,8.0,5,0.1242275377308961,0.0293716059186816,0.3524592710241797,0.0088114817756044,0.0004091075242144,0.0010830353941343,0.0326346571213117,0.0014536798639338,0.5
12,36,0.3,8.0,6,0.1249854499696394,0.0294610677620152,0.3535328131441824,0.0088383203286045,0.0002086865460037,0.0002134281442083,0.0347110381271162,0.0016708307354508,0.5
12,40,0.3,8.0,1,0.1469500067222672,0.0319450490341386,0.3833405884096638,0.0095835147102415,0.0002879227199502,-0.0004919594319193,0.0457599936634535,0.0021895311731779,0.5555555555555556
12,40,0.3,8.0,2,0.1372259426491817,0.0308700167648765,0.3704402011785191,0.0092610050294629,0.0002211047393877,-1.2811737029847563e-05,0.0399638846811394,0.0016209015263565,0.5555555555555556
12,40,0.3,8.0,3,0.1388412715708771,0.0310511754531125,0.3726141054373508,0.0093153526359337,0.0001408241037658,0.0004962782460416,0.0386969121097221,0.0020388418614379,0.5555555555555556
12,40,0.3,8.0,4,0.1434938635438955,0.0315671532371747,0.3788058388460974,0.0094701459711524,-0.0001138196938253,-0.0004771237594474,0.0441781289996864,0.0019805623414687,0.5555555555555556
12,40,0.3,8.0,5,0.1406832520740364,0.0312564717825272,0.3750776613903264,0.0093769415347581,-8.904380961811057e-05,2.624801496563245e-05,0.0412621481525414,0.0016987877681328,0.5555555555555556
12,40,0.3,8.0,6,0.1417781287305637,0.031377863827971,0.3765343659356523,0.0094133591483913,-0.0003145015103291,-0.0001566528972992,0.0412154376385205,0.0020450275950902,0.5555555555555556
12,48,0.3,8.0,1,0.1791529565427305,0.0352720534385079,0.4232646412620956,0.0105816160315523,-0.0008811163350414,-0.0002117828221878,0.0615826571152702,0.0034602100232322,0.6666666666666666
12,48,0.3,8.0,2,0.1513418002747992,0.0324188945544191,0.3890267346530302,0.0097256683663257,-0.0009825151001802,-0.0012799709867657,0.0492522224024478,0.0033585560020043,0.6666666666666666
12,48,0.3,8.0,3,0.1698520633352954,0.0343442603298748,0.4121311239584987,0.0103032780989624,0.0006510346381961,0.0002698202543501,0.0586683107056057,0.0033898672162654,0.6666666666666666
12,48,0.3,8.0,4,0.1702496779952741,0.0343844358761742,0.4126132305140906,0.0103153307628522,-0.0007456873768316,0.0020865915925828,0.0589281738571198,0.004464626508006,0.6666666666666666
12,48,0.3,8.0,5,0.1674049230358048,0.0340959555922494,0.409151467106993,0.0102287866776748,-0.0009928190875057,0.0002437797016417,0.0527250265604114,0.0032464241017388,0.6666666666666666
12,48,0.3,8.0,6,0.1538141220724459,0.0326826196242451,0.3921914354909423,0.0098047858872735,-0.0008652371886567,0.0004050410505741,0.0511275501304364,0.0024778491546107,0.6666666666666666
12,56,0.3,8.0,1,0.2006705924011005,0.0373302260984741,0.4479627131816894,0.0111990678295422,-0.0003240150482541,0.0022944710851217,0.0727976841566869,0.0069083249496973,0.7777777777777778
12,56,0.3,8.0,2,0.2108457865467091,0.0382649559129344,0.4591794709552128,0.0114794867738803,7.100688351622083e-06,-0.0015601166250501,0.0820983858520626,0.0068062616245499,0.7777777777777778
12,56,0.3,8.0,3,0.2600404762296109,0.0424951366686049,0.5099416400232589,0.0127485410005814,0.0001071860054996,0.0034617456235197,0.1066620477651204,0.0211836037707033,0.7777777777777778
12,56,0.3,8.0,4,0.225183370069629,0.0395445748903855,0.4745348986846268,0.0118633724671156,9.033468077593423e-05,-0.0021597009753667,0.0941759004580904,0.0074048698109992,0.7777777777777778
12,56,0.3,8.0,5,0.209871373139377,0.0381764337156533,0.4581172045878402,0.011452930114696,-0.0005682117162636,-5.871537640143402e-05,0.0854189789576513,0.0067971597487662,0.7777777777777778
12,56,0.3,8.0,6,0.2278217801799424,0.0397755665666002,0.4773067987992026,0.01193266996998,0.0012193384328525,0.0007045341938325,0.0962945665562692,0.0104691399532683,0.7777777777777778
12,64,0.3,8.0,1,0.4145940610269184,0.0536574824586286,0.6438897895035441,0.0160972447375886,-0.0009808017103226,0.0027646493268703,0.2285048865266,0.0264120838252099,0.8888888888888888
12,64,0.3,8.0,2,0.5182042182218571,0.059988668966051,0.7198640275926123,0.0179966006898153,-0.0004342094594525,0.001125562766949,0.2826506764377556,0.0537074466813513,0.8888888888888888
12,64,0.3,8.0,3,0.3600838044610772,0.0500058194155855,0.6000698329870259,0.0150017458246756,0.0009858674650086,-0.00100813223158,0.1882584961608656,0.0198235831961268,0.8888888888888888
12,64,0.3,8.0,4,0.4854316357799934,0.0580607701141653,0.6967292413699839,0.0174182310342496,-0.000939283011189,-0.0013069026896136,0.2701258563466836,0.0288460709401081,0.8888888888888888
12,64,0.3,8.0,5,0.4234103664623418,0.0542249920894378,0.650699905073254,0.0162674976268313,0.0004184558383746,-0.0055198373837287,0.2339416588097227,0.0285854207464697,0.8888888888888888
12,64,0.3,8.0,6,0.328091505128203,0.0477327270335245,0.5727927244022947,0.0143198181100573,-0.0012150415460704,-0.0037183142277967,0.1614428593077786,0.0157957369983028,0.8888888888888888
12,72,0.3,8.0,1,0.3599484929428768,0.0499964229930833,0.5999570759169999,0.0149989268979249,-0.0006808195892635,-0.0026021167421293,0.1832236121791717,0.0169715133881674,1.0
12,72,0.3,8.0,2,0.3718152646707122,0.0508138804767178,0.6097665657206143,0.0152441641430153,0.0001888887229893,-0.0044250577550994,0.195866150907067,0.0236201109470574,1.0
12,72,0.3,8.0,3,0.6279658928650421,0.0660369158577778,0.7924429902933346,0.0198110747573333,-0.000610770295881,0.0036877258847996,0.3783983294630582,0.067381893259352,1.0
12,72,0.3,8.0,4,0.4086631205008962,0.0532723036559503,0.639267643871404,0.0159816910967851,-0.0026810131015865,-0.0017234184832753,0.2047678732863699,0.0306677445200006,1.0
12,72,0.3,8.0,5,0.4466580842654244,0.0556937361993539,0.6683248343922471,0.0167081208598061,0.0013383429131528,0.0022257232562672,0.252344116647021,0.0430878253288261,1.0
12,72,0.3,8.0,6,0.4790708487829473,0.0576791200897345,0.692149441076815,0.0173037360269203,-0.0020500865390655,0.0013211405630813,0.2580501735480117,0.0332431283645013,1.0
12,36,0.4,8.0,1,0.1271045243593668,0.0297097678895537,0.3565172146746448,0.0118839071558214,0.0001547694427385,-0.0006922608324387,0.0356932604228881,0.002019803623704,0.5
12,36,0.4,8.0,2,0.1267518491856815,0.0296685216163624,0.3560222593963494,0.0118674086465449,0.0005771402759934,-0.0010822675644475,0.034241373165488,0.0021301834542354,0.5
12,36,0.4,8.0,3,0.1260514177083809,0.0295864338408553,0.3550372060902644,0.0118345735363421,8.496565136554062e-05,-0.0005760020328154,0.0346920768490903,0.0014431767921291,0.5
12,36,0.4,8.0,4,0.1255899295344268,0.0295322245764439,0.3543866949173273,0.0118128898305775,5.7429377295385325e-05,-6.677062879172542e-05,0.0328350965272533,0.0012252273903728,0.5
12,36,0.4,8.0,5,0.12119098728711,0.0290104132749381,0.3481249592992579,0.0116041653099752,3.984741863488406e-06,-0.0015882974523918,0.0324389133827883,0.0012451798637262,0.5
12,36,0.4,8.0,6,0.1229174222332678,0.029216317528964,0.350595810347568,0.0116865270115856,0.0002091256542121,-0.0008735968119718,0.0308822609383724,0.0013780133992462,0.5
12,40,0.4,8.0,1,0.1345784967629248,0.0305707849782595,0.3668494197391142,0.0122283139913038,0.0004194092962731,2.022122655336639e-05,0.0409607412060405,0.0017266889445934,0.5555555555555556
12,40,0.4,8.0,2,0.1324531362285391,0.0303284263691923,0.3639411164303082,0.0121313705476769,0.0010359586075802,-0.0005289483788792,0.037956000397726,0.0016500081947635,0.5555555555555556
12,40,0.4,8.0,3,0.1303913343766846,0.0300914502411543,0.3610974028938516,0.0120365800964617,0.0006126659745881,9.11444848150444e-05,0.0366654267094857,0.001738456734676,0.5555555555555556
12,40,0.4,8.0,4,0.140770012207244,0.0312661083158261,0.3751932997899137,0.0125064433263304,0.0004765989924825,0.0002927842462996,0.0411160826220256,0.0028274650524936,0.5555555555555556
12,40,0.4,8.0,5,0.1300776802917703,0.0300552362201398,0.3606628346416779,0.0120220944880559,0.0005567385918441,-0.0003021971484763,0.0372836630804247,0.0018196848718303,0.5555555555555556
12,40,0.4,8.0,6,0.1415612350728197,0.0313538535502438,0.3762462426029258,0.0125415414200975,0.0004941589014297,-0.0001122216624878,0.0436606966943544,0.0034195117875301,0.5555555555555556
12,48,0.4,8.0,1,0.1552499823143486,0.0328348119711835,0.3940177436542023,0.0131339247884734,-0.0008593429032762,-0.0011604350286057,0.0521673056797798,0.0045282716417348,0.6666666666666666
12,48,0.4,8.0,2,0.1587516210285778,0.03320303920876,0.3984364705051206,0.013281215683504,-0.000701077367225,-0.0008487926666042,0.0524123258450246,0.0045529678191815,0.6666666666666666
12,48,0.4,8.0,3,0.136719994401329,0.0308130557648017,0.3697566691776215,0.0123252223059207,-0.000885959283282,-0.0003043477096662,0.0408555247709307,0.0034160165979899,0.6666666666666666
12,48,0.4,8.0,4,0.1387818249527122,0.0310445272678249,0.3725343272138988,0.0124178109071299,-0.0007732243200661,-0.0007805938357822,0.0387386408167987,0.0026318566884698,0.6666666666666666
12,48,0.4,8.0,5,0.1634144904573948,0.0336871318220856,0.4042455818650277,0.0134748527288342,-0.0013360229809442,-0.0009302609449125,0.0563829159802534,0.0056701428821943,0.6666666666666666
12,48,0.4,8.0,6,0.1535588240069489,0.0326554853320308,0.3918658239843695,0.0130621941328123,-0.0013573609027606,-9.515735072595447e-05,0.0479989649618732,0.003045152509157,0.6666666666666666
12,56,0.4,8.0,1,0.1877772240012545,0.0361110578633292,0.4333326943599507,0.0144444231453316,0.0011747853562602,-0.0007470144119857,0.0759131641120315,0.006818934113675,0.7777777777777778
12,56,0.4,8.0,2,0.1733522370553825,0.0346963251591759,0.4163559019101117,0.0138785300636703,-0.0003286715076121,-0.0046556973329821,0.0695389702876477,0.0059146747393,0.7777777777777778
12,56,0.4,8.0,3,0.2158633441720892,0.0387175800017907,0.4646109600214886,0.0154870320007162,0.0012515553441293,0.0005155446085965,0.0828452630066023,0.0102089394833865,0.7777777777777778
12,56,0.4,8.0,4,0.2477035735051331,0.0414748562974817,0.4976982755697804,0.0165899425189926,-0.0006426274942493,0.0006970036431273,0.109054657714989,0.0100190509269148,0.7777777777777778
12,56,0.4,8.0,5,0.2264847906489372,0.0396586818511807,0.4759041822141692,0.0158634727404723,-3.054698709660645e-05,-0.0018974196228192,0.0973411611743066,0.0084598856141789,0.7777777777777778
12,56,0.4,8.0,6,0.1909826001207982,0.0364179633751591,0.4370155605019096,0.0145671853500636,-0.0006292594871422,-0.0018002097291697,0.0720298588108116,0.0069340786465095,0.7777777777777778
12,64,0.4,8.0,1,0.2710670975726112,0.0433867537367086,0.5206410448405036,0.0173547014946834,0.0008850693702151,0.004548656673972,0.125097551743821,0.017232932442466,0.8888888888888888
12,64,0.4,8.0,2,0.2481232247256097,0.0415099740963952,0.4981196891567424,0.016603989638558,-0.001275301299687,-0.000139398944149,0.0943932646855959,0.0084039919713445,0.8888888888888888
12,64,0.4,8.0,3,0.2682490747259886,0.0431606394381299,0.5179276732575588,0.0172642557752519,0.0015173958772601,0.0013513401767096,0.1150501230680977,0.0128077508172412,0.8888888888888888
12,64,0.4,8.0,4,0.3024640151768569,0.0458306071292895,0.5499672855514743,0.0183322428517158,-0.001186008653269,0.0042802705625019,0.1383147986628409,0.0156913543448837,0.8888888888888888
12,64,0.4,8.0,5,0.2759400411225839,0.0437749961230552,0.5252999534766626,0.017509998449222,-0.000339717765155,0.0051284725750057,0.1173147906293883,0.017262488608673,0.8888888888888888
12,64,0.4,8.0,6,0.2398012933906969,0.0408079252064794,0.4896951024777529,0.0163231700825917,0.0001358351972179,0.0054230521054784,0.1032042969361544,0.0107516898377725,0.8888888888888888
12,72,0.4,8.0,1,0.3496954097996473,0.0492792080479271,0.5913504965751254,0.0197116832191708,-0.0036528092265496,0.002975648118883,0.1794091497725054,0.0302331105397881,1.0
12,72,0.4,8.0,2,0.3499969906776058,0.0493004529135724,0.5916054349628693,0.0197201811654289,-0.0033814193538352,0.0015101164915393,0.1749137466085144,0.021373037864923,1.0
12,72,0.4,8.0,3,0.3946694687423998,0.0523522702430372,0.6282272429164465,0.0209409080972148,-0.0022092071809301,0.0013247611642761,0.1977320665868649,0.0317572317145773,1.0
12,72,0.4,8.0,4,0.2933955698043657,0.0451383344259902,0.5416600131118834,0.0180553337703961,-0.0007617322838104,-0.0032275846711379,0.140076007542741,0.0201535790706131,1.0
12,72,0.4,8.0,5,0.4033205185150934,0.0529229339146328,0.6350752069755939,0.0211691735658531,-0.003840839784458,0.005209193695752,0.2239131604811758,0.0359828620514086,1.0
12,72,0.4,8.0,6,0.2652783959645078,0.0429209865111096,0.5150518381333163,0.0171683946044438,-0.0012681868396113,-0.0035933521789728,0.114336726491044,0.0152716624188405,1.0
12,36,0.5,8.0,1,0.1180286528783093,0.0286294153409746,0.3435529840916962,0.0143147076704873,-0.0007225612922572,0.0003675154404785,0.0354132784536719,0.0014524933711613,0.5
12,36,0.5,8.0,2,0.1234765774628188,0.0292826951010436,0.351392341212524,0.0146413475505218,-0.0007907959470292,-0.0001707819388336,0.0371802443693414,0.0012458378393429,0.5
12,36,0.5,8.0,3,0.1256137018249773,0.0295350194478446,0.3544202333741364,0.0147675097239223,-0.000521361112228,0.000696289323509,0.0410504968043669,0.0015275438112197,0.5
12,36,0.5,8.0,4,0.1193891774673525,0.0287939491940572,0.3455273903286867,0.0143969745970286,-0.0006999290248679,2.822190501171483e-05,0.0357386472272723,0.0013547572901812,0.5
12,36,0.5,8.0,5,0.1257264452357028,0.0295482709161944,0.3545792509943338,0.0147741354580972,-0.0002045294929748,0.0009991551309544,0.0394312043191385,0.0016182781684151,0.5
12,36,0.5,8.0,6,0.1122680859930205,0.0279220251067619,0.3350643012811429,0.0139610125533809,-0.0005827351621488,0.0008312014553302,0.0330120104433023,0.0012466308233309,0.5
12,40,0.5,8.0,1,0.1214529381482026,0.0290417489415623,0.3485009872987487,0.0145208744707811,0.0002323392330689,0.0007849313598352,0.0366869197752077,0.0019267030368065,0.5555555555555556
12,40,0.5,8.0,2,0.1250382246487674,0.0294672870231606,0.3536074442779273,0.0147336435115803,0.0002863507439554,-0.0005136889457071,0.0379465092891078,0.0015936348960203,0.5555555555555556
12,40,0.5,8.0,3,0.1255251287968159,0.029524604710499,0.3542952565259883,0.0147623023552495,0.0003292597713895,0.0001294506534863,0.0382678430932675,0.0017772831099603,0.5555555555555556
12,40,0.5,8.0,4,0.126695045517819,0.0296618729176843,0.3559424750122117,0.0148309364588421,0.000432477127667,0.0002594499141116,0.0396708592674562,0.0017462500477954,0.5555555555555556
12,40,0.5,8.0,5,0.1283021605081877,0.0298494091357149,0.3581929096285794,0.0149247045678574,0.0006713696855605,0.000909417794013,0.0397472560542115,0.0018060247436425,0.5555555555555556
12,40,0.5,8.0,6,0.1311892124987781,0.0301833761847176,0.362200514216612,0.0150916880923588,-0.0001028876867966,-0.0005584516668977,0.039612605860971,0.0019598851928407,0.5555555555555556
12,48,0.5,8.0,1,0.1568106783286235,0.0329994400550793,0.3959932806609521,0.0164997200275396,0.0017951338321934,-0.001261496163657,0.0509495833900525,0.0047749791041479,0.6666666666666666
12,48,0.5,8.0,2,0.1416138356302795,0.0313596781568172,0.3763161378818075,0.0156798390784086,0.0006877555222598,-1.379830521951638e-05,0.0417221316476815,0.0029813762512193,0.6666666666666666
12,48,0.5,8.0,3,0.1343717111217308,0.0305472892871003,0.3665674714452046,0.0152736446435501,0.0014910497296866,0.0009705131619492,0.0362462602842997,0.0019999376096759,0.6666666666666666
12,48,0.5,8.0,4,0.1410324294493853,0.0312952371963576,0.3755428463562917,0.0156476185981788,0.0019682154662105,0.0015301123082043,0.0408726744956946,0.0025117946817867,0.6666666666666666
12,48,0.5,8.0,5,0.139707903462634,0.0311479337042775,0.3737752044513306,0.0155739668521387,0.0006158664734062,0.0020920151268333,0.0416442668998661,0.002400938127458,0.6666666666666666
12,48,0.5,8.0,6,0.1294262655435932,0.0299798851018378,0.3597586212220539,0.0149899425509189,0.0017958796280904,-7.921509095034887e-07,0.0363328304264739,0.0024840357748855,0.6666666666666666
12,56,0.5,8.0,1,0.1635362994402168,0.0336996846589492,0.4043962159073905,0.0168498423294746,0.0003763399060623,-0.0027320575970585,0.0539093526247308,0.0044990337791561,0.7777777777777778
12,56,0.5,8.0,2,0.1752521879848818,0.0348859439205584,0.4186313270467009,0.0174429719602792,0.0006960866110073,-0.0018784932499179,0.0586363305302099,0.005311859146348,0.7777777777777778
12,56,0.5,8.0,3,0.1568368622277156,0.0330021950267154,0.3960263403205848,0.0165010975133577,-0.0008435054855468,-0.0034047813365809,0.0518852041378011,0.0037480507357693,0.7777777777777778
12,56,0.5,8.0,4,0.1559323885374032,0.0329068960749494,0.3948827528993932,0.0164534480374747,0.0009155425737795,0.0004465750366497,0.0508443779070173,0.0046248657869301,0.7777777777777778
12,56,0.5,8.0,5,0.160899934118112,0.0334269450234088,0.4011233402809066,0.0167134725117044,-0.000288283150872,3.159041599650994e-05,0.0501847675190761,0.0030275694719848,0.7777777777777778
12,56,0.5,8.0,6,0.166622888518661,0.0340162224900223,0.4081946698802681,0.0170081112450111,0.0008719212926626,-0.0014910332175388,0.0537319388060448,0.0053272023376021,0.7777777777777778
12,64,0.5,8.0,1,0.2169213979511213,0.0388123510867711,0.4657482130412539,0.0194061755433855,-0.0035055788435962,-0.0037986576823207,0.0852696266978235,0.0086395917198118,0.8888888888888888
12,64,0.5,8.0,2,0.2177940581718093,0.038890342468333,0.4666841096199969,0.0194451712341665,-0.0027211741571507,0.0012901146674587,0.0914614261515725,0.0084639318018468,0.8888888888888888
12,64,0.5,8.0,3,0.2425902890038653,0.0410445463460014,0.4925345561520179,0.0205222731730007,-0.0010185895661983,6.249642759605255e-05,0.0987230800108625,0.0133936560574087,0.8888888888888888
12,64,0.5,8.0,4,0.2097891164922037,0.0381689515775478,0.4580274189305742,0.0190844757887739,-0.0027513882012499,-0.0002280234210732,0.0810624086450027,0.0072398622284392,0.8888888888888888
12,64,0.5,8.0,5,0.20060246145444,0.0373238884494792,0.4478866613937504,0.0186619442247396,-0.0012406932417764,0.0001559901708443,0.0787376155306697,0.0090206207470093,0.8888888888888888
12,64,0.5,8.0,6,0.2036960351886493,0.037610580956975,0.4513269714837009,0.0188052904784875,-0.0002000840213385,0.0005132102074618,0.0827440058231924,0.0097840203012601,0.8888888888888888
12,72,0.5,8.0,1,0.354112673304683,0.0495894725404301,0.5950736704851618,0.024794736270215,-0.0026073717043231,-0.0021708646970569,0.1697201065265771,0.0233545604924626,1.0
12,72,0.5,8.0,2,0.2677792407279847,0.043122825285584,0.5174739034270083,0.021561412642792,-0.002028892907514,5.467524976455874e-05,0.1139267682173858,0.0134717256316641,1.0
12,72,0.5,8.0,3,0.2916205231456544,0.045001583548191,0.5400190025782929,0.0225007917740955,-0.0009376903510373,0.0103221252868884,0.1335446941428254,0.0140155503946192,1.0
12,72,0.5,8.0,4,0.2926883344081645,0.0450838982102754,0.5410067785233051,0.0225419491051377,-0.0016771576364218,-0.0030492833561033,0.1330536637002292,0.0162227839190163,1.0
12,72,0.5,8.0,5,0.2670949009028748,0.0430676874316976,0.5168122491803718,0.0215338437158488,-0.0010557865684289,0.0015564436912231,0.1240557601601237,0.0137677692440584,1.0
12,72,0.5,8.0,6,0.2900223040451438,0.0448780990917761,0.5385371891013134,0.022439049545888,-0.0024315354313129,0.0031344950676236,0.1372829915807846,0.0172918740821738,1.0
12,36,0.6,8.0,1,0.0949906033119271,0.0256837880275464,0.3082054563305575,0.0154102728165278,0.0003918704759906,-4.154647089787503e-05,0.0216147827942603,0.0007437760887944,0.5
12,36,0.6,8.0,2,0.095581977035963,0.0257636125071079,0.3091633500852955,0.0154581675042647,0.0005181349123474,0.000176718536331,0.0229516150627184,0.000960265391348,0.5
12,36,0.6,8.0,3,0.0924168728421855,0.0253334529660258,0.3040014355923102,0.0152000717796155,0.000343182574681,-0.0011453516551023,0.0226166753027393,0.0010255010871945,0.5
12,36,0.6,8.0,4,0.0985467623690795,0.0261601321948483,0.3139215863381803,0.015696079316909,0.0005076903519281,-9.315789796714774e-05,0.025931965210321,0.0011868646232584,0.5
12,36,0.6,8.0,5,0.0925685312963795,0.0253542308676781,0.3042507704121381,0.0152125385206069,0.0005264059826894,7.781345268177543e-05,0.0223479439668844,0.0008968862000246,0.5
12,36,0.6,8.0,6,0.0983743032695002,0.0261372317550266,0.3136467810603198,0.0156823390530159,0.0005245466417606,0.0006086361803713,0.0245479274772809,0.0013744888533066,0.5
12,40,0.6,8.0,1,0.1084047063703583,0.027437391656374,0.3292486998764889,0.0164624349938244,-0.0003992387933163,-0.0004484480749702,0.0278921096727361,0.0017003224962638,0.5555555555555556
12,40,0.6,8.0,2,0.1059881771278803,0.0271298545486794,0.3255582545841533,0.0162779127292076,0.0002362798034437,0.0001891461862692,0.0265212337118186,0.0012190267654175,0.5555555555555556
12,40,0.6,8.0,3,0.1107506698304954,0.0277326860188998,0.3327922322267985,0.0166396116113399,-4.046506549149339e-05,0.0008505891529652,0.0293248765623223,0.0011230811589048,0.5555555555555556
12,40,0.6,8.0,4,0.1094338788679173,0.0275673265322975,0.3308079183875702,0.0165403959193785,-0.0002712369620605,0.000404162415131,0.029027509196829,0.0014948199110935,0.5555555555555556
12,40,0.6,8.0,5,0.1047071779109774,0.0269654070975637,0.3235848851707654,0.0161792442585382,5.876556255506132e-05,0.0005675380190841,0.0273124296519632,0.0010662002967922,0.5555555555555556
12,40,0.6,8.0,6,0.1075467065148753,0.0273285954372983,0.3279431452475799,0.0163971572623789,8.189261976437295e-05,0.0005035871822494,0.0280233758374316,0.0012632825015555,0.5555555555555556
12,48,0.6,8.0,1,0.114952771169882,0.0282539047411889,0.3390468568942676,0.0169523428447133,-0.0006352089580765,-8.141367510346627e-05,0.0309343028247538,0.0019330835855759,0.6666666666666666
12,48,0.6,8.0,2,0.1164486346364201,0.0284371425052523,0.3412457100630279,0.0170622855031514,-0.0006928383358146,-0.0008706764501907,0.0310741793798305,0.0021132632259507,0.6666666666666666
12,48,0.6,8.0,3,0.1273678677702679,0.0297405292780402,0.3568863513364835,0.0178443175668241,0.000444950542604,-0.000591032048798,0.0332439738389445,0.0019849887959728,0.6666666666666666
12,48,0.6,8.0,4,0.1147308928048502,0.0282266241542412,0.3387194898508944,0.0169359744925447,-0.000142132561619,-0.0005652036599607,0.0294583461431696,0.0015437674382878,0.6666666666666666
12,48,0.6,8.0,5,0.1122544251554908,0.0279203262720075,0.3350439152640901,0.0167521957632045,-0.0008891089277969,0.0002476379538787,0.0307928716496539,0.0020167223370317,0.6666666666666666
12,48,0.6,8.0,6,0.1271930400537651,0.0297201110424131,0.356641332508958,0.0178320666254479,-0.0002638714105939,-0.0001265517861791,0.0353033764760433,0.0020112412935966,0.6666666666666666
12,56,0.6,8.0,1,0.157132690056004,0.033033304958784,0.3963996595054088,0.0198199829752704,0.0005885510220833,-0.0019887221495495,0.0558385803032711,0.004458793104131,0.7777777777777778
12,56,0.6,8.0,2,0.1469358956350423,0.0319435152125159,0.3833221825501914,0.0191661091275095,-0.0001938511852848,-0.0007523701865239,0.047522118371789,0.0031662161575795,0.7777777777777778
12,56,0.6,8.0,3,0.1783512038659939,0.0351930394658827,0.4223164735905928,0.0211158236795296,-9.313124970308384e-05,0.0006874333103547,0.0639941653803655,0.0060232002184557,0.7777777777777778
12,56,0.6,8.0,4,0.1606161148056185,0.0333974502941486,0.4007694035297837,0.0200384701764891,-7.154299163426521e-05,-0.0003150673250828,0.0521840996187826,0.0040462949391629,0.7777777777777778
12,56,0.6,8.0,5,0.1547267577022769,0.0327794352137506,0.3933532225650082,0.0196676611282504,-0.0004888716649252,0.0004608474839157,0.0495094483768501,0.003968967356435,0.7777777777777778
12,56,0.6,8.0,6,0.152675980452579,0.0325614782258733,0.3907377387104796,0.0195368869355239,0.0005281569079168,0.0002453103762029,0.0503135446518894,0.0033151759760351,0.7777777777777778
12,64,0.6,8.0,1,0.2540854121706142,0.0420057380480643,0.5040688565767718,0.0252034428288385,-8.974695058747811e-05,-0.0005344295264976,0.1060135175159265,0.018639160322088,0.8888888888888888
12,64,0.6,8.0,2,0.2188603039229977,0.0389854231949261,0.4678250783391136,0.0233912539169556,0.0003553264620129,0.0007698551158416,0.0879747325906542,0.0099402072358437,0.8888888888888888
12,64,0.6,8.0,3,0.2023486697671026,0.0374859853225826,0.4498318238709914,0.0224915911935495,0.0002564970041476,0.0022606379461584,0.0786414523350688,0.0096170472038334,0.8888888888888888
12,64,0.6,8.0,4,0.2056370357580123,0.0377893499618841,0.4534721995426096,0.0226736099771304,0.0020751381262884,-0.0005305693929895,0.0725626199583488,0.0085976942584828,0.8888888888888888
12,64,0.6,8.0,5,0.1615658257100646,0.0334960430612981,0.4019525167355773,0.0200976258367788,0.0007075078384605,-0.0025699990096958,0.0618820701362526,0.0071952940271719,0.8888888888888888
12,64,0.6,8.0,6,0.2035582358692186,0.0375978571224864,0.4511742854698377,0.0225587142734918,-0.000289193986829,-0.0014765314331264,0.0840927288655391,0.0089113904626886,0.8888888888888888
12,72,0.6,8.0,1,0.2845174504564908,0.0444501476732088,0.5334017720785064,0.0266700886039253,-0.0016769380576916,0.0042020347187682,0.1326544282109247,0.0200936451187411,1.0
12,72,0.6,8.0,2,0.2863542261507884,0.0445933965395778,0.5351207584749338,0.0267560379237466,-0.0026346372487091,-0.001996947731127,0.1278334559549433,0.0204841239188821,1.0
12,72,0.6,8.0,3,0.2038996916298222,0.0376293778949726,0.4515525347396715,0.0225776267369835,-0.0032549570460026,-0.0017811813487173,0.0930670467041096,0.0103409171460303,1.0
12,72,0.6,8.0,4,0.2165543508615465,0.0387795004965347,0.4653540059584171,0.0232677002979208,-0.0024227973203497,-4.545115200533615e-05,0.0781908200076679,0.0064519023985062,1.0
12,72,0.6,8.0,5,0.2645213403458958,0.0428596984637322,0.5143163815647872,0.0257158190782393,-0.0017875448770339,0.0029047858705187,0.1133163990215142,0.0108707178960804,1.0
12,72,0.6,8.0,6,0.2584715425975338,0.0423667471968102,0.508400966361723,0.0254200483180861,-0.0027290996201533,-0.0018596330592071,0.1122172448613308,0.0140936185183399,1.0
12,36,0.7,8.0,1,0.0869897394230826,0.0245783525212796,0.2949402302553563,0.0172048467648957,0.0002545495622292,0.0001060732909313,0.0210336465712393,0.0007735528395571,0.5
12,36,0.7,8.0,2,0.0929424297235289,0.0254053840700495,0.3048646088405949,0.0177837688490347,-8.989673858814646e-05,-0.0013038432761822,0.0243442020952606,0.0014127375031604,0.5
12,36,0.7,8.0,3,0.0902658558926556,0.0250368972014659,0.3004427664175919,0.0175258280410261,0.0002761955376818,-0.0008508153901615,0.0236734513473317,0.0010711789727767,0.5
12,36,0.7,8.0,4,0.086730880734004,0.0245417559044789,0.2945010708537476,0.0171792291331352,-0.0003284383981412,1.4975159988646192e-05,0.0214492063304731,0.0010324803230721,0.5
12,36,0.7,8.0,5,0.0829646835905118,0.0240029922310786,0.2880359067729435,0.016802094561755,-0.0003649043526377,-0.0005583271934111,0.0209340819516079,0.0007403618727007,0.5
12,36,0.7,8.0,6,0.0880185437134755,0.0247232661050099,0.2966791932601199,0.0173062862735069,0.0001246276493976,-0.0003786500152335,0.0221160461519277,0.0012477066224275,0.5
12,40,0.7,8.0,1,0.0961316701738434,0.0258375897264801,0.3100510767177618,0.0180863128085361,-0.0004284260552413,0.0001584177418057,0.0246552997776574,0.0011432819257288,0.5555555555555556
12,40,0.7,8.0,2,0.0952741999180365,0.0257220992207031,0.308665190648438,0.0180054694544922,-0.0001862607741316,-0.0003887253516263,0.0227941574032618,0.0008868885376232,0.5555555555555556
12,40,0.7,8.0,3,0.0989391730340133,0.0262121649337474,0.3145459792049699,0.0183485154536232,0.0004731678675435,-8.530791420352204e-05,0.0242842077654978,0.0008669885889794,0.5555555555555556
12,40,0.7,8.0,4,0.1008216511116622,0.0264603543994047,0.3175242527928572,0.0185222480795833,-4.7009995687303064e-05,1.844644614897029e-05,0.0253284333453664,0.0011303018010949,0.5555555555555556
12,40,0.7,8.0,5,0.0952482305087453,0.0257185933752143,0.3086231205025724,0.01800301536265,0.0004376864158125,-0.0006970196108968,0.0248523406339193,0.0010224904321551,0.5555555555555556
12,40,0.7,8.0,6,0.0961163743863611,0.0258355340979726,0.3100264091756719,0.0180848738685808,-0.0001821037738201,0.0002039770827236,0.0244500524652409,0.0009535487909586,0.5555555555555556
12,48,0.7,8.0,1,0.1141478105122428,0.0281548064912057,0.3378576778944692,0.019708364543844,0.0002186807035232,0.0009781930893935,0.0307593917144449,0.0019193732539393,0.6666666666666666
12,48,0.7,8.0,2,0.114031295272065,0.028140433453394,0.337685201440728,0.0196983034173757,0.0001905177700051,-0.0006698862197793,0.0313799392315703,0.0021461805105817,0.6666666666666666
12,48,0.7,8.0,3,0.107263533741214,0.0272925933355673,0.3275111200268077,0.0191048153348971,0.0004125405948883,-0.0005364697167634,0.0271281966253453,0.0017647645072048,0.6666666666666666
12,48,0.7,8.0,4,0.1147331122211026,0.0282268971684394,0.3387227660212739,0.0197588280179076,-0.0003490545949441,0.0003048057354097,0.0295365325781595,0.0017588976617704,0.6666666666666666
12,48,0.7,8.0,5,0.1151251844048179,0.0282750852740655,0.3393010232887869,0.0197925596918459,0.0002618080619728,-0.0008874112530417,0.0292771519040503,0.0017492559647562,0.6666666666666666
12,48,0.7,8.0,6,0.1121168844857005,0.0279032162231371,0.3348385946776455,0.0195322513561959,0.000335852806044,0.0008975863849107,0.0289695984385843,0.0015596030340628,0.6666666666666666
12,56,0.7,8.0,1,0.1566351844115188,0.0329809693033892,0.3957716316406708,0.0230866785123724,0.0011932732315901,-0.0010050313161138,0.0470662076852978,0.0030009428884446,0.7777777777777778
12,56,0.7,8.0,2,0.1387293207644606,0.0310386543017623,0.372463851621148,0.0217270580112336,0.0006076323554742,-0.0020678045169778,0.0410194754610928,0.0037139696378523,0.7777777777777778
12,56,0.7,8.0,3,0.1427343024082491,0.0314834946184603,0.3778019354215237,0.0220384462329222,0.0004418977585926,0.0022232576851753,0.0452072542798274,0.0039271294100561,0.7777777777777778
12,56,0.7,8.0,4,0.1428583619081856,0.0314971738048945,0.3779660856587342,0.0220480216634261,-0.0002104653335346,6.781029832832032e-05,0.0431125119557069,0.0032790818521022,0.7777777777777778
12,56,0.7,8.0,5,0.1433231927106088,0.0315483747502027,0.3785804970024325,0.0220838623251419,0.0002944690824643,0.0006547478793359,0.0449039540560196,0.0038877971218946,0.7777777777777778
12,56,0.7,8.0,6,0.1297268049987316,0.0300146729162416,0.3601760749948997,0.0210102710413691,-0.0008058404631713,-0.0005786845734988,0.0372686669111827,0.0024143785381949,0.7777777777777778
12,64,0.7,8.0,1,0.1759060767695028,0.0349509653309603,0.419411583971524,0.0244656757316722,0.0005551497740302,-0.0008582287701738,0.0613944398746596,0.0060830111776199,0.8888888888888888
12,64,0.7,8.0,2,0.1682826223367367,0.0341852208093335,0.410222649712003,0.0239296545665335,-0.0008126338615576,-0.0007200861694233,0.0606870914647107,0.0050419399906466,0.8888888888888888
12,64,0.7,8.0,3,0.1909265723105382,0.0364126210863587,0.436951453036305,0.0254888347604511,2.7164446645250827e-06,-0.0014515171909401,0.0725113586171858,0.0085696545726306,0.8888888888888888
12,64,0.7,8.0,4,0.1976946731207146,0.0370523909410635,0.4446286912927625,0.0259366736587444,0.0004105354695018,-0.0012754029287703,0.0741712373274171,0.0092694890652473,0.8888888888888888
12,64,0.7,8.0,5,0.1711365902902795,0.0344738820512355,0.4136865846148259,0.0241317174358648,-0.0004232761700912,-0.0016030358888475,0.0668660418699832,0.0067983006652844,0.8888888888888888
12,64,0.7,8.0,6,0.1966189963013122,0.0369514505335973,0.443417406403168,0.0258660153735181,-0.0009402686805961,0.0026537251329705,0.0670595554319529,0.0089800294084007,0.8888888888888888
12,72,0.7,8.0,1,0.1870944905702887,0.0360453505410476,0.4325442064925719,0.0252317453787333,-0.0023150173450919,-0.0017566996859426,0.0769718087553299,0.0060410463143786,1.0
12,72,0.7,8.0,2,0.2401834402803278,0.0408404279789313,0.4900851357471759,0.0285882995852519,-0.0016958000099745,-0.0006722845943912,0.1056044472542355,0.0085242631640287,1.0
12,72,0.7,8.0,3,0.2667710288609218,0.0430415681558183,0.5164988178698203,0.0301290977090728,-0.0034316141165775,-0.003554439891782,0.1183135052910524,0.0118961686518848,1.0
12,72,0.7,8.0,4,0.2636312876828716,0.042787531257728,0.5134503750927363,0.0299512718804096,-0.0032263389981964,-0.0005131865221368,0.129635332274877,0.0206609678533467,1.0
12,72,0.7,8.0,5,0.2438668779546341,0.0411523995144398,0.4938287941732783,0.0288066796601078,-0.0017665943929336,-0.0021088476037343,0.1070514682351701,0.0138617076135114,1.0
12,72,0.7,8.0,6,0.2015845258438529,0.0374151378533116,0.4489816542397394,0.0261905964973181,-0.0013455348686628,0.0006838765882725,0.080536047223414,0.007990467846691,1.0
