L,nup,delta,U,seed,chi_son_full,chi_son_full_err,chi_son_vertex,chi_son_vertex_err,chi_sext_full,chi_sext_full_err,chi_sext_vertex,chi_sext_vertex_err,chi_d_full,chi_d_full_err,chi_d_vertex,chi_d_vertex_err,chi_dxy_full,chi_dxy_full_err,chi_dxy_vertex,chi_dxy_vertex_err,n
8,16,0.0,0.0,1,54.951450859761074,1.230696119285481e-15,-6.6879835003419424e-15,8.58013222757751e-16,71.95509337165025,0.0,2.3865354137342372e-14,1.079192518088378e-15,270.5333186844612,7.960615888669576e-14,-3.2649438708176614e-14,9.471995403195672e-15,311.97745243464396,6.8152865016382955e-15,2.749445116023708e-13,3.141184593122189e-15,0.5
8,16,0.0,0.0,2,54.951450859761074,1.230696119285481e-15,-6.6879835003419424e-15,8.58013222757751e-16,71.95509337165025,0.0,2.3865354137342372e-14,1.079192518088378e-15,270.5333186844612,7.960615888669576e-14,-3.2649438708176614e-14,9.471995403195672e-15,311.97745243464396,6.8152865016382955e-15,2.749445116023708e-13,3.141184593122189e-15,0.5
8,16,0.0,0.0,3,54.951450859761074,1.230696119285481e-15,-6.6879835003419424e-15,8.58013222757751e-16,71.95509337165025,0.0,2.3865354137342372e-14,1.079192518088378e-15,270.5333186844612,7.960615888669576e-14,-3.2649438708176614e-14,9.471995403195672e-15,311.97745243464396,6.8152865016382955e-15,2.749445116023708e-13,3.141184593122189e-15,0.5
8,16,0.0,0.0,4,54.951450859761074,1.230696119285481e-15,-6.6879835003419424e-15,8.58013222757751e-16,71.95509337165025,0.0,2.3865354137342372e-14,1.079192518088378e-15,270.5333186844612,7.960615888669576e-14,-3.2649438708176614e-14,9.471995403195672e-15,311.97745243464396,6.8152865016382955e-15,2.749445116023708e-13,3.141184593122189e-15,0.5
8,16,0.0,0.0,5,54.951450859761074,1.230696119285481e-15,-6.6879835003419424e-15,8.58013222757751e-16,71.95509337165025,0.0,2.3865354137342372e-14,1.079192518088378e-15,270.5333186844612,7.960615888669576e-14,-3.2649438708176614e-14,9.471995403195672e-15,311.97745243464396,6.8152865016382955e-15,2.749445116023708e-13,3.141184593122189e-15,0.5
8,16,0.0,0.0,6,54.951450859761074,1.230696119285481e-15,-6.6879835003419424e-15,8.58013222757751e-16,71.95509337165025,0.0,2.3865354137342372e-14,1.079192518088378e-15,270.5333186844612,7.960615888669576e-14,-3.2649438708176614e-14,9.471995403195672e-15,311.97745243464396,6.8152865016382955e-15,2.749445116023708e-13,3.141184593122189e-15,0.5
8,18,0.0,0.0,1,48.786454916731635,0.0,1.6133760993852777e-14,7.145528556808854e-16,64.78792929312937,2.409567650518791e-15,1.9326762412674726e-14,2.8650273486915456e-15,256.3678233428759,1.3178604512369963e-14,1.573141616972862e-13,7.554877172100813e-15,268.649120081416,3.5129853713077633e-13,-6.279421427279887e-14,4.1195478307025375e-14,0.5625
8,18,0.0,0.0,2,48.786454916731635,0.0,1.6133760993852777e-14,7.145528556808854e-16,64.78792929312937,2.409567650518791e-15,1.9326762412674726e-14,2.8650273486915456e-15,256.3678233428759,1.3178604512369963e-14,1.573141616972862e-13,7.554877172100813e-15,268.649120081416,3.5129853713077633e-13,-6.279421427279887e-14,4.1195478307025375e-14,0.5625
8,18,0.0,0.0,3,48.786454916731635,0.0,1.6133760993852777e-14,7.145528556808854e-16,64.78792929312937,2.409567650518791e-15,1.9326762412674726e-14,2.8650273486915456e-15,256.3678233428759,1.3178604512369963e-14,1.573141616972862e-13,7.554877172100813e-15,268.649120081416,3.5129853713077633e-13,-6.279421427279887e-14,4.1195478307025375e-14,0.5625
8,18,0.0,0.0,4,48.786454916731635,0.0,1.6133760993852777e-14,7.145528556808854e-16,64.78792929312937,2.409567650518791e-15,1.9326762412674726e-14,2.8650273486915456e-15,256.3678233428759,1.3178604512369963e-14,1.573141616972862e-13,7.554877172100813e-15,268.649120081416,3.5129853713077633e-13,-6.279421427279887e-14,4.1195478307025375e-14,0.5625
8,18,0.0,0.0,5,48.786454916731635,0.0,1.6133760993852777e-14,7.145528556808854e-16,64.78792929312937,2.409567650518791e-15,1.9326762412674726e-14,2.8650273486915456e-15,256.3678233428759,1.3178604512369963e-14,1.573141616972862e-13,7.554877172100813e-15,268.649120081416,3.5129853713077633e-13,-6.279421427279887e-14,4.1195478307025375e-14,0.5625
8,18,0.0,0.0,6,48.786454916731635,0.0,1.6133760993852777e-14,7.145528556808854e-16,64.78792929312937,2.409567650518791e-15,1.9326762412674726e-14,2.8650273486915456e-15,256.3678233428759,1.3178604512369963e-14,1.573141616972862e-13,7.554877172100813e-15,268.649120081416,3.5129853713077633e-13,-6.279421427279887e-14,4.1195478307025375e-14,0.5625
8,21,0.0,0.0,1,39.63959377250963,0.0,-5.324629626102251e-15,3.7495898681715724e-16,46.49420700468536,1.1234667099445444e-15,-1.56052948341312e-14,7.895688849149249e-16,231.02384085062417,6.597342429268486e-14,1.289279794036702e-13,9.15432187768587e-15,180.46899500028417,2.5179292702890133e-13,7.158718062783011e-15,1.0986803311137744e-14,0.65625
8,21,0.0,0.0,2,39.63959377250963,0.0,-5.324629626102251e-15,3.7495898681715724e-16,46.49420700468536,1.1234667099445444e-15,-1.56052948341312e-14,7.895688849149249e-16,231.02384085062417,6.597342429268486e-14,1.289279794036702e-13,9.15432187768587e-15,180.46899500028417,2.5179292702890133e-13,7.158718062783011e-15,1.0986803311137744e-14,0.65625
8,21,0.0,0.0,3,39.63959377250963,0.0,-5.324629626102251e-15,3.7495898681715724e-16,46.49420700468536,1.1234667099445444e-15,-1.56052948341312e-14,7.895688849149249e-16,231.02384085062417,6.597342429268486e-14,1.289279794036702e-13,9.15432187768587e-15,180.46899500028417,2.5179292702890133e-13,7.158718062783011e-15,1.0986803311137744e-14,0.65625
8,21,0.0,0.0,4,39.63959377250963,0.0,-5.324629626102251e-15,3.7495898681715724e-16,46.49420700468536,1.1234667099445444e-15,-1.56052948341312e-14,7.895688849149249e-16,231.02384085062417,6.597342429268486e-14,1.289279794036702e-13,9.15432187768587e-15,180.46899500028417,2.5179292702890133e-13,7.158718062783011e-15,1.0986803311137744e-14,0.65625
8,21,0.0,0.0,5,39.63959377250963,0.0,-5.324629626102251e-15,3.7495898681715724e-16,46.49420700468536,1.1234667099445444e-15,-1.56052948341312e-14,7.895688849149249e-16,231.02384085062417,6.597342429268486e-14,1.289279794036702e-13,9.15432187768587e-15,180.46899500028417,2.5179292702890133e-13,7.158718062783011e-15,1.0986803311137744e-14,0.65625
8,21,0.0,0.0,6,39.63959377250963,0.0,-5.324629626102251e-15,3.7495898681715724e-16,46.49420700468536,1.1234667099445444e-15,-1.56052948341312e-14,7.895688849149249e-16,231.02384085062417,6.597342429268486e-14,1.289279794036702e-13,9.15432187768587e-15,180.46899500028417,2.5179292702890133e-13,7.158718062783011e-15,1.0986803311137744e-14,0.65625
8,25,0.0,0.0,1,27.443778913547124,0.0,-1.8474111129762605e-15,1.530401263591083e-16,22.102577286760383,0.0,1.3613554727953672e-14,2.6066466749615877e-16,219.14824307779645,0.0,-1.0455636356709875e-13,1.3797502277280312e-15,116.84441469124268,2.2469334198890887e-15,-3.844036200462142e-14,1.0332840381823025e-15,0.78125
8,25,0.0,0.0,2,27.443778913547124,0.0,-1.8474111129762605e-15,1.530401263591083e-16,22.102577286760383,0.0,1.3613554727953672e-14,2.6066466749615877e-16,219.14824307779645,0.0,-1.0455636356709875e-13,1.3797502277280312e-15,116.84441469124268,2.2469334198890887e-15,-3.844036200462142e-14,1.0332840381823025e-15,0.78125
8,25,0.0,0.0,3,27.443778913547124,0.0,-1.8474111129762605e-15,1.530401263591083e-16,22.102577286760383,0.0,1.3613554727953672e-14,2.6066466749615877e-16,219.14824307779645,0.0,-1.0455636356709875e-13,1.3797502277280312e-15,116.84441469124268,2.2469334198890887e-15,-3.844036200462142e-14,1.0332840381823025e-15,0.78125
8,25,0.0,0.0,4,27.443778913547124,0.0,-1.8474111129762605e-15,1.530401263591083e-16,22.102577286760383,0.0,1.3613554727953672e-14,2.6066466749615877e-16,219.14824307779645,0.0,-1.0455636356709875e-13,1.3797502277280312e-15,116.84441469124268,2.2469334198890887e-15,-3.844036200462142e-14,1.0332840381823025e-15,0.78125
8,25,0.0,0.0,5,27.443778913547124,0.0,-1.8474111129762605e-15,1.530401263591083e-16,22.102577286760383,0.0,1.3613554727953672e-14,2.6066466749615877e-16,219.14824307779645,0.0,-1.0455636356709875e-13,1.3797502277280312e-15,116.84441469124268,2.2469334198890887e-15,-3.844036200462142e-14,1.0332840381823025e-15,0.78125
8,25,0.0,0.0,6,27.443778913547124,0.0,-1.8474111129762605e-15,1.530401263591083e-16,22.102577286760383,0.0,1.3613554727953672e-14,2.6066466749615877e-16,219.14824307779645,0.0,-1.0455636356709875e-13,1.3797502277280312e-15,116.84441469124268,2.2469334198890887e-15,-3.844036200462142e-14,1.0332840381823025e-15,0.78125
8,28,0.0,0.0,1,21.24367733275559,0.0,-1.829203455372408e-14,1.1110886611176929e-16,22.102577286760383,0.0,2.06362704702201e-14,2.625538818400142e-16,119.94661778513262,1.004859173557616e-15,5.1789683652714304e-14,9.73071308992572e-16,106.09654833552858,2.5618982671915017e-15,-1.3855583347321952e-14,1.28070277353316e-15,0.875
8,28,0.0,0.0,2,21.24367733275559,0.0,-1.829203455372408e-14,1.1110886611176929e-16,22.102577286760383,0.0,2.06362704702201e-14,2.625538818400142e-16,119.94661778513262,1.004859173557616e-15,5.1789683652714304e-14,9.73071308992572e-16,106.09654833552858,2.5618982671915017e-15,-1.3855583347321952e-14,1.28070277353316e-15,0.875
8,28,0.0,0.0,3,21.24367733275559,0.0,-1.829203455372408e-14,1.1110886611176929e-16,22.102577286760383,0.0,2.06362704702201e-14,2.625538818400142e-16,119.94661778513262,1.004859173557616e-15,5.1789683652714304e-14,9.73071308992572e-16,106.09654833552858,2.5618982671915017e-15,-1.3855583347321952e-14,1.28070277353316e-15,0.875
8,28,0.0,0.0,4,21.24367733275559,0.0,-1.829203455372408e-14,1.1110886611176929e-16,22.102577286760383,0.0,2.06362704702201e-14,2.625538818400142e-16,119.94661778513262,1.004859173557616e-15,5.1789683652714304e-14,9.73071308992572e-16,106.09654833552858,2.5618982671915017e-15,-1.3855583347321952e-14,1.28070277353316e-15,0.875
8,28,0.0,0.0,5,21.24367733275559,0.0,-1.829203455372408e-14,1.1110886611176929e-16,22.102577286760383,0.0,2.06362704702201e-14,2.625538818400142e-16,119.94661778513262,1.004859173557616e-15,5.1789683652714304e-14,9.73071308992572e-16,106.09654833552858,2.5618982671915017e-15,-1.3855583347321952e-14,1.28070277353316e-15,0.875
8,28,0.0,0.0,6,21.24367733275559,0.0,-1.829203455372408e-14,1.1110886611176929e-16,22.102577286760383,0.0,2.06362704702201e-14,2.625538818400142e-16,119.94661778513262,1.004859173557616e-15,5.1789683652714304e-14,9.73071308992572e-16,106.09654833552858,2.5618982671915017e-15,-1.3855583347321952e-14,1.28070277353316e-15,0.875
8,32,0.0,0.0,1,15.869744154898598,2.7012892057857037e-16,3.514966095963246e-15,1.6624862294477279e-16,22.102577286760383,0.0,1.2271295091181855e-14,4.1943555117475567e-16,68.71734058039435,4.8714946765797396e-14,3.9079850466805505e-15,4.402319749303511e-15,80.60701768712174,7.906923266941436e-14,1.3944401189291965e-15,6.511763991910413e-15,1.0
8,32,0.0,0.0,2,15.869744154898598,2.7012892057857037e-16,3.514966095963246e-15,1.6624862294477279e-16,22.102577286760383,0.0,1.2271295091181855e-14,4.1943555117475567e-16,68.71734058039435,4.8714946765797396e-14,3.9079850466805505e-15,4.402319749303511e-15,80.60701768712174,7.906923266941436e-14,1.3944401189291965e-15,6.511763991910413e-15,1.0
8,32,0.0,0.0,3,15.869744154898598,2.7012892057857037e-16,3.514966095963246e-15,1.6624862294477279e-16,22.102577286760383,0.0,1.2271295091181855e-14,4.1943555117475567e-16,68.71734058039435,4.8714946765797396e-14,3.9079850466805505e-15,4.402319749303511e-15,80.60701768712174,7.906923266941436e-14,1.3944401189291965e-15,6.511763991910413e-15,1.0
8,32,0.0,0.0,4,15.869744154898598,2.7012892057857037e-16,3.514966095963246e-15,1.6624862294477279e-16,22.102577286760383,0.0,1.2271295091181855e-14,4.1943555117475567e-16,68.71734058039435,4.8714946765797396e-14,3.9079850466805505e-15,4.402319749303511e-15,80.60701768712174,7.906923266941436e-14,1.3944401189291965e-15,6.511763991910413e-15,1.0
8,32,0.0,0.0,5,15.869744154898598,2.7012892057857037e-16,3.514966095963246e-15,1.6624862294477279e-16,22.102577286760383,0.0,1.2271295091181855e-14,4.1943555117475567e-16,68.71734058039435,4.8714946765797396e-14,3.9079850466805505e-15,4.402319749303511e-15,80.60701768712174,7.906923266941436e-14,1.3944401189291965e-15,6.511763991910413e-15,1.0
8,32,0.0,0.0,6,15.869744154898598,2.7012892057857037e-16,3.514966095963246e-15,1.6624862294477279e-16,22.102577286760383,0.0,1.2271295091181855e-14,4.1943555117475567e-16,68.71734058039435,4.8714946765797396e-14,3.9079850466805505e-15,4.402319749303511e-15,80.60701768712174,7.906923266941436e-14,1.3944401189291965e-15,6.511763991910413e-15,1.0
8,16,0.0,2.0,1,17.215195711845475,0.0262550732572264,-17.319578152346566,0.049428905511977,37.533814133322906,0.1033105429596125,-9.73655519427396,0.0906961797589887,173.7333194725179,0.5181350449074215,-0.2115178075870117,0.4636081333827872,194.6913033728314,0.4405397477869653,0.4927530268500532,0.2847632101142382,0.5
8,16,0.0,2.0,2,17.21949973116772,0.0309809231894236,-17.226417603683004,0.051730126944,37.42025046638431,0.0793731760675241,-9.75631214826051,0.0686020915085025,174.6181175628658,0.5590019116524956,1.4299308115503726,0.5942529246451551,194.32014548548412,0.4970360326133873,0.6730179380933151,0.2531731114194139,0.5
8,16,0.0,2.0,3,17.267535618467882,0.0251663164823514,-17.220902363458443,0.0392032367569534,37.519692843345894,0.0808070927875195,-9.717148230585744,0.0700362730956945,173.51721684756234,0.589066119929608,0.3891352025505929,0.5684137146642164,194.3345782908019,0.3956480858662932,0.4728096682839395,0.2175697939597478,0.5
8,16,0.0,2.0,4,17.221332437946437,0.0244665528066639,-17.26360321755259,0.0673160282779595,37.41442941509672,0.0756779031470185,-9.796037403095838,0.099454279773573,173.10268515838231,0.5397652516902136,-0.4484279054186891,0.5229804978056929,194.2171585718631,0.5449970133611519,0.2885843979962329,0.2416614873141055,0.5
8,16,0.0,2.0,5,17.25786188084893,0.029010134595088,-17.19233797954279,0.0448932739316166,37.56074606697187,0.1492911217793613,-9.566372654592753,0.1358412748071138,173.30575132585628,0.7968680507767318,0.2384845776190663,0.6766152748059703,193.85237722632343,0.3620682725623859,0.167757432494076,0.271501795470652,0.5
8,16,0.0,2.0,6,17.20260229227629,0.0286345580162855,-17.309481526687616,0.0404536694396504,37.3996466757751,0.0992036171584986,-9.768434803905754,0.0742327150288567,175.0120131687158,0.6153280794420423,1.3407134938813503,0.5311005386920176,194.0630192265916,0.4206111160450241,0.2188522729093021,0.3337120601786582,0.5
8,18,0.0,2.0,1,13.889650265236847,0.0358747748566404,-14.53244377947632,0.0500012231671421,31.143351421403555,0.1351532552825186,-8.667846979386198,0.0941112460089306,153.3918022482797,0.6141830350743677,1.142640655401379,0.5513992236134941,155.0235351798346,0.5699917745592868,-0.0165639339078548,0.4290875850905805,0.5625
8,18,0.0,2.0,2,13.94295612342305,0.034556724111756,-14.537628215764247,0.0471007434978427,31.282353274571268,0.1333676431220438,-8.695377048438058,0.1150266789042349,152.9512595254974,0.5395885692570882,0.6327454023804322,0.5201198152058144,156.03422523784192,0.4380984233421007,0.0208133051189583,0.3893707840635363,0.5625
8,18,0.0,2.0,3,13.940796327778749,0.0334148434988319,-14.444324134137268,0.0411860738223255,31.116054216292167,0.152658672191369,-8.761625503343444,0.1602016787138112,152.36234000593444,0.7085268140194089,0.4276888087068869,0.639251627235165,156.58366101241367,0.9473059827706136,1.2112371258967962,0.9206162788935724,0.5625
8,18,0.0,2.0,4,13.900625447152764,0.0295800621943058,-14.50387250239802,0.0403381395067573,31.19859135664092,0.1149931901156838,-8.603227320891765,0.0992532421249264,151.86515708974525,0.5875825100635389,-0.0736145610008918,0.5203037387630675,155.32922359758527,0.4464187412793935,-0.2025890138339326,0.3330481821079963,0.5625
8,18,0.0,2.0,5,13.863499183310791,0.036939506213357,-14.596986242998856,0.0407681591259338,31.011104804745024,0.1162943506547424,-8.877075964694882,0.0974635015780837,152.18628798970465,0.6165142621814037,0.035713900429874,0.5708345899152407,156.91660889043166,0.6929972706028035,0.9284784683387948,0.5674338992284502,0.5625
8,18,0.0,2.0,6,13.879711436708517,0.0503231771190469,-14.562485739078404,0.0579203497979507,30.93971902570404,0.1441838418406537,-8.918852782959803,0.1045457456836695,153.99746909486936,0.5531769077500561,2.0852939054023834,0.5344216135054558,156.06517628619926,0.4279363956738274,0.5573667339345609,0.3556748053407023,0.5625
8,21,0.0,2.0,1,10.404815797639808,0.033604556716958,-10.950489720599114,0.0348166952468618,22.67217405260825,0.1028367894540169,-5.511471621379158,0.1001409586116163,125.2911082043942,0.670134139379913,1.2896348229497765,0.5921531899377043,100.1851151864252,0.397869918907786,0.4822690497212492,0.3712049557817669,0.65625
8,21,0.0,2.0,2,10.409489948931723,0.0268269320624217,-10.968491446969008,0.0507637535402978,22.526710079094755,0.123580989742903,-5.630524037150124,0.1540253696536087,124.92759838575856,0.4584635758529164,0.3520137360612781,0.4040323323443517,100.79622915243137,0.4060832193542901,0.4747216739281018,0.3669233175271219,0.65625
8,21,0.0,2.0,3,10.367972747430468,0.0289940133344909,-10.90766546515685,0.034400023395322,22.67520417369134,0.0939732008181607,-5.406773783800679,0.0836800774824525,126.24243332139991,0.4384537715083526,1.9997965808173503,0.438261506559874,100.20143503978936,0.57401757892011,0.848185350506208,0.5435572238903255,0.65625
8,21,0.0,2.0,4,10.438633137543317,0.0328442649873778,-10.908055341757038,0.0323713799829356,22.906772358395433,0.1105049005371149,-5.222042846347328,0.0849133867511368,124.59361340137134,0.4670574534041115,0.4229881094093246,0.4065398692264365,100.94586785667396,0.4323103793878493,0.9481618659733544,0.3826827887217859,0.65625
8,21,0.0,2.0,5,10.401293987789613,0.0289724410062339,-10.921662061409553,0.0385546713332649,22.54563198675065,0.1298762072097078,-5.583272908638881,0.1463697233866292,126.41800882876971,0.5191483181932581,2.311299262858978,0.4440733835600671,102.11181705253576,0.5886277884283847,1.640788366804938,0.5288166043722048,0.65625
8,21,0.0,2.0,6,10.326134146036706,0.041353074555197,-10.904321390479526,0.0556460378700543,22.532116552739332,0.1102447953575467,-5.399696745969683,0.100598596324589,126.7818593139483,0.5273500099507259,2.0075357232882896,0.4161928535503919,100.92441697890015,0.5493866435175153,1.661513669055617,0.4171916302374157,0.65625
8,25,0.0,2.0,1,7.69026513277837,0.0076980306466572,-6.750968377420342,0.0127539900851249,18.33828846900035,0.007928322760001,1.4347040720657542,0.0073837081819312,107.08495140369914,0.3409180009028293,2.3939200871860544,0.2853465806510097,64.75456431377657,0.0831261030869371,-0.2225436271414712,0.0563166780147129,0.78125
8,25,0.0,2.0,2,7.698305081281768,0.0074397418020888,-6.765183865982576,0.0148602521258897,18.351040332802057,0.0085404587704934,1.4295732100822631,0.0076143255179724,108.97429637534636,0.367042326837903,3.921067086894298,0.2336741392227912,64.78823721616693,0.0639863364389293,-0.2180467746080876,0.0470839682810713,0.78125
8,25,0.0,2.0,3,7.699493180544596,0.0096617073228878,-6.729847865206084,0.015615001925467,18.33823476944574,0.0082875618028757,1.431572426608157,0.0066106550570335,107.54857242508928,0.3901597896099327,3.0984932407066523,0.2844685585222867,64.6267362625964,0.0892419780299616,-0.276299651306145,0.0552639628963215,0.78125
8,25,0.0,2.0,4,7.711712420189602,0.0067957087210259,-6.776268190401005,0.0135249129694799,18.340071859773666,0.0079867311077027,1.42859827836463,0.0065041917823193,108.266171999466,0.3391488744540537,3.1829476940441195,0.2478701087249883,64.81171852984258,0.0666982331658809,-0.2650756800887299,0.0492985191606096,0.78125
8,25,0.0,2.0,5,7.703831487461114,0.0077252224093457,-6.749159525251407,0.0138243360709243,18.334299897904167,0.0095950544075381,1.4275703338136936,0.0076981880941077,107.6120371675103,0.2865670462654481,2.7830277901692786,0.2008672728280245,64.80549290169009,0.0630382002322912,-0.1306882872313704,0.0539822035866028,0.78125
8,25,0.0,2.0,6,7.696906047178158,0.0074856327738465,-6.767364891611885,0.0142925828202787,18.35539483104908,0.0088121131480436,1.451934783611667,0.0078936979871671,109.4351780373434,0.3244474732384939,4.476153654863816,0.2439925330521783,64.75511079463456,0.0723300452466713,-0.2799998936734494,0.0513610347829644,0.78125
8,28,0.0,2.0,1,5.987329325944887,0.0066463516396199,-4.872230628049726,0.0105702262135644,17.658407780045625,0.0080440147068243,1.3792903425968883,0.005571878927774,58.372071172970074,0.1388443069000579,1.7150201548351889,0.1095713312423627,55.021337282327025,0.088547029634161,-0.420946175262189,0.0529445783650663,0.875
8,28,0.0,2.0,2,5.978285880808372,0.0083917960756255,-4.859630488512773,0.0104298498264706,17.659810387620137,0.0086959148956476,1.372702727760599,0.0064591601925921,57.96660512085221,0.1208641335969056,1.3882309942435196,0.0887405900878141,54.73688757389611,0.0789382054378596,-0.5221658076200161,0.0512988391551561,0.875
8,28,0.0,2.0,3,5.997811436005767,0.0055421376622178,-4.853916753876865,0.0114465861718337,17.672218597442463,0.0091426277739148,1.3816795740148415,0.0081552345443583,58.10047047762752,0.1464848535854109,1.504958047913983,0.1223378113086155,54.889794655469984,0.0978124909489832,-0.4764832810816934,0.0560679289775314,0.875
8,28,0.0,2.0,4,5.995047749943434,0.0073311273820815,-4.875313316237777,0.0129100394980997,17.670369443942423,0.009886956838499,1.38368630951825,0.0063419757945705,58.00665758891508,0.1586750447327404,1.333403274984983,0.1091894425499304,54.994201806845,0.0833041542438929,-0.4105886047069876,0.0521738575351241,0.875
8,28,0.0,2.0,5,5.97808806267972,0.0077017452185189,-4.890226747874451,0.0100370541033253,17.6740555329939,0.0100688547436696,1.3818520614076717,0.0069829753779349,58.143714092528946,0.1234862635834982,1.4650531102399804,0.0952132182319257,55.06839004780053,0.0726745515811755,-0.368027618835627,0.0453984523092676,0.875
8,28,0.0,2.0,6,5.973767845523653,0.005784553150677,-4.865121200014341,0.0110561827126595,17.657871266420706,0.008835244704045,1.3809537063996942,0.0047213830783763,58.32326852832447,0.1138916426104851,1.75465187320741,0.0939617891895794,54.89540641893906,0.0881169921966258,-0.4408619527679791,0.0533015106478113,0.875
8,32,0.0,2.0,1,4.037192988461973,0.0152865511174401,-3.5680796650331077,0.0161940570137083,16.988967370285348,0.0102284520500617,1.4225455990083475,0.008313729508342,31.72813497591108,0.274428599823639,1.591696991770009,0.2091434949155372,40.67832665453237,0.1664464168652019,0.4636327202357396,0.1364924479637994,1.0
8,32,0.0,2.0,2,4.042216596101897,0.0096264493218659,-3.5532447132010425,0.0119210497136145,16.98125812871649,0.0094855573380032,1.4225106840510218,0.0055591941406025,31.000393126945873,0.1478988271525927,0.914034268876538,0.1271404191634865,40.42557133124135,0.0833304334709035,0.3762275495904977,0.0636767887722422,1.0
8,32,0.0,2.0,3,4.044385340547096,0.0105688137011036,-3.526430142930707,0.0107870732170074,16.96652125556728,0.0101164227968702,1.4202444086839014,0.0066254230902358,31.046469658783696,0.2226964825657568,1.1127458906964331,0.2183549014186278,40.54633485035093,0.0817376344074706,0.4254941866086177,0.0655354173500946,1.0
8,32,0.0,2.0,4,4.036979234379025,0.0100541905445534,-3.5522238376213537,0.0081934178430818,16.976768048948852,0.0095416335173034,1.4218149327605565,0.005644932789354,30.77010130490039,0.1675135659269525,1.0572283582526674,0.1491312428666908,40.6007265500982,0.090495959420401,0.4670670340031291,0.0690848961942477,1.0
8,32,0.0,2.0,5,4.048577917617882,0.0087206861154213,-3.540203776592276,0.0107780206569373,16.97005186233077,0.0099500746501616,1.4134544279230887,0.0063863295954784,31.668075864824345,0.1841241261654658,1.3444581266925746,0.1767088593749437,40.554544165823536,0.0966637138508417,0.3208719951807623,0.0662097778473016,1.0
8,32,0.0,2.0,6,4.048894380539391,0.0093155577658925,-3.5476265371241418,0.011301213768135,16.96303073690346,0.0084972384971086,1.4260608459550317,0.0053670536998276,31.46359983321696,0.207383042865842,1.3115337132760785,0.19065952479652,40.40424489922667,0.081861276551888,0.2959666695064609,0.0790126923694429,1.0
8,16,0.0,4.0,1,8.624764984959011,0.0258997222598612,-14.883850243507336,0.0612461040058008,25.94674750260424,0.4151019393326109,-8.136784221825119,0.3924298521416342,121.90352167692669,1.1015899450062272,2.0491193940943937,1.0548240843868306,130.20575530080038,0.6357390469067029,-0.7524684782700768,0.6359762170598623,0.5
8,16,0.0,4.0,2,8.588039525457162,0.0162306457284771,-14.83467200394677,0.0676108285379602,25.81450558522508,0.1532257576620028,-8.172502383703819,0.1583653652470039,119.1532003986295,0.8877304660295923,-0.5209439959958081,0.710860277850683,131.79425485427012,0.9743385815961068,1.3356668269385854,0.7126498436477269,0.5
8,16,0.0,4.0,3,8.637062383224261,0.020571252047577,-14.722642865934642,0.0669741545566663,25.544535963597184,0.1766248574078497,-8.19844815073849,0.1686782298054688,119.35482395840263,0.9275198978382692,-0.7689895698877246,0.8243047959129498,129.40749704938557,0.5593244410351201,-0.2792679882730044,0.4646054835080899,0.5
8,16,0.0,4.0,4,8.603137569449917,0.0156959365673056,-14.987345300959484,0.0704061588507096,25.78789385597704,0.188807658030315,-8.296744089314576,0.1929397495280277,119.87772790556446,0.8362855990134901,-1.0380424031762754,0.7904713710111786,130.3407601048261,0.7772856070137923,-0.7022151676263342,0.6406439108138848,0.5
8,16,0.0,4.0,5,8.598010071629483,0.0152164887403538,-14.869245623083208,0.0725675537942115,25.6712889379588,0.228571891436895,-8.290293238946962,0.1884671928275402,119.47247118256207,1.2435596483088764,-0.2665955527009861,1.2416586173406996,130.61779808438197,0.7083238163075284,0.1676498368912585,0.4650578518515182,0.5
8,16,0.0,4.0,6,8.608516368182958,0.016025158680309,-14.791115478472896,0.0601239652506286,25.83712846903598,0.2304305559455476,-7.95182357682597,0.2131664089836521,119.7477323328123,0.7659308655236893,-0.1291095631816231,0.7272751480799408,129.9531610898029,0.4514023344975612,0.0270663087060736,0.3575617708913307,0.5
8,18,0.0,4.0,1,6.893809923968831,0.0139864768294232,-11.113040928337458,0.0375607120650421,21.425324870333924,0.1601423406970515,-5.972994040841373,0.1562531610938438,96.64115575922594,0.7463862673923688,0.0783898084905934,0.6538119668342578,97.21520064501348,0.6051880530454226,-0.7684287053731662,0.5532679837275608,0.5625
8,18,0.0,4.0,2,6.91861024223728,0.0140170156440007,-11.090672586060656,0.049119532412647,21.34086942651199,0.1731161216935468,-6.153590259712313,0.1674540212180512,96.06196787218502,0.6851922042326373,0.1576116436076166,0.6228140239059385,97.90720743243725,0.4852389275694445,-0.1803133266143113,0.4133633282388948,0.5625
8,18,0.0,4.0,3,6.933448542427959,0.0165684480113433,-11.062793393754058,0.0602193926426443,21.255630066200656,0.2500003085012635,-6.147463422872135,0.2520991830840277,95.69535129683376,0.5932252000183674,-0.4133816946873422,0.6382042652528862,97.5067001986077,0.5597634759108405,-0.3526825605174627,0.4644440068654474,0.5625
8,18,0.0,4.0,4,6.931669204293806,0.0153960565880961,-11.071171838041858,0.0494980972283611,21.2906785442456,0.1324666879275663,-6.095216338868155,0.1332291745967894,96.4952213827771,0.732560247862429,0.2278600377163982,0.6175195467723157,97.7674974846653,0.5483012832841396,-0.3890654073160067,0.4544700495139903,0.5625
8,18,0.0,4.0,5,6.894378913948228,0.0152967933077911,-11.14187204677516,0.0462854661538008,21.19513330196216,0.1766375974074241,-6.276940912712336,0.1653418005726727,93.97072104509228,0.6717544417893045,-2.3213692353124897,0.7134952492128307,98.30339498461532,0.5391112928366631,0.0092677716789611,0.4791426441098642,0.5625
8,18,0.0,4.0,6,6.873099905898033,0.0151982224470666,-11.137716994622073,0.0598119544444636,21.354511060882185,0.1522478079749497,-6.039578456365605,0.1657896529452984,96.5473545350093,0.7612590488075384,0.3073870018723771,0.630748317141258,96.50179875788687,0.7343855474445543,-1.0882639285286908,0.7099187642680642,0.5625
8,21,0.0,4.0,1,4.98721437332455,0.0129084706352536,-7.2903395997517295,0.0366514463085538,16.746185812085876,0.0867786881399745,-2.54527180915442,0.1000199180603599,70.71795917829982,0.5245552439310942,1.4915198127183826,0.4859872760370999,60.015927157455565,0.4453846816663738,-0.0960980930726177,0.3905790525206432,0.65625
8,21,0.0,4.0,2,4.981570486888023,0.0144431566858155,-7.342876631167718,0.0344198824771124,16.72051312350238,0.1155534267954788,-2.6772263779727568,0.1112341171630464,68.96633513835518,0.5967737467328516,-0.3038024514078367,0.6147530598645852,61.282985584139965,0.5083820980897494,0.6432019994840266,0.4427151457140769,0.65625
8,21,0.0,4.0,3,4.991877787104009,0.0184024954630654,-7.262333618621449,0.0410091645076469,16.91499074682345,0.135979682432598,-2.463497737436364,0.1477981112460827,67.79907076611678,0.9978542753256656,-0.9943342293201782,0.7208958421307111,60.86240653561531,0.6152962146530798,0.2322766390295311,0.5658934291381486,0.65625
8,21,0.0,4.0,4,5.009834538030104,0.0140664007885691,-7.361502487990686,0.0330127711642868,16.950560966385286,0.1074412691722976,-2.5157596039128416,0.1010031018186,69.48065389384098,0.534834341069907,-0.1135134155473852,0.5102845368378086,60.69366897294884,0.4328482864126237,0.1551018791027874,0.3874374004562668,0.65625
8,21,0.0,4.0,5,5.0063216863865865,0.0147520738236361,-7.319282106130828,0.034876025379348,16.925589103157286,0.1058229741963884,-2.517599092401575,0.1046214654166892,69.25410682474677,0.5120632304745845,-0.3363044709036203,0.5059687168747723,60.2164769177536,0.4018834246247289,-0.0146986845427186,0.4042723228438958,0.65625
8,21,0.0,4.0,6,4.9740088294464915,0.0112338553995101,-7.324697804209768,0.0351001398638023,16.903534282899255,0.0923011082946362,-2.4460968056893746,0.0904268465310473,69.56613099031675,0.6735733608521051,-0.0379017942331867,0.6118326907173451,60.71945824405443,0.3399593513217423,0.3357209116067612,0.3167599273168252,0.65625
8,25,0.0,4.0,1,3.396253650287824,0.0076188449698937,-4.514829999974576,0.0157584572828246,15.390451264791732,0.0291139457019212,1.851120590316473,0.0331334946938741,51.81394748193585,0.4728248022071061,2.7432449202078715,0.371333091103054,37.39113063304739,0.1610037396867963,-0.7912308765399001,0.1469649512227854,0.78125
8,25,0.0,4.0,2,3.3847498481991116,0.0129949883975243,-4.472873168631345,0.0285795584026559,15.392924162920064,0.0289891937019474,1.853064434464865,0.0265838174266122,53.25341517900249,1.0265732886514958,4.0223916320928215,0.8646159599110875,37.5490683250682,0.1670413402365099,-0.4386728827666767,0.1515847156176077,0.78125
8,25,0.0,4.0,3,3.3905968554592945,0.010129201604274,-4.490240026319982,0.022393167915831,15.37937687112436,0.0302220390005264,1.8623957344462096,0.0276375959129814,53.833382681532456,1.1216389309176744,4.705304540306211,1.0032191755092117,37.444853519907504,0.2267752061647548,-0.5356026125285698,0.1834966401903254,0.78125
8,25,0.0,4.0,4,3.3890607177912493,0.0090888693077675,-4.4800758462898,0.0208239385755228,15.41203124555559,0.0298608512870128,1.860821047633142,0.0289971574319215,52.27055814010164,0.4126444874375198,3.126085575293134,0.3401347037185697,37.78649554888683,0.3429299624866777,-0.2798566484136682,0.3058454976493942,0.78125
8,25,0.0,4.0,5,3.3915345196733937,0.0069871867972969,-4.537134111056846,0.0206231454462364,15.38908035219722,0.0286209466527605,1.8385646500356387,0.0322622423112924,51.75288597283018,0.3813499258951673,2.348025783502316,0.3234399998894728,37.50904702513209,0.240816866365175,-0.5568943126888775,0.2032964720230975,0.78125
8,25,0.0,4.0,6,3.3838253702778927,0.0056671396900119,-4.528057538620297,0.0214865594283255,15.394303653830246,0.0326307634291903,1.882819633629407,0.027722365910713,52.426540545806304,0.4117068205157757,3.031185523803726,0.3323836787530639,37.62443081269129,0.2607339510910912,-0.4977830442801814,0.2291829311494652,0.78125
8,28,0.0,4.0,1,2.4885483499835273,0.0056426332350644,-3.110689447343209,0.0234488399406982,14.572826985369383,0.0224631506939017,2.1576711556180506,0.0203470588415189,28.326071365145587,0.302445933180881,2.3204264814951547,0.2913275098918584,28.607937864142023,0.2242704727783074,-0.8370654823263536,0.1892068127152522,0.875
8,28,0.0,4.0,2,2.483181256825651,0.0058841520728322,-3.0913768660814687,0.0141849345860433,14.524755098815794,0.0243268203845008,2.1310717725359014,0.0247906113611814,27.64172845607128,0.2095893340659953,1.727129961985591,0.1983144386231221,28.701365828456765,0.1460132271798686,-0.7451459640272511,0.1220987815858724,0.875
8,28,0.0,4.0,3,2.4922475422110053,0.0065386734841706,-3.1514596188266353,0.0150208701277062,14.564127659528635,0.0274872977363335,2.170146017262799,0.0179292836494115,28.72936775882551,0.3235805670515147,2.223062896878337,0.3201656111523537,28.71017178126835,0.1817863735872474,-0.7913779468698461,0.1403608865036982,0.875
8,28,0.0,4.0,4,2.4868867273317443,0.0072310340925536,-3.102670788430016,0.0192965280163312,14.491989647930833,0.0295846046201537,2.0896107185553534,0.0212312272184329,28.749816188978222,0.4208024028719191,2.399846820558286,0.3222370825876904,28.877402196219656,0.1716508285136378,-0.6263733812434105,0.1400785127775449,0.875
8,28,0.0,4.0,5,2.500920293761176,0.0065050555634156,-3.125348626285279,0.0126429766193694,14.567425566855167,0.0215871343315636,2.157972830021067,0.0172424546376149,28.64735817856362,0.2880044822964737,2.3918177202668796,0.2360852077306396,28.330772863844647,0.1884829137884272,-1.1534425918560245,0.149093443852156,0.875
8,28,0.0,4.0,6,2.4904272545284907,0.0072463982454494,-3.113088969464475,0.014386263950108,14.543296662115347,0.024759633673504,2.140140476270741,0.020159101550696,27.9355207442954,0.3394163256758215,1.8422927798136683,0.3099429135817407,28.5013298211648,0.1926426732642302,-0.9013181607022284,0.142076730080327,0.875
8,32,0.0,4.0,1,1.6280795275846696,0.0076158691171607,-1.9915565125010957,0.013728913486668,13.493751891901656,0.029960808674672,2.3106903895971813,0.0227118867259816,15.024218555006517,0.1702344410556725,2.1594260944349295,0.1624594373914399,18.908929350652265,0.1404576945468356,-0.6819765431843161,0.103376168084964,1.0
8,32,0.0,4.0,2,1.6243101331761145,0.0083593073977306,-2.0222965631520196,0.0145966093095826,13.503928544051714,0.0270297199198888,2.3441114242251304,0.0236168308344366,14.998065448230728,0.3136938069774059,2.0534785201700094,0.2728819343751785,18.68620807621655,0.2584590132862027,-0.8143176750417943,0.1799459756130259,1.0
8,32,0.0,4.0,3,1.6428528775458566,0.0040777575502712,-2.043320303278487,0.0121754865108004,13.541383785469437,0.0230999058497747,2.372929242246884,0.0166115074338697,15.302038652627497,0.1895896201676578,2.1277346994156625,0.1882266118760196,19.200484205815012,0.1847721080360547,-0.5455295397962238,0.1739180057435137,1.0
8,32,0.0,4.0,4,1.6185272353023303,0.008707568852908,-1.9728041574874229,0.019544357654437,13.503454991409376,0.0288900768796826,2.3537981467201448,0.0198504088127249,15.079198747825814,0.1490369872377505,2.0694869844449366,0.1500063739765936,18.90552721936489,0.1420578868059214,-0.6646215471975264,0.0907931852707039,1.0
8,32,0.0,4.0,5,1.6406693718031031,0.004513014064404,-2.057175579436784,0.0102931797868482,13.51082086997704,0.0274868760133457,2.3493745519146465,0.0183676904810447,14.833225252808074,0.1452965357072053,1.7649697838805205,0.1326809823774847,19.20597020404614,0.1188815111791709,-0.581334017203353,0.0944279627126949,1.0
8,32,0.0,4.0,6,1.623227186298034,0.0058924350283859,-1.9764507301547884,0.0136565944568005,13.51859618459199,0.0270959426140088,2.3574740740790743,0.0202167862070247,14.549337251495206,0.2097743277143954,1.8458899776444888,0.1549933683759122,18.849398905518992,0.1646639108306505,-0.6688786939571127,0.1273924154730627,1.0
8,16,0.0,6.0,1,5.4547649689018955,0.020025838196556,-11.74389028358463,0.0867792818824117,21.147149087649463,1.0356862873433323,-5.783675636093721,0.984305060708876,87.7006002451474,2.074320666213482,-0.8824906696398844,1.8954097282871805,94.44716633045792,0.9697741179550174,-1.1971921231166025,0.8822888294135256,0.5
8,16,0.0,6.0,2,5.460592002317439,0.0153505503046477,-11.873800094772498,0.0801879632762428,20.34782077955775,0.3480719102276582,-6.462499944656159,0.3590547208841435,87.59552598954971,1.1083808040726553,-2.0396911668356235,1.1142405507312088,93.97747659775855,1.0540301193380566,-1.503742463349918,0.947106672111584,0.5
8,16,0.0,6.0,3,5.424457364474548,0.0185138074153045,-11.83764554093817,0.0792953545141909,20.551103661454107,0.3633776175435184,-6.352123305105446,0.3400011582454613,84.4903503569282,1.6102473824693004,-4.255990469781383,1.5200700522420587,96.0132590837068,1.1724324199481633,0.35528164829272,1.079890231435913,0.5
8,16,0.0,6.0,4,5.4529540985222775,0.0167154059912309,-11.901353187757588,0.0990229957200467,20.56177981416767,0.3349017431484778,-6.138298554029152,0.3149154660972196,86.27327005657193,0.8923356161170718,-3.624976361441187,0.917587800466705,94.29141516089972,1.2019420185273042,-1.8214733084833497,1.1924851371047536,0.5
8,16,0.0,6.0,5,5.511004691900856,0.0329493470423743,-11.769967794768046,0.0707618560287668,21.44747363706852,1.0455606050900306,-5.447779908126249,0.9939702339853062,84.3895871852476,1.6169760961301531,-4.047192510618438,1.4628937395104582,95.40168825032974,1.0153188712995378,-0.1458548022503297,0.8256797192796009,0.5
8,16,0.0,6.0,6,5.437264242005166,0.0225531099936553,-11.925816398768074,0.0836096045658835,19.89973800316252,0.3858192938473999,-6.990908526870726,0.3618344962318637,87.91546204675886,1.3518635511253392,-2.5764264431887973,1.0625040432453985,94.14466456031536,0.94322950827144,-1.542838624644564,0.7859601084899959,0.5
8,18,0.0,6.0,1,4.382641355621719,0.0175985717213822,-8.241222784905146,0.0641712200508334,16.826779352360894,0.2773881863974599,-4.771383121367658,0.2969244513562934,63.818854603612635,1.2058492065057984,-2.778392635535674,1.0282227353384272,69.4857707540439,0.8772403895903034,0.7545736683495259,0.6910668219578412,0.5625
8,18,0.0,6.0,2,4.367816354924823,0.0178209639769664,-8.332416374284685,0.0673765072391098,16.83989091180356,0.3513103897199126,-4.921397939281961,0.3306164573893498,64.94361846275524,1.189477555051062,-1.2647052127207552,1.009799405564071,68.91698299314753,0.7451665858441152,-0.8439820791774902,0.7063001629785775,0.5625
8,18,0.0,6.0,3,4.391288528535014,0.014274817926624,-8.22737006401683,0.0599913879531056,16.552650337961303,0.2501980644722997,-4.959274418532475,0.2571999148147559,64.07831477904456,1.245678388671899,-2.3718529167221396,1.123786483811232,65.55560576798332,0.7679562321210006,-3.1147011942863796,0.6632856342412515,0.5625
8,18,0.0,6.0,4,4.390292807440344,0.0173337046222053,-8.381669405410335,0.0713367318013845,17.244930983936477,0.3718326564440302,-4.462448681499017,0.3601917345477775,66.94007744937797,1.209776330174609,-0.3053998817118968,1.0067106197970217,70.1021187088102,1.002944313520286,0.7271187356632528,0.925263583888003,0.5625
8,18,0.0,6.0,5,4.382662297587034,0.0151283853615216,-8.163592201936703,0.054621313510462,16.56387902765562,0.2381124188328955,-4.838091538452805,0.2361570553076364,63.502984973427736,0.948517063425906,-2.307429726639355,0.8927112076574084,69.01296978277142,0.7097372790198395,0.0058023197011899,0.6203085041372484,0.5625
8,18,0.0,6.0,6,4.371629811691608,0.0175251276375443,-8.275936607765185,0.0559654644097708,16.663999617259428,0.323018537327587,-4.860526346777905,0.3251871514116457,64.50006447172677,1.3041703610504507,-2.175576363216406,1.1288303200492151,68.05059330562565,0.8465381392418878,-0.9768231438278608,0.8099291285196543,0.5625
8,21,0.0,6.0,1,3.1492451132457058,0.0129828740032358,-5.056853758546787,0.075114016873719,14.092823853227207,0.2028381668434373,-1.642004118823813,0.1874243502729596,44.037208979579376,1.1752784721806844,-0.4660079789032578,1.0728074099257423,38.763375751998,1.619056502032484,-3.3385657060850704,1.6032476316498383,0.65625
8,21,0.0,6.0,2,3.142851391856186,0.0160880872749364,-4.985560757436251,0.0417790084335541,13.950080499275938,0.1561978917190927,-1.7614507065565357,0.1359294198234179,41.743736145941035,0.5601228139337235,-1.4831488191967903,0.5636981983552978,40.435342595140995,0.5324679281662817,-0.8597544333504995,0.497097310240747,0.65625
8,21,0.0,6.0,3,3.14437087075724,0.0143605253247397,-5.069203455752202,0.0411726005428873,13.979106125721234,0.1630231564419738,-1.7619829506467894,0.1563370969748707,43.30330600043133,0.7208336740944024,-0.0676546085038761,0.6830022410344083,41.34336911388838,0.7651871481106377,-0.0804736830403488,0.6085244194942202,0.65625
8,21,0.0,6.0,4,3.1380837597535325,0.0097863496350647,-4.995096446729079,0.0390803646452185,13.736258391710107,0.1562528510280024,-1.967772854709826,0.1578511676462657,44.848288241565875,1.2941035365892972,1.5909874407496682,1.090322196692021,40.957931887807455,0.6823871041966798,-0.806275751397358,0.580835607645802,0.65625
8,21,0.0,6.0,5,3.155403964328135,0.015377304218303,-4.967770814228734,0.0380518920430904,13.800189202565054,0.201429403092232,-1.9184175139000608,0.2051891197405854,43.01244257767229,1.4043872056899542,-0.6454629726859061,1.2113324698328465,40.02621809538155,0.5509201693482971,-1.4357631535957491,0.5720770114656675,0.65625
8,21,0.0,6.0,6,3.1491751216114565,0.0075735349035732,-5.022627530507616,0.0581084822440137,14.071200319616832,0.1562356193211076,-1.6817290459168963,0.1600454013317765,43.79731478763914,0.8416360137300952,-0.0013875559880547,0.7104425102335445,39.73256045631147,0.8645171696758093,-2.014301947132565,0.849255148188768,0.65625
8,25,0.0,6.0,1,1.9996761646565957,0.0069791426396065,-2.7303302065910486,0.0317636894218203,12.906000204750349,0.0834013879173158,1.393496888907728,0.0916027825678512,26.64467116693594,0.601515937598888,0.9739939559112292,0.518250892367702,23.056738522557517,0.3968995611833207,-0.8936673078899275,0.2964739953976911,0.78125
8,25,0.0,6.0,2,2.0101344638984573,0.0080304229579459,-2.8995403171881193,0.10926167535818,12.975816882397387,0.04306774161895,1.5531161784127814,0.1168155360273424,27.038729130918927,0.7298541784059303,2.1437603859244603,0.5592649676044984,23.46992938992964,0.3608141628376382,-0.7811536251752516,0.3053681357947414,0.78125
8,25,0.0,6.0,3,2.0220155904194876,0.007778112425478,-2.7771022940229035,0.0306753422216558,13.033537503854584,0.073081876426197,1.5282649119186804,0.0790487686384971,27.568818853111885,0.71244164549443,2.2410043892165143,0.5905813142213409,23.65492133188005,0.3191107670355246,-0.8950448999568452,0.3353083703805125,0.78125
8,25,0.0,6.0,4,1.9874005037840228,0.0101390362860545,-2.71596468762374,0.0380460351963158,12.940486283210404,0.0846080408412848,1.4356014752739763,0.0797739094257309,25.964705691935524,0.6880282944278774,0.5407504793017714,0.6228748614759597,23.359617829729775,0.5938085808806094,-0.6686134512659556,0.6047944289562206,0.78125
8,25,0.0,6.0,5,2.008885955364904,0.0068972172676951,-2.755266097018116,0.0275256777638585,13.085423636572472,0.0611632533150628,1.5751039948309062,0.0513336937966071,27.26310226898525,0.544516197480061,1.475621625075143,0.394201086102542,23.30824887246792,0.5210881899157537,-0.9635014665592834,0.4066687043881504,0.78125
8,25,0.0,6.0,6,2.0085126757570517,0.0089011119737091,-2.7627065637055095,0.0213843027824525,13.00368867117242,0.0691252984776194,1.6026329990787886,0.0778886806368787,26.505687663570782,0.6917050269317374,1.117301580343785,0.6031397643463211,23.3914804084858,0.4177437104430093,-0.5810742875513029,0.3952170522197994,0.78125
8,28,0.0,6.0,1,1.369808763747454,0.008004909527095,-1.8156642574308317,0.0248052479683406,12.188846665091262,0.0589066910360648,2.1765357560410914,0.0565586533826401,15.14985131677292,0.3899588709405052,1.774726357570384,0.328574155191786,16.397555059712083,0.300297157488844,-0.6603564312786159,0.2330863172457875,0.875
8,28,0.0,6.0,2,1.3797230577989594,0.0060136771143446,-1.7883211808896504,0.0288545977644054,12.061653213639644,0.0798373268648243,2.1149546729175297,0.0663554730274024,15.469508923970055,0.5762735493255646,1.8217866713756323,0.5343011279706702,16.408003374058833,0.2614593790226517,-0.4016861525188387,0.203978462269498,0.875
8,28,0.0,6.0,3,1.3703322392346182,0.008070243743285,-1.732203435057754,0.0355569075458654,12.105761955211928,0.0797854993734522,2.170729273936538,0.087433682534753,15.32221148945077,0.3811857706964772,2.0371533907622963,0.36962952273594,16.16243537130538,0.2021762065895665,-0.7622806688953633,0.2191132672033074,0.875
8,28,0.0,6.0,4,1.3739122674961477,0.006178083973759,-1.6878979556636549,0.0450294696062451,12.043606582283648,0.0584917062182922,2.079630986685479,0.0547032588457605,15.344699608131387,0.3778326234589345,1.8148276194818032,0.3399525346112513,16.056230055700933,0.3784128642376037,-0.5139338132063209,0.3597734887130484,0.875
8,28,0.0,6.0,5,1.362914202421614,0.0089634269834351,-1.7445441658228025,0.0266492224316673,12.129789738459584,0.0790268353834129,2.1238958781053165,0.0579422501031062,14.57606733270236,0.3771810185163642,1.249078910542535,0.3036200602995534,16.4581540980584,0.2966617764660261,-0.7995478178575308,0.2228488034268373,0.875
8,28,0.0,6.0,6,1.370559925783838,0.0080739242714431,-1.781001197607536,0.0256657392999257,12.248985022929308,0.0736517652010703,2.2738395774063767,0.0659246618760546,14.944763848842152,0.3533661933586351,1.5184371546342783,0.347258827313456,16.701961671877967,0.4470652246884302,-0.2248794428577645,0.4449216690331257,0.875
8,32,0.0,6.0,1,0.783796892123869,0.0082373252451661,-1.0177484322310886,0.0236115133869968,10.842912013603922,0.083355465580791,2.4317805633054403,0.0684898701488107,10.176320663524384,0.3709795951232925,2.780833652212126,0.3216767439077064,9.162990286270478,0.1556809752915653,-0.5297596321668846,0.1317484055481196,1.0
8,32,0.0,6.0,2,0.7673565692121018,0.0094168282669706,-0.9991167661296804,0.0293961626328268,10.6544737119134,0.082077025210338,2.299544290848633,0.0596777973939925,9.309413003370569,0.200140149699755,2.2422811684033537,0.1514708116281804,8.956836130844732,0.2472780290540032,-0.6863414909499078,0.1787449750130174,1.0
8,32,0.0,6.0,3,0.786864570074075,0.0091284941359684,-1.0428245173670116,0.0341328682131657,10.786606018119183,0.0811706928978512,2.4131288508517628,0.0735219973158065,9.24005365901113,0.4047427455148535,1.8937511308281323,0.3634709904832925,9.108741420317733,0.2221926339945697,-0.6048784673005853,0.142627786185889,1.0
8,32,0.0,6.0,4,0.7991533989819877,0.0075525932139397,-1.0668599454608767,0.0246450738260667,10.909641596354115,0.0705477714619325,2.526708864283193,0.0540900763611942,9.272335114748486,0.2315056534505346,2.258575059167472,0.1846790200360064,9.294751973698826,0.1572311165514001,-0.6601253801336422,0.1123599612441063,1.0
8,32,0.0,6.0,5,0.7857552030140241,0.0083984997130114,-1.0096893566297012,0.0294428367096297,10.901686371953955,0.0811100050238067,2.4019047757937613,0.0622226979624455,9.19090555507976,0.3524851328197892,2.194630460600304,0.2354162742751499,9.268178454602698,0.2763894256208314,-0.6883611657761758,0.1831614190180651,1.0
8,32,0.0,6.0,6,0.782231682725012,0.0085704766215135,-1.0129605569437865,0.0255428326523446,10.843775284856726,0.0906167573350863,2.439083145357074,0.0613921872130337,9.2835038454494,0.377371880293832,2.292706122152945,0.3191437765631521,9.077150787732831,0.1936345742543636,-0.6557993132554707,0.1305409820041767,1.0
8,16,0.0,8.0,1,3.952428089906742,0.0168622326922927,-9.823413831020794,0.0857394264228814,16.712217914165187,0.6554812117312984,-6.5034974650753385,0.635502447981779,70.49499897003167,1.9840218688809133,-0.071639885662486,1.8470036064265345,76.5866068546007,1.5111379483181522,0.1688526610939408,1.537188306769016,0.5
8,16,0.0,8.0,2,3.981558821338376,0.0215855740436963,-9.73060501791996,0.1382235302692449,17.590573209566788,0.5397242231285391,-5.419351530911288,0.5324249020430828,69.24102892753692,1.4218927456930026,-1.1547822807040078,1.3386603826563128,72.47607115622847,3.632715189772016,-3.3926738640456215,3.398556604065597,0.5
8,16,0.0,8.0,3,3.984468862895533,0.0251464782016127,-9.659578863110813,0.1114623119686452,18.248696122055648,0.9987468521377932,-4.9711663405634825,0.88404291451194,66.07992912645784,2.7056701021659064,-4.423173277164709,2.014870168854972,71.44342826325084,1.875327318357668,-4.5144923916392115,1.672062845258503,0.5
8,16,0.0,8.0,4,3.9542517349114137,0.035473089346391,-9.827724248150698,0.1447239978993747,16.90944807360443,1.0254626464780392,-6.5584719835611285,1.0101731070634157,69.2253338077467,1.81445495205173,-0.0369626764616144,1.5992760815111229,74.27575794032816,1.679012788632755,-2.2663581464861293,1.5825876816295372,0.5
8,16,0.0,8.0,5,4.015583642073654,0.0246311864600542,-9.67802756511019,0.0904140041715644,17.374090824371656,0.7989946166654549,-5.895848589285572,0.7516844636296798,69.50139375685015,1.6252180925591688,-0.6014133777618953,1.5621444921012866,75.88955855198046,1.580240681942074,-0.5633139072830003,1.5323662678461982,0.5
8,16,0.0,8.0,6,4.039183559495095,0.0365862356964488,-9.44900836963474,0.084351910416682,17.71699801771954,0.7442829657231331,-5.191118275019822,0.6552324791663129,68.33702082737094,3.1828157639839767,-1.0524167086208962,2.9000693968634192,75.58128244958621,2.0132012911546786,-0.7416583832529573,1.699692527846859,0.5
8,18,0.0,8.0,1,3.2678531956616466,0.0269195127295069,-6.455970520831789,0.0701702276358753,14.547239772007918,0.4991414143296155,-3.8535532203445575,0.4489548277304011,46.68318077008339,1.8253992371200527,-3.285699121144879,1.7510651186254431,54.45485247410318,1.4602907364371804,1.3297387344334404,1.3877156055952646,0.5625
8,18,0.0,8.0,2,3.216380487113984,0.0130139989618887,-6.685946937196663,0.0548395709951459,13.761766529969655,0.3382184615162573,-4.950378977340177,0.2914941879487665,46.99617157698237,1.366519612850917,-3.051302539986859,1.2985078741476015,52.49131691249588,0.955076811492029,-2.012873466198709,0.938560254056237,0.5625
8,18,0.0,8.0,3,3.2494644949884632,0.0182518224252046,-6.571791520367114,0.0789763006569949,15.016831595826062,0.5429593589931899,-3.7849861528721505,0.4664802982380849,45.879619712686505,1.319000428329153,-4.366218524597582,1.3251721768745954,51.717944928681234,1.2715891142732745,-1.3728430407152703,1.231353199112943,0.5625
8,18,0.0,8.0,4,3.2589484006386784,0.0182057544240269,-6.3935692213058655,0.1378931886374923,14.65223365705154,0.4216831697224305,-3.7655233948832647,0.4234442614526705,46.67699936011688,1.3557077668922202,-2.942654527731855,1.3304880271289148,48.29804369834778,2.531239610849783,-4.083236826800248,1.6581264320573146,0.5625
8,18,0.0,8.0,5,3.239508271423399,0.0184199393524109,-6.545616932765777,0.1183540827455635,14.123495245529336,0.4339400758699805,-4.368071189693941,0.4155401083097627,48.31157547012739,1.734799889223784,-1.4142734213993529,1.7272746940319406,51.14695491524627,1.2153737236454836,-2.688836070764176,1.3091810307365026,0.5625
8,18,0.0,8.0,6,3.259796541055252,0.0213944902051652,-6.3808891208863745,0.0921153451567495,13.833635139710651,0.4606220276698312,-4.900910650146711,0.4357961612983441,48.469790253577656,1.3269078853979968,-1.657960595543257,1.0789615417656175,54.29658059449844,1.7193473857749328,1.1472269239616315,1.551108725789232,0.5625
8,21,0.0,8.0,1,2.310366734154495,0.0142577614719236,-3.7896864160095847,0.0554022866163997,12.190462716915247,0.2367581846655242,-1.8004282752428964,0.270476092474441,30.394379117789487,1.1042322641886697,0.2136415924005103,0.9610163504501336,30.97463269032006,0.8947391589265866,-0.7777090678460927,0.8933218848325111,0.65625
8,21,0.0,8.0,2,2.332452648735556,0.0135212695989981,-3.725445297980137,0.0557560670829996,11.977682009544193,0.2136531415414306,-2.003159027406604,0.1993477306634335,28.654806696078857,0.9183838040571486,-1.8261897020722793,0.8542477537755437,31.74117666895637,0.703487261613998,-0.1672120480474944,0.6734731162834536,0.65625
8,21,0.0,8.0,3,2.307950732808414,0.0112521056941079,-3.795210050566122,0.0474282675567435,11.829035165789106,0.2356374073149263,-2.151870775278778,0.2456314287996691,29.22484811385284,0.8861282003184983,-1.192240762827472,0.8249334276394502,29.99526528728417,0.7010885410581231,-1.483514616903192,0.6793449628803908,0.65625
8,21,0.0,8.0,4,2.334906236578449,0.0113746830800841,-3.74814441854337,0.0431348957222441,12.41387203248783,0.285168654087328,-1.742456554754105,0.2707053114112667,29.8764778307911,0.963863202099396,0.1722564107365499,0.9337045056977848,30.325045256805844,0.7471264043575208,-1.474944259531111,0.6261524839259883,0.65625
8,21,0.0,8.0,5,2.332219767068669,0.0147873850613034,-3.691552314535957,0.0382953162239079,11.60611671049838,0.2312241146904348,-2.4126387383223595,0.2976737774149794,28.08921395633265,1.2637470389921388,-1.8947271995019184,1.114087738755605,31.37610968593849,0.923357073217683,-0.2567857397843154,0.8759534839783828,0.65625
8,21,0.0,8.0,6,2.3164555505594295,0.0132542929591027,-3.661369594666259,0.100395324960957,11.91981663095676,0.2987724667224267,-1.871297248020048,0.3266012184687526,30.346718615843052,1.4066908000004374,0.070095827774317,1.2654475234541618,32.086146505948264,1.0855644991268316,-0.1615785150567324,0.7670606328348132,0.65625
8,25,0.0,8.0,1,1.4476164324850889,0.0084441816917348,-1.9219028791860708,0.0404149045698221,11.149147125504037,0.1538968716957624,0.9813695805402252,0.1487800348880385,17.165842458804715,1.44061640803475,0.9644407254727808,1.274257185782392,15.811754792215831,0.6319826009852891,-1.6898190175937002,0.6040928630184494,0.78125
8,25,0.0,8.0,2,1.4338422126661463,0.0105074433077803,-1.9035331118505792,0.0292530543835586,11.31456082433744,0.1376670814750193,1.119116235660845,0.1501683398234078,16.298467276873577,0.8696105295654899,-0.1035644224921715,0.8346984404149499,16.90505301168533,0.620412418482416,0.0504264705862886,0.5380498115278379,0.78125
8,25,0.0,8.0,3,1.4289417579914396,0.0103277867876389,-1.9766004271565905,0.0357724966750391,11.089272811646072,0.1705944069773874,0.9388605718263856,0.1443088078184056,15.99314692165321,1.1016106984133265,0.1860179652866095,0.9851599542786468,16.577575722681875,1.1794741676243747,-0.752711750786774,1.1045990936341947,0.78125
8,25,0.0,8.0,4,1.4277536571103353,0.0091929074349413,-1.9082348518347572,0.0291713013305543,11.128899513478348,0.0901349268438082,0.8835099745328296,0.0921685974867325,15.232619689920174,0.6236406617370355,-0.4346760004220568,0.713777512747624,17.12774615207231,0.4982383636992398,-0.6125666632403175,0.3984621772478065,0.78125
8,25,0.0,8.0,5,1.4276354107219664,0.012974462430326,-1.9744422921999203,0.0293307379999474,11.094383635061712,0.179290270565785,0.8972561207836296,0.1840883298035348,17.977085435840678,2.7030376236045064,1.8193108317747104,2.2380582808461744,16.26178800320154,0.512599742298077,-1.3020570243020757,0.5698067990617699,0.78125
8,25,0.0,8.0,6,1.43696813480852,0.0083231726112321,-1.786701694326147,0.0688017187174809,11.261740568412348,0.1323382110481153,1.033267623519453,0.1278074185835194,17.05848390643421,0.8235017739986906,0.7204214573246294,0.6584563974944996,17.00734608083546,0.6728922393934825,0.0188147106488962,0.7058735204922179,0.78125
8,28,0.0,8.0,1,0.944294367152972,0.0110795911342201,-1.1883464706764737,0.0304814036599153,10.568644374308084,0.1428644826439375,2.1621233466163816,0.1338016159012961,10.884184585628104,0.5077569708694826,1.7025707006335118,0.4719706353238211,12.194945820489837,0.6556598733928459,0.1573482911147053,0.3544073609177285,0.875
8,28,0.0,8.0,2,0.9860674969940028,0.0423470106396457,-1.1653599745272598,0.0330765965745531,10.62240479025535,0.1851839230518456,2.014201939221293,0.1969341715184247,10.538232439026258,0.9043930642294292,1.3485719782530083,0.3765925853876773,11.076193206361271,0.9189834033788992,-0.3404531104763346,0.4831726826999128,0.875
8,28,0.0,8.0,3,0.938764470149396,0.0066204988876874,-1.1308478002161677,0.034669426414873,10.186137556459418,0.0883461717509624,1.7528598495416503,0.0987099120295204,9.89867569749012,0.6241733058595715,1.1940534156379443,0.4877844102512854,11.456999970756918,0.4203917850230312,0.0370915769820685,0.3739256917320293,0.875
8,28,0.0,8.0,4,0.9442001398302768,0.0074723182404181,-1.160138239596855,0.0341768243479251,10.30558038801099,0.1426711725123815,1.7513057916502013,0.1406770156068628,10.666333773446622,1.2118044656025038,1.1702956717364068,0.6277200994866483,10.254325296100038,1.100217081129896,-1.5251960291787368,0.8633995777661658,0.875
8,28,0.0,8.0,5,0.9356748893973268,0.0089619526646239,-1.134341456669541,0.0454344580781806,10.255757232043257,0.1340195683286647,1.6873356352813311,0.1281365698655422,9.894838841419656,0.4237563271281435,1.1546969521829542,0.4043158884499352,10.544577676789846,0.85254862251447,-1.2403095107461866,0.932539869180715,0.875
8,28,0.0,8.0,6,0.9619897262585452,0.0269492930522949,-1.2534604177508857,0.0350571887589144,10.328979923950868,0.1004397419864865,2.014995095283137,0.0976228542046528,10.176193535644662,0.400576150921942,1.4025910812663225,0.4482644979330309,9.948000207327578,0.8219915391840183,-1.4704712175840933,0.6421422770852966,0.875
8,32,0.0,8.0,1,0.4398788296445,0.0073165780256405,-0.6090074804070791,0.0282266492925248,9.01476365074553,0.1170705541411897,2.1066486350617444,0.0989954724431989,8.311822148137471,0.2047325491493757,2.5496042308288325,0.1732658797814488,5.245173886470316,0.1826341130514474,-0.5132486934179195,0.1467659695430978,1.0
8,32,0.0,8.0,2,0.4471432948903392,0.007037111629462,-0.6015333677395315,0.025188689610421,8.798438399045775,0.1012193051293344,1.987770463695108,0.0837548853561602,7.36195086055495,0.161060827743364,1.9929947881374872,0.1153238967260256,5.56728069131709,0.2151432193035769,-0.3913755844789219,0.1693609867181876,1.0
8,32,0.0,8.0,3,0.4326877020684329,0.0064190456318889,-0.56038988071085,0.0267295616349683,8.926837590540256,0.1228435870182533,2.1627085469833416,0.0925267553453594,8.005933717927608,0.546510680115353,2.4162022833878445,0.3549205471110009,4.53503199168874,0.4108727812172427,-0.964759086629585,0.3043759254748576,1.0
8,32,0.0,8.0,4,0.4366767780792445,0.0073316412167809,-0.5105781845248597,0.0376507820146662,8.84860101399614,0.1099327866385049,1.8211799197572824,0.1185628910345316,8.123893304747451,0.2039737008802355,2.0313915571074412,0.2078697986839862,5.338090574358732,0.2920204282107377,-0.3540441148237656,0.2067605948626993,1.0
8,32,0.0,8.0,5,0.4380448160532234,0.0053227434461506,-0.5635490706338719,0.0435279847578033,9.020015788547925,0.1284134972620269,2.1782083080901313,0.0791892247136537,8.46705926625388,0.4348214004760438,2.5452249869958243,0.2446286168813057,5.376139455113183,0.2222709759718284,-0.3597083847398949,0.1513696755851375,1.0
8,32,0.0,8.0,6,0.4396059386196153,0.0080585846212357,-0.554842931423019,0.0366089542626949,9.029708866609251,0.1117840569006434,2.068547793940968,0.1148589571628263,7.762510727623936,0.2221612840630346,2.2522680981209815,0.1800922292756333,5.0555402559912554,0.1848532972236551,-0.7403965322871897,0.1096181267584924,1.0
10,25,0.0,0.0,1,81.98258175138203,0.0,-1.3494982908923705e-13,3.3693467151712963e-16,71.60851952457212,0.0,-8.112621685540944e-14,4.614341198136557e-16,582.5750658723757,0.0,-2.665245801836136e-13,2.6447799910447985e-15,386.7207048508641,4.019436694230464e-15,-4.4874326476929123e-13,1.870825087988821e-15,0.5
10,25,0.0,0.0,2,81.98258175138203,0.0,-1.3494982908923705e-13,3.3693467151712963e-16,71.60851952457212,0.0,-8.112621685540944e-14,4.614341198136557e-16,582.5750658723757,0.0,-2.665245801836136e-13,2.6447799910447985e-15,386.7207048508641,4.019436694230464e-15,-4.4874326476929123e-13,1.870825087988821e-15,0.5
10,25,0.0,0.0,3,81.98258175138203,0.0,-1.3494982908923705e-13,3.3693467151712963e-16,71.60851952457212,0.0,-8.112621685540944e-14,4.614341198136557e-16,582.5750658723757,0.0,-2.665245801836136e-13,2.6447799910447985e-15,386.7207048508641,4.019436694230464e-15,-4.4874326476929123e-13,1.870825087988821e-15,0.5
10,25,0.0,0.0,4,81.98258175138203,0.0,-1.3494982908923705e-13,3.3693467151712963e-16,71.60851952457212,0.0,-8.112621685540944e-14,4.614341198136557e-16,582.5750658723757,0.0,-2.665245801836136e-13,2.6447799910447985e-15,386.7207048508641,4.019436694230464e-15,-4.4874326476929123e-13,1.870825087988821e-15,0.5
10,25,0.0,0.0,5,81.98258175138203,0.0,-1.3494982908923705e-13,3.3693467151712963e-16,71.60851952457212,0.0,-8.112621685540944e-14,4.614341198136557e-16,582.5750658723757,0.0,-2.665245801836136e-13,2.6447799910447985e-15,386.7207048508641,4.019436694230464e-15,-4.4874326476929123e-13,1.870825087988821e-15,0.5
10,25,0.0,0.0,6,81.98258175138203,0.0,-1.3494982908923705e-13,3.3693467151712963e-16,71.60851952457212,0.0,-8.112621685540944e-14,4.614341198136557e-16,582.5750658723757,0.0,-2.665245801836136e-13,2.6447799910447985e-15,386.7207048508641,4.019436694230464e-15,-4.4874326476929123e-13,1.870825087988821e-15,0.5
10,28,0.0,0.0,1,73.42065779042112,3.5527136788005006e-16,-8.339995360984176e-15,6.439125092991289e-16,70.35935165354825,7.105427357601001e-16,1.7159607068606423e-14,6.755062560894917e-16,433.244905080002,1.2058310082691392e-14,-1.664446358518035e-13,4.3022137812062064e-15,386.72070485086414,0.0,-3.204192466910172e-13,3.205716336493132e-15,0.56
10,28,0.0,0.0,2,73.42065779042112,3.5527136788005006e-16,-8.339995360984176e-15,6.439125092991289e-16,70.35935165354825,7.105427357601001e-16,1.7159607068606423e-14,6.755062560894917e-16,433.244905080002,1.2058310082691392e-14,-1.664446358518035e-13,4.3022137812062064e-15,386.72070485086414,0.0,-3.204192466910172e-13,3.205716336493132e-15,0.56
10,28,0.0,0.0,3,73.42065779042112,3.5527136788005006e-16,-8.339995360984176e-15,6.439125092991289e-16,70.35935165354825,7.105427357601001e-16,1.7159607068606423e-14,6.755062560894917e-16,433.244905080002,1.2058310082691392e-14,-1.664446358518035e-13,4.3022137812062064e-15,386.72070485086414,0.0,-3.204192466910172e-13,3.205716336493132e-15,0.56
10,28,0.0,0.0,4,73.42065779042112,3.5527136788005006e-16,-8.339995360984176e-15,6.439125092991289e-16,70.35935165354825,7.105427357601001e-16,1.7159607068606423e-14,6.755062560894917e-16,433.244905080002,1.2058310082691392e-14,-1.664446358518035e-13,4.3022137812062064e-15,386.72070485086414,0.0,-3.204192466910172e-13,3.205716336493132e-15,0.56
10,28,0.0,0.0,5,73.42065779042112,3.5527136788005006e-16,-8.339995360984176e-15,6.439125092991289e-16,70.35935165354825,7.105427357601001e-16,1.7159607068606423e-14,6.755062560894917e-16,433.244905080002,1.2058310082691392e-14,-1.664446358518035e-13,4.3022137812062064e-15,386.72070485086414,0.0,-3.204192466910172e-13,3.205716336493132e-15,0.56
10,28,0.0,0.0,6,73.42065779042112,3.5527136788005006e-16,-8.339995360984176e-15,6.439125092991289e-16,70.35935165354825,7.105427357601001e-16,1.7159607068606423e-14,6.755062560894917e-16,433.244905080002,1.2058310082691392e-14,-1.664446358518035e-13,4.3022137812062064e-15,386.72070485086414,0.0,-3.204192466910172e-13,3.205716336493132e-15,0.56
10,33,0.0,0.0,1,59.77540503841091,2.6763514379480855e-15,4.662936703425658e-15,2.1595045055726275e-15,59.15168426485046,1.1234667099445444e-15,1.686650819010538e-14,7.965913255914344e-16,352.5768208826664,2.058956201412324e-13,6.412648190234904e-14,4.026471421589371e-14,309.0711419923317,1.4947765739981048e-13,1.950439809661475e-14,1.6833414814313363e-14,0.66
10,33,0.0,0.0,2,59.77540503841091,2.6763514379480855e-15,4.662936703425658e-15,2.1595045055726275e-15,59.15168426485046,1.1234667099445444e-15,1.686650819010538e-14,7.965913255914344e-16,352.5768208826664,2.058956201412324e-13,6.412648190234904e-14,4.026471421589371e-14,309.0711419923317,1.4947765739981048e-13,1.950439809661475e-14,1.6833414814313363e-14,0.66
10,33,0.0,0.0,3,59.77540503841091,2.6763514379480855e-15,4.662936703425658e-15,2.1595045055726275e-15,59.15168426485046,1.1234667099445444e-15,1.686650819010538e-14,7.965913255914344e-16,352.5768208826664,2.058956201412324e-13,6.412648190234904e-14,4.026471421589371e-14,309.0711419923317,1.4947765739981048e-13,1.950439809661475e-14,1.6833414814313363e-14,0.66
10,33,0.0,0.0,4,59.77540503841091,2.6763514379480855e-15,4.662936703425658e-15,2.1595045055726275e-15,59.15168426485046,1.1234667099445444e-15,1.686650819010538e-14,7.965913255914344e-16,352.5768208826664,2.058956201412324e-13,6.412648190234904e-14,4.026471421589371e-14,309.0711419923317,1.4947765739981048e-13,1.950439809661475e-14,1.6833414814313363e-14,0.66
10,33,0.0,0.0,5,59.77540503841091,2.6763514379480855e-15,4.662936703425658e-15,2.1595045055726275e-15,59.15168426485046,1.1234667099445444e-15,1.686650819010538e-14,7.965913255914344e-16,352.5768208826664,2.058956201412324e-13,6.412648190234904e-14,4.026471421589371e-14,309.0711419923317,1.4947765739981048e-13,1.950439809661475e-14,1.6833414814313363e-14,0.66
10,33,0.0,0.0,6,59.77540503841091,2.6763514379480855e-15,4.662936703425658e-15,2.1595045055726275e-15,59.15168426485046,1.1234667099445444e-15,1.686650819010538e-14,7.965913255914344e-16,352.5768208826664,2.058956201412324e-13,6.412648190234904e-14,4.026471421589371e-14,309.0711419923317,1.4947765739981048e-13,1.950439809661475e-14,1.6833414814313363e-14,0.66
10,39,0.0,0.0,1,44.127508653728434,1.7495085916501025e-15,-2.1680435224880063e-14,1.807524371318705e-15,48.36040616649486,5.891509130072236e-16,-3.5420555377640997e-14,6.127723086727642e-16,247.52033938166375,0.0,-1.4074075238568185e-13,1.4227248804022677e-15,278.8079238673042,0.0,-1.8594903394841826e-13,1.4883708004410178e-15,0.78
10,39,0.0,0.0,2,44.127508653728434,1.7495085916501025e-15,-2.1680435224880063e-14,1.807524371318705e-15,48.36040616649486,5.891509130072236e-16,-3.5420555377640997e-14,6.127723086727642e-16,247.52033938166375,0.0,-1.4074075238568185e-13,1.4227248804022677e-15,278.8079238673042,0.0,-1.8594903394841826e-13,1.4883708004410178e-15,0.78
10,39,0.0,0.0,3,44.127508653728434,1.7495085916501025e-15,-2.1680435224880063e-14,1.807524371318705e-15,48.36040616649486,5.891509130072236e-16,-3.5420555377640997e-14,6.127723086727642e-16,247.52033938166375,0.0,-1.4074075238568185e-13,1.4227248804022677e-15,278.8079238673042,0.0,-1.8594903394841826e-13,1.4883708004410178e-15,0.78
10,39,0.0,0.0,4,44.127508653728434,1.7495085916501025e-15,-2.1680435224880063e-14,1.807524371318705e-15,48.36040616649486,5.891509130072236e-16,-3.5420555377640997e-14,6.127723086727642e-16,247.52033938166375,0.0,-1.4074075238568185e-13,1.4227248804022677e-15,278.8079238673042,0.0,-1.8594903394841826e-13,1.4883708004410178e-15,0.78
10,39,0.0,0.0,5,44.127508653728434,1.7495085916501025e-15,-2.1680435224880063e-14,1.807524371318705e-15,48.36040616649486,5.891509130072236e-16,-3.5420555377640997e-14,6.127723086727642e-16,247.52033938166375,0.0,-1.4074075238568185e-13,1.4227248804022677e-15,278.8079238673042,0.0,-1.8594903394841826e-13,1.4883708004410178e-15,0.78
10,39,0.0,0.0,6,44.127508653728434,1.7495085916501025e-15,-2.1680435224880063e-14,1.807524371318705e-15,48.36040616649486,5.891509130072236e-16,-3.5420555377640997e-14,6.127723086727642e-16,247.52033938166375,0.0,-1.4074075238568185e-13,1.4227248804022677e-15,278.8079238673042,0.0,-1.8594903394841826e-13,1.4883708004410178e-15,0.78
10,44,0.0,0.0,1,33.57237648338082,3.5527136788005006e-16,1.3828937994730952e-14,4.1051477808978053e-16,34.67976973062631,0.0,-2.1944113193228535e-14,3.7233873477393005e-16,216.23661240660175,4.470776450699353e-14,-5.1390003363849245e-14,1.1667930296006852e-14,156.25504725768033,1.2490201464208146e-13,-1.980637875931279e-14,8.74217329476324e-15,0.88
10,44,0.0,0.0,2,33.57237648338082,3.5527136788005006e-16,1.3828937994730952e-14,4.1051477808978053e-16,34.67976973062631,0.0,-2.1944113193228535e-14,3.7233873477393005e-16,216.23661240660175,4.470776450699353e-14,-5.1390003363849245e-14,1.1667930296006852e-14,156.25504725768033,1.2490201464208146e-13,-1.980637875931279e-14,8.74217329476324e-15,0.88
10,44,0.0,0.0,3,33.57237648338082,3.5527136788005006e-16,1.3828937994730952e-14,4.1051477808978053e-16,34.67976973062631,0.0,-2.1944113193228535e-14,3.7233873477393005e-16,216.23661240660175,4.470776450699353e-14,-5.1390003363849245e-14,1.1667930296006852e-14,156.25504725768033,1.2490201464208146e-13,-1.980637875931279e-14,8.74217329476324e-15,0.88
10,44,0.0,0.0,4,33.57237648338082,3.5527136788005006e-16,1.3828937994730952e-14,4.1051477808978053e-16,34.67976973062631,0.0,-2.1944113193228535e-14,3.7233873477393005e-16,216.23661240660175,4.470776450699353e-14,-5.1390003363849245e-14,1.1667930296006852e-14,156.25504725768033,1.2490201464208146e-13,-1.980637875931279e-14,8.74217329476324e-15,0.88
10,44,0.0,0.0,5,33.57237648338082,3.5527136788005006e-16,1.3828937994730952e-14,4.1051477808978053e-16,34.67976973062631,0.0,-2.1944113193228535e-14,3.7233873477393005e-16,216.23661240660175,4.470776450699353e-14,-5.1390003363849245e-14,1.1667930296006852e-14,156.25504725768033,1.2490201464208146e-13,-1.980637875931279e-14,8.74217329476324e-15,0.88
10,44,0.0,0.0,6,33.57237648338082,3.5527136788005006e-16,1.3828937994730952e-14,4.1051477808978053e-16,34.67976973062631,0.0,-2.1944113193228535e-14,3.7233873477393005e-16,216.23661240660175,4.470776450699353e-14,-5.1390003363849245e-14,1.1667930296006852e-14,156.25504725768033,1.2490201464208146e-13,-1.980637875931279e-14,8.74217329476324e-15,0.88
10,50,0.0,0.0,1,23.96614022654626,0.0,-1.2265743976058728e-14,1.6713337384818158e-16,34.67976973062631,0.0,-2.1690982343613996e-14,4.2384513420872963e-16,122.25602931778232,2.2469334198890887e-15,-1.4068746168049984e-14,1.3111872110429021e-15,137.56249466964553,8.070214144311582e-15,-1.0413003792564269e-13,3.5169129006424196e-15,1.0
10,50,0.0,0.0,2,23.96614022654626,0.0,-1.2265743976058728e-14,1.6713337384818158e-16,34.67976973062631,0.0,-2.1690982343613996e-14,4.2384513420872963e-16,122.25602931778232,2.2469334198890887e-15,-1.4068746168049984e-14,1.3111872110429021e-15,137.56249466964553,8.070214144311582e-15,-1.0413003792564269e-13,3.5169129006424196e-15,1.0
10,50,0.0,0.0,3,23.96614022654626,0.0,-1.2265743976058728e-14,1.6713337384818158e-16,34.67976973062631,0.0,-2.1690982343613996e-14,4.2384513420872963e-16,122.25602931778232,2.2469334198890887e-15,-1.4068746168049984e-14,1.3111872110429021e-15,137.56249466964553,8.070214144311582e-15,-1.0413003792564269e-13,3.5169129006424196e-15,1.0
10,50,0.0,0.0,4,23.96614022654626,0.0,-1.2265743976058728e-14,1.6713337384818158e-16,34.67976973062631,0.0,-2.1690982343613996e-14,4.2384513420872963e-16,122.25602931778232,2.2469334198890887e-15,-1.4068746168049984e-14,1.3111872110429021e-15,137.56249466964553,8.070214144311582e-15,-1.0413003792564269e-13,3.5169129006424196e-15,1.0
10,50,0.0,0.0,5,23.96614022654626,0.0,-1.2265743976058728e-14,1.6713337384818158e-16,34.67976973062631,0.0,-2.1690982343613996e-14,4.2384513420872963e-16,122.25602931778232,2.2469334198890887e-15,-1.4068746168049984e-14,1.3111872110429021e-15,137.56249466964553,8.070214144311582e-15,-1.0413003792564269e-13,3.5169129006424196e-15,1.0
10,50,0.0,0.0,6,23.96614022654626,0.0,-1.2265743976058728e-14,1.6713337384818158e-16,34.67976973062631,0.0,-2.1690982343613996e-14,4.2384513420872963e-16,122.25602931778232,2.2469334198890887e-15,-1.4068746168049984e-14,1.3111872110429021e-15,137.56249466964553,8.070214144311582e-15,-1.0413003792564269e-13,3.5169129006424196e-15,1.0
10,25,0.0,2.0,1,27.54292764313476,0.0094497685489173,-25.55631809629383,0.0381001385893123,43.43422912142157,0.0325833785315799,-8.697706624929015,0.0268476311547973,369.6994542441323,0.506807771794039,1.2792498343896417,0.2997770366359187,255.69538257869917,0.2219116956064163,1.22711470509335,0.1175608443575628,0.5
10,25,0.0,2.0,2,27.556202189721365,0.008686779761243,-25.457740340925568,0.0337264085014824,43.42978504381235,0.0278960261184846,-8.649756109569688,0.0265145792597564,369.666185339472,0.4615765346391071,1.7709153198753014,0.2870857481054863,255.39477329354003,0.2104465885520527,1.3537821930386211,0.1325008528193958,0.5
10,25,0.0,2.0,3,27.58231975151071,0.010395219468348,-25.474353277598063,0.0317370208265543,43.49778829161096,0.02580458265909,-8.617495412795638,0.0245370260047546,369.4945410045534,0.4585798053219565,1.4210000837986672,0.2865076366247538,255.82471733294776,0.1785291292283494,1.5325427945822916,0.1149443566751179,0.5
10,25,0.0,2.0,4,27.57622303335463,0.0100421952482979,-25.488290177279826,0.0346609762502534,43.482323914021165,0.0291035542075187,-8.619208821184214,0.0306359217798798,369.3571221767472,0.4784384796289178,1.0812327399793689,0.2615425134231236,255.33859099188325,0.2470287097111732,1.0788160898171129,0.1530356204879198,0.5
10,25,0.0,2.0,5,27.56354759007336,0.0107842138103934,-25.4441907641655,0.032885212941835,43.49589368651392,0.0302982245930523,-8.578896824304362,0.0280442279585837,368.6291445314599,0.3702787503296824,0.917952897428336,0.2371899308888486,255.37179135869,0.240579005912574,1.4239132047396557,0.154878361168041,0.5
10,25,0.0,2.0,6,27.53515991201217,0.0103333669537677,-25.459836127216043,0.0394515426146776,43.41776925443865,0.0390667790645076,-8.66646929077477,0.0266189950391019,369.4525473084117,0.4852454271047553,1.919290199630471,0.2682394714590707,255.56147529881483,0.2186977452142585,1.5742476814806827,0.1135384586370491,0.5
10,28,0.0,2.0,1,22.959823170060837,0.0205860348705755,-21.70745823087793,0.0453785557327632,41.35757398310297,0.0528166452802624,-7.439607688165888,0.0423838878931441,260.50841168499335,0.6514973872229528,0.6934525011732957,0.6552426639838075,237.4009263195921,0.3692446221446965,0.5560252812228201,0.2408899475316702,0.56
10,28,0.0,2.0,2,22.94099740574409,0.0215345152656512,-21.631486034566812,0.03771345824888,41.23754585214611,0.046818883819965,-7.443314546413097,0.0447958694681083,260.95432196638563,0.695014119627342,1.0877968886921623,0.6486196619977227,236.4576804609009,0.3318825806389517,0.3464638292524069,0.2102149466954388,0.56
10,28,0.0,2.0,3,22.933156022377723,0.0278646729810793,-21.745318947210745,0.0447809075927268,41.248232029991925,0.0573958774566774,-7.569261232276654,0.0499720235012602,261.71138582773114,0.7208294592044847,1.9651704470035631,0.6990172089365574,237.48536939675424,0.3095761461116818,0.478189888368936,0.2016881043642962,0.56
10,28,0.0,2.0,4,22.905952151315702,0.0185966494124145,-21.710140028538305,0.0415568345813585,41.22796595083536,0.0386663274439257,-7.503101984163811,0.0418166062620488,260.2973599423075,0.6187373441714835,0.5653422289572767,0.5622907069178786,236.9676024970332,0.3392084415603392,0.545276360616485,0.2067078370778424,0.56
10,28,0.0,2.0,5,22.88879626654046,0.0230145751066845,-21.715843453876086,0.0362898046958625,41.26576918064064,0.0401475551800971,-7.464303646077532,0.0399954376651703,260.0325015256151,0.6803558228116708,0.4976675010061492,0.6234299856360649,236.93521826014185,0.3094144602197537,0.4810265799364314,0.1996439309762337,0.56
10,28,0.0,2.0,6,22.936984057776066,0.0241915128645707,-21.703604328306664,0.0453829138754393,41.17491696086418,0.0476472863222686,-7.557965356244781,0.0443751252969465,262.51996316529255,0.8037434556638409,2.651564254483616,0.7039734839888564,237.02417620620037,0.316783606879194,0.6537363723341585,0.1946699162005614,0.56
10,33,0.0,2.0,1,16.69167671869375,0.0290473418617398,-16.262490939682905,0.0435380041265506,34.84000521645142,0.0543818920088795,-4.569543127290969,0.0482544716471054,193.45864661706025,0.6774493793738371,3.3949618436728484,0.6612545992628254,173.44099733161684,0.397545248149129,0.4586123907135845,0.3880999068177355,0.66
10,33,0.0,2.0,2,16.711745757818147,0.0294123659282007,-16.19375834120003,0.0342108552282675,34.85514019482156,0.0741713043471394,-4.485186032037695,0.0604064225835018,193.00392623272677,0.857229033924726,2.54377638159005,0.8376724187718683,173.0681646277481,0.376081846710366,0.240858045356311,0.2977941377121079,0.66
10,33,0.0,2.0,3,16.66762371689027,0.038984210165281,-16.341145518951485,0.0468868682661064,34.8601248967574,0.0632522547739381,-4.5815221612349815,0.0553314105175014,194.41023292005352,1.126754006833624,4.111915199897227,1.0229376004671995,174.48944887831527,0.3840970477479756,0.9184420800546124,0.3273055404983826,0.66
10,33,0.0,2.0,4,16.662993503740907,0.030579615594008,-16.234800480391566,0.0410273540640913,34.770625603852515,0.0580873547359898,-4.542097350374521,0.0571937708337825,194.27621229683623,0.8354212082433049,4.019908508292147,0.8244916727084827,172.2365608771,0.4731018382054044,-0.5633890379897291,0.395276879667238,0.66
10,33,0.0,2.0,5,16.72899747090658,0.0286569611525731,-16.193740705318923,0.0379482927846628,34.92397597522288,0.0642083509250999,-4.436334017244564,0.0492929695731827,191.21501234110488,0.6496489499458828,1.4856561029973594,0.5221891018452542,172.7031917245497,0.461700591815593,-0.3305492113759148,0.4179129968900327,0.66
10,33,0.0,2.0,6,16.690641554180917,0.0323092861752799,-16.297470147400713,0.0369528514526714,34.81559023582996,0.0677012505569457,-4.602636212563005,0.0537948327652182,192.9134442354056,0.8687253299155845,2.5998976749617526,0.7108883446762126,173.07193533522272,0.4024503402203981,0.2367051448083778,0.2942698448858371,0.66
10,39,0.0,2.0,1,11.979808503837472,0.0199603883443601,-10.897072173470384,0.0197774694801343,31.279727683890655,0.0370041113292353,-0.8653190936471983,0.035199104500759,125.9851582252506,0.3446756493519514,2.706828493558197,0.2644790048206414,139.03504008179783,0.3952780408628794,-1.004854378061405,0.2986621657990753,0.78
10,39,0.0,2.0,2,11.954848111466465,0.0144202168742047,-10.90342268865238,0.0208293154004303,31.183789037125205,0.0355322820267672,-0.9439080193614892,0.0354978102737646,125.69535839688156,0.2992579761481136,2.554461055796556,0.2714014299283199,139.25486451164625,0.3952384418178044,-0.5653160324040701,0.284643771763291,0.78
10,39,0.0,2.0,3,11.959503473139623,0.0151392130287267,-10.948312033874974,0.02224091253419,31.20757633703588,0.0381181514550705,-0.950331657818004,0.0302415278882514,126.04552925241242,0.3056938394626451,2.5441630073648183,0.2414115333071322,139.4288896886767,0.3761425149094802,-0.7726317359265477,0.3052911283453792,0.78
10,39,0.0,2.0,4,12.028243196306486,0.0141009862065921,-10.887581588946002,0.0223676428565151,31.219337080768486,0.0395967508678546,-0.9716898090539916,0.0315421940974991,125.90336782624232,0.2145678216559876,2.377688040756278,0.2206951413056631,138.66965831246276,0.4251956231747102,-1.6630400853101008,0.3872413949642724,0.78
10,39,0.0,2.0,5,11.972353540327742,0.0137654987182744,-10.926537826953728,0.0165754631335977,31.27514325588971,0.0343709366558065,-0.8926210369313916,0.0366551584589873,125.64071877087618,0.2636846938818488,2.2980172129236727,0.2245090595371131,139.06139184636928,0.3971973102966418,-1.199472899971071,0.3020708553619646,0.78
10,39,0.0,2.0,6,11.951564435550832,0.0151643606896353,-10.909371931911997,0.0170999357552645,31.27843967016025,0.040460278257361,-0.868783829177756,0.0303049674677118,125.80847100044734,0.243066217746528,2.5914779205901564,0.250235827417865,138.77457015971746,0.4267592387704603,-1.1116790585065583,0.3484463854321836,0.78
10,44,0.0,2.0,1,9.111613576258147,0.008576561840119,-7.799498918497122,0.0137902816941425,27.85508860637253,0.0114468247032452,2.379043769236614,0.0085405412382444,101.74125788620964,0.2266615183612394,3.308180647620438,0.1846776868114594,81.62551559981893,0.0872649689915561,-0.4459170096704204,0.0624143769010274,0.88
10,44,0.0,2.0,2,9.087718518309092,0.0060902764495901,-7.8095318057987955,0.014788838131583,27.836567421889253,0.0111614917375752,2.3680327654080964,0.0087290046353264,102.27549222498016,0.2715531721078807,3.819204082043385,0.2308303505104122,81.12642080909237,0.0936718931121951,-0.7173175050001019,0.073118085115423,0.88
10,44,0.0,2.0,3,9.110851304971774,0.0113030542509474,-7.775872897530891,0.0128915419970193,27.82390020929575,0.0105655609024411,2.3631996193890563,0.0082132388173156,102.11150116485535,0.3017658464507254,3.648672805381683,0.2130207776657895,81.18387869020712,0.1147904286911091,-0.613805026822828,0.0887485541282442,0.88
10,44,0.0,2.0,4,9.098829719545543,0.00876139541191,-7.789883751844949,0.0135981216552592,27.842015003089568,0.0091652139184794,2.3640549152957453,0.0089890797563857,101.73444336288848,0.2875840831566612,3.4017036588365612,0.2703757750862567,81.51281294360845,0.1115472406045883,-0.4307149021295758,0.0901455365932662,0.88
10,44,0.0,2.0,5,9.112998836949751,0.008495346731124,-7.79772635921682,0.0110821846272158,27.84001837559664,0.0120785290444345,2.3618950248043804,0.0070485091191874,102.21714269523156,0.223926895546521,3.798832353239195,0.1976982563039473,81.55623273889009,0.123870234897598,-0.3965360218221728,0.0935477198501214,0.88
10,44,0.0,2.0,6,9.117290326006907,0.0099400459835663,-7.773627359786138,0.0112065045971486,27.841363428587897,0.0134303307641035,2.366133030740793,0.0095820228951168,102.46432746444312,0.2949132075877336,4.138264497864694,0.2713398209426635,81.70055202099809,0.1040387206067266,-0.3173095687671243,0.0857057103718709,0.88
10,50,0.0,2.0,1,6.496192613242063,0.0062776175640812,-5.317861874692734,0.0119059401426146,26.71702571049018,0.0116396806433553,2.327287568290928,0.0054071756154497,56.22128028612292,0.2770176078124993,3.5967883264854934,0.2409650014786682,67.46878077352036,0.0834707458240311,-0.4600482428132766,0.0476576055139603,1.0
10,50,0.0,2.0,2,6.491119299234823,0.005937690338211,-5.295900071770772,0.0108185152472653,26.71517386240017,0.0095935730109954,2.3204490674688416,0.0074005883667927,56.94798456653348,0.198505416587269,3.9468115497599072,0.1881375505712705,67.36648654354471,0.0763793872485309,-0.4209868770032722,0.0427943959052662,1.0
10,50,0.0,2.0,3,6.510824131744459,0.007496529540025,-5.316166747059796,0.0100077862184486,26.75037732717717,0.0108283590130826,2.3382542242500515,0.0053943611688646,56.17847124186628,0.2309285158512956,3.4686965286817406,0.2011097308279909,67.39082545680368,0.0758541124220898,-0.5383952167130853,0.0404370133625993,1.0
10,50,0.0,2.0,4,6.50398218528539,0.0076274271161364,-5.326899192595469,0.0098740510219856,26.747798800233397,0.0134005606120978,2.327742315519914,0.0074026108859307,57.21680846647625,0.2458921352776313,4.161646522750187,0.2422224283187775,67.44403914693116,0.0763491545813001,-0.5703584971482851,0.0393168114313524,1.0
10,50,0.0,2.0,5,6.490905604465278,0.0065277950958916,-5.334246752018627,0.0100415343037682,26.74175218507772,0.0128750734138604,2.3283899830014416,0.0064701975173113,56.733192441688814,0.2370069212033219,3.734146861877592,0.2109504472741743,67.58100640959701,0.092443309998293,-0.4102551441050243,0.0486668914663201,1.0
10,50,0.0,2.0,6,6.516935655811042,0.0056592914311085,-5.30420825798285,0.0112513905192453,26.726437110072368,0.0149963158117914,2.3216921281661276,0.0100039865173617,57.06775102514623,0.2810888887050742,4.3193096154624655,0.2583222857489135,67.50275861510539,0.0718737928562958,-0.4404422478965479,0.0441751829225235,1.0
10,25,0.0,4.0,1,13.491144947255444,0.0145837812837137,-23.53179915844019,0.0663212550558977,32.86296455393659,0.1395889351914856,-8.341371342088575,0.1468974431074738,247.60728915753415,1.2036465430455934,-0.5349005900032658,0.9198668059031267,183.64944358041743,0.6219978540638235,2.0786641449611745,0.4966015260623626,0.5
10,25,0.0,4.0,2,13.51867606501933,0.0160868837480054,-23.533285901318195,0.0751235074385357,33.06643314661959,0.1302020737259031,-8.18053486680075,0.1262568141552696,247.89161979398497,1.3118500381635851,-0.5801621475524825,1.1197418507104158,183.84921455142435,0.6770262549288498,2.3742056837862835,0.5329257612538449,0.5
10,25,0.0,4.0,3,13.47373311623833,0.0579683482575007,-23.439191363144865,0.0721156084878479,32.47023375640426,0.6156072919921505,-8.467021244379932,0.4566425443024007,250.31779191643136,1.7374479241734044,1.5784695934363626,0.885570467519231,184.2762591584,0.674219032839514,2.855066041401813,0.6258829174396097,0.5
10,25,0.0,4.0,4,13.555434436191302,0.012583408701175,-23.66950243680086,0.1282419794506356,33.08959913258307,0.1278908622157352,-8.172722987999233,0.1270258547422955,251.73546666664424,1.580240419408674,1.037680995744373,1.14675330987295,183.6458435039223,1.0970693090670278,1.895075839702029,1.0803145360041684,0.5
10,25,0.0,4.0,5,13.527603962827786,0.0166796277169687,-23.472166583682252,0.0730940708264794,32.89918111654556,0.1805006611888415,-8.2805898509982,0.1861625440429381,248.68646396565563,1.2788572959058906,-0.5114471153467279,1.0009888092885022,182.887357484732,0.7103711828541287,1.9865528436246631,0.5167660251331327,0.5
10,25,0.0,4.0,6,13.519950728189048,0.0167255328696073,-23.489963493878637,0.0785942951261039,32.64375191693919,0.17354687661235,-8.421093859349076,0.173739798618075,247.4392079645294,0.937779622281903,-1.4509574659276503,0.7108646266911812,183.67995774134653,0.644258411628111,2.741312170762776,0.4584174685876603,0.5
10,28,0.0,4.0,1,11.051765697008133,0.0268166967878206,-17.73860425948052,0.0664345744672478,29.997345954955357,0.2090510821931858,-6.609227853442469,0.2180975544440859,164.35390089429228,0.9623805709544418,-1.2605598558538411,0.902167561448694,155.16926548083742,2.070040274758603,1.8022018044312749,1.8166073311522928,0.56
10,28,0.0,4.0,2,11.020627762636304,0.0160549501125041,-17.720652146343546,0.0586943749849412,30.211712803577463,0.1672492505277666,-6.363445384295244,0.153020358766427,164.24415158516848,1.253449499047836,-0.9629615284803248,1.1753950481591555,153.99028152229138,0.934561465513012,0.6274264128031419,0.837177237065285,0.56
10,28,0.0,4.0,3,11.02002580518626,0.0171190629276934,-17.712827428702077,0.0679899846398717,30.051951188073836,0.1950782638620955,-6.537279853261938,0.1823475739080332,161.99001853254185,1.3316322160328409,-2.934225454640751,1.1799267389751462,153.92778864907396,0.547504826484163,0.128522636270778,0.5555597024667513,0.56
10,28,0.0,4.0,4,11.047216862874262,0.0163047410118331,-17.752942235745113,0.0558102323430419,30.07076895505239,0.1142542962333378,-6.476508645210396,0.109722489943902,164.87165033775975,0.9372472559706508,-0.9048381757571572,0.7691610198554648,153.41803530711658,0.8351806824437277,0.0494603423714832,0.7056696344879692,0.56
10,28,0.0,4.0,5,10.959983051358956,0.0358890035934577,-17.66737022674447,0.0738263220387952,29.672309213246024,0.2906727864003448,-6.826812324735885,0.2939007686866045,161.2882975892016,2.1059100319061383,-3.075633406085015,2.04141723830419,150.61586533180963,2.75836139385262,-2.3214901813166935,2.7570459269260237,0.56
10,28,0.0,4.0,6,11.039959140385143,0.0157539098323884,-17.67456358892712,0.0710090664746417,30.192571801743988,0.1608249420704968,-6.385089575570147,0.1501880515462746,163.42451508420623,1.2036073061509174,-1.508299997152363,0.9833275278797952,152.48472917199902,0.6790959120462978,-1.3232110078353596,0.5587504101462837,0.56
10,33,0.0,4.0,1,7.788880684577822,0.0190170680582796,-11.258310711021698,0.0486137540257606,25.97099280276969,0.1351234310203267,-2.7496256683057068,0.1331413114871777,106.85952369810892,0.9868933156697188,1.2261403883478743,0.8354059716490986,101.22283171183128,0.6450676546356191,-0.3597080434219752,0.566913548469403,0.66
10,33,0.0,4.0,2,7.797062843687977,0.0211227271764445,-11.212331538394556,0.0407652450350911,25.75407617087691,0.199467291340559,-2.9591034311147686,0.1933615847634868,107.24930513922934,0.9489194820123464,1.7941134302497133,0.9091404206527646,101.77101979283457,0.6244561926534188,0.1658988690500017,0.6371438787650178,0.66
10,33,0.0,4.0,3,7.768543198551136,0.015784509196611,-11.258614852742012,0.0409443536651023,26.055109781173098,0.139856707873209,-2.7539473608015412,0.1411478756674567,104.79016226234332,1.1559318032012562,-0.5270699567990487,0.997383487801826,101.62109431791087,0.7300216113482796,0.0941348347988254,0.6730373020615481,0.66
10,33,0.0,4.0,4,7.820378058951084,0.0197760625097242,-11.188438511243028,0.0451682698997043,26.241623292515925,0.1189360332585583,-2.4796258831625573,0.113014307243727,106.09664051323251,1.0163916148831773,0.2689175006682817,0.9228121953597606,100.00571551413692,0.5503296245431744,-1.2868238690410196,0.5316261244903973,0.66
10,33,0.0,4.0,5,7.81044472834157,0.0194716521874721,-11.151433964642871,0.0399448856870512,26.132265764633225,0.1486658593201238,-2.556845017504134,0.1565221740319114,107.61838336598866,1.471732782159537,2.2153169370202788,1.3683082301169638,101.49806890628506,0.8243778211478239,0.0285788232316947,0.7117660656682315,0.66
10,33,0.0,4.0,6,7.769901533467037,0.0158357634144047,-11.091013804274024,0.0551170118222975,26.264647512810264,0.1678190599184502,-2.419189940070141,0.1647325118118001,104.9869698696146,0.7936762456856545,0.3189262516180241,0.8320121232964355,99.07935730111129,0.7018817651764817,-1.775307597352634,0.6102614573572773,0.66
10,39,0.0,4.0,1,5.1985581852472516,0.0135423530442117,-6.8260973013336095,0.0384173648690837,24.002108613699736,0.0883261501300948,0.8487443656677556,0.0852862609762879,61.82515978004849,0.6149961392602282,1.755170593165212,0.5403182274752932,69.23159947452375,0.4844913289241519,-1.3702933536409907,0.4607253475874747,0.78
10,39,0.0,4.0,2,5.237947981296725,0.0145396419670756,-6.844683334601763,0.0370995072503029,24.117612785841708,0.0803523128443635,0.9107874362082696,0.075363491135331,64.28382922334295,0.5918407734009483,4.125184614243464,0.5195394901663272,69.8685098231946,0.6044326735834974,-1.4610027639717962,0.5085460998316034,0.78
10,39,0.0,4.0,3,5.195488673391319,0.009651966626722,-6.776263666633059,0.0341440188078308,23.915428105594877,0.0658128908286815,0.7716928360970041,0.076555270542914,61.76908020144525,0.7401207811417391,2.48085804714323,0.6617106983347044,69.55729552491576,0.6136923351708387,-1.3524156551025044,0.4723913253441877,0.78
10,39,0.0,4.0,4,5.2123651583816635,0.017228103888996,-6.843015206657746,0.0355516943819322,23.924878424506343,0.086413792344704,0.7559307034073759,0.091255653386029,62.27125595004891,0.685232671989038,2.1585353484362866,0.6863999727179128,70.36017854275107,0.5450608621060159,-0.9919674868712268,0.4237095292682228,0.78
10,39,0.0,4.0,5,5.203018986016968,0.0131764870383954,-6.732624286450236,0.0422483923733723,23.926844575110845,0.0645273628102553,0.7593777227067274,0.0554133401065351,61.68281975363995,0.6208592039103962,2.454729092924611,0.5385990472658394,68.74995995007365,0.6520948102613487,-1.6776502973373213,0.498550961700558,0.78
10,39,0.0,4.0,6,5.218073057525599,0.0228580549105143,-6.54719956268319,0.1498435831088669,23.733151832901655,0.1753790279678266,0.727082352341237,0.0764859456268958,62.64134408105417,0.8916489950660879,2.662475004923885,0.7945562758169706,69.15434453209438,0.5768609756654293,-1.6361395330701751,0.4415483919454381,0.78
10,44,0.0,4.0,1,3.78307346176983,0.008515538883839,-4.735211424204451,0.0285230334173664,22.992050838771497,0.0373332571605798,3.619332626996008,0.0307379573461921,46.474716315308726,0.5245148717497624,4.144310970360663,0.4785204558552958,42.90700731475257,0.2811670311934064,-1.1027255213006928,0.2084182252325321,0.88
10,44,0.0,4.0,2,3.799407307437452,0.0196376843281357,-4.580854535816085,0.0276040345425409,22.78363668132715,0.0395495013335205,3.435500232247507,0.0362985555346295,45.60233564301707,0.5736735950054302,4.126707243216385,0.5262870915436156,42.80145160921133,0.3682259569900474,-1.0906836152409702,0.3028890781945861,0.88
10,44,0.0,4.0,3,3.7525958120353,0.0106528518912719,-4.563160129461546,0.0351417541942287,22.8741335301472,0.0353289580730348,3.4736224937669404,0.0346077390841925,45.45011613677252,0.5379111123218577,3.637422966461392,0.4437114782882707,42.17348857266663,0.3226931165692283,-1.2786789322374932,0.2910095571099844,0.88
10,44,0.0,4.0,4,3.762950249446423,0.0091772722195951,-4.677796306074834,0.0223769343951677,22.811722126361996,0.0342590735794296,3.445062077030049,0.0282522428004565,45.4935437247683,0.4775673107045068,3.9163974764947342,0.4661486997036659,43.261495248798624,0.3196903534857677,-0.6764603961567045,0.2663920406828472,0.88
10,44,0.0,4.0,5,3.765947163780042,0.0111665271211282,-4.664026597248498,0.0233478924508643,22.863483233560498,0.046363613026669,3.4963683167551083,0.0340650571882099,46.76938824202361,0.5929614773725771,4.869610541892563,0.4853811245922817,42.4606692854181,0.2344385427343117,-1.167723788159873,0.1938435732686316,0.88
10,44,0.0,4.0,6,3.7602715214402807,0.0119236352963188,-4.588662076918245,0.0248817977098882,22.770161922788144,0.0408295360505936,3.4170859871708563,0.0404105176244361,45.609180835235335,0.5684814598413758,4.013384884987152,0.465812911590537,42.5936068619137,0.3116728913930195,-1.0148980640805392,0.2466177825653882,0.88
10,50,0.0,4.0,1,2.655656452897768,0.0110748022999463,-3.1870381482432757,0.024786467219689,21.35388245254891,0.0349311774312421,3.668367752917321,0.0206160937163927,25.412208764747493,0.3163302598607647,3.3337619394282383,0.279145255214047,31.95116905020607,0.2004496822611872,-1.2002004809203546,0.1397341936379401,1.0
10,50,0.0,4.0,2,2.61993856471998,0.0139617109994621,-3.0498796327425715,0.0484722014875159,21.255140132562843,0.0511932544034705,3.598833293946015,0.054598201829404,25.37358795853763,0.3443106049016979,3.2583466553893174,0.2544825057638797,31.453873063940257,0.4042554557537413,-1.0761625499199112,0.1620615785317447,1.0
10,50,0.0,4.0,3,2.6345353938173233,0.0083205301169671,-3.139791436047419,0.0292404950463778,21.32157826106207,0.049813841141373,3.666477215374935,0.0335831144513864,25.808515509764614,0.3029434098211553,3.772175520084157,0.2587442071855346,31.69260767970859,0.2349406761086107,-1.2059329022188865,0.1544068469514198,1.0
10,50,0.0,4.0,4,2.6399392232620658,0.0092030860768448,-3.1345584810092033,0.021985742079061,21.33989335323532,0.0388104062953437,3.7109786562517,0.027101947269205,26.315270133117416,0.2882828580190303,4.043381223828551,0.2302018119711296,31.60502540459861,0.2144695057645678,-1.3364750001360242,0.1567956497894345,1.0
10,50,0.0,4.0,5,2.638060346979509,0.0094708655375655,-3.1868929158864434,0.0191075935417504,21.345635210760612,0.0392559372330138,3.7137934120880502,0.0302109756163499,25.430530368427743,0.3357140053527316,3.4543765735249052,0.2885297910847731,31.780035414701096,0.2906735986828738,-1.125911606720178,0.1938648344402166,1.0
10,50,0.0,4.0,6,2.6542807160359763,0.0072708311027969,-3.136801896580485,0.0255518823659015,21.344832357476843,0.0318230940462689,3.663584898621312,0.0213882538141491,26.368255457152713,0.2850031370290765,4.101581282106009,0.2929193501745037,32.01295243555854,0.2021507995093079,-1.0228600835946455,0.1204236108930403,1.0
10,25,0.0,6.0,1,8.524844634535569,0.0218641721965178,-18.903567196425172,0.0833247895578439,27.777090791385113,0.4105962592871105,-7.099599518244884,0.4263032279647256,173.49240263362066,2.05263308574854,-2.921392844450388,1.952881355938612,136.656948315931,1.3209400292276914,-0.7049818644448897,1.138778996395909,0.5
10,25,0.0,6.0,2,8.509055887759619,0.026863918650067,-18.622424729387937,0.0995102442405681,27.09269136737172,0.4397370582800434,-7.570808858572872,0.4121884667538169,169.29740647322288,2.418702864231794,-4.748077568644831,1.7443349968713802,139.65232758932763,1.276190469857559,2.9326729268780296,1.1453858846681158,0.5
10,25,0.0,6.0,3,8.463328420093202,0.0207128165599787,-18.71182734041945,0.0971054961854195,27.150526418423382,0.308510898656227,-7.508385325924829,0.2971263300086635,169.97710087462434,1.6813292266520945,-4.432485408398888,1.4900808010704605,138.20537540914282,1.141047378837721,1.7150546946207317,1.127882340901228,0.5
10,25,0.0,6.0,4,8.498692061413454,0.0202249534830681,-18.823025789204426,0.0998813650760204,27.056134093565344,0.3477831277425641,-7.672272213424542,0.3397602617182671,168.68104842898066,1.6302562939894871,-7.045767089373925,1.5431729681045885,137.42201423852606,1.3135892308065855,0.3628580675992442,1.1372320430388323,0.5
10,25,0.0,6.0,5,8.520180475329973,0.0247531133133776,-18.773927606142937,0.1036390305620546,27.18170243104216,0.6097243264964636,-7.592766920879202,0.595024848245911,171.05570050851694,2.447474704214615,-3.9664947783252074,2.119266675134654,135.87299297690834,5.619758145405833,-1.4128244137050805,5.526135455124879,0.5
10,25,0.0,6.0,6,8.52678087594347,0.0382157670666588,-18.313774507606983,0.3421121339658414,27.011901464209235,0.4280705729404157,-7.306424897489663,0.4383028220691697,172.54163711809855,1.71194223539375,-2.5818494193523,1.7504123048675215,140.41732785228075,2.4752836239437013,2.951256561127935,1.5437885327114196,0.5
10,28,0.0,6.0,1,6.90040653358744,0.0234778139305259,-13.113743792702133,0.0824194097331151,24.36913169450269,0.3072828381996569,-5.6398623649421085,0.3108665444116152,111.05883145422726,1.5779366241314596,-0.3837525546022585,1.4270472168818709,106.65733356814944,1.7569460758852191,-2.147696346230518,1.7616286839950934,0.56
10,28,0.0,6.0,2,6.886153598003817,0.0247856374790108,-13.193415701425817,0.1172967611619129,24.349924334893792,0.2715184928176914,-6.033440202056674,0.2739309898692015,107.94246110275472,1.8701313218988385,-3.5641176505044228,1.7361462852554346,107.10356599989322,1.6056246575378257,-1.5011543633312692,1.4684854286475115,0.56
10,28,0.0,6.0,3,6.962519616111966,0.056577461025275,-13.230164176849012,0.1078571278161269,26.496471179073115,1.750808542357449,-4.1906133651873905,1.30951746586391,107.12711536929692,1.831150209313409,-4.571354806639912,1.8481305194848547,97.1861232991554,13.876657207177532,-8.299215050833748,11.079675446881218,0.56
10,28,0.0,6.0,4,6.923645177103401,0.0221809126240035,-12.981529660871468,0.0763347811764052,24.68793283276235,0.3432760512732244,-5.388205317862116,0.343709631404794,107.945235875997,1.5642240668482663,-3.696749827241644,1.457682409972096,106.2574449520036,1.15295015069014,-1.040790305708258,1.0898867245238466,0.56
10,28,0.0,6.0,5,6.910103807982367,0.0210622327248802,-13.103466943061203,0.0724588530119306,24.393194095763317,0.3249682802914784,-5.979164948071599,0.312996441631186,109.0409771552927,1.4343519179991866,-2.049320269742041,1.4194247694908186,107.41790219697066,1.2723879416638637,-0.7161595649350551,1.2220517633265986,0.56
10,28,0.0,6.0,6,6.915082780614187,0.0224900740360202,-13.151895916782298,0.1183947097089612,24.94873774886092,0.3536046792379705,-5.416332649383718,0.3451949813059948,109.40041160530966,1.740738372220014,-2.276709714616244,1.676767754440277,106.61764528656612,2.441784897603912,-1.5925369857605491,2.2220850678033854,0.56
10,33,0.0,6.0,1,4.8130737570169275,0.0223012076581319,-7.392154158902955,0.1022983242611122,21.88285180395452,0.3170404824692259,-1.5337844945912325,0.4747699205535123,60.01675045618165,1.34423692140967,-4.8812368968641975,1.4543557055780487,67.88079536778892,1.332440771982491,0.3213245179110072,1.2165158171112584,0.66
10,33,0.0,6.0,2,4.867548465346223,0.0210637832626139,-7.293893219951277,0.0824635235502511,21.611276357146807,0.2348594237569471,-2.3268811086345993,0.2485416281069508,64.88605662906839,1.691997775918915,0.5192549246674398,1.4668953437201957,66.2074841898187,1.0915371510705896,-1.1667424641121606,0.9710825678868332,0.66
10,33,0.0,6.0,3,4.800328809390614,0.0167280445451998,-7.475284857101665,0.0735419239505747,21.156788043097382,0.1902314235725833,-2.621482656581291,0.2090129218804408,66.77038277604109,2.0354831642626103,1.6491302178226,1.579134398604778,65.90719251300814,1.1013594791817063,-1.4772626503042328,1.0584013363959206,0.66
10,33,0.0,6.0,4,4.860304844704958,0.0161634343800973,-7.60715895927134,0.1028833016357707,21.683415885708904,0.3483413654116021,-2.395943125099442,0.4637217478112193,65.22667692452164,1.96373972900106,-0.3402274783220018,1.210253026529726,68.23644523372329,1.370286821962436,0.383707890656341,1.1637416164318275,0.66
10,33,0.0,6.0,5,4.836839530630475,0.0265547161549983,-7.347143443432175,0.0806262727039449,21.604355416854222,0.2698311545693567,-2.1922603467643107,0.2765915636059103,64.2444298619797,1.217513486745411,0.7887813523956251,1.2027004815734632,65.19502910471981,0.7817327844907327,-1.7761297184648384,0.7322345961986978,0.66
10,33,0.0,6.0,6,4.871533113202697,0.0274109356861979,-7.102530921028615,0.1407630691213064,21.64177684404796,0.2627131295101958,-2.0553981403712895,0.3491103936013203,63.8597231173036,2.4457976246774944,-0.9065009539903623,1.3370795262755533,67.37545795289071,1.4945539406547046,0.9145865164687086,1.123235985857961,0.66
10,39,0.0,6.0,1,3.09129078109974,0.0210614181901871,-3.907100513899696,0.0612898680627439,20.298089758382694,0.3757928472930956,1.3432054479799016,0.2879365569072363,34.285213986230055,1.107191385429375,2.0835459132234617,1.0156044193737654,40.713551725885566,0.8142050482651937,-1.127339157763626,0.629730703666401,0.78
10,39,0.0,6.0,2,3.0968905052710705,0.0146448640145384,-3.928631256857205,0.062355696621795,19.518093667152545,0.3877175982277631,0.8831424521090444,0.312744091147174,32.94965312412703,0.8430448852895203,0.020955480051384,0.915622710707134,40.22560815071001,0.6551703031717817,-1.0302931601143617,0.5501792899250899,0.78
10,39,0.0,6.0,3,3.0896010468669077,0.0168468890644665,-3.951157772373372,0.0562401151681486,19.71740593065217,0.1428256134005841,0.9209661681251824,0.1445412891068496,33.077163052138836,0.8284195637979395,0.9123240426037638,0.8179195262956279,40.32662710447409,0.7170396480573745,-1.4654568561512231,0.6986002965675033,0.78
10,39,0.0,6.0,4,3.1336408278339145,0.0141699023353313,-4.124047988017918,0.0633214651447248,20.038146471763543,0.1895121036223173,1.100213695798139,0.2053697569823556,36.64406125605109,1.2129255049471372,3.596497053350501,1.101482971078079,40.4005937006011,0.8271713801100129,-2.357785065766147,0.7406785632584284,0.78
10,39,0.0,6.0,5,3.1110194185985875,0.0176017620398013,-4.001304012146853,0.0593179273949884,19.86485714796693,0.1280260212121709,1.2271709933565278,0.1239607455341779,34.044858937634466,0.9265426927603144,1.9302520525619804,0.774614639105836,40.6838123451537,0.6689888426983104,-1.5454006577350907,0.6104129351271699,0.78
10,39,0.0,6.0,6,3.110119185963442,0.015036311765901,-4.125133222225163,0.0494786768001781,19.980379817380435,0.1166261473551322,1.110255067256544,0.1247058280692683,33.62839042922262,0.7585516971630616,1.3234579770396575,0.6947106751499221,40.318323150064145,0.8011335997980856,-1.6882207009978096,0.6947764604676199,0.78
10,44,0.0,6.0,1,2.119559626573571,0.0115203074658484,-2.537907529108006,0.0416341705739945,19.05775231656204,0.096511751285307,3.357804796869465,0.102986042054356,24.06468214270136,0.6187676150994879,3.1454617772872084,0.5341237555063415,24.795579482916345,0.3989411256268064,-0.8551468053304749,0.3550200603164647,0.88
10,44,0.0,6.0,2,2.1051827780477135,0.0134854088982316,-2.512570384225074,0.0572365307661113,19.111029311207325,0.1222918151747836,3.397981318661249,0.1560322679013143,23.89833076213171,0.9769225728517568,2.7887249123479947,0.5776498815354443,23.84770290972167,0.864862095195035,-1.7324595732560824,0.7069607368310871,0.88
10,44,0.0,6.0,3,2.1294374604613693,0.0193292240318021,-2.485203921412622,0.0607337628460574,18.905728390848452,0.1081541502264099,3.1569985700437155,0.0952734310847018,24.323318062736544,0.8105991757266023,3.485897370257831,0.6759861169456827,24.9844766670415,0.5079451362130648,-0.2092657429399884,0.3994692077250165,0.88
10,44,0.0,6.0,4,2.1043855133501936,0.0129780362352069,-2.467050781066775,0.0470812912378149,18.695897398928565,0.1336815814306172,3.0980222188359017,0.1120524438117943,23.528795833130243,0.7484971798710351,2.945202371580508,0.5548598574207539,24.122811834597297,0.399750984371569,-1.0544099013862258,0.3581753576567943,0.88
10,44,0.0,6.0,5,2.1003298554010867,0.0193075853827895,-2.441523541172425,0.0750436904863902,19.03740252069528,0.1437889464057564,3.3045946056432003,0.111868615001603,26.183965051718012,3.1645949861384497,3.2276755379835604,1.223690711867644,24.58099667326959,0.431342090972884,-0.8874964986187519,0.3707263965724735,0.88
10,44,0.0,6.0,6,2.128949626621136,0.0116523992064385,-2.596070154481371,0.0441312316699053,19.042215737229508,0.0779175571509908,3.3933933394239757,0.0866128041607994,24.46465200792028,0.9033626820683645,3.025181264389775,0.7871464244943324,26.37303909708901,0.747925919958096,0.3850245885000822,0.5608254811184207,0.88
10,50,0.0,6.0,1,1.2882783829731663,0.0134062553030355,-1.4495428132665835,0.0622017639297901,17.20106583051227,0.1507214458652807,3.55863561629499,0.1473879109820519,15.411330822001045,0.3538448273808905,3.5117263926270916,0.2771670383354607,14.89454298378613,0.4017026782732727,-1.005118012438538,0.2572060647473649,1.0
10,50,0.0,6.0,2,1.3038486704215324,0.0096363447208892,-1.515816767090327,0.0505162795614217,17.209923151621233,0.0986552624999672,3.595441463092052,0.1143156230482784,14.737527896824767,0.2874794561116838,3.056888523789406,0.2260376758605424,15.287484647205346,0.4316473812183807,-0.8460127283770376,0.3678949043090906,1.0
10,50,0.0,6.0,3,1.2883922622178727,0.0135142417361702,-1.4784811931564477,0.0619805821162988,17.129746634069907,0.1321188838386179,3.518339879099059,0.1314458292803892,14.999517089773573,0.459427930658552,2.9941452498726973,0.3690383167097942,15.336563403955932,0.3777902100438719,-0.4668740916663373,0.2524766723510662,1.0
10,50,0.0,6.0,4,1.293566547176451,0.0123204066729307,-1.43602004965947,0.0421258985253985,17.232282418766847,0.1463615804224304,3.509125501063661,0.1005235437224235,14.237949818929213,0.5577859239678746,2.9266695062876216,0.3803489101737771,14.71805831760364,0.4466893329240063,-1.0174845287598786,0.2616506575624615,1.0
10,50,0.0,6.0,5,1.2873210477282488,0.0117882978001645,-1.4765892132637408,0.0575964402207421,17.123347352064208,0.1067132157477897,3.5733777685935735,0.1030721083464789,15.40107872231814,0.4249819043096195,3.3456810758925046,0.2978110895485951,15.009038020925487,0.3111325065612227,-1.087965572181303,0.1995702646926512,1.0
10,50,0.0,6.0,6,1.285245121798206,0.0131220654478657,-1.4169256567825577,0.0623619119767869,17.052825166118005,0.1347705897990886,3.4077264079084015,0.1316505603781455,15.02819011669806,0.3240631924515358,2.6442570243358823,0.224634220338699,14.835083110818164,0.6463146535743645,-0.8091211356362406,0.3321393369992367,1.0
10,25,0.0,8.0,1,6.200639367561764,0.0278000686830661,-15.004657378987613,0.1411826789469402,24.724033551387116,0.7958385472730235,-6.343738845318699,0.7833858289523671,123.2327629697807,2.8001286377063987,-7.475426958367478,2.3873845550065043,114.06764321011296,3.753664559635927,4.752333705113997,3.8475843125229705,0.5
10,25,0.0,8.0,2,6.206649663918569,0.0239208740744697,-15.327566866246148,0.1724963800051076,24.116863891776564,0.7263799686662018,-7.288690521323057,0.7075697352309105,119.626179832674,3.4260844916545716,-12.09702508584964,2.9315611754108835,113.25846380069451,2.089316415154593,1.8342897752520653,1.8936406777907688,0.5
10,25,0.0,8.0,3,6.19565905455371,0.0282794029748577,-15.012479033781156,0.1333842755182732,24.504814962337697,0.6636317225089984,-6.316230991491119,0.609049774954,123.3274970482958,2.771883889167155,-7.20604757367082,2.6047038240246754,116.48016208515814,3.5074181706364485,6.583702673178929,3.2635425387546446,0.5
10,25,0.0,8.0,4,6.134372855243693,0.0547899722858957,-15.22498274577558,0.1592069504404751,23.740616380852195,0.7744920663988298,-7.512427083788583,0.7791086593439851,127.61083652710128,5.193751745102652,-3.24365661563733,4.749467763421058,112.50697410610071,2.6578202135165827,1.7890337730903965,2.0876951128530368,0.5
10,25,0.0,8.0,5,6.1356954428237005,0.0500162246816018,-15.1245918714746,0.1532369565977196,22.951233205986505,0.8048234730910647,-8.250375220043471,0.8457604773511842,130.70275318660384,8.04484467844071,-1.6512532316042026,7.402635769961091,113.99696731709136,3.4323424656740418,2.748545204463678,2.56004198621597,0.5
10,25,0.0,8.0,6,6.202266347354514,0.0255317417611521,-15.294711191996678,0.1129421835919601,23.828156558452076,0.5702396429520892,-7.110373812029474,0.5550071005684634,125.2625579228123,2.418289124470843,-7.561907673002968,2.352598493727962,111.1322312165168,2.390146033949316,1.0735093220609184,2.475965825865058,0.5
10,28,0.0,8.0,1,5.040237527004847,0.0257032316517422,-10.278807517301956,0.1013264338103301,20.51451446433422,0.9962509394925524,-6.341356036011756,0.8919438713055096,78.64112490481224,3.968173191419013,-3.504178398904725,3.9783131286402686,84.17525737709862,2.074359874755718,1.4713924202673376,2.0002039458372747,0.56
10,28,0.0,8.0,2,5.052215124912025,0.0311205220338326,-10.37659392958584,0.1765393199800256,22.019105689392624,0.6485126351092559,-5.075186201935629,0.7314638779259071,76.72054503126311,3.4468184333076484,-4.227880094120892,3.1683120739501516,79.0398189429853,2.726745381314835,-5.196646222708617,3.1716142937105114,0.56
10,28,0.0,8.0,3,5.098562716726581,0.0289233027564643,-10.168766088353149,0.1399978150340334,20.543992442991577,0.6402661790020856,-6.293262538889378,0.6218471123813863,81.93479176155128,2.1133354485982014,-0.7994311903527155,2.1310435419211347,82.99946704657806,2.139273155640508,-0.333472393965285,1.9134935438484608,0.56
10,28,0.0,8.0,4,5.066935235049108,0.0243399568235083,-10.296483456077995,0.112129203616096,20.7187540658237,0.6989095295195438,-5.927703237617115,0.7289250999327744,79.59422840388099,2.3322748835629747,-4.836420151061994,2.8066490107070186,79.56433242907185,2.613769168903867,-4.195571940267988,2.7007920449948952,0.56
10,28,0.0,8.0,5,5.093130142601704,0.0517857253259233,-10.132856741894887,0.1157214348477959,21.41976590348878,1.166915542285084,-5.377318105371174,1.0802026136617475,74.31134000214105,3.46137937631747,-8.464805061868478,3.2563196626733903,82.20592380090662,2.154564742205397,-1.880089981611969,2.045974649494824,0.56
10,28,0.0,8.0,6,5.115550331663816,0.0325823029131735,-10.054032466289438,0.0867010253285277,23.0883670644521,0.924581033310556,-3.9682796287851247,0.8739421251242303,79.1014541555506,2.860109099104442,-2.52746962017154,2.6844577476322034,82.03950937063648,2.079089938315553,-0.7056610710433295,1.740456410000192,0.56
10,33,0.0,8.0,1,3.6072638765696463,0.0257019477464551,-5.533836293976671,0.0931350595233441,19.07305401786568,0.5331876069195685,-1.89441271674922,0.4097016945177539,42.46695152488998,3.694775508024541,-1.573420506570875,3.032684958217081,52.266594164746,2.865999432537916,1.2162153808508385,2.2936722549210806,0.66
10,33,0.0,8.0,2,3.6329768120630335,0.0375008050083509,-5.159416873385635,0.1028802703010903,19.015671872638073,0.4843424120779568,-2.4057667345027345,0.5151210532253553,39.69527950333233,1.9860254869446556,-1.9938835476600152,1.578888497427592,48.5435172827021,1.6689004626157118,-1.5634372747156582,1.8388008950507415,0.66
10,33,0.0,8.0,3,3.692342711572488,0.1461168792890237,-5.3522934117912175,0.1322140383129741,20.15557900814536,1.5245605756826033,-1.1366109019869295,1.3184702141675273,45.64399753968142,3.534301818832498,-0.5494328529595223,4.67467712498676,55.49256165617757,6.181062112648467,4.117892324994892,4.704408487373134,0.66
10,33,0.0,8.0,4,3.58730039913588,0.0234385242370592,-5.4054761287315305,0.1660083863519559,18.868829940693455,0.4383442907204019,-1.7725504222846211,0.4523824906813136,44.68889851623969,2.4180453044276344,0.3451284769052439,2.1656035435412218,48.66998770936626,1.402335490367584,-1.2055881675015532,1.794542078479211,0.66
10,33,0.0,8.0,5,3.559856349038774,0.0257092891691311,-5.235679165642024,0.1035624434256608,18.16674993428801,0.4661796277792863,-2.8098645097290396,0.5155327171827723,41.2952085095187,1.4831241961003094,-1.3927234522829308,1.2012616841234498,52.5811549882193,2.1329947040135746,2.0796172424336725,1.8529243560372353,0.66
10,33,0.0,8.0,6,3.592289530760868,0.0338221970577274,-5.491804626636937,0.0940540505742758,18.98755152785991,0.504802317359452,-2.022462717082304,0.4807354629580542,41.995167259022395,1.7527690814610193,-1.8261577101105,1.556335931412851,47.32743303214006,2.5159020212857848,-3.511148957687135,2.2598018084590827,0.66
10,39,0.0,8.0,1,2.281275518213154,0.0202976116830579,-2.69198843129412,0.0792890419191584,17.33962650564137,0.204986763173784,1.0745668551730283,0.2544449334271262,25.598429218007613,2.1084019342527425,4.490734528824246,2.6855886304032524,25.955344958215488,1.7851250588959997,-1.87899267687077,1.291970492242089,0.78
10,39,0.0,8.0,2,2.224535989227477,0.0219334900306867,-2.6515397593287324,0.0880927593350082,17.419263740240858,0.2536436721820559,0.9861924671752492,0.2539290657474219,22.206743481063636,0.9277952422458026,1.5597958659515343,0.8954288895948805,28.32732447312233,1.4540464667918314,-1.1793559611426594,1.2305549580374464,0.78
10,39,0.0,8.0,3,2.267757615053757,0.0214051403510961,-2.7556255635209306,0.0804716679176852,16.988392347681103,0.3276749120454628,0.7076214055882071,0.2647531167043992,22.633253679384847,1.103836363807843,1.148819973096843,1.0954206906006905,30.60126930357105,4.33488275806612,1.9629145871681517,4.387143438692547,0.78
10,39,0.0,8.0,4,2.2466101195677743,0.0139055323754706,-2.8163568869907243,0.1025442595398181,17.035131933507618,0.1787993414508301,0.5957959803501127,0.1931370049822361,21.108291996135794,0.8322544655617928,0.0136540748864366,0.6608151214641194,28.16044130891198,1.4994611151408432,-0.6203021936540963,0.8633578866773456,0.78
10,39,0.0,8.0,5,2.248112191986763,0.0147250951990714,-2.8333088605374384,0.0893147406784873,17.15158342366392,0.3772877412904964,0.8118808049034183,0.3172419363535571,20.79858563177696,1.1155513771255348,-0.9009491948287488,1.192134547540144,28.43814693410643,1.5388272116110704,-0.2455676542512728,1.3407092927541893,0.78
10,39,0.0,8.0,6,2.2160268506717657,0.0162398253596702,-2.670257327632926,0.0771153433006693,16.7511801359008,0.2833051461041642,0.3596633467556329,0.2624630344101471,22.379748535150423,1.4370259185064669,0.6545084594665348,1.307413655145509,29.80689791836611,1.0668568592411678,0.6059537714600476,0.9762058870288104,0.78
10,44,0.0,8.0,1,1.4318556194237575,0.0119261848217501,-1.5924829926418356,0.0632711640714938,16.252612661012325,0.1670447797652384,2.9918350047373052,0.2195031963783784,16.94059325656978,0.8245419740633523,3.086711711871563,0.6592923064249864,15.862001057752355,1.0615793250504422,-2.120578106952027,0.730878363963317,0.88
10,44,0.0,8.0,2,1.4337373986666,0.013755547468432,-1.6790518871953268,0.1676208834147171,15.92944081986568,0.3346224915262083,2.208733659644899,0.3391370953738431,19.105080535567925,2.523630225155563,3.7216157411071378,1.0304904249070097,16.426912818947905,0.7414642593719273,-0.3433275397751137,0.7154331072385606,0.88
10,44,0.0,8.0,3,1.4253464422828528,0.0122566356860816,-1.277852925423578,0.0706168667238621,16.255657407824298,0.1917888068186388,2.3689432602438965,0.2074411149097181,13.789991057555849,1.884698278534222,1.1722831651012635,0.7052900164172607,15.109600211359275,1.1618335819341477,-1.3947043644315378,0.856260554099578,0.88
10,44,0.0,8.0,4,1.4270279796003331,0.0116051595385893,-1.7397238147964411,0.0670747851618028,16.27765277768532,0.1190764514163169,2.6120716633184307,0.553095392239197,16.199595961077016,0.8006071667037897,2.6548932892032377,0.719656624118758,16.51873256628217,0.7109077005266952,2.1010803196693937,2.7583349109182445,0.88
10,44,0.0,8.0,5,1.4661827945499328,0.0183274170004703,-1.5756925580279084,0.0607783704974398,16.003469053455536,0.2016007595442244,2.706598594647332,0.1905277508907471,15.058763036176453,1.6180759857557694,1.1475351629590702,0.8552521474975627,16.871077611398725,0.5211259587480191,0.2909133994252037,0.5069419511309338,0.88
10,44,0.0,8.0,6,1.4284928213802397,0.0159724756168047,-1.3135628160515247,0.1085107262822106,15.856568384079912,0.17828917702163,2.433531177301487,0.1888523096931629,15.213931025389428,1.5884567263952332,1.424762731647369,1.4647031142339224,15.854737667926662,0.982449016563339,-1.1456229267401266,0.8042877486740067,0.88
10,50,0.0,8.0,1,0.728995270254957,0.0125862239530431,-0.7101253238038485,0.0481508774753233,14.157839089929308,0.1719657331508532,2.6605241197444416,0.148914753960386,10.902464822796718,0.6812827608357521,2.36687682946165,0.3754890180876995,9.017173326351765,0.4811700091882305,-0.316762556384783,0.2431921047381403,1.0
10,50,0.0,8.0,2,0.7514300556046832,0.0103907504664242,-0.7384643453763859,0.0495891442284873,14.561788274348157,0.1571762040257059,2.678732161068062,0.1889274888730472,11.97507158759458,0.4604289224259526,3.0440574784077485,0.3172246172395417,8.039004609469691,0.4703236276303892,-1.3170781412898702,0.3639003572728602,1.0
10,50,0.0,8.0,3,0.7230675896378266,0.0093762522600218,-0.7988316837896767,0.0569674404611814,14.18837273803884,0.1622719889351761,2.902725184399247,0.1908905052743258,11.7548183657991,0.4260586973597643,2.8463939185498215,0.3322345548553448,8.209959270739978,1.0171982217235664,-0.7428839480302051,0.365296178666492,1.0
10,50,0.0,8.0,4,0.7253130220816055,0.0144230378721807,-0.779749214753469,0.058423000416723,14.836406853790914,0.1998727281883326,2.9910604351679417,0.1494470423270889,10.78904960437786,1.355728751080958,2.697999554103403,0.3704764223861398,9.70743276933788,1.5438939426384422,-0.6909102973162048,0.4495907143064746,1.0
10,50,0.0,8.0,5,0.743206255916844,0.0090478636626891,-0.7649759781448828,0.054314581737192,14.52656640068554,0.1653926801206793,2.9166289766982443,0.1654672666092248,13.132679338362788,0.9889045913745396,3.732729097373029,0.8328083823718605,9.816671354142365,0.931683555095962,-0.2113178314619832,0.4143825290525479,1.0
10,50,0.0,8.0,6,0.7440720320591433,0.0127820567412712,-0.8700243685448756,0.0499475080406673,14.561218466648246,0.1631353962939506,3.21171836988126,0.1752672154089159,13.07023059964514,0.4207808031152609,3.865741305288317,0.3194538672345189,7.584845242999163,0.5242965968594465,-1.6226345258624348,0.2675749548140896,1.0
12,36,0.0,0.0,1,121.0051938499623,2.2469334198890887e-15,7.780442956573098e-15,7.533093526432464e-16,109.3060408813335,1.1234667099445444e-15,1.076827516044432e-13,8.899352754024795e-16,901.9402332182732,2.6661926766697827e-14,-1.9326762412674725e-13,1.9722393296043583e-14,482.25007225511433,1.2050771282277911e-13,2.965450107694778e-13,3.428795321277126e-14,0.5
12,36,0.0,0.0,2,121.0051938499623,2.2469334198890887e-15,7.780442956573098e-15,7.533093526432464e-16,109.3060408813335,1.1234667099445444e-15,1.076827516044432e-13,8.899352754024795e-16,901.9402332182732,2.6661926766697827e-14,-1.9326762412674725e-13,1.9722393296043583e-14,482.25007225511433,1.2050771282277911e-13,2.965450107694778e-13,3.428795321277126e-14,0.5
12,36,0.0,0.0,3,121.0051938499623,2.2469334198890887e-15,7.780442956573098e-15,7.533093526432464e-16,109.3060408813335,1.1234667099445444e-15,1.076827516044432e-13,8.899352754024795e-16,901.9402332182732,2.6661926766697827e-14,-1.9326762412674725e-13,1.9722393296043583e-14,482.25007225511433,1.2050771282277911e-13,2.965450107694778e-13,3.428795321277126e-14,0.5
12,36,0.0,0.0,4,121.0051938499623,2.2469334198890887e-15,7.780442956573098e-15,7.533093526432464e-16,109.3060408813335,1.1234667099445444e-15,1.076827516044432e-13,8.899352754024795e-16,901.9402332182732,2.6661926766697827e-14,-1.9326762412674725e-13,1.9722393296043583e-14,482.25007225511433,1.2050771282277911e-13,2.965450107694778e-13,3.428795321277126e-14,0.5
12,36,0.0,0.0,5,121.0051938499623,2.2469334198890887e-15,7.780442956573098e-15,7.533093526432464e-16,109.3060408813335,1.1234667099445444e-15,1.076827516044432e-13,8.899352754024795e-16,901.9402332182732,2.6661926766697827e-14,-1.9326762412674725e-13,1.9722393296043583e-14,482.25007225511433,1.2050771282277911e-13,2.965450107694778e-13,3.428795321277126e-14,0.5
12,36,0.0,0.0,6,121.0051938499623,2.2469334198890887e-15,7.780442956573098e-15,7.533093526432464e-16,109.3060408813335,1.1234667099445444e-15,1.076827516044432e-13,8.899352754024795e-16,901.9402332182732,2.6661926766697827e-14,-1.9326762412674725e-13,1.9722393296043583e-14,482.25007225511433,1.2050771282277911e-13,2.965450107694778e-13,3.428795321277126e-14,0.5
12,40,0.0,0.0,1,105.6107810876142,2.161031364628563e-15,-1.7098322757647118e-13,6.527945226854524e-16,81.36946039872105,0.0,9.183764859699296e-15,8.179491563214626e-16,780.5407221489468,1.9484942300781095e-14,-7.601741458529434e-13,9.626134913918203e-15,466.01428319642775,0.0,7.140954494389007e-14,2.708813134198032e-15,0.5555555555555556
12,40,0.0,0.0,2,105.6107810876142,2.161031364628563e-15,-1.7098322757647118e-13,6.527945226854524e-16,81.36946039872105,0.0,9.183764859699296e-15,8.179491563214626e-16,780.5407221489468,1.9484942300781095e-14,-7.601741458529434e-13,9.626134913918203e-15,466.01428319642775,0.0,7.140954494389007e-14,2.708813134198032e-15,0.5555555555555556
12,40,0.0,0.0,3,105.6107810876142,2.161031364628563e-15,-1.7098322757647118e-13,6.527945226854524e-16,81.36946039872105,0.0,9.183764859699296e-15,8.179491563214626e-16,780.5407221489468,1.9484942300781095e-14,-7.601741458529434e-13,9.626134913918203e-15,466.01428319642775,0.0,7.140954494389007e-14,2.708813134198032e-15,0.5555555555555556
12,40,0.0,0.0,4,105.6107810876142,2.161031364628563e-15,-1.7098322757647118e-13,6.527945226854524e-16,81.36946039872105,0.0,9.183764859699296e-15,8.179491563214626e-16,780.5407221489468,1.9484942300781095e-14,-7.601741458529434e-13,9.626134913918203e-15,466.01428319642775,0.0,7.140954494389007e-14,2.708813134198032e-15,0.5555555555555556
12,40,0.0,0.0,5,105.6107810876142,2.161031364628563e-15,-1.7098322757647118e-13,6.527945226854524e-16,81.36946039872105,0.0,9.183764859699296e-15,8.179491563214626e-16,780.5407221489468,1.9484942300781095e-14,-7.601741458529434e-13,9.626134913918203e-15,466.01428319642775,0.0,7.140954494389007e-14,2.708813134198032e-15,0.5555555555555556
12,40,0.0,0.0,6,105.6107810876142,2.161031364628563e-15,-1.7098322757647118e-13,6.527945226854524e-16,81.36946039872105,0.0,9.183764859699296e-15,8.179491563214626e-16,780.5407221489468,1.9484942300781095e-14,-7.601741458529434e-13,9.626134913918203e-15,466.01428319642775,0.0,7.140954494389007e-14,2.708813134198032e-15,0.5555555555555556
12,48,0.0,0.0,1,83.30868830245194,2.1018137570293106e-15,-1.6004975122996263e-14,1.1028408112963101e-15,72.72962307275498,1.004859173557616e-15,-5.753619802817411e-14,1.2665779282177618e-15,505.4523006796277,1.4944387790119833e-13,-1.752908929120167e-13,2.874782280893098e-14,429.9591169815294,6.112319729142702e-14,-1.9433343823038742e-14,2.3326014596983713e-14,0.6666666666666666
12,48,0.0,0.0,2,83.30868830245194,2.1018137570293106e-15,-1.6004975122996263e-14,1.1028408112963101e-15,72.72962307275498,1.004859173557616e-15,-5.753619802817411e-14,1.2665779282177618e-15,505.4523006796277,1.4944387790119833e-13,-1.752908929120167e-13,2.874782280893098e-14,429.9591169815294,6.112319729142702e-14,-1.9433343823038742e-14,2.3326014596983713e-14,0.6666666666666666
12,48,0.0,0.0,3,83.30868830245194,2.1018137570293106e-15,-1.6004975122996263e-14,1.1028408112963101e-15,72.72962307275498,1.004859173557616e-15,-5.753619802817411e-14,1.2665779282177618e-15,505.4523006796277,1.4944387790119833e-13,-1.752908929120167e-13,2.874782280893098e-14,429.9591169815294,6.112319729142702e-14,-1.9433343823038742e-14,2.3326014596983713e-14,0.6666666666666666
12,48,0.0,0.0,4,83.30868830245194,2.1018137570293106e-15,-1.6004975122996263e-14,1.1028408112963101e-15,72.72962307275498,1.004859173557616e-15,-5.753619802817411e-14,1.2665779282177618e-15,505.4523006796277,1.4944387790119833e-13,-1.752908929120167e-13,2.874782280893098e-14,429.9591169815294,6.112319729142702e-14,-1.9433343823038742e-14,2.3326014596983713e-14,0.6666666666666666
12,48,0.0,0.0,5,83.30868830245194,2.1018137570293106e-15,-1.6004975122996263e-14,1.1028408112963101e-15,72.72962307275498,1.004859173557616e-15,-5.753619802817411e-14,1.2665779282177618e-15,505.4523006796277,1.4944387790119833e-13,-1.752908929120167e-13,2.874782280893098e-14,429.9591169815294,6.112319729142702e-14,-1.9433343823038742e-14,2.3326014596983713e-14,0.6666666666666666
12,48,0.0,0.0,6,83.30868830245194,2.1018137570293106e-15,-1.6004975122996263e-14,1.1028408112963101e-15,72.72962307275498,1.004859173557616e-15,-5.753619802817411e-14,1.2665779282177618e-15,505.4523006796277,1.4944387790119833e-13,-1.752908929120167e-13,2.874782280893098e-14,429.9591169815294,6.112319729142702e-14,-1.9433343823038742e-14,2.3326014596983713e-14,0.6666666666666666
12,56,0.0,0.0,1,63.656702118809605,1.1234667099445444e-15,-7.702283255639487e-14,3.0540941935921423e-16,63.88274065378198,1.3173814904902173e-15,5.2682302964512945e-14,9.992675800235714e-16,381.2647715094378,7.519677498818823e-15,1.2185807918285716e-14,2.5321092882635426e-15,357.9195521278677,6.65486906767006e-14,2.1820767415192677e-13,1.6264053933245442e-14,0.7777777777777778
12,56,0.0,0.0,2,63.656702118809605,1.1234667099445444e-15,-7.702283255639487e-14,3.0540941935921423e-16,63.88274065378198,1.3173814904902173e-15,5.2682302964512945e-14,9.992675800235714e-16,381.2647715094378,7.519677498818823e-15,1.2185807918285716e-14,2.5321092882635426e-15,357.9195521278677,6.65486906767006e-14,2.1820767415192677e-13,1.6264053933245442e-14,0.7777777777777778
12,56,0.0,0.0,3,63.656702118809605,1.1234667099445444e-15,-7.702283255639487e-14,3.0540941935921423e-16,63.88274065378198,1.3173814904902173e-15,5.2682302964512945e-14,9.992675800235714e-16,381.2647715094378,7.519677498818823e-15,1.2185807918285716e-14,2.5321092882635426e-15,357.9195521278677,6.65486906767006e-14,2.1820767415192677e-13,1.6264053933245442e-14,0.7777777777777778
12,56,0.0,0.0,4,63.656702118809605,1.1234667099445444e-15,-7.702283255639487e-14,3.0540941935921423e-16,63.88274065378198,1.3173814904902173e-15,5.2682302964512945e-14,9.992675800235714e-16,381.2647715094378,7.519677498818823e-15,1.2185807918285716e-14,2.5321092882635426e-15,357.9195521278677,6.65486906767006e-14,2.1820767415192677e-13,1.6264053933245442e-14,0.7777777777777778
12,56,0.0,0.0,5,63.656702118809605,1.1234667099445444e-15,-7.702283255639487e-14,3.0540941935921423e-16,63.88274065378198,1.3173814904902173e-15,5.2682302964512945e-14,9.992675800235714e-16,381.2647715094378,7.519677498818823e-15,1.2185807918285716e-14,2.5321092882635426e-15,357.9195521278677,6.65486906767006e-14,2.1820767415192677e-13,1.6264053933245442e-14,0.7777777777777778
12,56,0.0,0.0,6,63.656702118809605,1.1234667099445444e-15,-7.702283255639487e-14,3.0540941935921423e-16,63.88274065378198,1.3173814904902173e-15,5.2682302964512945e-14,9.992675800235714e-16,381.2647715094378,7.519677498818823e-15,1.2185807918285716e-14,2.5321092882635426e-15,357.9195521278677,6.65486906767006e-14,2.1820767415192677e-13,1.6264053933245442e-14,0.7777777777777778
12,64,0.0,0.0,1,48.01907782487535,1.0357851278622298e-15,5.622169396701793e-15,3.3981095796632084e-16,50.035599411649734,9.890336306082086e-16,3.1877833706062126e-14,5.215186539846789e-16,327.01580785728163,4.029472756530431e-14,7.045031225061394e-14,1.2146736640465156e-14,211.12171174244605,9.043732562018544e-15,4.932942943014497e-14,3.7407297795605236e-15,0.8888888888888888
12,64,0.0,0.0,2,48.01907782487535,1.0357851278622298e-15,5.622169396701793e-15,3.3981095796632084e-16,50.035599411649734,9.890336306082086e-16,3.1877833706062126e-14,5.215186539846789e-16,327.01580785728163,4.029472756530431e-14,7.045031225061394e-14,1.2146736640465156e-14,211.12171174244605,9.043732562018544e-15,4.932942943014497e-14,3.7407297795605236e-15,0.8888888888888888
12,64,0.0,0.0,3,48.01907782487535,1.0357851278622298e-15,5.622169396701793e-15,3.3981095796632084e-16,50.035599411649734,9.890336306082086e-16,3.1877833706062126e-14,5.215186539846789e-16,327.01580785728163,4.029472756530431e-14,7.045031225061394e-14,1.2146736640465156e-14,211.12171174244605,9.043732562018544e-15,4.932942943014497e-14,3.7407297795605236e-15,0.8888888888888888
12,64,0.0,0.0,4,48.01907782487535,1.0357851278622298e-15,5.622169396701793e-15,3.3981095796632084e-16,50.035599411649734,9.890336306082086e-16,3.1877833706062126e-14,5.215186539846789e-16,327.01580785728163,4.029472756530431e-14,7.045031225061394e-14,1.2146736640465156e-14,211.12171174244605,9.043732562018544e-15,4.932942943014497e-14,3.7407297795605236e-15,0.8888888888888888
12,64,0.0,0.0,5,48.01907782487535,1.0357851278622298e-15,5.622169396701793e-15,3.3981095796632084e-16,50.035599411649734,9.890336306082086e-16,3.1877833706062126e-14,5.215186539846789e-16,327.01580785728163,4.029472756530431e-14,7.045031225061394e-14,1.2146736640465156e-14,211.12171174244605,9.043732562018544e-15,4.932942943014497e-14,3.7407297795605236e-15,0.8888888888888888
12,64,0.0,0.0,6,48.01907782487535,1.0357851278622298e-15,5.622169396701793e-15,3.3981095796632084e-16,50.035599411649734,9.890336306082086e-16,3.1877833706062126e-14,5.215186539846789e-16,327.01580785728163,4.029472756530431e-14,7.045031225061394e-14,1.2146736640465156e-14,211.12171174244605,9.043732562018544e-15,4.932942943014497e-14,3.7407297795605236e-15,0.8888888888888888
12,72,0.0,0.0,1,33.90629806021057,3.5527136788005006e-16,-4.929390229335695e-16,2.0121578696116926e-16,49.922203708274495,0.0,9.062750550015154e-15,4.661915913441275e-16,153.43823107697995,9.2370555648813e-15,-2.076561145258893e-14,7.368412426392007e-15,200.26418412026032,3.1776437161565097e-15,-1.527666881884215e-14,1.7678097641215701e-15,1.0
12,72,0.0,0.0,2,33.90629806021057,3.5527136788005006e-16,-4.929390229335695e-16,2.0121578696116926e-16,49.922203708274495,0.0,9.062750550015154e-15,4.661915913441275e-16,153.43823107697995,9.2370555648813e-15,-2.076561145258893e-14,7.368412426392007e-15,200.26418412026032,3.1776437161565097e-15,-1.527666881884215e-14,1.7678097641215701e-15,1.0
12,72,0.0,0.0,3,33.90629806021057,3.5527136788005006e-16,-4.929390229335695e-16,2.0121578696116926e-16,49.922203708274495,0.0,9.062750550015154e-15,4.661915913441275e-16,153.43823107697995,9.2370555648813e-15,-2.076561145258893e-14,7.368412426392007e-15,200.26418412026032,3.1776437161565097e-15,-1.527666881884215e-14,1.7678097641215701e-15,1.0
12,72,0.0,0.0,4,33.90629806021057,3.5527136788005006e-16,-4.929390229335695e-16,2.0121578696116926e-16,49.922203708274495,0.0,9.062750550015154e-15,4.661915913441275e-16,153.43823107697995,9.2370555648813e-15,-2.076561145258893e-14,7.368412426392007e-15,200.26418412026032,3.1776437161565097e-15,-1.527666881884215e-14,1.7678097641215701e-15,1.0
12,72,0.0,0.0,5,33.90629806021057,3.5527136788005006e-16,-4.929390229335695e-16,2.0121578696116926e-16,49.922203708274495,0.0,9.062750550015154e-15,4.661915913441275e-16,153.43823107697995,9.2370555648813e-15,-2.076561145258893e-14,7.368412426392007e-15,200.26418412026032,3.1776437161565097e-15,-1.527666881884215e-14,1.7678097641215701e-15,1.0
12,72,0.0,0.0,6,33.90629806021057,3.5527136788005006e-16,-4.929390229335695e-16,2.0121578696116926e-16,49.922203708274495,0.0,9.062750550015154e-15,4.661915913441275e-16,153.43823107697995,9.2370555648813e-15,-2.076561145258893e-14,7.368412426392007e-15,200.26418412026032,3.1776437161565097e-15,-1.527666881884215e-14,1.7678097641215701e-15,1.0
12,36,0.0,2.0,1,39.24378603606614,0.0317541862876189,-38.02026974160396,0.06588187603427,58.595134311267074,0.1788241970707085,-18.6488111351434,0.1957419166098036,564.3249590702538,0.8394040599957501,2.8088519397235316,0.604995348912744,325.6714609893335,0.6414671693386178,3.4420313952756016,0.4750284706857165,0.5
12,36,0.0,2.0,2,39.27469924214373,0.0308373014372336,-38.110085441931155,0.0478806966767623,58.96579362243297,0.1984680645872774,-18.474154857471685,0.1897320385357606,562.1785243904773,0.7137278115399064,0.2892702224831586,0.4758741173807354,324.3386986582178,0.5153560560315001,2.470679198663096,0.4394762506322193,0.5
12,36,0.0,2.0,3,39.15872632787339,0.0389714037401331,-38.16112167428271,0.0615561707693585,58.10172048986381,0.2195080970309367,-19.066921581023575,0.1981959086854814,564.619186675229,0.9657052218627914,2.2155504999679243,0.7507259286364496,324.697789610581,0.589582974335344,3.0608303719486254,0.4509032407409121,0.5
12,36,0.0,2.0,4,39.24015331815061,0.0309326525800687,-37.97402013826208,0.0527967035438454,58.61345107559591,0.1731644488394507,-18.41870886199761,0.1479500210045755,562.3065397298365,0.771257354798784,0.817979941450955,0.6036315797699883,324.50275967009077,0.5364324339153436,3.078130458615522,0.5037702178901563,0.5
12,36,0.0,2.0,5,39.25512772389256,0.0347720698826596,-38.00270040542195,0.0523317447041403,58.5566099850336,0.2017215619029875,-18.50032029022314,0.1751676305279554,563.9379316704764,0.8139656713949787,2.2260094819423166,0.4968027446515268,324.5377748438941,0.5295678871846107,2.42654481957248,0.4744780875641626,0.5
12,36,0.0,2.0,6,39.338083097180665,0.036264333130375,-38.05366931988614,0.0545828782067662,59.12602780531533,0.2104157975924636,-18.27490418584194,0.1891719514507671,565.7790902447354,0.63980324946921,3.201034389353726,0.4045300071503632,323.5912855644723,0.5378367703573725,1.1334623227405705,0.5112532073853603,0.5
12,40,0.0,2.0,1,33.67909541661699,0.0186883792551193,-31.287065865216324,0.0404621462818983,51.3716773661543,0.0442575910868101,-8.282684576685881,0.0410385451218096,471.14303811139706,0.597325159310047,5.284843112600406,0.4517087891578325,296.9795753092104,0.2557066503100819,1.5873194838456872,0.1835523803257449,0.5555555555555556
12,40,0.0,2.0,2,33.70998805260133,0.0154040706400133,-31.347509738343145,0.0451463835350714,51.39401456517153,0.0431032792660588,-8.322789413507524,0.0443990596866395,468.67928684353154,0.5532232034663048,2.4325485719167546,0.4044658057687947,297.03559403688206,0.2117053347108409,1.5888663624556707,0.1541813871523076,0.5555555555555556
12,40,0.0,2.0,3,33.687027681558035,0.0190167807046658,-31.29887501361703,0.0418959895416609,51.34079666370671,0.0466091421734321,-8.338240030766334,0.0490140856747141,469.1080746465185,0.6465151618044956,4.335372543825465,0.4001015819333998,296.81092846429243,0.2262325954121933,1.5535582133698214,0.1782935252351085,0.5555555555555556
12,40,0.0,2.0,4,33.734602149034274,0.0165640269829322,-31.231161716772352,0.0452742217002918,51.50045788982845,0.0456154324859273,-8.163105393375258,0.046562454051718,468.6935282496919,0.6434450460338562,3.052196546934423,0.3983452475384066,297.1826098883754,0.1990242448627571,1.8818342494834623,0.1614619887795019,0.5555555555555556
12,40,0.0,2.0,5,33.69943973873237,0.0159115443796692,-31.30165259469244,0.0429472374991498,51.45325507928085,0.0358673976489708,-8.235549566034017,0.0402201863506482,469.72624239861426,0.6953916607890765,3.4749354222963285,0.4851737656234652,296.85551813328635,0.2534073980452079,1.5578296435566854,0.1574225861158796,0.5555555555555556
12,40,0.0,2.0,6,33.66653314365217,0.0168114020413585,-31.29059759173042,0.0407514140256898,51.37652052618698,0.0548979746835973,-8.30433271043299,0.0530661695434435,468.8989764175943,0.5054350806052366,3.809023505998058,0.3531931054115059,296.95659770796,0.2129633442229577,1.774430743936526,0.1486236753114299,0.5555555555555556
12,48,0.0,2.0,1,23.98886247588801,0.0304094558496844,-22.4119037554151,0.0508263232511419,47.36713395690235,0.0339132002620127,-3.823803539526267,0.0305162175095706,276.38331424776777,0.8765944504701705,3.891836944125231,0.7545721609580378,244.0727028129923,0.3657478096429183,0.011763210711145,0.2650306462292856,0.6666666666666666
12,48,0.0,2.0,2,23.991298778483916,0.0280069789549608,-22.48099191159071,0.0344620988051842,47.463778703388016,0.0338574453397796,-3.766874409525528,0.032522101573323,277.39188466517516,1.3155917932882988,4.816963114974196,1.2455103983773943,244.07434596933672,0.3302441798136163,0.0389129949512692,0.2621140387990406,0.6666666666666666
12,48,0.0,2.0,3,24.057138690161366,0.025621719420731,-22.343515203608018,0.0403981528513721,47.43214469798736,0.0462016733881605,-3.754148470933738,0.0358337453245682,276.2626630033773,0.81553877738669,3.5891496876396176,0.7685548385287967,243.71345532322508,0.3174319702016865,0.3366372549029871,0.2548234320965201,0.6666666666666666
12,48,0.0,2.0,4,24.03129934566516,0.0305346708038224,-22.383105130091575,0.0266967515608271,47.38825698641555,0.0396591557484367,-3.806456270917676,0.03189503708495,276.1081611034755,0.8506358678456756,3.406358680561098,0.8340437818885511,244.17867892429527,0.5707280061183234,0.2327067000864377,0.4730922035135648,0.6666666666666666
12,48,0.0,2.0,5,24.011869132646705,0.0308623770812616,-22.43595235416812,0.0430810263243776,47.423738148650315,0.0420245417304774,-3.788578793611778,0.0374382320243861,276.9305873178787,0.6556837546309143,3.757203622077114,0.6752755347602664,243.3239792192735,0.3134190631714606,-0.4180591205667079,0.3054501716150584,0.6666666666666666
12,48,0.0,2.0,6,23.99148190703594,0.0276612126712461,-22.47353449846222,0.0390767762762247,47.47166693930923,0.0367764838758388,-3.7457013511605,0.0338915012973467,276.87476038235553,0.8809507132889607,3.5775401948472023,0.8580537086215516,244.66958751695608,0.3177101057296844,0.5856346283691128,0.254248402719174,0.6666666666666666
12,56,0.0,2.0,1,17.40894343024521,0.018491445266434,-15.703522158165274,0.0238252423301128,43.80717980097826,0.0343322537921657,-0.4332886298738476,0.0374386079881125,191.97118650306297,0.5513438637682685,4.8855282285082735,0.5217873904762984,184.7026688366043,0.3221924352266342,-1.266429622243176,0.2598883242006006,0.7777777777777778
12,56,0.0,2.0,2,17.43046544768503,0.0161793877984219,-15.755974189312749,0.0272585577211422,43.82331821257181,0.0330001965232967,-0.4693505459172577,0.0313466441869208,191.5587579985223,0.6986251485507408,4.308737755082167,0.5976173083042076,185.35846341968065,0.3166271466380408,-0.961278374218952,0.2647840990992595,0.7777777777777778
12,56,0.0,2.0,3,17.415882119410156,0.019327417839116,-15.725785768491358,0.024574914436918,43.86642716954045,0.0385300111644364,-0.3982179570993355,0.0279431203421934,191.94618926571732,0.5363785645326132,4.954055360704925,0.5001019723606714,185.92490859443777,0.2798947680632817,-0.5721115860029725,0.2063861241987556,0.7777777777777778
12,56,0.0,2.0,4,17.443582126339646,0.0170828333118225,-15.705992287756406,0.0230908865601646,43.9103191991221,0.0310560046314632,-0.356500749520254,0.0233255383685104,192.0922253814879,0.4397622060472474,5.019001840983134,0.3890356585863327,186.2270659155273,0.2730823857087935,-0.1458679850338383,0.256780331742409,0.7777777777777778
12,56,0.0,2.0,5,17.455270981794175,0.0165680444364873,-15.702516217021572,0.0225098587415533,43.90328180443827,0.0337031237028103,-0.3884096678617493,0.0326778369373561,191.88836639550863,0.6746041157986624,4.8267092103244025,0.6454896232013312,186.53807246258688,0.5016153777848871,0.2519079913075498,0.3626982056369225,0.7777777777777778
12,56,0.0,2.0,6,17.43411545170616,0.0180856085344283,-15.685928196973824,0.0295757550573447,43.86918546719198,0.0372473818468666,-0.3758441549326827,0.0314938892153674,192.1433000528128,0.4119031279251975,5.010135547251134,0.3454924683570126,184.8133089267114,0.3917846123535982,-1.2206442846166217,0.2728780328659489,0.7777777777777778
12,64,0.0,2.0,1,12.494965219619036,0.0174570102471141,-11.126751246945403,0.0210330219549939,40.21472125385536,0.0182714902594045,3.635504772892188,0.0108526510997744,148.04617608730857,0.5329813769750575,5.31772666036203,0.4670601831994979,109.91578753270872,0.1790407900312947,-0.7457371568979368,0.1582450077913059,0.8888888888888888
12,64,0.0,2.0,2,12.518319453685908,0.0179772591640261,-11.131229523864832,0.0217751660437987,40.20753912575252,0.013880837098709,3.597542338055342,0.0118405835773747,148.25656359603013,0.6137393861200008,5.094922032994617,0.5130742271595236,109.94126607853876,0.1681633412146498,-0.8806998176847805,0.1601672999200984,0.8888888888888888
12,64,0.0,2.0,3,12.502881200868773,0.0174555822286464,-11.098519480134849,0.0216618088341059,40.21399218158213,0.0153092567991869,3.634264415465047,0.0115736734180635,148.58758808889678,0.4896751772429597,5.783517652449061,0.4673218639866471,109.69275673837384,0.2139357111355947,-0.8782647806282544,0.2099309975788291,0.8888888888888888
12,64,0.0,2.0,4,12.50494718539579,0.019976798400497,-11.145931229569133,0.023420386703094,40.22268565256641,0.0156788080341996,3.643022497352789,0.0114200482913394,148.72326285987953,0.5653147384023988,5.749946259677989,0.5176846589774667,110.43067854468396,0.1950273573369556,-0.2007799094334277,0.1865590836241507,0.8888888888888888
12,64,0.0,2.0,5,12.483833554107832,0.0205431120380238,-11.159200847064508,0.0200068992633626,40.213472394803965,0.0161188091409535,3.613927575486264,0.0130216780222089,149.8762311493871,0.5811948972176411,6.685184309887964,0.5364342091682545,109.30444630998886,0.1597018648434714,-1.3397570980983082,0.1524633982723776,0.8888888888888888
12,64,0.0,2.0,6,12.49958565360693,0.0134361716683547,-11.124591731495444,0.0172803746786374,40.20546840223316,0.0184715946713431,3.633682129372313,0.0123910479328522,149.4116092863373,0.441005797290108,6.842946402020428,0.4178909313984004,109.67218170458436,0.1699330990931473,-0.8849791605985903,0.1682062210293423,0.8888888888888888
12,72,0.0,2.0,1,9.47056511490479,0.0072662911398128,-7.477355036850939,0.0115292917477866,38.53794665160271,0.0171579066580455,3.3818387067385927,0.0084593391565739,72.43964319622242,0.2766050770452443,3.127745133792941,0.2563541459788103,97.6763071541946,0.0999964884222585,-0.7440162513050513,0.0511580238790373,1.0
12,72,0.0,2.0,2,9.465491129288036,0.0088857957179077,-7.509735030636858,0.0103075849240541,38.51334799808624,0.0145525107603629,3.353944581670006,0.0099736989778698,73.06416748446286,0.2731723757631012,3.5212529316528376,0.2627028574727842,97.74438138397412,0.0999082206780209,-0.7501100716387409,0.0448090609790476,1.0
12,72,0.0,2.0,3,9.452557960597993,0.0090341727401395,-7.47367047648446,0.0115842341960303,38.51399069279131,0.0173617823336319,3.3737808320742295,0.0084031365727278,72.43074741628456,0.2688158953448067,3.2606585269330823,0.2336811232767456,97.52402675159664,0.1001405493892988,-0.8122840571336901,0.0464299183301598,1.0
12,72,0.0,2.0,4,9.471140597811614,0.0094945696785528,-7.469940215868002,0.008355184047647,38.54701870146276,0.0153103083175032,3.3841941772131072,0.0088756474452241,72.93159288357631,0.2816020826040424,3.6345228426874057,0.2465989268121178,97.8252534362239,0.0887410954471552,-0.6413550946622283,0.0427520830066875,1.0
12,72,0.0,2.0,5,9.459796448788774,0.0076202654742953,-7.500374300464442,0.0103432190841243,38.5017365168604,0.0145281392955746,3.351769954106122,0.008880297676568,73.6340311733392,0.2923948532640643,4.434099354815984,0.2899417561280673,97.7915271331457,0.0897306008593792,-0.6620521227349382,0.0408976842471818,1.0
12,72,0.0,2.0,6,9.459622498850011,0.0075001897138172,-7.481139290869959,0.0085270277591349,38.538177418582066,0.015411311338866,3.3766192641038044,0.0106449458672905,72.10951053620924,0.3019734165176913,2.7845367694417225,0.290086810646927,97.56713949860816,0.0880214774007228,-0.7430406186860441,0.051345695023555,1.0
12,36,0.0,4.0,1,19.300488062468283,0.0330246497496508,-32.929143096966726,0.119167555612969,45.03555772123568,0.3768209541358424,-13.756993091341622,0.3685693846237151,365.9901762475289,2.1353672624570814,0.506562685853719,1.615750063107001,234.28245452533255,1.3820463222297674,3.5595143307991917,1.2926671859834469,0.5
12,36,0.0,4.0,2,19.274756416995324,0.0337606535128325,-33.27161460141719,0.1074598242468277,45.02035402243477,0.3324468096231793,-13.91256900262854,0.3482882325687447,362.66108206388515,1.6612515243438075,-4.893194967556708,1.393722756922677,237.352148158372,1.147558920578908,5.389310404938874,1.0374967421075207,0.5
12,36,0.0,4.0,3,19.307987334137177,0.0411220049326322,-33.166845248825425,0.102404028194086,44.72062536583949,0.3505834049122495,-14.037942902298504,0.3812045057636848,360.53814476944655,4.89010513857825,-6.572364127519178,5.166437360098238,236.91802160785397,1.1404802681153927,5.310714656290576,0.9592082684117758,0.5
12,36,0.0,4.0,4,19.275617024985458,0.0282818551954169,-33.10925946962822,0.1330337432651876,44.86615194521503,0.2917558537295867,-14.091733189810885,0.3381867790798881,365.3133280747735,1.8116561178672483,-0.627788139146422,1.4818470120140472,231.8437461362088,3.522550606193839,1.6335857696758969,2.451368080685012,0.5
12,36,0.0,4.0,5,19.305665508160192,0.036850636132917,-33.06795071183471,0.1790067188387039,44.35009233362596,0.3887788207621179,-14.427766287024289,0.3576778572336048,367.69125314211715,2.1108045451259683,-0.5680954227190282,1.732022992680042,233.9476052123123,1.2291409810491143,2.128487490622816,1.0875713204741235,0.5
12,36,0.0,4.0,6,19.298941113761508,0.0251424002378259,-33.153473350285346,0.0992679704084123,44.9027716853682,0.346774640532515,-14.190179659889685,0.3294007407164422,366.0946676167197,1.6805882866659163,-0.1121011084597322,1.33125628553696,234.3117834580883,0.9277677258480804,2.4096788499685404,0.8273045468012293,0.5
12,40,0.0,4.0,1,16.106189640313886,0.0256296436001214,-25.967835698933744,0.0731859702455174,40.061192465241035,0.1760855188510829,-7.214618854637878,0.1720935231409296,289.74087191889015,1.7700200499478875,3.0777070228486263,1.399582402794533,202.87466193460017,0.6332782430802022,2.790302181159091,0.5756720287602297,0.5555555555555556
12,40,0.0,4.0,2,16.148416643811146,0.0231789366393217,-26.062362771872262,0.0766352394422147,40.25164171622241,0.1638785027144327,-7.0728995824278895,0.1437155239516401,286.4743389819814,1.8756832482137429,-1.0579675608234926,1.633989644062002,203.09243875074844,0.7418397437019516,1.9482763613219352,0.7357811939486784,0.5555555555555556
12,40,0.0,4.0,3,16.178537635974617,0.025631964080878,-26.119517007237867,0.071656256070371,40.53895146799005,0.1953058339745923,-6.795446964354431,0.1693922637431001,292.5315818161463,1.697167235625788,3.372745409501566,1.420714267154107,202.9549506600935,0.939708850786622,2.0710695567642223,0.7732382424491813,0.5555555555555556
12,40,0.0,4.0,4,16.106391769318964,0.0239482209285531,-25.950228990280912,0.070039261378921,39.92594866894116,0.2082501866392742,-7.258681057647974,0.2147235556661551,291.1497073454892,2.3094117693741336,3.2106850472200357,2.055101617777703,205.07291628490776,0.8870675606871211,4.550691049939438,0.8362961090566318,0.5555555555555556
12,40,0.0,4.0,5,16.170977053507606,0.025962532466566,-26.049573897595813,0.0827494143694416,40.322922651049566,0.1305106584166676,-7.025150251538966,0.1439743930663909,290.0043086630857,1.5215043506427657,1.8115214122870071,1.336212948490142,202.6592173605683,0.8841237332705189,1.61210095360093,0.7189546808559939,0.5555555555555556
12,40,0.0,4.0,6,16.116049385931724,0.029232009710134,-26.078128881597213,0.0866629817722808,40.347583003131305,0.1640857252717139,-7.0230323337385885,0.1777079056025635,287.21480105594446,1.7875854591269231,0.3872271224411118,1.4889322766528217,203.5326345078124,0.8726427750286754,2.4419793422304896,0.7554792998279204,0.5555555555555556
12,48,0.0,4.0,1,11.056917943587123,0.02648739292731,-15.548835468026503,0.083054245977304,36.84258515877075,0.1233382713390035,-2.1151927158870296,0.1114951878619307,150.36858466749203,1.5900095224339337,0.959654739932996,1.4757121451648834,140.88409739060194,1.2411391954045388,-2.146621967248273,1.109237809297475,0.6666666666666666
12,48,0.0,4.0,2,10.971407128519402,0.0247935960332574,-15.456520646883462,0.0728532468927355,36.53298227995385,0.1475945383047113,-2.439255044654581,0.1524875767116933,149.28177096782755,1.36636741154125,0.0963657228852856,1.2986968576652762,140.6673438044125,0.906460361417219,-1.926786369780804,0.7716183717269827,0.6666666666666666
12,48,0.0,4.0,3,10.958624792897991,0.0232104511647256,-15.593358643408632,0.0748496395540053,36.46512141446455,0.1846491365581304,-2.503646903644489,0.1879101864074044,150.69094006321626,1.2309962632525404,2.5801017258583263,1.1945259409397897,141.8374616700649,1.132837835578301,-1.502231690561969,1.0760308081643293,0.6666666666666666
12,48,0.0,4.0,4,10.975617663539705,0.0227821828470811,-15.526179899342122,0.0656014436097403,36.74386480203537,0.1838066396204603,-2.2202924127100645,0.1738165485589755,151.18684051523647,1.3284757538512415,2.549819460302131,1.161135255427358,142.73949156413565,1.061633843808882,-0.5635550194852794,0.91350498911613,0.6666666666666666
12,48,0.0,4.0,5,10.971913943712137,0.0230266153812285,-15.551793565078793,0.0607356228269194,36.86155234139977,0.1271172132715445,-2.115918363396937,0.1245028700733275,148.3378286394646,1.431716073986034,-0.2194967231798197,1.3975552065246175,143.38891237560156,0.8032559139144497,-0.0149978367666831,0.7360150906058553,0.6666666666666666
12,48,0.0,4.0,6,10.987544183272352,0.0213487949101469,-15.563334133302527,0.0586480353168796,36.60771921395537,0.1487009702124083,-2.313380538371706,0.1504019738997592,149.2037984740229,1.5395822951698306,0.1010114221734829,1.5445876213689262,141.64591268627393,0.8574746208558547,-2.0132682093357945,0.7429848794961824,0.6666666666666666
12,56,0.0,4.0,1,7.531382142627943,0.02130847935052,-9.595215166195844,0.0654953413908712,34.246762277808855,0.1132186856915202,1.462339176515859,0.0996968080068074,91.43749081525328,0.9471002783947792,3.5021621653965,0.8693164903365218,96.93107674309798,0.9455933311100966,-0.7750264165363488,0.813547789746447,0.7777777777777778
12,56,0.0,4.0,2,7.501014950604936,0.0305643707685493,-9.576535706047348,0.0733822445063244,34.27110913229218,0.1306447695718957,1.3356274590589037,0.1111287741931178,91.32810069705288,3.1674618628013733,4.067987409901899,2.648756990492898,95.36538432861131,0.8072294779839005,-2.130340207281177,0.6796715024574885,0.7777777777777778
12,56,0.0,4.0,3,7.529352514833285,0.0227699739349179,-9.549999708780048,0.0631693612725891,34.539484075949666,0.1138109729660048,1.734292918505043,0.1100447218005798,91.60391180660748,1.1374850827523817,3.366830313291061,0.9385288473624972,95.920136639552,0.7150750560231125,-1.651659759865673,0.6795618666407606,0.7777777777777778
12,56,0.0,4.0,4,7.515672345006922,0.0281410846855616,-9.643059993221756,0.0531844676353039,34.412135969350835,0.1337802707670047,1.5800571742975849,0.116535255215139,92.30983543932344,1.427620833724422,5.051606185513397,1.3904446469150966,96.3886570267293,0.8175217909524836,-1.524765318586282,0.8476629683137202,0.7777777777777778
12,56,0.0,4.0,5,7.563633415356691,0.0337666737403746,-9.60154771528726,0.0468655987708562,34.395370883194616,0.1633174915170573,1.5944117442472143,0.1491684626395626,90.21983135637844,1.7154056107730822,2.1017432802927765,1.6176760101924252,95.1419111669025,0.7350343295290098,-2.727634130270413,0.717228934220474,0.7777777777777778
12,56,0.0,4.0,6,7.565720962298113,0.0258539946195866,-9.518794958780358,0.102380867916819,34.45835879598069,0.0842452149352334,1.6271415503593651,0.0845488826826963,92.97212830283677,1.1628357907832971,4.678921735309615,1.0016885676056009,96.38352125567238,0.7041562039021894,-1.2414589824395708,0.6079930218113565,0.7777777777777778
12,64,0.0,4.0,1,5.195317178047963,0.0156924799817757,-6.265893630973491,0.0360593564138611,32.8791234751608,0.0618018912681028,5.116677950797309,0.0474721764026822,63.855183788698035,0.682258941697792,6.122505217768216,0.6332276351144426,57.394652328734296,0.4475494825899809,-1.501341786025383,0.4018904230586685,0.8888888888888888
12,64,0.0,4.0,2,5.224050570410335,0.0176149479464975,-6.175975144323896,0.0537171899958836,32.86943469406627,0.0524589836815533,5.055581023006631,0.048814098389337,66.95023149743602,1.1789089044050205,7.918902673645016,0.992455834416524,56.93028680045245,0.560693095823384,-2.4389133621383032,0.4764723951249296,0.8888888888888888
12,64,0.0,4.0,3,5.2227815705554015,0.0180526228999239,-6.15724009907421,0.0509069779037904,32.6497336933923,0.0677619228237715,4.919879986095424,0.0619036105380277,65.10479968473513,0.8986866784823253,6.952592091165519,0.7245093318900997,57.37151124648096,0.3932506315221804,-1.7122170280418143,0.3602806963422175,0.8888888888888888
12,64,0.0,4.0,4,5.179742473438558,0.0221458964291684,-5.99030505127092,0.0726694534234621,32.884572782751384,0.0800116342067984,4.978944790016961,0.083894191759649,65.30618218496792,0.8664590333898932,6.621807938385044,0.792691669847992,56.63040933577245,0.461913984649374,-1.9897638292048607,0.3921184592823077,0.8888888888888888
12,64,0.0,4.0,5,5.217368138767813,0.0108618140873398,-6.122464130627847,0.0518870863107596,32.804051827655826,0.0726259106992901,5.093838035136379,0.058925033814046,62.25761879752582,1.0427656305136683,4.539984256528463,0.938813731645737,56.793173391188965,0.5509190874216229,-1.95920787962149,0.4315125131852545,0.8888888888888888
12,64,0.0,4.0,6,5.2318056645334075,0.0165218692422253,-6.248350699869578,0.0493801792759732,32.79425356943831,0.0558842609653187,4.990672089861827,0.0584771366808513,63.18924420690614,0.6470846888834633,4.864046896662867,0.5648459276026345,57.355923339002935,0.4983421208291082,-1.6209470527307268,0.4139302707747327,0.8888888888888888
12,72,0.0,4.0,1,3.8751173549429625,0.0131755324278962,-4.598756197696263,0.0275801655487301,30.925428820075513,0.0584566117233329,5.374264947069577,0.0410058853386888,35.55331970099345,0.302089036780162,4.375866404017424,0.3170297315404546,47.24315852441213,0.5565461521372113,-0.7826850701521678,0.4667304327816851,1.0
12,72,0.0,4.0,2,3.8595812947439327,0.0123744528284569,-4.495005316441281,0.0430174136933142,30.786392215598617,0.0452317920888252,5.230042734636948,0.0540995435539888,34.68316297649111,0.4580384893735653,3.883438606803373,0.348847382378573,46.11556981259553,0.2547689593730593,-1.4854057237660554,0.1978226196237094,1.0
12,72,0.0,4.0,3,3.837730732574426,0.012137705381564,-4.450414700520656,0.041274930751161,30.8449926648806,0.0612361652777556,5.264810949615985,0.0456318060764736,34.02847886372358,0.6410168740027592,3.3207148639500175,0.514561813212276,46.63884339454024,0.3047777529178982,-1.0034154093254009,0.2421980892255387,1.0
12,72,0.0,4.0,4,3.8490648907482337,0.0135996683981611,-4.444565247492226,0.0421574835543168,30.7767686218133,0.0506503163275444,5.16433971234152,0.0433010431225709,35.03158584467708,0.5059418698381966,3.941027596538464,0.4755511316140368,45.69773851110083,0.3481378427413121,-1.766408296606422,0.2794171979863858,1.0
12,72,0.0,4.0,5,3.8318684035423303,0.0116775107395176,-4.364823294266803,0.047563007274713,30.74106525860776,0.0537541197779819,5.1242726417381075,0.053047479614868,35.151115020793156,0.5666823767419793,3.9938389161630807,0.4602622438669703,45.9185780698415,0.2840300667533589,-1.4416064196205671,0.2795257314768737,1.0
12,72,0.0,4.0,6,3.852290081429218,0.0104220405952379,-4.587346045560217,0.0280413990470694,30.897823064247785,0.0565204556341342,5.32877477426253,0.0406761060265632,35.55657528984416,0.4588907900950635,4.375571950739699,0.4021683905570874,45.88592893493369,0.4251051525034315,-2.036730995318651,0.3315415898203654,1.0
12,36,0.0,6.0,1,12.287236631374409,0.0579999584595881,-25.695094543766192,0.2010327288242437,37.45249907440371,1.1515121192733953,-12.052620301162786,1.041502445743842,242.18778697237673,7.112623286496327,-9.739175485808833,4.610409666506769,188.10083353289824,3.676745069172843,8.987817708400094,3.605580684433489,0.5
12,36,0.0,6.0,2,12.139145075655016,0.0368082911301182,-26.085203381926306,0.2100654040240833,37.26514483905898,0.5031449413452872,-11.878639597005376,0.4660288038916527,253.2121265016277,3.7157992723257034,-3.884367476177566,2.649926042609417,178.78758474880604,1.3415575870271632,0.0323506744507375,1.413224011308201,0.5
12,36,0.0,6.0,3,12.125517303363072,0.0293556887947136,-25.819282945656244,0.1317097240792125,37.36082235506866,0.6381501915525405,-11.495077952003664,0.6555417883796739,250.5854278472632,3.3302789265957595,-4.094786536775142,2.9818335784609364,180.80154553218097,1.9936657319458255,2.1930871015556286,1.8439432975820589,0.5
12,36,0.0,6.0,4,12.249366891377836,0.0413404850859065,-25.63317201758674,0.1990614212958656,39.30197261063455,0.8285163655159302,-10.164336701490257,0.8751394582386159,249.6002090726899,3.509449264208129,-3.9886778484213834,2.8225876459546875,182.72276081742567,1.9978172154771143,4.195605302620071,1.7576446688967562,0.5
12,36,0.0,6.0,5,12.188899577215732,0.0299471641077143,-25.448904895175417,0.1613721322119084,37.85914909335274,0.5834294801896708,-11.118899121835115,0.6062012063103375,245.93194078163611,2.709168034840638,-7.133420543561343,2.211236572038881,182.3203281046936,2.127227292749088,3.6809929620704303,1.885557646612278,0.5
12,36,0.0,6.0,6,12.217555046392697,0.0332231268081504,-25.719311146117615,0.3279996983062247,38.92334861681,0.8259965346432728,-10.48459905254184,0.6685847279440165,244.86502241300605,2.7980321239668187,-7.807972330423036,2.1003444937063724,179.39652162103783,2.0873260955828186,1.001830400383673,1.8280305305923876,0.5
12,40,0.0,6.0,1,10.136093748887882,0.038690381802317,-19.229482093938408,0.1786652910580271,33.53610415271944,0.4650326482846323,-7.061317467643208,0.4125515015185613,185.1410637024929,2.440762412288632,-3.6535557928159625,2.2735824117971757,151.0352343707832,1.968848180709289,4.3705405969480235,1.8243864574367403,0.5555555555555556
12,40,0.0,6.0,2,10.088275438197758,0.0357617844212001,-18.91950505521654,0.1412630275996418,33.30285382111655,0.5381889521374215,-7.361936316643403,0.5014212213068985,189.10678187812056,4.236206602615851,1.1299872941955162,3.6947583696001662,147.691919513635,2.0161874830289346,1.254639844820771,1.7856845691396133,0.5555555555555556
12,40,0.0,6.0,3,10.143242174159669,0.0361242684952689,-19.04224634542371,0.1351944325929718,34.66619796476998,0.6887415423403515,-5.8371623977416265,0.6176498947248896,187.83098182703984,2.7716396478112864,-0.597976870346676,2.5292384941556127,141.3283202123225,2.640649154401558,-4.3910386848115674,2.505228367166645,0.5555555555555556
12,40,0.0,6.0,4,10.06504998573844,0.0372740700417924,-18.98578444582506,0.193278999601988,33.16977559668324,0.6247169140792368,-7.196914623155098,0.6387707189732098,191.89060452686005,3.400463001910023,1.4996665229282211,2.932534569498431,147.9031129297292,3.0252979036368357,1.805412750817816,2.26189067864742,0.5555555555555556
12,40,0.0,6.0,5,10.089891797631662,0.0465005438987866,-18.907670894419653,0.1455908230176913,34.21527009005619,0.6067162545199488,-6.237268890162208,0.4876250618366013,189.1201695601111,3.1045717741472223,1.7954428151759458,2.6890970959871336,148.0434176377061,2.6447570883092837,2.173458473926533,2.4411720346880443,0.5555555555555556
12,40,0.0,6.0,6,10.143666412818895,0.0294268632753592,-19.330785297709536,0.1511618630654712,33.55875554193605,0.457016411010352,-7.384724754791288,0.4804422064534271,185.85721472578297,3.109175202654916,-2.5275310809812153,2.5181543330102136,147.30879643922034,1.596138390535081,0.7396893382742818,1.678513594004033,0.5555555555555556
12,48,0.0,6.0,1,6.8214907925141,0.0318259428398023,-9.681727037571315,0.2320750709760985,30.444026627827647,0.2936391372707548,-2.0493029335875534,0.282303424482583,85.71242781129519,2.5928534954744724,-2.119014187306098,1.9525667512454088,86.58908727430301,3.064122948786572,-4.909451365493854,1.2794209397497671,0.6666666666666666
12,48,0.0,6.0,2,6.7350325958193595,0.0445389710464714,-10.141896821979856,0.1150404278965853,30.50675712069159,0.4467852124662649,-2.1906044743987088,0.4075751746597203,87.4115347941032,2.441285124167535,-1.626079107967199,2.3433571518163228,92.7742617609652,1.7214353714520294,-1.9457371976372244,1.4542411292469417,0.6666666666666666
12,48,0.0,6.0,3,6.8622245932680865,0.0288738063255815,-9.964757151007714,0.1368027306946484,30.503775373231132,0.3011194668399785,-2.527040249848191,0.331020702162044,89.96612615952873,2.358895903175282,1.3887446520326028,2.124179893730049,94.62773047340691,1.9490214380477735,0.7363445291564326,1.8814090570746336,0.6666666666666666
12,48,0.0,6.0,4,6.780718032612175,0.0315272472207132,-9.962254596704216,0.1436768771122763,30.807850314738538,0.3649915585709994,-2.205559581194217,0.4103672608538494,92.720937812263,2.931726370237706,2.137440655756946,2.4812108763393588,88.8618074896056,2.5179994925433467,-5.393667171356885,2.5615481092804333,0.6666666666666666
12,48,0.0,6.0,5,6.833954054164272,0.0384953829808546,-9.853212731625996,0.1398371638092361,30.52705198241177,0.3553821026490408,-2.052786679442093,0.3658194767964027,90.28522855007311,3.4057632176247403,0.9786043182008332,3.0681270901992046,92.03796280200037,2.2252354252680475,-1.8794974345412503,1.6240464285489165,0.6666666666666666
12,48,0.0,6.0,6,6.766227775359366,0.0265297393544791,-9.956071266326695,0.1545101108803325,30.66458827177727,0.5995705463335165,-1.97852192396898,0.4600698224905458,93.13827496378738,7.396463261420353,2.0086314025721848,4.210334729751456,86.5176823988728,4.175956991182997,-4.48529512977579,2.4563125050591315,0.6666666666666666
12,56,0.0,6.0,1,4.494133774350746,0.0323154303433599,-5.456587931593824,0.0879765759986897,28.66571848897736,0.2421507194235322,1.2964145168396697,0.2753199923857551,49.89116316198034,1.4901991204441516,2.7257446305148996,1.301156762994217,59.29842090266891,1.089036444090997,-0.4672038635307483,1.1365066218713598,0.7777777777777778
12,56,0.0,6.0,2,4.454632460033389,0.0306178488309281,-5.159842883379935,0.201981114455425,28.87583812717916,0.2406284176930697,1.921896102984623,0.2129506552476286,49.44181879222169,1.759333344482904,1.04513331156767,1.260676483322598,57.86086479928433,1.5605427739487916,-1.1722335186910535,1.355913087539887,0.7777777777777778
12,56,0.0,6.0,3,4.52627295886779,0.0260545744469514,-5.345597417470043,0.1350051268330873,28.72910348320135,0.1987589237606188,1.8697236093700091,0.2362934276951781,49.50184543965294,1.352433470424682,1.939637380522544,1.3769223443354126,55.4962194196374,1.0449692349537996,-2.913662992246343,0.809670394850259,0.7777777777777778
12,56,0.0,6.0,4,4.577971630533229,0.0366597059685415,-5.751758775947365,0.154042531103843,29.081940185384724,0.2365342231922496,1.9674924925600668,0.2499276485559949,56.80963485408679,6.254497493731219,9.786092653425484,6.9295998135320405,57.14120173742128,2.379454601359132,-1.9151057058950496,1.9262603496675177,0.7777777777777778
12,56,0.0,6.0,5,4.51863665811322,0.0256099458064009,-5.773908145190502,0.2337723849165497,28.73827254610894,0.2120796484524871,2.191611156837392,0.2275446484353501,50.693422759138926,1.5950810372371986,2.6995149086563437,1.8763568624761084,55.64248036252225,3.618103114384651,-2.693680722557827,3.1208586923999517,0.7777777777777778
12,56,0.0,6.0,6,4.4843295030534485,0.0179394804957725,-5.486426670479434,0.1016122522618218,29.13338253031236,0.284344650737487,2.2074730198040085,0.2566801362572886,49.35030933618716,1.2896667367723849,1.366863402238618,1.0560918613306194,55.57090423212694,1.4815673205350046,-1.8805838301920816,1.2612366093805756,0.7777777777777778
12,64,0.0,6.0,1,2.950760457541891,0.0267017002900236,-3.1660711139704114,0.1106847953224892,27.218075961903832,0.3292814131696517,4.533440196997003,0.2518391599781265,33.29470023611694,1.3232227130556242,4.064420906811449,1.1640275057736882,34.41401963112814,2.01913794816013,-0.0450406042875777,1.4356301221561338,0.8888888888888888
12,64,0.0,6.0,2,2.9219614681284147,0.0170067202315503,-3.1933654553316897,0.0771674046983657,27.340567349480807,0.1533589387237225,4.563003316597748,0.1812929597452732,32.92251709887161,1.1166137252981188,3.6114952748886497,0.9357594771469018,32.34862859847808,0.7170112889214996,-1.119673118615697,0.566256543210413,0.8888888888888888
12,64,0.0,6.0,3,2.9359780242411992,0.0201630743716744,-3.2436961579613772,0.103979169137502,27.325766265057688,0.1967878907833588,4.68072669593271,0.2279645292502265,30.370244581068494,2.4634879458844448,1.5389561369731686,1.577948148905942,34.291893918314656,0.8311179671706276,-0.1669352778486941,0.7500085993483189,0.8888888888888888
12,64,0.0,6.0,4,2.94404142836239,0.0528562069435846,-3.0283809077373363,0.1276909033711633,27.178032703011446,0.1866201667722858,4.546596694943034,0.2644460604716928,32.67734210478316,1.3478289840795064,2.924426767424418,1.0211498582735372,32.93640753864459,1.0208599463949384,-0.6369636293639498,1.2409647238460637,0.8888888888888888
12,64,0.0,6.0,5,2.9137611704635664,0.0168526924655856,-3.0407812239811656,0.1080674019586679,26.93958643911652,0.219263451421263,3.981719605242097,0.235300944427521,34.13687466625226,1.226052105741593,3.5033288225839563,1.0207777518748522,35.05789153124208,0.8557850904084252,-0.0758623911222412,0.7440453631176086,0.8888888888888888
12,64,0.0,6.0,6,2.9275270992165163,0.0161593431404193,-3.285072903652364,0.1082198669040907,27.31481404363957,0.1566905809662133,4.612126437998916,0.1577940676568689,32.75942552084591,0.9905473334369144,3.709428307071996,0.8090945880271895,32.39099286238205,1.0979678212581363,-1.606848008956736,0.7966492293722575,0.8888888888888888
12,72,0.0,6.0,1,1.8921591840044836,0.0153900836379511,-1.9093811144149295,0.1149943187175709,25.117291271517075,0.2373717209183994,4.963191344566157,0.2498560160219362,19.28042732707386,1.3819984787256732,3.594970329079017,0.8215839680566719,21.168863591169856,0.899912899956531,-1.7364473316899995,0.5726084889908183,1.0
12,72,0.0,6.0,2,1.9092925724830936,0.0152275730368984,-1.8530261759056272,0.1158822211831802,24.77063205398929,0.1382331024359274,4.285700737828554,0.2276665851905468,20.89647828751147,0.6121272725093488,3.469478758759955,0.5507031995892779,22.73002650482028,0.5004822295179022,-0.8779610055888879,0.3882502712859327,1.0
12,72,0.0,6.0,3,1.9159160195613825,0.0121686364770367,-2.0277823219519013,0.1082503280337242,24.77951961471829,0.1402346606561036,4.771727990128468,0.1668117739683702,21.16303508444424,0.7896718076268188,4.148647343318849,0.5942259150781614,22.302633969047175,0.4037606166247757,-1.620851314302768,0.5079273229482486,1.0
12,72,0.0,6.0,4,1.9186514805083392,0.0148323189359539,-2.1777773920516346,0.0904856263846377,24.941099307578565,0.1420948520936217,5.014142636446254,0.1690603902413327,21.220549349027824,0.5255634653358846,3.949483084131795,0.4531141700921333,23.37510046366228,0.4786280281773513,-1.066632881005237,0.3488662538771708,1.0
12,72,0.0,6.0,5,1.9050655690349223,0.0185119008370823,-1.9987924157812609,0.1058897450435501,24.85086050589391,0.2832857285503531,4.414134738882783,0.2474681691690097,23.95227017149816,1.7130535198375676,4.079345294049864,0.5293403622583465,24.060272203207244,0.814261860735919,-0.4978092117015913,0.478589254233756,1.0
12,72,0.0,6.0,6,1.911319266719935,0.0162235642548991,-1.9978238715705616,0.0717726413987679,25.04357324219612,0.1624733390509883,4.836821180702141,0.2017667987378563,20.790753344576764,0.755804701078698,3.571328991130551,0.5258086276576934,21.15881244361733,0.531120465795973,-1.543507591546685,0.411798061469098,1.0
12,36,0.0,8.0,1,8.925212084762506,0.0401632384035097,-20.770793396913312,0.2064182835652788,33.83810371786793,1.0768580610088017,-10.507276972836667,1.329704927318858,174.0743288482965,5.0411159723338494,-14.616038206416995,4.716634404919925,147.6098641048065,2.6586503124386542,3.766317716942277,2.629691236930918,0.5
12,36,0.0,8.0,2,8.94498391075535,0.059011058873295,-20.701171268510787,0.196063045801446,32.59223546083291,1.203453838406571,-11.138258195912112,1.1396529234115482,177.48258277695055,4.050636014321114,-11.237540538541026,3.5502514163650742,147.8388792635837,3.5379773235885392,3.668866607708572,3.058680685619079,0.5
12,36,0.0,8.0,3,8.949397583970637,0.0499911968556095,-21.02510520823202,0.2741395562433901,34.526248100398234,1.1705328575402374,-8.308997064400895,1.117178254408929,178.54808267761533,4.9798981852718756,-7.998834363410067,4.950932352589359,150.51962268062604,5.687254822718825,2.4362470685309745,4.0430649519774535,0.5
12,36,0.0,8.0,4,8.905306655859773,0.0308579066746898,-20.89650481579877,0.2090523360326696,33.1237003807784,1.0663283120201288,-11.153087516708032,1.1190560832210907,180.94226790529777,3.747394507771012,-7.317939928266543,3.3355395984438903,150.38815847761998,2.8414002942063323,4.587060459383353,2.348864902731781,0.5
12,36,0.0,8.0,5,9.038511916330515,0.0666534426308965,-20.68397977512151,0.215223362114487,36.53351108627412,1.2971581684065998,-8.133461351361563,1.1176344166725565,183.26349805580008,7.12308349824155,-3.579122571018943,6.695836106435381,148.82377251823456,4.015151634366787,2.768653743905476,3.4208770365491183,0.5
12,36,0.0,8.0,6,9.055208328086495,0.051938892788603,-20.616207589754406,0.1611497102941129,37.22537371111349,1.6739657956474256,-6.9322778769794215,1.745698346018173,179.69285796802555,4.079489624844641,-8.363515590326973,3.77962807952427,151.91952011219573,3.608069512315314,6.933090312194307,3.253969663521894,0.5
12,40,0.0,8.0,1,7.430558723377007,0.041698586214434,-14.932760129456147,0.2024884399411771,31.07287743379148,1.0715712739137009,-6.310582161263303,0.9640534833138452,129.50041958511744,3.870382507202472,-6.043846754512237,3.5105405654548916,122.44336451289516,4.493374337287455,5.525053110480463,3.831751770248251,0.5555555555555556
12,40,0.0,8.0,2,7.403336556890162,0.0368692084136665,-14.712345184041578,0.2249793967099085,29.13480854089794,1.8514123094878656,-7.133508431305638,1.669117693212131,118.8428025305138,7.767541833459215,-16.720691242498173,7.403976692794636,116.19727367740174,2.8652998894264012,0.4631031359724115,2.3874251764812295,0.5555555555555556
12,40,0.0,8.0,3,7.326717542765621,0.1202465120995368,-15.06378851710869,0.2112696139132362,28.8908212446156,2.15106787577079,-7.998723043910966,1.814920105131969,132.43832491332938,5.594965649545352,-1.260136309426758,6.646938952489556,113.71658316269033,3.3588605809596928,-0.9074493520089756,2.581966891952356,0.5555555555555556
12,40,0.0,8.0,4,7.455070805837882,0.0364650780282918,-14.836061379936972,0.1942163215554321,29.74756681865366,0.7573944486690276,-6.9734421425607085,0.8034861743851779,137.19468603341926,2.9258361110098683,-1.2031655819787246,2.985620945227718,117.4704929627213,3.220473359729767,2.0168477830230067,3.4244235751153,0.5555555555555556
12,40,0.0,8.0,5,7.46850042848664,0.0697120865092275,-15.506832979541972,0.5209637672158342,31.09578250031408,1.9179071137703936,-5.559582222681515,2.270626850882672,134.6533092586963,11.481720260028734,1.1789615776719202,12.43663985162004,120.63822299391772,3.867039583204144,1.20144598767497,3.224228896625298,0.5555555555555556
12,40,0.0,8.0,6,7.452905752620427,0.0475711919492226,-14.961155668546672,0.2028171480561182,30.17087884252597,1.496244232292945,-7.182940861606262,1.4606957104599905,121.73794043968287,5.747925488246186,-13.542688189404094,5.165924368261576,111.80950394238974,3.274312776118689,-2.061898641655544,2.783338133679512,0.5555555555555556
12,48,0.0,8.0,1,5.005204794704475,0.0658635515856931,-7.1615148875011245,0.1650550264056274,25.70237663097086,0.697192577508283,-3.5140116877519523,0.673061364377042,58.44882546367393,4.505396498444088,-1.6227365951773454,3.937523453692611,72.1753266859743,3.9426540961552634,2.682722930093518,2.513981520599465,0.6666666666666666
12,48,0.0,8.0,2,5.023892236869202,0.0497915354071725,-7.231610865458514,0.1364207219326014,25.07033659401236,0.7434491276216026,-4.074874194959696,0.7735196455184532,69.55883598192676,5.22305947291409,5.705175566493357,4.108855246649297,69.93713521439156,3.262097907106825,0.3218178802489955,2.4349578685369813,0.6666666666666666
12,48,0.0,8.0,3,5.035834582526613,0.0405882185589396,-6.997887519994443,0.1803661643529792,28.866184619320677,0.9464572045563672,-0.9341641265787024,0.8325504534319835,57.10190812346493,4.455886447088763,-5.845211722234264,4.016128300704562,68.29254373846797,1.9941748527762897,-2.3207152726994957,1.7805112002288075,0.6666666666666666
12,48,0.0,8.0,4,4.982314420471036,0.0370499906914138,-6.888739161983816,0.231696119133812,26.68137209029238,0.8630471521623246,-1.814501895827678,0.6823430147329517,57.774577420358945,3.7532280594291696,-0.4224884082185543,2.871227804660174,64.19797689024442,2.9925944785803456,-2.874176997401141,2.2745316585570583,0.6666666666666666
12,48,0.0,8.0,5,4.987047775709703,0.034318614520664,-6.831830358498403,0.2299577570787834,25.94612514455575,0.7044929607665184,-2.7540994458764456,0.6448174977890107,57.50977855764776,5.06145836613943,-2.6293734624275324,2.9448466253190895,69.1483223636848,3.454863528148499,-0.9499218573023268,2.0252416727866693,0.6666666666666666
12,48,0.0,8.0,6,5.040276094029915,0.0432956331481408,-6.56680504438386,0.1989801703158436,26.135842299683546,0.9595393443595884,-3.5317063903179076,0.8884182337237035,55.101376963494715,6.581226934531139,-6.371445061750208,6.673767833078288,68.80155810263915,2.4366766572837224,0.3668175520590209,2.435808564145222,0.6666666666666666
12,56,0.0,8.0,1,3.267495637883755,0.0376873601142498,-3.025915573291537,0.1498329676221673,25.594354287466462,0.4416139361916555,1.4697170765960783,0.4148027424964037,30.78823526030472,2.1713150361125506,0.7713954707679075,1.445867286659018,43.45172677872184,2.598663552101443,0.2974909989207758,1.821299808414928,0.7777777777777778
12,56,0.0,8.0,2,3.251101006198391,0.0280723140539324,-3.374709093853216,0.1464684841847615,24.685177329601565,0.3672069767118801,-0.1168005866356498,0.5606927360227317,33.69329298177647,2.935408014482814,2.24467824685357,2.2178019756209757,41.35425437075954,2.8586273178718007,0.4978719600282348,2.028246781672,0.7777777777777778
12,56,0.0,8.0,3,3.250203168591314,0.0735992303859005,-3.4152361652925314,0.1458519553555939,25.310506728540062,0.7754027340262731,0.9219906503777436,0.3754308889791734,34.856665273153226,4.342119168259626,0.5660301860164246,1.4766591430094134,46.40881338184613,6.9854841574991235,1.7223514547009795,2.4762100018877,0.7777777777777778
12,56,0.0,8.0,4,3.2784422927786694,0.0429734930532878,-3.244093710966407,0.2082416118231623,24.891324724179892,0.5370071261355944,0.8284794135810334,0.5067861314262206,34.59879094505034,1.9190950563418177,3.3570873483167816,1.9425048858840264,40.11762903303482,2.021396353649701,-2.7567265375683636,1.7750962791438425,0.7777777777777778
12,56,0.0,8.0,5,3.2559964955648852,0.0248889234654908,-3.746494220024809,0.1313810075758367,24.868124359161783,0.4287143998638268,1.5040619711565313,0.374986810675298,31.031287516384022,1.9398931917495028,1.5622356697032445,1.6743904221360213,41.78698860761729,2.6971906443814975,-0.8066522523561188,1.9999992515154064,0.7777777777777778
12,56,0.0,8.0,6,3.303680403445172,0.0338147992037911,-3.2002421177353817,0.1888096416681854,25.17160991755568,0.443839521824993,1.67455518433229,0.6263745992587836,30.55117304787683,2.598143127215614,-1.1079678908173414,2.4274198812503243,36.24904948762836,2.205058041838144,-3.533369880407234,1.8014339365096643,0.7777777777777778
12,64,0.0,8.0,1,1.9853202783045851,0.0161255829819032,-1.6802675860195575,0.1107856973166217,22.925003500224857,0.3005394923456534,3.268386561180918,0.3091265246227686,21.52093026998516,0.8337474517195481,1.42497435684137,1.002062703270603,23.00236090468484,1.6894691982762566,-0.4722430308330088,1.2326129685005651,0.8888888888888888
12,64,0.0,8.0,2,2.0300890614415197,0.0177987174640554,-1.7606991268242471,0.1339943655392963,23.428217267308117,0.3168392552850732,3.428632006547919,0.3289453671292503,25.165886454115615,1.7346362494251426,4.851153940377789,1.3540224457606618,21.60820048356472,1.1679678153711703,-2.445984584102092,1.02462271277425,0.8888888888888888
12,64,0.0,8.0,3,2.0070400108399533,0.0231165603849619,-1.8769853404206032,0.1563449966570033,23.325991266737,0.2802983649200121,3.004596433284247,0.2784226412753261,21.704436156296435,2.0874323954328493,2.6522589921470674,0.9771155337205762,21.29971802391469,1.1180488178785275,-1.5080229489846162,1.1770683259119286,0.8888888888888888
12,64,0.0,8.0,4,2.04266734194926,0.0199974686487339,-1.7052660411984146,0.2127807333605337,23.273036599680363,0.3360565451681507,3.5330523778880485,0.257881903757546,21.735279750090328,0.8775488619942466,1.6468739570121542,0.9953169026780352,26.014912572789513,1.5814302976659038,0.6910066325832751,0.8603050851747748,0.8888888888888888
12,64,0.0,8.0,5,1.9734418777706093,0.0224471702097797,-2.003207062939476,0.2611593200714497,23.377614317578765,0.240079326011402,3.2323272494153854,0.4115279759722287,20.513787043098574,1.97916419482252,2.0555454612420196,1.130056751040371,25.75651735214772,1.5831295493903124,0.5960414918443131,1.2594048670499756,0.8888888888888888
12,64,0.0,8.0,6,1.9384247242042267,0.0350351781410695,-1.7057726473137094,0.1066914068372233,22.87300532486419,0.5715303976499525,3.231604983351164,0.5352786541877407,24.25981674647976,1.7841428685302785,3.154932905816845,1.6986039456261808,24.16856652285151,1.882689596556944,-1.4858652343094536,0.725671296415663,0.8888888888888888
12,72,0.0,8.0,1,1.0874130460045228,0.0116256884685978,-0.9838330044937228,0.0779194587585257,21.30910246491498,0.3160113310926778,3.68846311496903,0.2809514322987071,16.355912884659684,1.07409415409771,3.207684169178326,0.5822701929374593,12.482400693938164,0.8239362423362204,-1.544097252753956,0.5124895332705621,1.0
12,72,0.0,8.0,2,1.0910271340247568,0.0136224088729861,-0.9934604082699116,0.0769744843955113,21.00020352462291,0.2900696503325,3.892339642862413,0.3156556509079949,17.89812039451358,0.6084164400694909,4.594010161464991,0.4327764300006563,13.376933929826055,0.5310911094643295,-1.044438934889142,0.3443416122517106,1.0
12,72,0.0,8.0,3,1.0862984848088009,0.0146001392548946,-0.9800845335493912,0.0823642081062214,20.82593998155436,0.2668419883946082,3.7787358821729953,0.257897535308816,16.655494855169394,0.4746936917006077,3.4292019526795174,0.3764652888824322,13.003994809975648,0.4481122150408926,-1.0463448998689435,0.3213194375182893,1.0
12,72,0.0,8.0,4,1.0964479689354227,0.0152261430125296,-1.010278972488316,0.0859933298949045,21.14410696752513,0.2912771806591481,3.8886507754535744,0.382452751876975,18.514945423639016,0.6992161650188138,3.788535857818807,0.5149731124911747,12.18676535605108,0.5296287443280137,-0.78118883095175,0.455532420152658,1.0
12,72,0.0,8.0,5,1.1158508123732862,0.011945211507842,-0.962927205864038,0.0805913045059225,20.80995874555064,0.2936599753092238,3.5226343858183853,0.3008337249487212,18.94727821900642,0.7554248790404925,3.8317862979753743,0.4584799326965868,12.398429733781722,0.8269006981852985,-2.166430048094019,0.561102394584943,1.0
12,72,0.0,8.0,6,1.1114027806489355,0.0149644472833986,-0.8072394729179729,0.0733088708551936,21.25162897105434,0.238904350966361,3.3132869461492462,0.2713461492197795,17.888638086036217,0.8138386499250643,3.1816557855454506,0.4894797780321126,12.693098482065494,0.8937019126405977,-0.1350849306818519,0.2451093054619569,1.0
