L,U,n,delta,seed,qx,qy,kind,S_peak,S_pipi,m_peak,m_pipi
10,0.0,0.5,0.0,1,0.8,0.6,other,0.125,0.125,0.035355339059327376,0.035355339059327376
10,0.0,0.5,0.0,2,0.8,0.6,other,0.125,0.125,0.035355339059327376,0.035355339059327376
10,0.0,0.5,0.0,3,0.8,0.6,other,0.125,0.125,0.035355339059327376,0.035355339059327376
10,0.0,0.5,0.0,4,0.8,0.6,other,0.125,0.125,0.035355339059327376,0.035355339059327376
10,0.0,0.5,0.0,5,0.8,0.6,other,0.125,0.125,0.035355339059327376,0.035355339059327376
10,0.0,0.5,0.0,6,0.8,0.6,other,0.125,0.125,0.035355339059327376,0.035355339059327376
10,0.0,0.5,0.1,1,0.4,1.0,spiral,0.12498376538669946,0.12456755228599796,0.0353530430637448,0.035294128730710715
10,0.0,0.5,0.1,2,0.4,1.0,spiral,0.12498376538669946,0.12456755228599796,0.0353530430637448,0.035294128730710715
10,0.0,0.5,0.1,3,0.4,1.0,spiral,0.12498376538669946,0.12456755228599796,0.0353530430637448,0.035294128730710715
10,0.0,0.5,0.1,4,0.4,1.0,spiral,0.12498376538669946,0.12456755228599796,0.0353530430637448,0.035294128730710715
10,0.0,0.5,0.1,5,0.4,1.0,spiral,0.12498376538669946,0.12456755228599796,0.0353530430637448,0.035294128730710715
10,0.0,0.5,0.1,6,0.4,1.0,spiral,0.12498376538669946,0.12456755228599796,0.0353530430637448,0.035294128730710715
10,0.0,0.5,0.2,1,0.4,1.0,spiral,0.12493713059943128,0.12331669703177858,0.035346446865198666,0.03511647719116748
10,0.0,0.5,0.2,2,0.4,1.0,spiral,0.12493713059943128,0.12331669703177858,0.035346446865198666,0.03511647719116748
10,0.0,0.5,0.2,3,0.4,1.0,spiral,0.12493713059943128,0.12331669703177858,0.035346446865198666,0.03511647719116748
10,0.0,0.5,0.2,4,0.4,1.0,spiral,0.12493713059943128,0.12331669703177858,0.035346446865198666,0.03511647719116748
10,0.0,0.5,0.2,5,0.4,1.0,spiral,0.12493713059943128,0.12331669703177858,0.035346446865198666,0.03511647719116748
10,0.0,0.5,0.2,6,0.4,1.0,spiral,0.12493713059943128,0.12331669703177858,0.035346446865198666,0.03511647719116748
10,0.0,0.5,0.3,1,0.4,1.0,spiral,0.12486576298635683,0.12137427819978167,0.0353363499793565,0.03483881143204826
10,0.0,0.5,0.3,2,0.4,1.0,spiral,0.12486576298635683,0.12137427819978167,0.0353363499793565,0.03483881143204826
10,0.0,0.5,0.3,3,0.4,1.0,spiral,0.12486576298635683,0.12137427819978167,0.0353363499793565,0.03483881143204826
10,0.0,0.5,0.3,4,0.4,1.0,spiral,0.12486576298635683,0.12137427819978167,0.0353363499793565,0.03483881143204826
10,0.0,0.5,0.3,5,0.4,1.0,spiral,0.12486576298635683,0.12137427819978167,0.0353363499793565,0.03483881143204826
10,0.0,0.5,0.3,6,0.4,1.0,spiral,0.12486576298635683,0.12137427819978167,0.0353363499793565,0.03483881143204826
10,0.0,0.5,0.4,1,0.0,1.0,stripe,0.125,0.10735161107970603,0.035355339059327376,0.032764555708830544
10,0.0,0.5,0.4,2,0.0,1.0,stripe,0.125,0.10735161107970603,0.035355339059327376,0.032764555708830544
10,0.0,0.5,0.4,3,0.0,1.0,stripe,0.125,0.10735161107970603,0.035355339059327376,0.032764555708830544
10,0.0,0.5,0.4,4,0.0,1.0,stripe,0.125,0.10735161107970603,0.035355339059327376,0.032764555708830544
10,0.0,0.5,0.4,5,0.0,1.0,stripe,0.125,0.10735161107970603,0.035355339059327376,0.032764555708830544
10,0.0,0.5,0.4,6,0.0,1.0,stripe,0.125,0.10735161107970603,0.035355339059327376,0.032764555708830544
10,0.0,0.5,0.5,1,0.0,1.0,stripe,0.12500000000000003,0.10249346016646846,0.03535533905932738,0.03201459982046761
10,0.0,0.5,0.5,2,0.0,1.0,stripe,0.12500000000000003,0.10249346016646846,0.03535533905932738,0.03201459982046761
10,0.0,0.5,0.5,3,0.0,1.0,stripe,0.12500000000000003,0.10249346016646846,0.03535533905932738,0.03201459982046761
10,0.0,0.5,0.5,4,0.0,1.0,stripe,0.12500000000000003,0.10249346016646846,0.03535533905932738,0.03201459982046761
10,0.0,0.5,0.5,5,0.0,1.0,stripe,0.12500000000000003,0.10249346016646846,0.03535533905932738,0.03201459982046761
10,0.0,0.5,0.5,6,0.0,1.0,stripe,0.12500000000000003,0.10249346016646846,0.03535533905932738,0.03201459982046761
10,0.0,0.5,0.6,1,0.4,1.0,spiral,0.12329756021922327,0.07807632530324017,0.03511375232287533,0.027942141167641425
10,0.0,0.5,0.6,2,0.4,1.0,spiral,0.12329756021922327,0.07807632530324017,0.03511375232287533,0.027942141167641425
10,0.0,0.5,0.6,3,0.4,1.0,spiral,0.12329756021922327,0.07807632530324017,0.03511375232287533,0.027942141167641425
10,0.0,0.5,0.6,4,0.4,1.0,spiral,0.12329756021922327,0.07807632530324017,0.03511375232287533,0.027942141167641425
10,0.0,0.5,0.6,5,0.4,1.0,spiral,0.12329756021922327,0.07807632530324017,0.03511375232287533,0.027942141167641425
10,0.0,0.5,0.6,6,0.4,1.0,spiral,0.12329756021922327,0.07807632530324017,0.03511375232287533,0.027942141167641425
10,0.0,0.5,0.7,1,0.4,1.0,spiral,0.12323837753672465,0.07405253032967782,0.03510532403165147,0.027212594571205045
10,0.0,0.5,0.7,2,0.4,1.0,spiral,0.12323837753672465,0.07405253032967782,0.03510532403165147,0.027212594571205045
10,0.0,0.5,0.7,3,0.4,1.0,spiral,0.12323837753672465,0.07405253032967782,0.03510532403165147,0.027212594571205045
10,0.0,0.5,0.7,4,0.4,1.0,spiral,0.12323837753672465,0.07405253032967782,0.03510532403165147,0.027212594571205045
10,0.0,0.5,0.7,5,0.4,1.0,spiral,0.12323837753672465,0.07405253032967782,0.03510532403165147,0.027212594571205045
10,0.0,0.5,0.7,6,0.4,1.0,spiral,0.12323837753672465,0.07405253032967782,0.03510532403165147,0.027212594571205045
10,0.0,0.56,0.0,1,0.8,1.0,spiral,0.13999999999999996,0.13999999999999993,0.03741657386773941,0.0374165738677394
10,0.0,0.56,0.0,2,0.8,1.0,spiral,0.13999999999999996,0.13999999999999993,0.03741657386773941,0.0374165738677394
10,0.0,0.56,0.0,3,0.8,1.0,spiral,0.13999999999999996,0.13999999999999993,0.03741657386773941,0.0374165738677394
10,0.0,0.56,0.0,4,0.8,1.0,spiral,0.13999999999999996,0.13999999999999993,0.03741657386773941,0.0374165738677394
10,0.0,0.56,0.0,5,0.8,1.0,spiral,0.13999999999999996,0.13999999999999993,0.03741657386773941,0.0374165738677394
10,0.0,0.56,0.0,6,0.8,1.0,spiral,0.13999999999999996,0.13999999999999993,0.03741657386773941,0.0374165738677394
10,0.0,0.56,0.1,1,0.6,1.0,spiral,0.13995037190209997,0.13956755228599785,0.03740994144637224,0.03735874091641712
10,0.0,0.56,0.1,2,0.6,1.0,spiral,0.13995037190209997,0.13956755228599785,0.03740994144637224,0.03735874091641712
10,0.0,0.56,0.1,3,0.6,1.0,spiral,0.13995037190209997,0.13956755228599785,0.03740994144637224,0.03735874091641712
10,0.0,0.56,0.1,4,0.6,1.0,spiral,0.13995037190209997,0.13956755228599785,0.03740994144637224,0.03735874091641712
10,0.0,0.56,0.1,5,0.6,1.0,spiral,0.13995037190209997,0.13956755228599785,0.03740994144637224,0.03735874091641712
10,0.0,0.56,0.1,6,0.6,1.0,spiral,0.13995037190209997,0.13956755228599785,0.03740994144637224,0.03735874091641712
10,0.0,0.56,0.2,1,1.4,1.0,spiral,0.13938371423723908,0.13769441239866603,0.03733412838640258,0.03710719773826448
10,0.0,0.56,0.2,2,1.4,1.0,spiral,0.13938371423723908,0.13769441239866603,0.03733412838640258,0.03710719773826448
10,0.0,0.56,0.2,3,1.4,1.0,spiral,0.13938371423723908,0.13769441239866603,0.03733412838640258,0.03710719773826448
10,0.0,0.56,0.2,4,1.4,1.0,spiral,0.13938371423723908,0.13769441239866603,0.03733412838640258,0.03710719773826448
10,0.0,0.56,0.2,5,1.4,1.0,spiral,0.13938371423723908,0.13769441239866603,0.03733412838640258,0.03710719773826448
10,0.0,0.56,0.2,6,1.4,1.0,spiral,0.13938371423723908,0.13769441239866603,0.03733412838640258,0.03710719773826448
10,0.0,0.56,0.3,1,0.6,1.0,spiral,0.1377138786851144,0.13033302330652285,0.03710982062542399,0.036101665239504234
10,0.0,0.56,0.3,2,0.6,1.0,spiral,0.1377138786851144,0.13033302330652285,0.03710982062542399,0.036101665239504234
10,0.0,0.56,0.3,3,0.6,1.0,spiral,0.1377138786851144,0.13033302330652285,0.03710982062542399,0.036101665239504234
10,0.0,0.56,0.3,4,0.6,1.0,spiral,0.1377138786851144,0.13033302330652285,0.03710982062542399,0.036101665239504234
10,0.0,0.56,0.3,5,0.6,1.0,spiral,0.1377138786851144,0.13033302330652285,0.03710982062542399,0.036101665239504234
10,0.0,0.56,0.3,6,0.6,1.0,spiral,0.1377138786851144,0.13033302330652285,0.03710982062542399,0.036101665239504234
10,0.0,0.56,0.4,1,1.0,1.4,spiral,0.13577934095800473,0.12235161107970607,0.03684824839229196,0.034978795159311314
10,0.0,0.56,0.4,2,1.0,1.4,spiral,0.13577934095800473,0.12235161107970607,0.03684824839229196,0.034978795159311314
10,0.0,0.56,0.4,3,1.0,1.4,spiral,0.13577934095800473,0.12235161107970607,0.03684824839229196,0.034978795159311314
10,0.0,0.56,0.4,4,1.0,1.4,spiral,0.13577934095800473,0.12235161107970607,0.03684824839229196,0.034978795159311314
10,0.0,0.56,0.4,5,1.0,1.4,spiral,0.13577934095800473,0.12235161107970607,0.03684824839229196,0.034978795159311314
10,0.0,0.56,0.4,6,1.0,1.4,spiral,0.13577934095800473,0.12235161107970607,0.03684824839229196,0.034978795159311314
10,0.0,0.56,0.5,1,0.0,1.0,stripe,0.13738496822930998,0.10400700322529262,0.03706547830924484,0.0322501167789037
10,0.0,0.56,0.5,2,0.0,1.0,stripe,0.13738496822930998,0.10400700322529262,0.03706547830924484,0.0322501167789037
10,0.0,0.56,0.5,3,0.0,1.0,stripe,0.13738496822930998,0.10400700322529262,0.03706547830924484,0.0322501167789037
10,0.0,0.56,0.5,4,0.0,1.0,stripe,0.13738496822930998,0.10400700322529262,0.03706547830924484,0.0322501167789037
10,0.0,0.56,0.5,5,0.0,1.0,stripe,0.13738496822930998,0.10400700322529262,0.03706547830924484,0.0322501167789037
10,0.0,0.56,0.5,6,0.0,1.0,stripe,0.13738496822930998,0.10400700322529262,0.03706547830924484,0.0322501167789037
10,0.0,0.56,0.6,1,0.0,1.0,stripe,0.1373800201788926,0.09307632530324025,0.037064810828991504,0.030508412823881916
10,0.0,0.56,0.6,2,0.0,1.0,stripe,0.1373800201788926,0.09307632530324025,0.037064810828991504,0.030508412823881916
10,0.0,0.56,0.6,3,0.0,1.0,stripe,0.1373800201788926,0.09307632530324025,0.037064810828991504,0.030508412823881916
10,0.0,0.56,0.6,4,0.0,1.0,stripe,0.1373800201788926,0.09307632530324025,0.037064810828991504,0.030508412823881916
10,0.0,0.56,0.6,5,0.0,1.0,stripe,0.1373800201788926,0.09307632530324025,0.037064810828991504,0.030508412823881916
10,0.0,0.56,0.6,6,0.0,1.0,stripe,0.1373800201788926,0.09307632530324025,0.037064810828991504,0.030508412823881916
10,0.0,0.56,0.7,1,0.0,1.0,stripe,0.1379735739560565,0.08905253032967775,0.03714479424576969,0.02984167058488478
10,0.0,0.56,0.7,2,0.0,1.0,stripe,0.1379735739560565,0.08905253032967775,0.03714479424576969,0.02984167058488478
10,0.0,0.56,0.7,3,0.0,1.0,stripe,0.1379735739560565,0.08905253032967775,0.03714479424576969,0.02984167058488478
10,0.0,0.56,0.7,4,0.0,1.0,stripe,0.1379735739560565,0.08905253032967775,0.03714479424576969,0.02984167058488478
10,0.0,0.56,0.7,5,0.0,1.0,stripe,0.1379735739560565,0.08905253032967775,0.03714479424576969,0.02984167058488478
10,0.0,0.56,0.7,6,0.0,1.0,stripe,0.1379735739560565,0.08905253032967775,0.03714479424576969,0.02984167058488478
10,0.0,0.66,0.0,1,0.8,1.0,spiral,0.165,0.165,0.040620192023179805,0.040620192023179805
10,0.0,0.66,0.0,2,0.8,1.0,spiral,0.165,0.165,0.040620192023179805,0.040620192023179805
10,0.0,0.66,0.0,3,0.8,1.0,spiral,0.165,0.165,0.040620192023179805,0.040620192023179805
10,0.0,0.66,0.0,4,0.8,1.0,spiral,0.165,0.165,0.040620192023179805,0.040620192023179805
10,0.0,0.66,0.0,5,0.8,1.0,spiral,0.165,0.165,0.040620192023179805,0.040620192023179805
10,0.0,0.66,0.0,6,0.8,1.0,spiral,0.165,0.165,0.040620192023179805,0.040620192023179805
10,0.0,0.66,0.1,1,1.0,0.8,spiral,0.1644902364506014,0.16385893475228558,0.04055739592856048,0.04047949292571309
10,0.0,0.66,0.1,2,1.0,0.8,spiral,0.1644902364506014,0.16385893475228558,0.04055739592856048,0.04047949292571309
10,0.0,0.66,0.1,3,1.0,0.8,spiral,0.1644902364506014,0.16385893475228558,0.04055739592856048,0.04047949292571309
10,0.0,0.66,0.1,4,1.0,0.8,spiral,0.1644902364506014,0.16385893475228558,0.04055739592856048,0.04047949292571309
10,0.0,0.66,0.1,5,1.0,0.8,spiral,0.1644902364506014,0.16385893475228558,0.04055739592856048,0.04047949292571309
10,0.0,0.66,0.1,6,1.0,0.8,spiral,0.1644902364506014,0.16385893475228558,0.04055739592856048,0.04047949292571309
10,0.0,0.66,0.2,1,1.0,0.6,spiral,0.16355397983090728,0.15665003036511194,0.04044180755491862,0.03957903869033607
10,0.0,0.66,0.2,2,1.0,0.6,spiral,0.16355397983090728,0.15665003036511194,0.04044180755491862,0.03957903869033607
10,0.0,0.66,0.2,3,1.0,0.6,spiral,0.16355397983090728,0.15665003036511194,0.04044180755491862,0.03957903869033607
10,0.0,0.66,0.2,4,1.0,0.6,spiral,0.16355397983090728,0.15665003036511194,0.04044180755491862,0.03957903869033607
10,0.0,0.66,0.2,5,1.0,0.6,spiral,0.16355397983090728,0.15665003036511194,0.04044180755491862,0.03957903869033607
10,0.0,0.66,0.2,6,1.0,0.6,spiral,0.16355397983090728,0.15665003036511194,0.04044180755491862,0.03957903869033607
10,0.0,0.66,0.3,1,0.8,1.0,spiral,0.15649051632539734,0.14889174888323142,0.03955888222958244,0.038586493606342545
10,0.0,0.66,0.3,2,0.8,1.0,spiral,0.15649051632539734,0.14889174888323142,0.03955888222958244,0.038586493606342545
10,0.0,0.66,0.3,3,0.8,1.0,spiral,0.15649051632539734,0.14889174888323142,0.03955888222958244,0.038586493606342545
10,0.0,0.66,0.3,4,0.8,1.0,spiral,0.15649051632539734,0.14889174888323142,0.03955888222958244,0.038586493606342545
10,0.0,0.66,0.3,5,0.8,1.0,spiral,0.15649051632539734,0.14889174888323142,0.03955888222958244,0.038586493606342545
10,0.0,0.66,0.3,6,0.8,1.0,spiral,0.15649051632539734,0.14889174888323142,0.03955888222958244,0.038586493606342545
10,0.0,0.66,0.4,1,1.0,0.8,spiral,0.15195250882431005,0.14381127666480473,0.03898108628864902,0.037922457286521494
10,0.0,0.66,0.4,2,1.0,0.8,spiral,0.15195250882431005,0.14381127666480473,0.03898108628864902,0.037922457286521494
10,0.0,0.66,0.4,3,1.0,0.8,spiral,0.15195250882431005,0.14381127666480473,0.03898108628864902,0.037922457286521494
10,0.0,0.66,0.4,4,1.0,0.8,spiral,0.15195250882431005,0.14381127666480473,0.03898108628864902,0.037922457286521494
10,0.0,0.66,0.4,5,1.0,0.8,spiral,0.15195250882431005,0.14381127666480473,0.03898108628864902,0.037922457286521494
10,0.0,0.66,0.4,6,1.0,0.8,spiral,0.15195250882431005,0.14381127666480473,0.03898108628864902,0.037922457286521494
10,0.0,0.66,0.5,1,1.0,0.0,stripe,0.14891314165709799,0.11501266057261608,0.03858926556143535,0.03391351656384458
10,0.0,0.66,0.5,2,1.0,0.0,stripe,0.14891314165709799,0.11501266057261608,0.03858926556143535,0.03391351656384458
10,0.0,0.66,0.5,3,1.0,0.0,stripe,0.14891314165709799,0.11501266057261608,0.03858926556143535,0.03391351656384458
10,0.0,0.66,0.5,4,1.0,0.0,stripe,0.14891314165709799,0.11501266057261608,0.03858926556143535,0.03391351656384458
10,0.0,0.66,0.5,5,1.0,0.0,stripe,0.14891314165709799,0.11501266057261608,0.03858926556143535,0.03391351656384458
10,0.0,0.66,0.5,6,1.0,0.0,stripe,0.14891314165709799,0.11501266057261608,0.03858926556143535,0.03391351656384458
10,0.0,0.66,0.6,1,0.0,1.0,stripe,0.1534534102152101,0.10822833447764424,0.03917312984881475,0.03289807509226706
10,0.0,0.66,0.6,2,0.0,1.0,stripe,0.1534534102152101,0.10822833447764424,0.03917312984881475,0.03289807509226706
10,0.0,0.66,0.6,3,0.0,1.0,stripe,0.1534534102152101,0.10822833447764424,0.03917312984881475,0.03289807509226706
10,0.0,0.66,0.6,4,0.0,1.0,stripe,0.1534534102152101,0.10822833447764424,0.03917312984881475,0.03289807509226706
10,0.0,0.66,0.6,5,0.0,1.0,stripe,0.1534534102152101,0.10822833447764424,0.03917312984881475,0.03289807509226706
10,0.0,0.66,0.6,6,0.0,1.0,stripe,0.1534534102152101,0.10822833447764424,0.03917312984881475,0.03289807509226706
10,0.0,0.66,0.7,1,0.0,1.0,stripe,0.153768078515423,0.10638288198303351,0.03921327307372122,0.03261638882265072
10,0.0,0.66,0.7,2,0.0,1.0,stripe,0.153768078515423,0.10638288198303351,0.03921327307372122,0.03261638882265072
10,0.0,0.66,0.7,3,0.0,1.0,stripe,0.153768078515423,0.10638288198303351,0.03921327307372122,0.03261638882265072
10,0.0,0.66,0.7,4,0.0,1.0,stripe,0.153768078515423,0.10638288198303351,0.03921327307372122,0.03261638882265072
10,0.0,0.66,0.7,5,0.0,1.0,stripe,0.153768078515423,0.10638288198303351,0.03921327307372122,0.03261638882265072
10,0.0,0.66,0.7,6,0.0,1.0,stripe,0.153768078515423,0.10638288198303351,0.03921327307372122,0.03261638882265072
10,0.0,0.78,0.0,1,1.0,0.8,spiral,0.18499999999999986,0.18499999999999983,0.04301162633521312,0.04301162633521311
10,0.0,0.78,0.0,2,1.0,0.8,spiral,0.18499999999999986,0.18499999999999983,0.04301162633521312,0.04301162633521311
10,0.0,0.78,0.0,3,1.0,0.8,spiral,0.18499999999999986,0.18499999999999983,0.04301162633521312,0.04301162633521311
10,0.0,0.78,0.0,4,1.0,0.8,spiral,0.18499999999999986,0.18499999999999983,0.04301162633521312,0.04301162633521311
10,0.0,0.78,0.0,5,1.0,0.8,spiral,0.18499999999999986,0.18499999999999983,0.04301162633521312,0.04301162633521311
10,0.0,0.78,0.0,6,1.0,0.8,spiral,0.18499999999999986,0.18499999999999983,0.04301162633521312,0.04301162633521311
10,0.0,0.78,0.1,1,0.8,1.0,spiral,0.18409255666138002,0.18266279038123587,0.04290600851412073,0.042739067652586414
10,0.0,0.78,0.1,2,0.8,1.0,spiral,0.18409255666138002,0.18266279038123587,0.04290600851412073,0.042739067652586414
10,0.0,0.78,0.1,3,0.8,1.0,spiral,0.18409255666138002,0.18266279038123587,0.04290600851412073,0.042739067652586414
10,0.0,0.78,0.1,4,0.8,1.0,spiral,0.18409255666138002,0.18266279038123587,0.04290600851412073,0.042739067652586414
10,0.0,0.78,0.1,5,0.8,1.0,spiral,0.18409255666138002,0.18266279038123587,0.04290600851412073,0.042739067652586414
10,0.0,0.78,0.1,6,0.8,1.0,spiral,0.18409255666138002,0.18266279038123587,0.04290600851412073,0.042739067652586414
10,0.0,0.78,0.2,1,0.8,1.0,spiral,0.19038817241486508,0.18615657715316947,0.04363349314630506,0.04314586621603157
10,0.0,0.78,0.2,2,0.8,1.0,spiral,0.19038817241486508,0.18615657715316947,0.04363349314630506,0.04314586621603157
10,0.0,0.78,0.2,3,0.8,1.0,spiral,0.19038817241486508,0.18615657715316947,0.04363349314630506,0.04314586621603157
10,0.0,0.78,0.2,4,0.8,1.0,spiral,0.19038817241486508,0.18615657715316947,0.04363349314630506,0.04314586621603157
10,0.0,0.78,0.2,5,0.8,1.0,spiral,0.19038817241486508,0.18615657715316947,0.04363349314630506,0.04314586621603157
10,0.0,0.78,0.2,6,0.8,1.0,spiral,0.19038817241486508,0.18615657715316947,0.04363349314630506,0.04314586621603157
10,0.0,0.78,0.3,1,0.8,1.0,spiral,0.18359198696784174,0.17025298849760095,0.042847635520276,0.04126172421234975
10,0.0,0.78,0.3,2,0.8,1.0,spiral,0.18359198696784174,0.17025298849760095,0.042847635520276,0.04126172421234975
10,0.0,0.78,0.3,3,0.8,1.0,spiral,0.18359198696784174,0.17025298849760095,0.042847635520276,0.04126172421234975
10,0.0,0.78,0.3,4,0.8,1.0,spiral,0.18359198696784174,0.17025298849760095,0.042847635520276,0.04126172421234975
10,0.0,0.78,0.3,5,0.8,1.0,spiral,0.18359198696784174,0.17025298849760095,0.042847635520276,0.04126172421234975
10,0.0,0.78,0.3,6,0.8,1.0,spiral,0.18359198696784174,0.17025298849760095,0.042847635520276,0.04126172421234975
10,0.0,0.78,0.4,1,1.0,0.8,spiral,0.1606376004920565,0.15433286872136814,0.040079620818073675,0.03928522224976819
10,0.0,0.78,0.4,2,1.0,0.8,spiral,0.1606376004920565,0.15433286872136814,0.040079620818073675,0.03928522224976819
10,0.0,0.78,0.4,3,1.0,0.8,spiral,0.1606376004920565,0.15433286872136814,0.040079620818073675,0.03928522224976819
10,0.0,0.78,0.4,4,1.0,0.8,spiral,0.1606376004920565,0.15433286872136814,0.040079620818073675,0.03928522224976819
10,0.0,0.78,0.4,5,1.0,0.8,spiral,0.1606376004920565,0.15433286872136814,0.040079620818073675,0.03928522224976819
10,0.0,0.78,0.4,6,1.0,0.8,spiral,0.1606376004920565,0.15433286872136814,0.040079620818073675,0.03928522224976819
10,0.0,0.78,0.5,1,1.0,0.0,stripe,0.1596345939629526,0.13027123794424617,0.039954298137115686,0.03609310709044681
10,0.0,0.78,0.5,2,1.0,0.0,stripe,0.1596345939629526,0.13027123794424617,0.039954298137115686,0.03609310709044681
10,0.0,0.78,0.5,3,1.0,0.0,stripe,0.1596345939629526,0.13027123794424617,0.039954298137115686,0.03609310709044681
10,0.0,0.78,0.5,4,1.0,0.0,stripe,0.1596345939629526,0.13027123794424617,0.039954298137115686,0.03609310709044681
10,0.0,0.78,0.5,5,1.0,0.0,stripe,0.1596345939629526,0.13027123794424617,0.039954298137115686,0.03609310709044681
10,0.0,0.78,0.5,6,1.0,0.0,stripe,0.1596345939629526,0.13027123794424617,0.039954298137115686,0.03609310709044681
10,0.0,0.78,0.6,1,0.0,1.0,stripe,0.15900266284620518,0.1223620395889545,0.03987513797420708,0.03498028581772231
10,0.0,0.78,0.6,2,0.0,1.0,stripe,0.15900266284620518,0.1223620395889545,0.03987513797420708,0.03498028581772231
10,0.0,0.78,0.6,3,0.0,1.0,stripe,0.15900266284620518,0.1223620395889545,0.03987513797420708,0.03498028581772231
10,0.0,0.78,0.6,4,0.0,1.0,stripe,0.15900266284620518,0.1223620395889545,0.03987513797420708,0.03498028581772231
10,0.0,0.78,0.6,5,0.0,1.0,stripe,0.15900266284620518,0.1223620395889545,0.03987513797420708,0.03498028581772231
10,0.0,0.78,0.6,6,0.0,1.0,stripe,0.15900266284620518,0.1223620395889545,0.03987513797420708,0.03498028581772231
10,0.0,0.78,0.7,1,0.0,1.0,stripe,0.16439444786641125,0.11154313040182104,0.04054558519326257,0.03339807335787815
10,0.0,0.78,0.7,2,0.0,1.0,stripe,0.16439444786641125,0.11154313040182104,0.04054558519326257,0.03339807335787815
10,0.0,0.78,0.7,3,0.0,1.0,stripe,0.16439444786641125,0.11154313040182104,0.04054558519326257,0.03339807335787815
10,0.0,0.78,0.7,4,0.0,1.0,stripe,0.16439444786641125,0.11154313040182104,0.04054558519326257,0.03339807335787815
10,0.0,0.78,0.7,5,0.0,1.0,stripe,0.16439444786641125,0.11154313040182104,0.04054558519326257,0.03339807335787815
10,0.0,0.78,0.7,6,0.0,1.0,stripe,0.16439444786641125,0.11154313040182104,0.04054558519326257,0.03339807335787815
10,0.0,0.88,0.0,1,1.0,1.0,Neel,0.20782897816963347,0.20782897816963347,0.045588263639848525,0.045588263639848525
10,0.0,0.88,0.0,2,1.0,1.0,Neel,0.20782897816963347,0.20782897816963347,0.045588263639848525,0.045588263639848525
10,0.0,0.88,0.0,3,1.0,1.0,Neel,0.20782897816963347,0.20782897816963347,0.045588263639848525,0.045588263639848525
10,0.0,0.88,0.0,4,1.0,1.0,Neel,0.20782897816963347,0.20782897816963347,0.045588263639848525,0.045588263639848525
10,0.0,0.88,0.0,5,1.0,1.0,Neel,0.20782897816963347,0.20782897816963347,0.045588263639848525,0.045588263639848525
10,0.0,0.88,0.0,6,1.0,1.0,Neel,0.20782897816963347,0.20782897816963347,0.045588263639848525,0.045588263639848525
10,0.0,0.88,0.1,1,0.8,1.0,spiral,0.20281717477304467,0.2023361543459848,0.0450352278525428,0.04498179124334477
10,0.0,0.88,0.1,2,0.8,1.0,spiral,0.20281717477304467,0.2023361543459848,0.0450352278525428,0.04498179124334477
10,0.0,0.88,0.1,3,0.8,1.0,spiral,0.20281717477304467,0.2023361543459848,0.0450352278525428,0.04498179124334477
10,0.0,0.88,0.1,4,0.8,1.0,spiral,0.20281717477304467,0.2023361543459848,0.0450352278525428,0.04498179124334477
10,0.0,0.88,0.1,5,0.8,1.0,spiral,0.20281717477304467,0.2023361543459848,0.0450352278525428,0.04498179124334477
10,0.0,0.88,0.1,6,0.8,1.0,spiral,0.20281717477304467,0.2023361543459848,0.0450352278525428,0.04498179124334477
10,0.0,0.88,0.2,1,1.0,0.8,spiral,0.1981033495334384,0.1963993716458033,0.044508802447767386,0.044316968719194154
10,0.0,0.88,0.2,2,1.0,0.8,spiral,0.1981033495334384,0.1963993716458033,0.044508802447767386,0.044316968719194154
10,0.0,0.88,0.2,3,1.0,0.8,spiral,0.1981033495334384,0.1963993716458033,0.044508802447767386,0.044316968719194154
10,0.0,0.88,0.2,4,1.0,0.8,spiral,0.1981033495334384,0.1963993716458033,0.044508802447767386,0.044316968719194154
10,0.0,0.88,0.2,5,1.0,0.8,spiral,0.1981033495334384,0.1963993716458033,0.044508802447767386,0.044316968719194154
10,0.0,0.88,0.2,6,1.0,0.8,spiral,0.1981033495334384,0.1963993716458033,0.044508802447767386,0.044316968719194154
10,0.0,0.88,0.3,1,1.0,0.8,spiral,0.18935506948514952,0.18792859676283147,0.043514947947245614,0.04335073203105473
10,0.0,0.88,0.3,2,1.0,0.8,spiral,0.18935506948514952,0.18792859676283147,0.043514947947245614,0.04335073203105473
10,0.0,0.88,0.3,3,1.0,0.8,spiral,0.18935506948514952,0.18792859676283147,0.043514947947245614,0.04335073203105473
10,0.0,0.88,0.3,4,1.0,0.8,spiral,0.18935506948514952,0.18792859676283147,0.043514947947245614,0.04335073203105473
10,0.0,0.88,0.3,5,1.0,0.8,spiral,0.18935506948514952,0.18792859676283147,0.043514947947245614,0.04335073203105473
10,0.0,0.88,0.3,6,1.0,0.8,spiral,0.18935506948514952,0.18792859676283147,0.043514947947245614,0.04335073203105473
10,0.0,0.88,0.4,1,0.8,1.0,spiral,0.16850227728761352,0.16457383330192835,0.04104902889078054,0.04056770061291721
10,0.0,0.88,0.4,2,0.8,1.0,spiral,0.16850227728761352,0.16457383330192835,0.04104902889078054,0.04056770061291721
10,0.0,0.88,0.4,3,0.8,1.0,spiral,0.16850227728761352,0.16457383330192835,0.04104902889078054,0.04056770061291721
10,0.0,0.88,0.4,4,0.8,1.0,spiral,0.16850227728761352,0.16457383330192835,0.04104902889078054,0.04056770061291721
10,0.0,0.88,0.4,5,0.8,1.0,spiral,0.16850227728761352,0.16457383330192835,0.04104902889078054,0.04056770061291721
10,0.0,0.88,0.4,6,0.8,1.0,spiral,0.16850227728761352,0.16457383330192835,0.04104902889078054,0.04056770061291721
10,0.0,0.88,0.5,1,1.0,0.0,stripe,0.15797889745574706,0.14027221450456293,0.03974655927948318,0.037452932395816874
10,0.0,0.88,0.5,2,1.0,0.0,stripe,0.15797889745574706,0.14027221450456293,0.03974655927948318,0.037452932395816874
10,0.0,0.88,0.5,3,1.0,0.0,stripe,0.15797889745574706,0.14027221450456293,0.03974655927948318,0.037452932395816874
10,0.0,0.88,0.5,4,1.0,0.0,stripe,0.15797889745574706,0.14027221450456293,0.03974655927948318,0.037452932395816874
10,0.0,0.88,0.5,5,1.0,0.0,stripe,0.15797889745574706,0.14027221450456293,0.03974655927948318,0.037452932395816874
10,0.0,0.88,0.5,6,1.0,0.0,stripe,0.15797889745574706,0.14027221450456293,0.03974655927948318,0.037452932395816874
10,0.0,0.88,0.6,1,1.0,0.0,stripe,0.16260377371888488,0.1347362293058838,0.04032415823286146,0.03670643394636474
10,0.0,0.88,0.6,2,1.0,0.0,stripe,0.16260377371888488,0.1347362293058838,0.04032415823286146,0.03670643394636474
10,0.0,0.88,0.6,3,1.0,0.0,stripe,0.16260377371888488,0.1347362293058838,0.04032415823286146,0.03670643394636474
10,0.0,0.88,0.6,4,1.0,0.0,stripe,0.16260377371888488,0.1347362293058838,0.04032415823286146,0.03670643394636474
10,0.0,0.88,0.6,5,1.0,0.0,stripe,0.16260377371888488,0.1347362293058838,0.04032415823286146,0.03670643394636474
10,0.0,0.88,0.6,6,1.0,0.0,stripe,0.16260377371888488,0.1347362293058838,0.04032415823286146,0.03670643394636474
10,0.0,0.88,0.7,1,1.0,0.0,stripe,0.16824256308531127,0.12451697302868633,0.0410173820575267,0.035286962610670575
10,0.0,0.88,0.7,2,1.0,0.0,stripe,0.16824256308531127,0.12451697302868633,0.0410173820575267,0.035286962610670575
10,0.0,0.88,0.7,3,1.0,0.0,stripe,0.16824256308531127,0.12451697302868633,0.0410173820575267,0.035286962610670575
10,0.0,0.88,0.7,4,1.0,0.0,stripe,0.16824256308531127,0.12451697302868633,0.0410173820575267,0.035286962610670575
10,0.0,0.88,0.7,5,1.0,0.0,stripe,0.16824256308531127,0.12451697302868633,0.0410173820575267,0.035286962610670575
10,0.0,0.88,0.7,6,1.0,0.0,stripe,0.16824256308531127,0.12451697302868633,0.0410173820575267,0.035286962610670575
10,0.0,1.0,0.0,1,1.0,1.0,Neel,0.2084362462505409,0.2084362462505409,0.04565481861211814,0.04565481861211814
10,0.0,1.0,0.0,2,1.0,1.0,Neel,0.2084362462505409,0.2084362462505409,0.04565481861211814,0.04565481861211814
10,0.0,1.0,0.0,3,1.0,1.0,Neel,0.2084362462505409,0.2084362462505409,0.04565481861211814,0.04565481861211814
10,0.0,1.0,0.0,4,1.0,1.0,Neel,0.2084362462505409,0.2084362462505409,0.04565481861211814,0.04565481861211814
10,0.0,1.0,0.0,5,1.0,1.0,Neel,0.2084362462505409,0.2084362462505409,0.04565481861211814,0.04565481861211814
10,0.0,1.0,0.0,6,1.0,1.0,Neel,0.2084362462505409,0.2084362462505409,0.04565481861211814,0.04565481861211814
10,0.0,1.0,0.1,1,1.0,0.8,spiral,0.20281717477304473,0.20108448802996035,0.04503522785254281,0.04484244507494661
10,0.0,1.0,0.1,2,1.0,0.8,spiral,0.20281717477304473,0.20108448802996035,0.04503522785254281,0.04484244507494661
10,0.0,1.0,0.1,3,1.0,0.8,spiral,0.20281717477304473,0.20108448802996035,0.04503522785254281,0.04484244507494661
10,0.0,1.0,0.1,4,1.0,0.8,spiral,0.20281717477304473,0.20108448802996035,0.04503522785254281,0.04484244507494661
10,0.0,1.0,0.1,5,1.0,0.8,spiral,0.20281717477304473,0.20108448802996035,0.04503522785254281,0.04484244507494661
10,0.0,1.0,0.1,6,1.0,0.8,spiral,0.20281717477304473,0.20108448802996035,0.04503522785254281,0.04484244507494661
10,0.0,1.0,0.2,1,1.0,1.0,Neel,0.19648405114634465,0.19648405114634465,0.04432652153579668,0.04432652153579668
10,0.0,1.0,0.2,2,1.0,1.0,Neel,0.19648405114634465,0.19648405114634465,0.04432652153579668,0.04432652153579668
10,0.0,1.0,0.2,3,1.0,1.0,Neel,0.19648405114634465,0.19648405114634465,0.04432652153579668,0.04432652153579668
10,0.0,1.0,0.2,4,1.0,1.0,Neel,0.19648405114634465,0.19648405114634465,0.04432652153579668,0.04432652153579668
10,0.0,1.0,0.2,5,1.0,1.0,Neel,0.19648405114634465,0.19648405114634465,0.04432652153579668,0.04432652153579668
10,0.0,1.0,0.2,6,1.0,1.0,Neel,0.19648405114634465,0.19648405114634465,0.04432652153579668,0.04432652153579668
10,0.0,1.0,0.3,1,1.0,1.0,Neel,0.18496397637315276,0.18496397637315276,0.043007438469775526,0.043007438469775526
10,0.0,1.0,0.3,2,1.0,1.0,Neel,0.18496397637315276,0.18496397637315276,0.043007438469775526,0.043007438469775526
10,0.0,1.0,0.3,3,1.0,1.0,Neel,0.18496397637315276,0.18496397637315276,0.043007438469775526,0.043007438469775526
10,0.0,1.0,0.3,4,1.0,1.0,Neel,0.18496397637315276,0.18496397637315276,0.043007438469775526,0.043007438469775526
10,0.0,1.0,0.3,5,1.0,1.0,Neel,0.18496397637315276,0.18496397637315276,0.043007438469775526,0.043007438469775526
10,0.0,1.0,0.3,6,1.0,1.0,Neel,0.18496397637315276,0.18496397637315276,0.043007438469775526,0.043007438469775526
10,0.0,1.0,0.4,1,1.0,1.0,Neel,0.1695738333019279,0.1695738333019279,0.04117934352341328,0.04117934352341328
10,0.0,1.0,0.4,2,1.0,1.0,Neel,0.1695738333019279,0.1695738333019279,0.04117934352341328,0.04117934352341328
10,0.0,1.0,0.4,3,1.0,1.0,Neel,0.1695738333019279,0.1695738333019279,0.04117934352341328,0.04117934352341328
10,0.0,1.0,0.4,4,1.0,1.0,Neel,0.1695738333019279,0.1695738333019279,0.04117934352341328,0.04117934352341328
10,0.0,1.0,0.4,5,1.0,1.0,Neel,0.1695738333019279,0.1695738333019279,0.04117934352341328,0.04117934352341328
10,0.0,1.0,0.4,6,1.0,1.0,Neel,0.1695738333019279,0.1695738333019279,0.04117934352341328,0.04117934352341328
10,0.0,1.0,0.5,1,1.0,1.0,Neel,0.1602712379442461,0.1602712379442461,0.04003389038605243,0.04003389038605243
10,0.0,1.0,0.5,2,1.0,1.0,Neel,0.1602712379442461,0.1602712379442461,0.04003389038605243,0.04003389038605243
10,0.0,1.0,0.5,3,1.0,1.0,Neel,0.1602712379442461,0.1602712379442461,0.04003389038605243,0.04003389038605243
10,0.0,1.0,0.5,4,1.0,1.0,Neel,0.1602712379442461,0.1602712379442461,0.04003389038605243,0.04003389038605243
10,0.0,1.0,0.5,5,1.0,1.0,Neel,0.1602712379442461,0.1602712379442461,0.04003389038605243,0.04003389038605243
10,0.0,1.0,0.5,6,1.0,1.0,Neel,0.1602712379442461,0.1602712379442461,0.04003389038605243,0.04003389038605243
10,0.0,1.0,0.6,1,0.0,1.0,stripe,0.16384487629941,0.1523620395893134,0.04047775639773158,0.03903358036221036
10,0.0,1.0,0.6,2,0.0,1.0,stripe,0.16384487629941,0.1523620395893134,0.04047775639773158,0.03903358036221036
10,0.0,1.0,0.6,3,0.0,1.0,stripe,0.16384487629941,0.1523620395893134,0.04047775639773158,0.03903358036221036
10,0.0,1.0,0.6,4,0.0,1.0,stripe,0.16384487629941,0.1523620395893134,0.04047775639773158,0.03903358036221036
10,0.0,1.0,0.6,5,0.0,1.0,stripe,0.16384487629941,0.1523620395893134,0.04047775639773158,0.03903358036221036
10,0.0,1.0,0.6,6,0.0,1.0,stripe,0.16384487629941,0.1523620395893134,0.04047775639773158,0.03903358036221036
10,0.0,1.0,0.7,1,1.0,0.0,stripe,0.16803210938394475,0.14564673322822827,0.040991719820464324,0.03816369128218971
10,0.0,1.0,0.7,2,1.0,0.0,stripe,0.16803210938394475,0.14564673322822827,0.040991719820464324,0.03816369128218971
10,0.0,1.0,0.7,3,1.0,0.0,stripe,0.16803210938394475,0.14564673322822827,0.040991719820464324,0.03816369128218971
10,0.0,1.0,0.7,4,1.0,0.0,stripe,0.16803210938394475,0.14564673322822827,0.040991719820464324,0.03816369128218971
10,0.0,1.0,0.7,5,1.0,0.0,stripe,0.16803210938394475,0.14564673322822827,0.040991719820464324,0.03816369128218971
10,0.0,1.0,0.7,6,1.0,0.0,stripe,0.16803210938394475,0.14564673322822827,0.040991719820464324,0.03816369128218971
10,2.0,0.5,0.0,1,0.4,1.0,spiral,0.14912781193467556,0.1322255240377665,0.03861707031024953,0.03636282772802007
10,2.0,0.5,0.0,2,0.4,1.0,spiral,0.1496944765235646,0.13175556923974527,0.038690370445831165,0.03629814998588017
10,2.0,0.5,0.0,3,0.4,1.0,spiral,0.14894028081158145,0.13216158703354286,0.03859278181364767,0.036354035131405
10,2.0,0.5,0.0,4,1.0,0.4,spiral,0.15095763985708116,0.1321701010278656,0.038853267540463206,0.036355206095945274
10,2.0,0.5,0.0,5,0.4,1.0,spiral,0.15191408117252655,0.13219351319303219,0.03897615696455033,0.03635842587255837
10,2.0,0.5,0.0,6,0.4,1.0,spiral,0.1501861969912997,0.1319012775241601,0.03875386393526453,0.036318215474353925
10,2.0,0.5,0.1,1,1.0,0.4,spiral,0.14941203354339305,0.13133175118418836,0.0386538527890032,0.03623972284444079
10,2.0,0.5,0.1,2,0.4,1.0,spiral,0.1492155478791386,0.13134720356574003,0.03862842837589158,0.036241854749135015
10,2.0,0.5,0.1,3,0.4,1.0,spiral,0.149495730557526,0.13202935672820681,0.03866467775082653,0.0363358441113189
10,2.0,0.5,0.1,4,1.0,0.4,spiral,0.15034181413813252,0.13138529792594103,0.03877393636686022,0.0362471099435446
10,2.0,0.5,0.1,5,0.4,1.0,spiral,0.15155579558322568,0.13166505226866623,0.03893016768307397,0.036285679305845475
10,2.0,0.5,0.1,6,0.4,1.0,spiral,0.14927469554015144,0.13146927607537354,0.03863608359295122,0.036258692209644505
10,2.0,0.5,0.2,1,1.0,0.4,spiral,0.14996394220292958,0.1298003591142906,0.038725178140704475,0.036027816907813134
10,2.0,0.5,0.2,2,0.4,1.0,spiral,0.14991468676344083,0.12977313444531968,0.03871881800409729,0.0360240384251016
10,2.0,0.5,0.2,3,0.4,1.0,spiral,0.1500162655280569,0.13015463821275697,0.038731933275794134,0.03607695084299073
10,2.0,0.5,0.2,4,1.0,0.4,spiral,0.1499568634444493,0.13022731671120186,0.03872426415626891,0.036087022142482446
10,2.0,0.5,0.2,5,0.4,1.0,spiral,0.15240187498057958,0.12958267598861978,0.0390386827365601,0.03599759380689489
10,2.0,0.5,0.2,6,0.4,1.0,spiral,0.15055066598717232,0.1296123916280684,0.03880085900945652,0.036001721018316384
10,2.0,0.5,0.3,1,0.4,1.0,spiral,0.15036776671840732,0.12782930206432308,0.038777282875210234,0.03575322391957445
10,2.0,0.5,0.3,2,0.4,1.0,spiral,0.15001712522532998,0.12799718409246746,0.038732044256058834,0.03577669410279092
10,2.0,0.5,0.3,3,1.0,0.4,spiral,0.15098250502157282,0.12767997960664354,0.038856467289445244,0.03573233544097608
10,2.0,0.5,0.3,4,0.4,1.0,spiral,0.15078856734146867,0.1276324129731798,0.038831503620316926,0.03572567885613649
10,2.0,0.5,0.3,5,0.4,1.0,spiral,0.15331858607321186,0.127004770747069,0.03915591731439986,0.03563772870807973
10,2.0,0.5,0.3,6,0.4,1.0,spiral,0.1520398474941325,0.12745564903992782,0.03899228737765104,0.035700931225939724
10,2.0,0.5,0.4,1,0.0,1.0,stripe,0.15817042434593334,0.112136611113727,0.03977064549965632,0.033486805030299174
10,2.0,0.5,0.4,2,1.0,0.2,spiral,0.15554922435752488,0.11239147902619984,0.0394397292533208,0.03352483840769405
10,2.0,0.5,0.4,3,1.0,1.8,spiral,0.15948599856952436,0.11249402916031,0.039935698137070846,0.033540129570457836
10,2.0,0.5,0.4,4,1.0,0.0,stripe,0.1574760765216099,0.1121415084516398,0.039683255476536936,0.0334875362562909
10,2.0,0.5,0.4,5,1.0,0.2,spiral,0.15741570376999114,0.1114213429148844,0.039675647917833824,0.033379835666893926
10,2.0,0.5,0.4,6,1.0,0.0,stripe,0.15705301486037876,0.1120348794886045,0.03962991481953737,0.03347161177604158
10,2.0,0.5,0.5,1,0.0,1.0,stripe,0.15717135694192794,0.10618210275143687,0.039644842910765574,0.032585595399108006
10,2.0,0.5,0.5,2,1.8,1.0,spiral,0.1554288203629036,0.10677627439995371,0.03942446199542913,0.03267663911725833
10,2.0,0.5,0.5,3,1.0,0.0,stripe,0.15630701298827648,0.10624869738532298,0.03953568173034031,0.032595812213430574
10,2.0,0.5,0.5,4,1.0,0.0,stripe,0.15745393702299304,0.10666655124563185,0.03968046585197722,0.032659845566939204
10,2.0,0.5,0.5,5,0.2,1.0,spiral,0.15419778306799028,0.10615132246487542,0.0392680255510753,0.03258087206703888
10,2.0,0.5,0.5,6,1.0,0.0,stripe,0.1574650463497274,0.10658721154913608,0.0396818656756115,0.032647696940080795
10,2.0,0.5,0.6,1,1.0,0.4,spiral,0.14554971571569986,0.08227788320409933,0.03815097845608941,0.028684121601349297
10,2.0,0.5,0.6,2,1.0,0.4,spiral,0.1443238001953468,0.0820703930432933,0.037989972386847926,0.02864793064835457
10,2.0,0.5,0.6,3,1.0,1.6,spiral,0.1444255660888431,0.08201889593485825,0.03800336381017384,0.02863894130984214
10,2.0,0.5,0.6,4,1.0,0.4,spiral,0.14467122519303915,0.08210148024330967,0.03803567078323178,0.028653355866863076
10,2.0,0.5,0.6,5,0.4,1.0,spiral,0.1461627051116376,0.08196355572752813,0.03823123135757434,0.028629277973348913
10,2.0,0.5,0.6,6,1.0,0.4,spiral,0.14406309151268948,0.08158108095680994,0.03795564404837434,0.028562402027282288
10,2.0,0.5,0.7,1,0.4,1.0,spiral,0.1427895494149935,0.07627714649634504,0.03778750447105412,0.027618317562144338
10,2.0,0.5,0.7,2,0.4,1.0,spiral,0.14379198366912097,0.076386707779628,0.03791991345838239,0.027638145339300174
10,2.0,0.5,0.7,3,0.4,1.0,spiral,0.14251818810517908,0.07674903366164726,0.037751581172869975,0.027703615948400536
10,2.0,0.5,0.7,4,1.0,0.4,spiral,0.14319566922630156,0.0766258800756895,0.037841203631267015,0.02768138003707357
10,2.0,0.5,0.7,5,0.4,1.0,spiral,0.14430583792911517,0.07642186493855355,0.03798760823335883,0.027644504867794892
10,2.0,0.5,0.7,6,0.4,1.0,spiral,0.143665628749688,0.07650995561736292,0.03790324903615625,0.02766043304385579
10,2.0,0.56,0.0,1,0.6,1.0,spiral,0.16456588171006553,0.15266422977971209,0.04056672056132533,0.03907227018995851
10,2.0,0.56,0.0,2,0.6,1.0,spiral,0.16616034773081573,0.1531275411594606,0.040762770726585275,0.039131514302344676
10,2.0,0.56,0.0,3,0.6,1.0,spiral,0.16442479109476957,0.15247959000892583,0.04054932688649339,0.03904863506051471
10,2.0,0.56,0.0,4,1.0,0.6,spiral,0.16582557481278415,0.1527275308850596,0.04072168645977032,0.039080369865836684
10,2.0,0.56,0.0,5,0.6,1.0,spiral,0.16614653994052578,0.15309536281449332,0.04076107701478529,0.03912740252233635
10,2.0,0.56,0.0,6,1.0,0.6,spiral,0.16354209027507466,0.15205676836935267,0.04044033756969329,0.03899445708935472
10,2.0,0.56,0.1,1,0.6,1.0,spiral,0.16705711681180238,0.15135828881295735,0.040872621253328294,0.03890479261131684
10,2.0,0.56,0.1,2,0.6,1.0,spiral,0.16720131757931944,0.1518148037144506,0.04089025771248201,0.03896341921783182
10,2.0,0.56,0.1,3,0.6,1.0,spiral,0.16682053538199332,0.153254051372781,0.04084366969090722,0.03914767571296935
10,2.0,0.56,0.1,4,0.6,1.0,spiral,0.1661929002229528,0.1528075325960959,0.0407667634505062,0.039090604062369756
10,2.0,0.56,0.1,5,0.6,1.0,spiral,0.1674615823368577,0.15113149504690865,0.04092207012564952,0.03887563440600148
10,2.0,0.56,0.1,6,0.6,1.0,spiral,0.1660062041098579,0.1511348756266467,0.04074385893725064,0.03887606919772712
10,2.0,0.56,0.2,1,0.4,1.0,spiral,0.1627669154844404,0.14809122686267728,0.04034438194897034,0.03848262294369723
10,2.0,0.56,0.2,2,0.6,1.0,spiral,0.16239350790408594,0.14799443193160453,0.04029807785789366,0.03847004444130583
10,2.0,0.56,0.2,3,0.6,1.0,spiral,0.16402755468050387,0.14899017667460013,0.040500315391426754,0.038599245675867824
10,2.0,0.56,0.2,4,1.0,0.6,spiral,0.16429426069250125,0.14866082321675336,0.04053322842958617,0.03855655887352415
10,2.0,0.56,0.2,5,0.6,1.0,spiral,0.16309547647808778,0.14703152023760857,0.04038508096786334,0.0383446893634058
10,2.0,0.56,0.2,6,1.0,0.6,spiral,0.16334935538462786,0.1479237793325172,0.04041650100944265,0.038460860538021925
10,2.0,0.56,0.3,1,0.6,1.0,spiral,0.16157024804900078,0.14004595776274803,0.040195801776927,0.037422714728189886
10,2.0,0.56,0.3,2,0.6,1.0,spiral,0.161927104756465,0.14046599797910211,0.040240167091659174,0.03747879373447098
10,2.0,0.56,0.3,3,0.6,1.0,spiral,0.16151508665082268,0.1396833366091154,0.0401889396041775,0.03737423398668063
10,2.0,0.56,0.3,4,0.6,1.0,spiral,0.16192184160560147,0.1402531866190973,0.04023951311902288,0.03745039206992329
10,2.0,0.56,0.3,5,0.6,1.0,spiral,0.1622888676874893,0.13901481540597213,0.040285092489342665,0.03728469061236423
10,2.0,0.56,0.3,6,1.0,1.4,spiral,0.16041228170498598,0.14031527014158987,0.04005150205734936,0.037458679920892815
10,2.0,0.56,0.4,1,1.0,0.2,spiral,0.16036333021519775,0.1298605201430903,0.04004539052315481,0.03603616518764036
10,2.0,0.56,0.4,2,0.6,1.0,spiral,0.15964750165958264,0.13005004423444527,0.03995591341210743,0.03606245197354795
10,2.0,0.56,0.4,3,1.0,0.0,stripe,0.16196666419209663,0.1294023711732291,0.04024508220790419,0.03597254107972206
10,2.0,0.56,0.4,4,1.0,0.0,stripe,0.1606147117693341,0.12904562913023176,0.040076765309756984,0.035922921530720714
10,2.0,0.56,0.4,5,1.0,0.2,spiral,0.16049701945794023,0.12874251223186856,0.04006207925931207,0.03588070682579547
10,2.0,0.56,0.4,6,1.0,0.0,stripe,0.16102282411571017,0.1286759618337747,0.04012764933505452,0.03587143178544379
10,2.0,0.56,0.5,1,1.0,0.0,stripe,0.17050155001978864,0.1094441626527394,0.041291833335393165,0.03308234614605491
10,2.0,0.56,0.5,2,0.0,1.0,stripe,0.16980622669546572,0.10998334254738033,0.04120755109145237,0.03316373660300967
10,2.0,0.56,0.5,3,0.0,1.0,stripe,0.16875882491134633,0.10946653194342978,0.04108026593284741,0.0330857268234249
10,2.0,0.56,0.5,4,1.0,0.0,stripe,0.1723910717663435,0.10959192154959455,0.041520003825426546,0.03310467059941762
10,2.0,0.56,0.5,5,0.0,1.0,stripe,0.16823369166519114,0.10975052788794755,0.04101630062123974,0.03312861721955016
10,2.0,0.56,0.5,6,1.0,0.0,stripe,0.1747752176424718,0.11016331086503954,0.041806126063350074,0.033190858811582374
10,2.0,0.56,0.6,1,1.0,0.0,stripe,0.16606804530378033,0.09694225773930118,0.040751447250837645,0.031135551663540696
10,2.0,0.56,0.6,2,0.0,1.0,stripe,0.16684420274478073,0.09715470203911745,0.040846566899163106,0.0311696490257939
10,2.0,0.56,0.6,3,1.0,0.0,stripe,0.16975333021464875,0.09728281038634091,0.04120113229204372,0.031190192430688997
10,2.0,0.56,0.6,4,1.0,0.0,stripe,0.16828398093201108,0.09688832574444557,0.04102243056329197,0.031126889620462495
10,2.0,0.56,0.6,5,0.0,1.0,stripe,0.16918296966048094,0.09690267258288775,0.041131857441705805,0.03112919410824632
10,2.0,0.56,0.6,6,1.0,0.0,stripe,0.1682759644214298,0.09709830229248259,0.04102145346296616,0.03116060049044026
10,2.0,0.56,0.7,1,1.0,0.0,stripe,0.167182444018991,0.0923121724600577,0.04088794981641791,0.030382918302898045
10,2.0,0.56,0.7,2,0.2,1.0,spiral,0.1638209025337719,0.0919677191712743,0.04047479493879764,0.030326179972306817
10,2.0,0.56,0.7,3,0.0,1.0,stripe,0.16453621793009512,0.09245027444295302,0.040563064224747016,0.030405636721330637
10,2.0,0.56,0.7,4,1.0,0.0,stripe,0.16804419123499986,0.092385459353942,0.04099319348806578,0.030394976452358374
10,2.0,0.56,0.7,5,0.0,1.0,stripe,0.16799293148026356,0.09207162790140945,0.04098694078365249,0.03034330698875939
10,2.0,0.56,0.7,6,0.0,1.0,stripe,0.16600291534749215,0.09200991497142684,0.040743455345305726,0.03033313616681052
10,2.0,0.66,0.0,1,1.0,0.8,spiral,0.19598121548759231,0.18834378963920598,0.044269765697097646,0.043398593253607426
10,2.0,0.66,0.0,2,1.0,1.2,spiral,0.19486158038368737,0.1889508414849183,0.044143128614053555,0.0434684761045195
10,2.0,0.66,0.0,3,0.8,1.0,spiral,0.19647392090680518,0.1888041631018741,0.04432537883727619,0.04345160101789969
10,2.0,0.66,0.0,4,0.8,1.0,spiral,0.19560221742093092,0.18913327782776682,0.04422693946238321,0.04348945594368442
10,2.0,0.66,0.0,5,1.0,0.8,spiral,0.19492113129991556,0.18907421462268142,0.04414987330671692,0.04348266489334358
10,2.0,0.66,0.0,6,1.0,0.8,spiral,0.19489713009984114,0.18921226610986597,0.044147155072534534,0.04349853630984219
10,2.0,0.66,0.1,1,1.0,0.6,spiral,0.19782393076952587,0.18589567199844167,0.04447740221388001,0.043115620371095405
10,2.0,0.66,0.1,2,0.8,1.0,spiral,0.19732287159645528,0.18739761744846992,0.04442103911396662,0.04328944645620569
10,2.0,0.66,0.1,3,1.0,0.6,spiral,0.19903482780221088,0.18731965070957873,0.044613319513594915,0.043280440236852805
10,2.0,0.66,0.1,4,1.0,1.4,spiral,0.199346944446189,0.18759285536857967,0.0446482860193075,0.04331199087649743
10,2.0,0.66,0.1,5,1.0,0.6,spiral,0.19762907011319758,0.1857302198043625,0.04445549123710114,0.04309642906371275
10,2.0,0.66,0.1,6,1.0,1.4,spiral,0.19789686900249603,0.18571817965963208,0.04448560092912043,0.04309503215680806
10,2.0,0.66,0.2,1,0.6,1.0,spiral,0.21898612914368498,0.17275339859506322,0.04679595379343015,0.041563613725837556
10,2.0,0.66,0.2,2,0.6,1.0,spiral,0.21586476316685238,0.173967896285864,0.04646124870974223,0.04170945891352033
10,2.0,0.66,0.2,3,0.6,1.0,spiral,0.21501850671428172,0.174371243132938,0.04637008806485941,0.04175778288330668
10,2.0,0.66,0.2,4,1.0,0.6,spiral,0.21431596479655668,0.17427136770914428,0.046294272301933496,0.041745822271114064
10,2.0,0.66,0.2,5,1.0,0.6,spiral,0.21593926586399004,0.17286555596338887,0.0464692657424227,0.04157710379083527
10,2.0,0.66,0.2,6,1.0,0.6,spiral,0.2115766367054046,0.17201224289936098,0.0459974604413553,0.04147435869297571
10,2.0,0.66,0.3,1,1.0,0.6,spiral,0.18447751648730276,0.1633667701335499,0.04295084591568631,0.04041865536278389
10,2.0,0.66,0.3,2,1.0,0.6,spiral,0.18256906266786893,0.16463600650329382,0.04272810113588819,0.040575362783750166
10,2.0,0.66,0.3,3,1.0,0.6,spiral,0.18624763074636333,0.16281001442589235,0.04315641675885098,0.04034972297623521
10,2.0,0.66,0.3,4,1.0,1.4,spiral,0.18672528917244982,0.16610068434081787,0.04321172169359257,0.04075545170168255
10,2.0,0.66,0.3,5,1.0,0.6,spiral,0.18589047880858595,0.16347291295805633,0.04311501812693414,0.04043178365569052
10,2.0,0.66,0.3,6,1.0,0.6,spiral,0.18690976912272533,0.16482802718138653,0.04323306247800696,0.04059901811391336
10,2.0,0.66,0.4,1,0.6,1.0,spiral,0.1823126212408988,0.15806378153709408,0.04269808206944415,0.039757236012717745
10,2.0,0.66,0.4,2,0.6,1.0,spiral,0.1798109010851255,0.15893247079362216,0.042404115494268424,0.03986633552179359
10,2.0,0.66,0.4,3,0.6,1.0,spiral,0.18223085539829795,0.15788506748804382,0.042688506110930835,0.039734753992952294
10,2.0,0.66,0.4,4,0.6,1.0,spiral,0.18029920100288346,0.15901875910640012,0.042461653406677825,0.03987715625598196
10,2.0,0.66,0.4,5,0.6,1.0,spiral,0.18202757312222667,0.1603287981417683,0.042664689512784064,0.0400410786745023
10,2.0,0.66,0.4,6,0.6,1.0,spiral,0.18025235073066148,0.15854210010947822,0.042456136273884074,0.03981734548026503
10,2.0,0.66,0.5,1,0.0,1.0,stripe,0.18219472967779124,0.12358315207565773,0.04268427458418279,0.035154395468512574
10,2.0,0.66,0.5,2,0.0,1.0,stripe,0.17994784839209763,0.12443840807230208,0.04242026030001438,0.03527582856182149
10,2.0,0.66,0.5,3,1.0,0.0,stripe,0.17965236744240046,0.12434504145636091,0.0423854181815398,0.03526259228365959
10,2.0,0.66,0.5,4,1.0,0.0,stripe,0.17988621518633707,0.12520486849858634,0.04241299508244343,0.035384299978745704
10,2.0,0.66,0.5,5,1.0,0.0,stripe,0.18150432321249454,0.12375817488512783,0.0426033241910176,0.035179280107064136
10,2.0,0.66,0.5,6,1.0,0.0,stripe,0.18307337853936015,0.12381211375069563,0.042787074980577974,0.03518694555523336
10,2.0,0.66,0.6,1,0.0,1.0,stripe,0.18668599948221215,0.11528173250473513,0.04320717527011135,0.03395316369717778
10,2.0,0.66,0.6,2,0.0,1.0,stripe,0.18711483623022362,0.1146788881337298,0.04325677244434952,0.03386427145735307
10,2.0,0.66,0.6,3,0.0,1.0,stripe,0.1863614577543195,0.1150363139099766,0.043169602471452004,0.033917003686938
10,2.0,0.66,0.6,4,0.0,1.0,stripe,0.18834799819881481,0.11596199469254258,0.04339907812371304,0.034053192903535874
10,2.0,0.66,0.6,5,0.0,1.0,stripe,0.18568323583077456,0.11507329647705249,0.04309097769032104,0.03392245517014541
10,2.0,0.66,0.6,6,0.0,1.0,stripe,0.18687983312503992,0.11586343305414118,0.04322960017453781,0.034038718109550066
10,2.0,0.66,0.7,1,0.0,1.0,stripe,0.18398752775078986,0.11426874294678491,0.042893767350372695,0.03380366000106866
10,2.0,0.66,0.7,2,0.0,1.0,stripe,0.18480401989217826,0.11369130913581742,0.04298883807364166,0.03371814187285791
10,2.0,0.66,0.7,3,0.0,1.0,stripe,0.18546491088428357,0.11386096490294488,0.043065637216263684,0.03374329042979432
10,2.0,0.66,0.7,4,1.0,0.0,stripe,0.18341459106477234,0.11484787443761293,0.042826929736413784,0.033889212802544255
10,2.0,0.66,0.7,5,0.0,1.0,stripe,0.1828776322598496,0.11407190292022067,0.04276419439903546,0.033774532257341575
10,2.0,0.66,0.7,6,0.0,1.0,stripe,0.18290314476779992,0.11350937544441206,0.04276717722363728,0.033691152465359815
10,2.0,0.78,0.0,1,1.0,0.8,spiral,0.2341297715202268,0.2251130347356209,0.04838695811065486,0.04744607831376803
10,2.0,0.78,0.0,2,1.0,0.8,spiral,0.23509212225470533,0.22578453159837114,0.04848629932823347,0.047516789832476175
10,2.0,0.78,0.0,3,1.0,0.8,spiral,0.233100047994806,0.22522642231681927,0.048280435788713216,0.04745802590888282
10,2.0,0.78,0.0,4,0.8,1.0,spiral,0.23229868887386376,0.2216013715665394,0.04819737429299067,0.04707455486422993
10,2.0,0.78,0.0,5,0.8,1.0,spiral,0.23134386877230115,0.2241727422913863,0.04809821917413379,0.04734688398314997
10,2.0,0.78,0.0,6,1.0,0.8,spiral,0.23259282794293323,0.22388804279516558,0.04822787865363075,0.04731680914803592
10,2.0,0.78,0.1,1,1.0,0.8,spiral,0.2348773450626842,0.21986000824826055,0.04846414603216322,0.046889232052600364
10,2.0,0.78,0.1,2,1.0,1.2,spiral,0.23529554445313544,0.2222538955201884,0.04850727207884767,0.047143811419972016
10,2.0,0.78,0.1,3,1.0,1.2,spiral,0.23183153187763827,0.22387415478080333,0.04814888699415993,0.04731534156917852
10,2.0,0.78,0.1,4,0.8,1.0,spiral,0.23109200300576077,0.22191215605379594,0.048072029602021255,0.047107553115588154
10,2.0,0.78,0.1,5,0.8,1.0,spiral,0.23113743682457194,0.22067485260492203,0.04807675496792311,0.04697604204325031
10,2.0,0.78,0.1,6,1.0,0.8,spiral,0.23153907970027157,0.2199890321745857,0.048118507842645285,0.046902988409544405
10,2.0,0.78,0.2,1,0.8,1.0,spiral,0.2442140164148862,0.22412114552994242,0.04941801457109403,0.04734143486734876
10,2.0,0.78,0.2,2,1.0,0.8,spiral,0.25053685898362066,0.2248674881548831,0.050053657107510204,0.047420194870422365
10,2.0,0.78,0.2,3,0.8,1.0,spiral,0.24864933283310328,0.2224590947722059,0.04986475035865549,0.04716556951550632
10,2.0,0.78,0.2,4,0.8,1.0,spiral,0.24878962620891482,0.22557556267903417,0.049878815764702635,0.047494795786384235
10,2.0,0.78,0.2,5,0.8,1.0,spiral,0.24832238504401408,0.22064548430478775,0.04983195611693505,0.0469729160585957
10,2.0,0.78,0.2,6,1.0,1.2,spiral,0.2468437628162369,0.2231960800536288,0.049683373759864265,0.04724363238084353
10,2.0,0.78,0.3,1,1.0,0.8,spiral,0.23382572444491614,0.19498531857462006,0.04835552961605489,0.04415714195627023
10,2.0,0.78,0.3,2,1.0,0.8,spiral,0.23349598910609126,0.1957308763485493,0.04832142269284828,0.04424148238345425
10,2.0,0.78,0.3,3,0.8,1.0,spiral,0.23555419068522174,0.19671673205830234,0.04853392531881403,0.044352760010883466
10,2.0,0.78,0.3,4,1.0,0.8,spiral,0.23461103643978398,0.19655286685451995,0.04843666343172122,0.044334283219030386
10,2.0,0.78,0.3,5,0.8,1.0,spiral,0.23389452362147534,0.19379404879290998,0.0483626429821071,0.0440220454764326
10,2.0,0.78,0.3,6,1.0,0.8,spiral,0.23472430389980697,0.19429708986816413,0.04844835434767697,0.044079143579267066
10,2.0,0.78,0.4,1,0.8,1.0,spiral,0.18973550017044125,0.16635657203422374,0.043558638657612024,0.04078683268338248
10,2.0,0.78,0.4,2,1.0,0.8,spiral,0.19046613227452944,0.1660765775939296,0.04364242572022429,0.04075249410697824
10,2.0,0.78,0.4,3,1.0,0.8,spiral,0.19054097836319853,0.16666374812402854,0.04365099980105823,0.04082447159780865
10,2.0,0.78,0.4,4,0.8,1.0,spiral,0.19129461379104992,0.1683093475669955,0.04373723971526437,0.04102552224737615
10,2.0,0.78,0.4,5,0.8,1.0,spiral,0.18844498277167857,0.16594307264105077,0.04341025026093245,0.040736110840512346
10,2.0,0.78,0.4,6,1.0,0.8,spiral,0.19007328972098997,0.16611695208923744,0.04359739553241569,0.04075744742856665
10,2.0,0.78,0.5,1,1.0,0.0,stripe,0.19417418584573243,0.14043753809059853,0.04406520008416306,0.037474996743241826
10,2.0,0.78,0.5,2,1.0,0.2,spiral,0.18849475651450817,0.14153209877851924,0.04341598283057844,0.03762075208957408
10,2.0,0.78,0.5,3,1.0,0.0,stripe,0.19152779000552692,0.1407002456361302,0.04376388808201654,0.037510031409761606
10,2.0,0.78,0.5,4,1.0,0.0,stripe,0.19506513810223616,0.1407642207263871,0.0441661791535374,0.03751855817144192
10,2.0,0.78,0.5,5,1.0,0.0,stripe,0.1917409355365953,0.14046177661278025,0.04378823306969525,0.03747823056292549
10,2.0,0.78,0.5,6,1.0,1.8,spiral,0.1927532479808739,0.14027921195221824,0.04390367273712689,0.0374538665496926
10,2.0,0.78,0.6,1,0.0,1.0,stripe,0.1896721434169097,0.13125027968282418,0.043551365468479826,0.03622848046534993
10,2.0,0.78,0.6,2,0.0,1.0,stripe,0.18862820342832062,0.13122798438728883,0.04343134852020147,0.03622540329482735
10,2.0,0.78,0.6,3,0.0,1.0,stripe,0.18924071069961867,0.13142573731363213,0.04350180579006102,0.03625268780568306
10,2.0,0.78,0.6,4,1.0,0.0,stripe,0.19013064326815848,0.13195600836801646,0.04360397267086549,0.03632574959557152
10,2.0,0.78,0.6,5,0.0,1.0,stripe,0.18883223596063545,0.13097653803999726,0.043454831257368313,0.03619068085018535
10,2.0,0.78,0.6,6,1.0,0.0,stripe,0.1907858010677261,0.1307207092353825,0.04367903399432342,0.03615531900500706
10,2.0,0.78,0.7,1,1.0,0.0,stripe,0.19556014345486752,0.11968544870759121,0.04422218260724673,0.03459558479164519
10,2.0,0.78,0.7,2,0.0,1.0,stripe,0.19486788053358745,0.11936420081244448,0.044143842213109116,0.034549124563792416
10,2.0,0.78,0.7,3,0.0,1.0,stripe,0.19732712283435375,0.11971277157141906,0.04442151762764908,0.034599533460932544
10,2.0,0.78,0.7,4,0.0,1.0,stripe,0.1974812800879702,0.12012360453225165,0.04443886588201483,0.03465885233706559
10,2.0,0.78,0.7,5,0.0,1.0,stripe,0.19602241735076592,0.11893444345648027,0.0442744189516662,0.034486873366033094
10,2.0,0.78,0.7,6,1.0,0.0,stripe,0.1971649970433347,0.12014625139926902,0.04440326531273739,0.034662119294594354
10,2.0,0.88,0.0,1,0.8,1.0,spiral,0.2758655834785082,0.27444465580418453,0.05252290771449237,0.052387465657749134
10,2.0,0.88,0.0,2,1.0,0.8,spiral,0.27791854366541824,0.27424461520731286,0.052717980202718145,0.0523683697671899
10,2.0,0.88,0.0,3,1.0,1.0,Neel,0.2767698386866912,0.2767698386866912,0.05260891927104103,0.05260891927104103
10,2.0,0.88,0.0,4,1.0,0.8,spiral,0.2744128207272771,0.2741139241917795,0.05238442714464644,0.052355890231355964
10,2.0,0.88,0.0,5,1.0,1.0,Neel,0.27423464309005624,0.27423464309005624,0.05236741764590423,0.05236741764590423
10,2.0,0.88,0.0,6,0.8,1.0,spiral,0.27464204372179224,0.2705938984651206,0.05240630150294831,0.052018640742057136
10,2.0,0.88,0.1,1,1.0,0.8,spiral,0.2712225387367514,0.25173981889383035,0.052079030207632646,0.050173680241121475
10,2.0,0.88,0.1,2,1.0,0.8,spiral,0.27456463381950214,0.2519843816588549,0.05239891542956802,0.050198045943926434
10,2.0,0.88,0.1,3,1.0,0.8,spiral,0.27060633525942107,0.25479642909624745,0.052019836145399484,0.050477364144361526
10,2.0,0.88,0.1,4,1.0,0.8,spiral,0.26856825052879196,0.2528628878760447,0.05182357094303633,0.05028547383450262
10,2.0,0.88,0.1,5,0.8,1.0,spiral,0.27053189964390867,0.25350637937731146,0.052012681111812405,0.050349417015225856
10,2.0,0.88,0.1,6,1.0,0.8,spiral,0.2718579155233581,0.2507335421345004,0.05213999573488265,0.050073300483840726
10,2.0,0.88,0.2,1,1.0,0.8,spiral,0.2653278801953013,0.25001621323487744,0.05150998740004712,0.0500016212972017
10,2.0,0.88,0.2,2,1.0,0.8,spiral,0.2650043139115832,0.2546689210913934,0.051478569707363,0.05046473234759037
10,2.0,0.88,0.2,3,1.0,0.8,spiral,0.2634479980867244,0.25118450386282354,0.0513271855926978,0.05011831041274472
10,2.0,0.88,0.2,4,0.8,1.0,spiral,0.26629364692686935,0.25076742475097863,0.0516036478290895,0.05007668367124351
10,2.0,0.88,0.2,5,0.8,1.0,spiral,0.26411048486838423,0.2513679754461736,0.05139168073417956,0.050136610919184955
10,2.0,0.88,0.2,6,0.8,1.0,spiral,0.26427644273656326,0.25056808363089383,0.05140782457336269,0.0500567761278025
10,2.0,0.88,0.3,1,0.8,1.0,spiral,0.25074718514048905,0.25025812437561024,0.050074662768758514,0.05002580577817915
10,2.0,0.88,0.3,2,0.8,1.0,spiral,0.25071610366039404,0.24501495379641064,0.05007155915890717,0.0494989852215589
10,2.0,0.88,0.3,3,0.8,1.0,spiral,0.25202382435908804,0.24530633233335247,0.05020197449892664,0.049528409255027814
10,2.0,0.88,0.3,4,1.0,1.0,Neel,0.24992891446996351,0.24992891446996351,0.04999289094160924,0.04999289094160924
10,2.0,0.88,0.3,5,0.8,1.0,spiral,0.24726515922271827,0.24707878810721126,0.04972576386770929,0.04970702044049827
10,2.0,0.88,0.3,6,0.8,1.0,spiral,0.25241767785354685,0.24310167215361062,0.050241186078111934,0.04930534171401823
10,2.0,0.88,0.4,1,0.8,1.0,spiral,0.20459680744097727,0.19228545029784527,0.04523237860658858,0.04385036491271712
10,2.0,0.88,0.4,2,1.0,0.8,spiral,0.20667928241308173,0.19113396588176929,0.04546199318255654,0.04371887074042161
10,2.0,0.88,0.4,3,1.0,0.8,spiral,0.20771476667394176,0.19150960258190977,0.04557573550409711,0.043761810129599274
10,2.0,0.88,0.4,4,1.0,0.8,spiral,0.2053716164862446,0.19093280718113487,0.04531794528509039,0.04369585874898614
10,2.0,0.88,0.4,5,0.8,1.0,spiral,0.20723536059419406,0.18971467592415306,0.045523110679543205,0.043556248222746764
10,2.0,0.88,0.4,6,0.8,1.0,spiral,0.20602690927634115,0.1894434274703357,0.04539018718581596,0.04352509936465806
10,2.0,0.88,0.5,1,1.0,0.0,stripe,0.18716645450933753,0.15448091602452824,0.043262738529748386,0.03930406035316558
10,2.0,0.88,0.5,2,0.2,1.0,spiral,0.18662975512493735,0.1547280910347516,0.04320066609728805,0.03933549173898193
10,2.0,0.88,0.5,3,0.2,1.0,spiral,0.1873362817397406,0.1542744145746368,0.04328236150439814,0.03927778183332618
10,2.0,0.88,0.5,4,1.0,0.2,spiral,0.1862684913703853,0.15557271854549887,0.0431588335535595,0.039442707633414176
10,2.0,0.88,0.5,5,0.0,1.0,stripe,0.1870727686807297,0.15436356977831756,0.043251909631914484,0.039289129511649604
10,2.0,0.88,0.5,6,1.0,0.0,stripe,0.18843116263248488,0.15408364674708402,0.043408658425766265,0.03925348987632616
10,2.0,0.88,0.6,1,1.0,0.0,stripe,0.19348481078931798,0.14885760811588059,0.0439869083693453,0.03858206942556096
10,2.0,0.88,0.6,2,0.0,1.0,stripe,0.19134966067053247,0.14940866705815145,0.04374353216997142,0.03865341732087235
10,2.0,0.88,0.6,3,1.0,0.0,stripe,0.19221929544856628,0.14972484995669205,0.04384282101422835,0.038694295439598334
10,2.0,0.88,0.6,4,1.0,0.0,stripe,0.19327326446221482,0.15003526459999636,0.04396285528286519,0.03873438583481044
10,2.0,0.88,0.6,5,0.0,1.0,stripe,0.1908004230063385,0.15032045646915376,0.04368070775598062,0.03877118214204382
10,2.0,0.88,0.6,6,1.0,0.0,stripe,0.19214212939420316,0.15018633693527123,0.04383401982412783,0.03875388199074658
10,2.0,0.88,0.7,1,1.0,0.0,stripe,0.19872696359337608,0.13510900157315914,0.04457880254037518,0.03675717638409664
10,2.0,0.88,0.7,2,1.0,0.0,stripe,0.19637733082224915,0.13574336838129464,0.04431448192433814,0.03684336689029582
10,2.0,0.88,0.7,3,1.0,0.0,stripe,0.19761721068534316,0.13564451423514623,0.04445415736298948,0.036829948986544396
10,2.0,0.88,0.7,4,1.0,0.0,stripe,0.19724095542888473,0.13487826735946365,0.044411817732320384,0.03672577669150969
10,2.0,0.88,0.7,5,1.0,0.0,stripe,0.19575267270210833,0.13524073443856555,0.04424394565385284,0.03677509135795118
10,2.0,0.88,0.7,6,1.0,0.0,stripe,0.19899525027835646,0.13535400930954777,0.04460888367560395,0.036790489166297825
10,2.0,1.0,0.0,1,1.0,1.0,Neel,0.27809107851012244,0.27809107851012244,0.052734341610578814,0.052734341610578814
10,2.0,1.0,0.0,2,1.0,1.0,Neel,0.28310008447513596,0.28310008447513596,0.05320715031601824,0.05320715031601824
10,2.0,1.0,0.0,3,0.8,1.0,spiral,0.28163092687667424,0.27762006344595125,0.05306891056698585,0.05268966344986
10,2.0,1.0,0.0,4,1.0,1.0,Neel,0.28140555733985606,0.28140555733985606,0.05304767264827516,0.05304767264827516
10,2.0,1.0,0.0,5,1.0,1.0,Neel,0.2771031571805007,0.2771031571805007,0.05264058863467436,0.05264058863467436
10,2.0,1.0,0.0,6,1.0,1.0,Neel,0.28103056740421317,0.28103056740421317,0.05301231624860521,0.05301231624860521
10,2.0,1.0,0.1,1,0.8,1.0,spiral,0.27285182662947877,0.27115700117709457,0.052235220553710576,0.05207273770190066
10,2.0,1.0,0.1,2,0.8,1.0,spiral,0.2787377821918528,0.27304647239850366,0.05279562313221171,0.05225384889158919
10,2.0,1.0,0.1,3,0.8,1.0,spiral,0.2750578199524393,0.26436719103089285,0.052445955034915635,0.05141665012725866
10,2.0,1.0,0.1,4,0.8,1.0,spiral,0.271926510209203,0.26827082257508283,0.05214657325359002,0.05179486678958474
10,2.0,1.0,0.1,5,1.0,1.0,Neel,0.2707163089859983,0.2707163089859983,0.052030405436244515,0.052030405436244515
10,2.0,1.0,0.1,6,1.0,0.8,spiral,0.27595004184003313,0.26825040706614145,0.05253094724446088,0.05179289594781716
10,2.0,1.0,0.2,1,1.0,1.0,Neel,0.23743420806404494,0.23743420806404494,0.048727221146300244,0.048727221146300244
10,2.0,1.0,0.2,2,1.0,1.0,Neel,0.24043801286464536,0.24043801286464536,0.04903447897802579,0.04903447897802579
10,2.0,1.0,0.2,3,0.8,1.0,spiral,0.23799405926164155,0.23764649477941396,0.04878463480048217,0.04874899945428767
10,2.0,1.0,0.2,4,1.0,1.0,Neel,0.2406893010053936,0.2406893010053936,0.049060095903431904,0.049060095903431904
10,2.0,1.0,0.2,5,1.0,1.0,Neel,0.2392417380589948,0.2392417380589948,0.048912343846824066,0.048912343846824066
10,2.0,1.0,0.2,6,1.0,1.0,Neel,0.2391140112351044,0.2391140112351044,0.04889928539714097,0.04889928539714097
10,2.0,1.0,0.3,1,1.0,1.0,Neel,0.2294261786032626,0.2294261786032626,0.04789845285635671,0.04789845285635671
10,2.0,1.0,0.3,2,1.0,1.0,Neel,0.22997249399161065,0.22997249399161065,0.04795544744777288,0.04795544744777288
10,2.0,1.0,0.3,3,1.0,1.0,Neel,0.2322511642406147,0.2322511642406147,0.048192443831021343,0.048192443831021343
10,2.0,1.0,0.3,4,1.0,1.0,Neel,0.23187697227669374,0.23187697227669374,0.048153605501218055,0.048153605501218055
10,2.0,1.0,0.3,5,1.0,1.0,Neel,0.2316001143529535,0.2316001143529535,0.0481248495429288,0.0481248495429288
10,2.0,1.0,0.3,6,1.0,1.0,Neel,0.22984745745194587,0.22984745745194587,0.047942408935299226,0.047942408935299226
10,2.0,1.0,0.4,1,1.0,1.0,Neel,0.20184616433254945,0.20184616433254945,0.04492729285551818,0.04492729285551818
10,2.0,1.0,0.4,2,1.0,1.0,Neel,0.2019873864192369,0.2019873864192369,0.04494300684413949,0.04494300684413949
10,2.0,1.0,0.4,3,0.8,1.0,spiral,0.19936649134562506,0.19908345760352433,0.04465047495219117,0.044618769324525784
10,2.0,1.0,0.4,4,1.0,1.0,Neel,0.2009379376971483,0.2009379376971483,0.04482610151431288,0.04482610151431288
10,2.0,1.0,0.4,5,1.0,1.0,Neel,0.20253193324544766,0.20253193324544766,0.045003547998513145,0.045003547998513145
10,2.0,1.0,0.4,6,1.0,1.0,Neel,0.19966026863576702,0.19966026863576702,0.044683360284983833,0.044683360284983833
10,2.0,1.0,0.5,1,1.0,1.0,Neel,0.18762263732663365,0.18762263732663365,0.043315428813141585,0.043315428813141585
10,2.0,1.0,0.5,2,0.2,1.0,spiral,0.18854780272207092,0.18755384378134263,0.04342209146529804,0.04330748708726271
10,2.0,1.0,0.5,3,0.8,1.0,spiral,0.18811627700231537,0.18721843410338654,0.043372373350131,0.04326874554495271
10,2.0,1.0,0.5,4,1.0,1.0,Neel,0.18805687787311792,0.18805687787311792,0.04336552523296794,0.04336552523296794
10,2.0,1.0,0.5,5,0.4,1.0,spiral,0.18771295668097762,0.18747170474627067,0.043325853330428196,0.04329800281147742
10,2.0,1.0,0.5,6,1.0,1.0,Neel,0.1874331222469681,0.1874331222469681,0.04329354712274892,0.04329354712274892
10,2.0,1.0,0.6,1,1.0,0.0,stripe,0.19222127518104903,0.17678789725178617,0.04384304678977603,0.04204615288605917
10,2.0,1.0,0.6,2,0.0,1.0,stripe,0.1906485564438823,0.1756536361919972,0.04366332058420228,0.04191105298032933
10,2.0,1.0,0.6,3,0.2,1.0,spiral,0.19078192452819426,0.1757787366368601,0.04367859023917716,0.0419259748410052
10,2.0,1.0,0.6,4,0.0,1.0,stripe,0.19135462945809967,0.17686071978069023,0.043744100111683594,0.04205481182703
10,2.0,1.0,0.6,5,1.0,0.2,spiral,0.18999149098477972,0.17594824920361138,0.04358801337349291,0.041946185667306075
10,2.0,1.0,0.6,6,1.0,0.0,stripe,0.19073636039382874,0.17594086477226664,0.04367337408465583,0.041945305431271646
10,2.0,1.0,0.7,1,1.0,0.0,stripe,0.19436657521575731,0.16627190461586444,0.04408702475964525,0.0407764521036179
10,2.0,1.0,0.7,2,0.0,1.0,stripe,0.19437604656900778,0.16753334349694257,0.044088098912178984,0.0409308372131505
10,2.0,1.0,0.7,3,0.0,1.0,stripe,0.1945344687541537,0.16626328495732443,0.04410606180040944,0.040775395149198056
10,2.0,1.0,0.7,4,1.0,0.0,stripe,0.19455131496673034,0.16637138252626854,0.04410797149798779,0.040788648240198955
10,2.0,1.0,0.7,5,0.0,1.0,stripe,0.195052082119659,0.16697154261404362,0.044164701076726307,0.04086215151139788
10,2.0,1.0,0.7,6,0.0,1.0,stripe,0.19446453398220503,0.16634284415248327,0.044098133065040866,0.04078514976710068
10,4.0,0.5,0.0,1,0.4,1.0,spiral,0.16437894149101126,0.13354445304869603,0.04054367293314843,0.03654373449015522
10,4.0,0.5,0.0,2,1.0,0.4,spiral,0.16216544568818697,0.1335203024577152,0.04026977100607688,0.03654042999989398
10,4.0,0.5,0.0,3,0.4,1.0,spiral,0.161856534672691,0.1350800424624789,0.04023139752391048,0.036753236927171314
10,4.0,0.5,0.0,4,0.4,1.0,spiral,0.16454408762991196,0.13289349245479065,0.04056403427051012,0.03645455972231603
10,4.0,0.5,0.0,5,0.4,1.0,spiral,0.1710498441481281,0.13280573988897768,0.041358172608098646,0.03644252185140014
10,4.0,0.5,0.0,6,1.0,0.4,spiral,0.16752398766887538,0.13187761250066382,0.04092969431462632,0.03631495731797903
10,4.0,0.5,0.1,1,1.0,0.4,spiral,0.16681585372178323,0.13223431417422687,0.04084309656744738,0.03636403637857421
10,4.0,0.5,0.1,2,0.4,1.0,spiral,0.16735636547646213,0.1313762272097087,0.04090921234593281,0.03624585868891903
10,4.0,0.5,0.1,3,1.0,1.6,spiral,0.16258408213809025,0.13277621517792926,0.04032171649844414,0.0364384707662011
10,4.0,0.5,0.1,4,1.0,1.6,spiral,0.16700986146310182,0.1335370557530457,0.04086684003726026,0.03654272236068978
10,4.0,0.5,0.1,5,0.4,1.0,spiral,0.16569067889885392,0.13127267742674348,0.04070511993580831,0.03623157151252806
10,4.0,0.5,0.1,6,0.4,1.0,spiral,0.16407370971800578,0.13107484918918644,0.04050601309904565,0.03620426068699462
10,4.0,0.5,0.2,1,1.0,0.4,spiral,0.1653584573932652,0.1306014197590837,0.04066429114017177,0.03613881843102839
10,4.0,0.5,0.2,2,0.4,1.0,spiral,0.16440294423032956,0.1309672460338171,0.040546632934231365,0.03618939707066382
10,4.0,0.5,0.2,3,1.0,0.4,spiral,0.1635486132961521,0.1312163143567355,0.040441144060987214,0.03622379250668482
10,4.0,0.5,0.2,4,1.0,1.6,spiral,0.16733801147392963,0.13313862839314222,0.04090696902410757,0.036488166354743314
10,4.0,0.5,0.2,5,1.0,0.4,spiral,0.16691161131591375,0.1313509701842756,0.04085481750245786,0.03624237439576436
10,4.0,0.5,0.2,6,1.0,0.4,spiral,0.16836992045937538,0.12955484006941131,0.04103290392591967,0.035993727240925096
10,4.0,0.5,0.3,1,1.0,1.6,spiral,0.1653712968342848,0.12817902044094248,0.04066586982154505,0.0358020977654861
10,4.0,0.5,0.3,2,1.0,0.4,spiral,0.16780504477508723,0.1288272690895063,0.04096401405808362,0.03589251580615468
10,4.0,0.5,0.3,3,1.0,0.4,spiral,0.16768092758716494,0.12920308813771544,0.040948861716434186,0.03594483108010322
10,4.0,0.5,0.3,4,1.0,1.6,spiral,0.16504583772475453,0.12952870206998673,0.04062583386525802,0.035990096147410715
10,4.0,0.5,0.3,5,0.4,1.0,spiral,0.16659162562880298,0.12798611241552585,0.04081563739901693,0.03577514673841686
10,4.0,0.5,0.3,6,1.0,0.4,spiral,0.16751644277790795,0.12910168309300435,0.04092877261510635,0.035930722660837806
10,4.0,0.5,0.4,1,1.0,0.2,spiral,0.1742975166853163,0.11388319061166503,0.0417489540809487,0.03374658362140752
10,4.0,0.5,0.4,2,0.0,1.0,stripe,0.17574336848699162,0.11518413538155045,0.04192175670066697,0.033938788337468745
10,4.0,0.5,0.4,3,0.2,1.0,spiral,0.17826587947413738,0.11487261901044928,0.04222154420128868,0.033892863409639686
10,4.0,0.5,0.4,4,1.0,0.0,stripe,0.1749465536963834,0.1141060115421717,0.04182661278377481,0.03377958133875725
10,4.0,0.5,0.4,5,0.2,1.0,spiral,0.17462639083803377,0.11376464007136478,0.04178832263181113,0.03372901422682922
10,4.0,0.5,0.4,6,1.0,0.0,stripe,0.17664341502126904,0.1136624529355648,0.04202896798890844,0.03371386256950763
10,4.0,0.5,0.5,1,0.0,1.0,stripe,0.17362211690133905,0.1097456842291975,0.041667987340563865,0.033127886173011024
10,4.0,0.5,0.5,2,1.0,0.0,stripe,0.1750341563167241,0.11168496226339733,0.041837083588214426,0.03341930015176819
10,4.0,0.5,0.5,3,0.0,1.0,stripe,0.17572485541045724,0.10927071436127081,0.041919548591374076,0.033056121121703134
10,4.0,0.5,0.5,4,0.0,1.0,stripe,0.1733507436953186,0.10977103846007696,0.04163541085366141,0.03313171267231396
10,4.0,0.5,0.5,5,0.0,1.0,stripe,0.17057249258581483,0.11156772029184911,0.04130042282904799,0.03340175448862666
10,4.0,0.5,0.5,6,1.0,0.0,stripe,0.17287034146455665,0.10880465955715697,0.04157767928402891,0.03298555131525877
10,4.0,0.5,0.6,1,0.0,1.0,stripe,0.15321072652020723,0.08765824677257375,0.03914214180652449,0.02960713541911371
10,4.0,0.5,0.6,2,0.4,1.0,spiral,0.15549508950290652,0.08762530711172853,0.03943286567102453,0.029601572105502863
10,4.0,0.5,0.6,3,1.0,0.4,spiral,0.1529655912743815,0.08735511809611339,0.03911081580258605,0.02955589925820451
10,4.0,0.5,0.6,4,1.0,0.0,stripe,0.1555878105855873,0.08763029863232566,0.03944462074676182,0.029602415210979942
10,4.0,0.5,0.6,5,1.0,0.0,stripe,0.15516685176587958,0.0871889697582465,0.039391223865967856,0.029527778405807385
10,4.0,0.5,0.6,6,0.4,1.0,spiral,0.15482949513864508,0.0867937163937937,0.039348379272677175,0.029460773308552797
10,4.0,0.5,0.7,1,1.0,0.0,stripe,0.1500648210691744,0.08040445860738774,0.038738200922238814,0.028355679961409447
10,4.0,0.5,0.7,2,0.4,1.0,spiral,0.15129374442510152,0.08053001321463457,0.038896496554972855,0.02837781055942029
10,4.0,0.5,0.7,3,0.0,1.0,stripe,0.15467776047214551,0.0806945757968952,0.03932909361683098,0.028406790701678217
10,4.0,0.5,0.7,4,1.0,0.0,stripe,0.15390689829189602,0.0819812680708384,0.03923096969129058,0.028632371203034933
10,4.0,0.5,0.7,5,1.0,0.4,spiral,0.15220880443668244,0.08115173276398187,0.0390139467929973,0.02848714319899099
10,4.0,0.5,0.7,6,0.4,1.0,spiral,0.15501419684437742,0.08146514281484904,0.03937184232981452,0.02854209922462765
10,4.0,0.56,0.0,1,0.6,1.0,spiral,0.18089530273242665,0.15530864204094363,0.042531788433173914,0.039409217454923366
10,4.0,0.56,0.0,2,1.0,0.6,spiral,0.17739125525079474,0.15693746135133213,0.04211784126125112,0.03961533306073951
10,4.0,0.56,0.0,3,1.0,1.4,spiral,0.1756148617801446,0.15738948944159317,0.04190642692716054,0.03967234420116779
10,4.0,0.56,0.0,4,0.6,1.0,spiral,0.17449117285808594,0.15594677352042985,0.04177214057934857,0.03949009667251143
10,4.0,0.56,0.0,5,0.6,1.0,spiral,0.17624907660913686,0.15423893265508626,0.04198202908497121,0.039273264780902324
10,4.0,0.56,0.0,6,0.6,1.0,spiral,0.17620850748718458,0.1544485119701547,0.04197719708212836,0.03929993790963984
10,4.0,0.56,0.1,1,0.6,1.0,spiral,0.17793008246141148,0.15527021939157432,0.042181759382630246,0.03940434232309611
10,4.0,0.56,0.1,2,1.0,0.6,spiral,0.17785092824233042,0.15710360031437318,0.04217237582142254,0.03963629653668127
10,4.0,0.56,0.1,3,0.6,1.0,spiral,0.17646017228970118,0.15849270870248336,0.042007162757046704,0.039811142749547314
10,4.0,0.56,0.1,4,0.6,1.0,spiral,0.17696590793433412,0.15714569961344718,0.042067316046348155,0.03964160688133708
10,4.0,0.56,0.1,5,0.6,1.0,spiral,0.1813602143556277,0.1556328071054848,0.04258640796728784,0.03945032409315351
10,4.0,0.56,0.1,6,1.4,1.0,spiral,0.17859936446276736,0.1553365473979227,0.042261018026399616,0.03941275775658469
10,4.0,0.56,0.2,1,0.4,1.0,spiral,0.18092340535562096,0.15192468858534172,0.04253509202477655,0.03897751769742934
10,4.0,0.56,0.2,2,0.4,1.0,spiral,0.17798122440059225,0.15028796188521992,0.04218782103884867,0.03876699135672253
10,4.0,0.56,0.2,3,0.4,1.0,spiral,0.17950753353460377,0.14957756018261945,0.042368329390548756,0.038675258264505415
10,4.0,0.56,0.2,4,0.4,1.0,spiral,0.1850134898723578,0.15021930710356732,0.043013194472435755,0.038758135546433
10,4.0,0.56,0.2,5,0.4,1.0,spiral,0.18232199140120145,0.14650836462790243,0.042699179313097045,0.03827641109455044
10,4.0,0.56,0.2,6,0.4,1.0,spiral,0.18484192577316655,0.1498387396221544,0.04299324665260424,0.03870900923843885
10,4.0,0.56,0.3,1,0.6,1.0,spiral,0.16934543545077735,0.14310324927632426,0.041151602089199074,0.037828990110274456
10,4.0,0.56,0.3,2,1.0,0.6,spiral,0.17215025709570314,0.14525622572493066,0.04149099385357058,0.03811249476548743
10,4.0,0.56,0.3,3,1.0,0.6,spiral,0.17117519169755885,0.14649290777574414,0.04137332373614173,0.03827439193190979
10,4.0,0.56,0.3,4,1.0,0.6,spiral,0.1723705328845703,0.14184329922049208,0.041517530379897395,0.0376620895889344
10,4.0,0.56,0.3,5,1.0,0.6,spiral,0.17315714269287308,0.14331656475605722,0.04161215479795213,0.0378571743208678
10,4.0,0.56,0.3,6,1.0,0.0,stripe,0.17220911953614707,0.14440116662347005,0.04149808664699459,0.038000153502778126
10,4.0,0.56,0.4,1,1.0,0.2,spiral,0.17602096719430685,0.13319891220940022,0.04195485278180664,0.03649642615509089
10,4.0,0.56,0.4,2,1.0,0.2,spiral,0.17929772119443882,0.13209075441103021,0.04234356163508672,0.036344291767900806
10,4.0,0.56,0.4,3,1.0,0.0,stripe,0.1844438635647327,0.1341440112815976,0.042946928128183126,0.03662567559535218
10,4.0,0.56,0.4,4,1.0,0.0,stripe,0.18306777707439276,0.1333645148936347,0.0427864204011498,0.03651910662839861
10,4.0,0.56,0.4,5,1.0,0.2,spiral,0.17634633840929315,0.1324734376557861,0.041993611229482655,0.03639690064494312
10,4.0,0.56,0.4,6,1.0,0.0,stripe,0.1813901600979787,0.13128806944883573,0.04258992370244149,0.03623369556763921
10,4.0,0.56,0.5,1,0.0,1.0,stripe,0.18847550211098466,0.11395517049388573,0.04341376534130444,0.03375724670258013
10,4.0,0.56,0.5,2,0.2,1.0,spiral,0.18810873544027418,0.11449302948389935,0.043371503944441926,0.033836818627628
10,4.0,0.56,0.5,3,0.2,1.0,spiral,0.18801913427921352,0.11646720786125889,0.04336117321743192,0.034127292283634064
10,4.0,0.56,0.5,4,1.0,0.0,stripe,0.18574970681969769,0.11558420965040846,0.04309868986636342,0.033997677810463534
10,4.0,0.56,0.5,5,0.0,1.0,stripe,0.19627465913894282,0.11562986117684897,0.044302895970686026,0.034004391065985726
10,4.0,0.56,0.5,6,1.0,0.0,stripe,0.19394732251447755,0.11432863336304919,0.04403945078159781,0.03381251741042793
10,4.0,0.56,0.6,1,1.0,1.8,spiral,0.1841678188673894,0.10335142297646842,0.042914778208373555,0.03214831612642697
10,4.0,0.56,0.6,2,1.0,0.0,stripe,0.18708433179427578,0.10199514407189669,0.043253246328371214,0.031936678611260864
10,4.0,0.56,0.6,3,1.0,0.0,stripe,0.18576673921432235,0.10266141795906766,0.04310066579698304,0.03204082051993483
10,4.0,0.56,0.6,4,1.0,0.0,stripe,0.18939524465897206,0.10200772556519937,0.04351956395220109,0.031938648306589205
10,4.0,0.56,0.6,5,0.0,1.0,stripe,0.1842141955915459,0.10084954195362575,0.0429201812195086,0.03175681689867953
10,4.0,0.56,0.6,6,0.0,1.0,stripe,0.18451490746185284,0.101205323617961,0.042955198458609505,0.03181278416265401
10,4.0,0.56,0.7,1,0.0,1.0,stripe,0.18402953682675896,0.09556912932617763,0.042898663945018026,0.030914257119681467
10,4.0,0.56,0.7,2,0.0,1.0,stripe,0.1811841290106578,0.09645655812958027,0.04256572905644373,0.03105745613046572
10,4.0,0.56,0.7,3,1.0,0.0,stripe,0.18304161758528167,0.09517171769346458,0.04278336330693061,0.03084991372653489
10,4.0,0.56,0.7,4,0.0,1.0,stripe,0.18408293940874015,0.09509940941988777,0.04290488776453566,0.030838192135708566
10,4.0,0.56,0.7,5,0.0,1.0,stripe,0.18613845688779782,0.09595730407041461,0.04314376628063408,0.030976975977395634
10,4.0,0.56,0.7,6,1.0,0.0,stripe,0.18277900487697116,0.09607994946169504,0.04275266130628258,0.03099676587350607
10,4.0,0.66,0.0,1,1.0,0.8,spiral,0.21597705991857108,0.20122276797945665,0.04647333212914381,0.04485786084728703
10,4.0,0.66,0.0,2,1.0,0.8,spiral,0.2133227285826773,0.20889201528770443,0.046186873522969414,0.04570470602549637
10,4.0,0.66,0.0,3,1.0,0.6,spiral,0.21662081076622886,0.20207042488373794,0.046542540838057915,0.04495224409122841
10,4.0,0.66,0.0,4,0.6,1.0,spiral,0.21624035229423727,0.1993252580003609,0.046501650755025596,0.044645857366653954
10,4.0,0.66,0.0,5,0.6,1.0,spiral,0.21543954882693522,0.19901016293892285,0.04641546604602126,0.04461055513428664
10,4.0,0.66,0.0,6,0.6,1.0,spiral,0.21616927311761253,0.19833465968545275,0.04649400747597614,0.04453477963181728
10,4.0,0.66,0.1,1,1.0,0.6,spiral,0.2244602839724798,0.19606217553132463,0.04737723968030216,0.04427890869605129
10,4.0,0.66,0.1,2,1.0,1.4,spiral,0.22155883334987836,0.20210331825346767,0.04707003647224828,0.044955902643976316
10,4.0,0.66,0.1,3,1.0,0.6,spiral,0.21460214968192054,0.20048723673705338,0.04632517130911882,0.04477580113599905
10,4.0,0.66,0.1,4,1.0,0.6,spiral,0.23138351393492132,0.19643679353677823,0.048102340268943396,0.04432119059059427
10,4.0,0.66,0.1,5,1.0,1.4,spiral,0.22223263606330193,0.19714667266254293,0.04714155662080983,0.04440120186014596
10,4.0,0.66,0.1,6,1.0,0.6,spiral,0.21893437593912096,0.2008419172365467,0.04679042380008125,0.04481538990531564
10,4.0,0.66,0.2,1,1.0,1.4,spiral,0.23882856350931222,0.1820222825029833,0.048870089370627534,0.042664069485104594
10,4.0,0.66,0.2,2,0.6,1.0,spiral,0.2409193047123536,0.18276486474951728,0.049083531322873825,0.042751007561169514
10,4.0,0.66,0.2,3,1.0,0.6,spiral,0.2371699701936613,0.18034048092626956,0.0487000996091036,0.042466513975869216
10,4.0,0.66,0.2,4,1.0,0.6,spiral,0.24327217953209943,0.18219926016565763,0.04932262964726226,0.04268480527841935
10,4.0,0.66,0.2,5,1.0,0.6,spiral,0.24714093427185757,0.18691942974615108,0.04971327129367545,0.043234179736193805
10,4.0,0.66,0.2,6,1.0,0.6,spiral,0.24616371520544544,0.18207318628321623,0.04961488841118616,0.042670034717962935
10,4.0,0.66,0.3,1,1.0,0.6,spiral,0.20461902986299169,0.17643174265827835,0.0452348350127412,0.04200377871790565
10,4.0,0.66,0.3,2,1.0,1.4,spiral,0.2033811874582216,0.17422376449301474,0.04509780343411657,0.04174012032721213
10,4.0,0.66,0.3,3,1.0,0.6,spiral,0.2013295008759605,0.17034698207100588,0.04486975605861486,0.04127311256387212
10,4.0,0.66,0.3,4,0.6,1.0,spiral,0.2036122322866279,0.17274813470647638,0.04512341213678636,0.041562980488227305
10,4.0,0.66,0.3,5,0.6,1.0,spiral,0.2074119704438419,0.16837237659951448,0.04554250437161333,0.041033203213923536
10,4.0,0.66,0.3,6,0.6,1.0,spiral,0.2010733510957517,0.1702435050277711,0.044841203272855165,0.04126057501147689
10,4.0,0.66,0.4,1,0.6,1.0,spiral,0.2008690974463306,0.1655157641426774,0.044818422266555816,0.04068362866592377
10,4.0,0.66,0.4,2,1.4,1.0,spiral,0.19793132318151835,0.16772529627512972,0.04448947326969812,0.040954278930916334
10,4.0,0.66,0.4,3,0.6,1.0,spiral,0.19359015081262393,0.171453827551236,0.043998880759926605,0.041406983414785964
10,4.0,0.66,0.4,4,0.6,1.0,spiral,0.1957225546390553,0.1675701141099683,0.04424054188626709,0.04093532876501278
10,4.0,0.66,0.4,5,0.6,1.0,spiral,0.1989434463840833,0.16439212484181986,0.044603076842756405,0.04054529872153119
10,4.0,0.66,0.4,6,0.6,1.0,spiral,0.1958156603203321,0.16503408384097992,0.04425106330025665,0.04062438723734549
10,4.0,0.66,0.5,1,1.0,0.0,stripe,0.2049920237841311,0.13406766812798512,0.04527604485642834,0.036615252030811576
10,4.0,0.66,0.5,2,0.0,1.0,stripe,0.19764044970116532,0.13061064523934843,0.04445677110420474,0.03614009480332729
10,4.0,0.66,0.5,3,0.0,1.0,stripe,0.20923986817012294,0.13013643514412238,0.04574274457989189,0.03607442794336763
10,4.0,0.66,0.5,4,1.0,0.0,stripe,0.20272566556365682,0.1289633367687623,0.045025066969817694,0.03591146568559438
10,4.0,0.66,0.5,5,1.0,0.0,stripe,0.19985641245755412,0.12842835832961547,0.04470530309231267,0.035836902534903244
10,4.0,0.66,0.5,6,1.0,0.0,stripe,0.2033652485777552,0.13152997131057814,0.04509603625350628,0.036267060993493555
10,4.0,0.66,0.6,1,0.0,1.0,stripe,0.21081636085603028,0.12176978417852072,0.0459147428236324,0.034895527532696896
10,4.0,0.66,0.6,2,0.0,1.0,stripe,0.20796373345678648,0.12232156816540322,0.04560304084781918,0.03497450044895613
10,4.0,0.66,0.6,3,0.2,1.0,spiral,0.2062580996528848,0.12358216417449337,0.04541564704514126,0.035154254959320834
10,4.0,0.66,0.6,4,1.0,0.0,stripe,0.20426020496851877,0.12402286362011103,0.04519515515721998,0.035216879989588945
10,4.0,0.66,0.6,5,0.0,1.0,stripe,0.2070221043899617,0.1202178584973718,0.04549968179998204,0.0346724470577679
10,4.0,0.66,0.6,6,0.0,1.0,stripe,0.21278311447731774,0.11907582361248566,0.046128420141743176,0.0345073649548159
10,4.0,0.66,0.7,1,0.0,1.0,stripe,0.208015113156224,0.11621400467670942,0.045608673863227374,0.034090175223473025
10,4.0,0.66,0.7,2,1.0,0.0,stripe,0.2066035449312517,0.11812461154322398,0.045453662661137845,0.034369261199976936
10,4.0,0.66,0.7,3,1.0,0.0,stripe,0.21737350920634646,0.1174825663717484,0.04662333205663731,0.0342757299516361
10,4.0,0.66,0.7,4,1.0,0.0,stripe,0.2043966154933201,0.11688605682783246,0.04521024391587819,0.03418860290035738
10,4.0,0.66,0.7,5,1.0,0.0,stripe,0.20744415087345872,0.11730278404662106,0.045546037245128006,0.03424949401766705
10,4.0,0.66,0.7,6,0.0,1.0,stripe,0.210294373433472,0.11738586852481163,0.04585786447638747,0.034261621170751926
10,4.0,0.78,0.0,1,0.8,1.0,spiral,0.27834993335847197,0.2537101279486125,0.052758879191892614,0.05036964641017569
10,4.0,0.78,0.0,2,1.0,1.2,spiral,0.2861499334796321,0.2642931184905417,0.05349298397730604,0.05140944645593276
10,4.0,0.78,0.0,3,1.0,0.8,spiral,0.28021951188854416,0.26558759730541603,0.052935764081435924,0.051535191598112456
10,4.0,0.78,0.0,4,0.8,1.0,spiral,0.2865273253406096,0.2673937542846929,0.0535282472476551,0.05171012998288565
10,4.0,0.78,0.0,5,0.8,1.0,spiral,0.2775619197514668,0.2560670783181952,0.05268414559917118,0.050603070886873575
10,4.0,0.78,0.0,6,0.8,1.0,spiral,0.2851617148708339,0.2541873875986228,0.05340053509758436,0.05041699987093865
10,4.0,0.78,0.1,1,1.0,0.8,spiral,0.2788946491710516,0.25166112680302344,0.05281047710171265,0.050165837659010885
10,4.0,0.78,0.1,2,0.8,1.0,spiral,0.2845753118028235,0.2542363103080275,0.05334560073734511,0.050421851444391395
10,4.0,0.78,0.1,3,0.8,1.0,spiral,0.27836463393608657,0.2467315428694818,0.05276027235866837,0.04967207896489554
10,4.0,0.78,0.1,4,0.8,1.0,spiral,0.2909749234174203,0.24330349516821254,0.05394209148869001,0.04932580411592015
10,4.0,0.78,0.1,5,0.8,1.0,spiral,0.28038405257435095,0.2563194153491459,0.0529513033431993,0.05062799772350728
10,4.0,0.78,0.1,6,1.0,0.8,spiral,0.2742784049078786,0.25615936661474,0.05237159582329706,0.050612188908872535
10,4.0,0.78,0.2,1,0.8,1.0,spiral,0.2886555965481767,0.24561553046227652,0.05372667834029726,0.04955961364480927
10,4.0,0.78,0.2,2,0.8,1.0,spiral,0.3074255273468616,0.2503727726130881,0.055445967152432434,0.05003726337571711
10,4.0,0.78,0.2,3,1.0,0.8,spiral,0.3048324032407374,0.2541306070083095,0.055211629503279236,0.05041136846072615
10,4.0,0.78,0.2,4,1.0,0.8,spiral,0.30926485641493506,0.25599568996019184,0.05561158659982064,0.05059601663769509
10,4.0,0.78,0.2,5,0.8,1.0,spiral,0.2921637582524075,0.24559827497963022,0.05405217463270164,0.049557872732758634
10,4.0,0.78,0.2,6,1.0,0.8,spiral,0.3013486847478998,0.2465709010708456,0.05489523519832115,0.04965590610097107
10,4.0,0.78,0.3,1,1.0,0.8,spiral,0.2780028870205763,0.22035781879601762,0.05272597908247663,0.04694228571299204
10,4.0,0.78,0.3,2,0.8,1.0,spiral,0.26835623758060534,0.2121236214703328,0.05180311164212101,0.04605688021027182
10,4.0,0.78,0.3,3,1.0,0.8,spiral,0.28825516312572164,0.21876344734566758,0.05368939961721696,0.04677215489430304
10,4.0,0.78,0.3,4,0.8,1.0,spiral,0.2762047901191959,0.21646905701849736,0.052555189098622404,0.04652623528918898
10,4.0,0.78,0.3,5,1.0,1.2,spiral,0.27520053643550907,0.2161805017339157,0.05245955932292122,0.04649521499400941
10,4.0,0.78,0.3,6,0.8,1.0,spiral,0.2892913022457719,0.2200646546192615,0.053785806886740284,0.04691104929750149
10,4.0,0.78,0.4,1,1.0,0.8,spiral,0.2169379518728721,0.1852025594066983,0.046576598402295555,0.04303516694596389
10,4.0,0.78,0.4,2,0.6,0.8,other,0.21286644486436188,0.1816847312758341,0.046137451692129884,0.04262449193548635
10,4.0,0.78,0.4,3,0.8,1.0,spiral,0.2135772780670298,0.17891809301207146,0.046214421782278074,0.042298710738280364
10,4.0,0.78,0.4,4,0.8,1.0,spiral,0.21590520080687278,0.1808641348236509,0.04646560026588194,0.04252812420312597
10,4.0,0.78,0.4,5,0.8,1.0,spiral,0.214970467072738,0.1797827788037029,0.046364907750661814,0.04240079937969365
10,4.0,0.78,0.4,6,1.0,1.2,spiral,0.21771348082499525,0.17872263263134663,0.0466597771988889,0.042275599656462194
10,4.0,0.78,0.5,1,1.0,0.2,spiral,0.21638237196766594,0.15038033238990683,0.04651691863910011,0.038778903077563556
10,4.0,0.78,0.5,2,1.0,0.0,stripe,0.21835262344860365,0.1519491034689846,0.04672821668420524,0.03898064949035413
10,4.0,0.78,0.5,3,0.4,1.4,other,0.22206019206064848,0.14976937726483003,0.04712326305134742,0.0387000487421954
10,4.0,0.78,0.5,4,1.0,0.0,stripe,0.2250047087756415,0.15124659197156903,0.04743466124846276,0.0388904348100621
10,4.0,0.78,0.5,5,1.0,0.0,stripe,0.21394127764811843,0.15217922159333186,0.04625378661775903,0.03901015529235072
10,4.0,0.78,0.5,6,1.0,0.0,stripe,0.22052026477839143,0.1517221609381711,0.04695958525992233,0.038951528973606556
10,4.0,0.78,0.6,1,0.0,1.0,stripe,0.21934758833878815,0.14259437394106092,0.046834558644102554,0.037761670241272555
10,4.0,0.78,0.6,2,0.4,0.6,other,0.2145750768206272,0.13811489838595878,0.046322249170417794,0.03716381282725963
10,4.0,0.78,0.6,3,1.0,0.0,stripe,0.21092469785494256,0.140652355195334,0.04592653893501475,0.037503647182018714
10,4.0,0.78,0.6,4,1.0,0.0,stripe,0.21946046570998995,0.13992073392039478,0.04684660774378332,0.03740597999256199
10,4.0,0.78,0.6,5,0.0,1.0,stripe,0.21215614030601376,0.1386518047511679,0.046060410365737485,0.03723597786431396
10,4.0,0.78,0.6,6,0.0,1.0,stripe,0.21490529443070533,0.13902432744986531,0.04635787898844223,0.03728596618700732
10,4.0,0.78,0.7,1,1.0,0.0,stripe,0.21880429560858117,0.1253035682741301,0.04677652141925275,0.035398244062965906
10,4.0,0.78,0.7,2,0.0,1.0,stripe,0.22205846780910873,0.12561978184332212,0.04712308009978855,0.03544288106846312
10,4.0,0.78,0.7,3,0.0,1.0,stripe,0.22341775599567307,0.12774186829733994,0.04726708749179211,0.03574099443179218
10,4.0,0.78,0.7,4,0.0,1.0,stripe,0.22260520056543057,0.12900466029587745,0.04718105558011929,0.03591721875311025
10,4.0,0.78,0.7,5,1.0,0.0,stripe,0.21806829238164918,0.12839352058468487,0.04669778285760997,0.0358320416086894
10,4.0,0.78,0.7,6,1.0,0.0,stripe,0.22772811813973992,0.12789872149030673,0.04772086735797453,0.03576293073705044
10,4.0,0.88,0.0,1,1.0,1.0,Neel,0.3832742002108117,0.3832742002108117,0.0619091431220633,0.0619091431220633
10,4.0,0.88,0.0,2,1.0,0.8,spiral,0.39295255557446807,0.35378926493588364,0.06268592789250775,0.05948018703197592
10,4.0,0.88,0.0,3,0.8,1.0,spiral,0.3743370136591337,0.3372473235740163,0.06118308701423406,0.0580729991970465
10,4.0,0.88,0.0,4,0.8,1.0,spiral,0.36887645640900923,0.3615314718360656,0.06073520037087301,0.06012748721142981
10,4.0,0.88,0.0,5,1.0,1.0,Neel,0.3875881452929181,0.3875881452929181,0.06225657758766683,0.06225657758766683
10,4.0,0.88,0.0,6,0.8,1.0,spiral,0.3883405338854887,0.3495240869917712,0.062316974724828285,0.059120562158336346
10,4.0,0.88,0.1,1,0.8,1.0,spiral,0.3676091265312723,0.3072369374826419,0.06063077820144421,0.055428957908537475
10,4.0,0.88,0.1,2,1.0,0.8,spiral,0.36416269700060266,0.32385106341132563,0.06034589439229505,0.05690791363345924
10,4.0,0.88,0.1,3,1.0,1.2,spiral,0.3710977856198576,0.3062309454593025,0.06091779589084438,0.055338137433356256
10,4.0,0.88,0.1,4,1.0,0.8,spiral,0.375357716644687,0.30344950594937486,0.06126644404930704,0.05508625109311532
10,4.0,0.88,0.1,5,0.8,1.0,spiral,0.36000852051550397,0.3360408986827754,0.06000071003875737,0.05796903472396064
10,4.0,0.88,0.1,6,1.0,0.8,spiral,0.3516977644529496,0.33252501810570373,0.05930411153140645,0.05766498227743626
10,4.0,0.88,0.2,1,0.8,1.0,spiral,0.35949007075255446,0.3136017739574336,0.059957490837472045,0.05600015838883258
10,4.0,0.88,0.2,2,0.8,1.0,spiral,0.3643670823387434,0.3147371869490323,0.060362826502636815,0.056101442668529684
10,4.0,0.88,0.2,3,1.0,1.2,spiral,0.3633117484117282,0.3072401845628286,0.06027534723348578,0.05542925081243915
10,4.0,0.88,0.2,4,0.8,1.0,spiral,0.36389302365316156,0.3109976603460655,0.060323546286103036,0.055767164204939226
10,4.0,0.88,0.2,5,1.0,1.2,spiral,0.3407862640653803,0.31834524608394305,0.05837690160203608,0.05642209195731252
10,4.0,0.88,0.2,6,1.0,0.8,spiral,0.3928773605887138,0.3024919503619878,0.06267992984909235,0.05499926820985782
10,4.0,0.88,0.3,1,0.8,1.0,spiral,0.3184718150309294,0.3028565091844083,0.05643330710058816,0.05503240038235733
10,4.0,0.88,0.3,2,1.0,1.2,spiral,0.32215425958171234,0.2971678893181225,0.056758634548561185,0.05451310753553887
10,4.0,0.88,0.3,3,0.8,1.0,spiral,0.32632031800793126,0.30869133449551905,0.05712445343352803,0.05555999770478028
10,4.0,0.88,0.3,4,0.8,1.0,spiral,0.3204059440630945,0.3198087555211503,0.056604411847760994,0.056551636185096385
10,4.0,0.88,0.3,5,1.0,0.8,spiral,0.3099004219363321,0.2949008529406365,0.055668700535968334,0.05430477446234691
10,4.0,0.88,0.3,6,1.0,1.2,spiral,0.32801319321112327,0.29601309313291624,0.05727243605881657,0.05440708530448183
10,4.0,0.88,0.4,1,0.8,1.0,spiral,0.25460626610830805,0.22649805207975468,0.05045852416671618,0.04759181148892682
10,4.0,0.88,0.4,2,1.0,0.8,spiral,0.2548474663515926,0.22324828588740156,0.05048241935085843,0.04724915722924607
10,4.0,0.88,0.4,3,1.0,0.8,spiral,0.25507016075432654,0.2209172969240222,0.050504471163880786,0.047001840062280774
10,4.0,0.88,0.4,4,0.8,1.0,spiral,0.2517397041890907,0.21585125499240027,0.05017366881035218,0.04645979498366305
10,4.0,0.88,0.4,5,1.0,1.2,spiral,0.25106414818729095,0.22487342009505812,0.05010630181796407,0.04742082033190254
10,4.0,0.88,0.4,6,1.0,0.8,spiral,0.24577617113670916,0.2220040326240098,0.04957581780835382,0.04711730389400584
10,4.0,0.88,0.5,1,1.0,0.4,spiral,0.21680282418186456,0.17509566543769645,0.04656209017879938,0.041844433971281826
10,4.0,0.88,0.5,2,0.4,1.0,spiral,0.21516706289192547,0.16876693630296555,0.04638610383422232,0.041081253182317305
10,4.0,0.88,0.5,3,1.0,0.0,stripe,0.21324601958227413,0.17218584234928302,0.04617856857702219,0.041495281942563425
10,4.0,0.88,0.5,4,1.0,1.8,spiral,0.2144949834494788,0.17020795746946105,0.0463136031258073,0.04125626709597719
10,4.0,0.88,0.5,5,1.0,0.0,stripe,0.21687967682442047,0.17679770040734172,0.04657034215296474,0.04204731863119713
10,4.0,0.88,0.5,6,1.0,0.0,stripe,0.220709845994269,0.1736066875911938,0.04697976649519121,0.04166613584089528
10,4.0,0.88,0.6,1,0.2,1.0,spiral,0.2182842444508061,0.16496157334728728,0.046720899440272565,0.040615461753781314
10,4.0,0.88,0.6,2,0.2,1.0,spiral,0.21953799564977766,0.16160367951159554,0.04685488188543192,0.040199960138238386
10,4.0,0.88,0.6,3,1.0,0.2,spiral,0.21808360035669866,0.16631546755786905,0.046699421876153745,0.04078179343259306
10,4.0,0.88,0.6,4,1.0,0.0,stripe,0.22007967481843388,0.16369962632612914,0.046912650193570805,0.04045981046991312
10,4.0,0.88,0.6,5,0.2,1.0,spiral,0.22180576930707088,0.16558202170012734,0.04709625986286712,0.04069177087570991
10,4.0,0.88,0.6,6,0.0,1.0,stripe,0.21812475569975348,0.16257874462383398,0.04670382807648143,0.04032105462705979
10,4.0,0.88,0.7,1,1.0,0.0,stripe,0.225008004856541,0.14553942064566358,0.04743500868098803,0.03814962917849446
10,4.0,0.88,0.7,2,0.0,1.0,stripe,0.22288123510578317,0.14813206810608484,0.047210299205341116,0.03848792903055254
10,4.0,0.88,0.7,3,1.0,0.0,stripe,0.23149970660759026,0.14715049503684552,0.0481144164058539,0.03836020008248726
10,4.0,0.88,0.7,4,1.0,0.0,stripe,0.22639711317858682,0.14629663361854373,0.04758120565712757,0.038248742936016045
10,4.0,0.88,0.7,5,1.0,0.0,stripe,0.22852593466765084,0.14767059407710897,0.04780438627026298,0.03842793177847449
10,4.0,0.88,0.7,6,1.0,0.0,stripe,0.2281939368204485,0.14788801457612102,0.04776964902743671,0.038456210756667254
10,4.0,1.0,0.0,1,1.0,0.8,spiral,0.37517435071705435,0.37485927365879707,0.061251477591732786,0.06122575223374532
10,4.0,1.0,0.0,2,0.8,1.0,spiral,0.4177280988894282,0.37704530921717405,0.06463188832839624,0.06140401527727434
10,4.0,1.0,0.0,3,1.0,1.0,Neel,0.45412928179061424,0.45412928179061424,0.06738911498087909,0.06738911498087909
10,4.0,1.0,0.0,4,0.8,1.0,spiral,0.4265723385933474,0.3847206325463411,0.06531250558609335,0.062025852073658856
10,4.0,1.0,0.0,5,0.8,1.0,spiral,0.3838778885684504,0.35405414233588356,0.06195787993213216,0.059502448885393244
10,4.0,1.0,0.0,6,1.0,1.0,Neel,0.41295471782679405,0.41295471782679405,0.06426155287781288,0.06426155287781288
10,4.0,1.0,0.1,1,1.0,1.0,Neel,0.3947142135607893,0.3947142135607893,0.0628262853876297,0.0628262853876297
10,4.0,1.0,0.1,2,1.0,0.8,spiral,0.41385883315759353,0.35371321574213027,0.06433186093667691,0.05947379387109337
10,4.0,1.0,0.1,3,1.0,0.8,spiral,0.38779146330780245,0.36477066297485955,0.06227290448564307,0.060396246818395886
10,4.0,1.0,0.1,4,0.8,1.0,spiral,0.3835230339068481,0.3768218294219589,0.06192923654517696,0.06138581508964094
10,4.0,1.0,0.1,5,1.0,1.0,Neel,0.39619054727797826,0.39619054727797826,0.06294366904447009,0.06294366904447009
10,4.0,1.0,0.1,6,1.0,1.0,Neel,0.41547532894443284,0.41547532894443284,0.06445737575673034,0.06445737575673034
10,4.0,1.0,0.2,1,1.0,1.0,Neel,0.3457468993312509,0.3457468993312509,0.05880024654125618,0.05880024654125618
10,4.0,1.0,0.2,2,1.0,1.0,Neel,0.3290611443040772,0.3290611443040772,0.057363851361643875,0.057363851361643875
10,4.0,1.0,0.2,3,1.0,0.8,spiral,0.3109854244768833,0.3068594699581183,0.05576606714453542,0.05539489777570839
10,4.0,1.0,0.2,4,1.0,1.0,Neel,0.3197826912937709,0.3197826912937709,0.056549331675429276,0.056549331675429276
10,4.0,1.0,0.2,5,1.0,1.0,Neel,0.30919170639283,0.30919170639283,0.0556050093420395,0.0556050093420395
10,4.0,1.0,0.2,6,1.0,0.8,spiral,0.31329102991730484,0.30851888746774087,0.05597240658729128,0.055544476545174214
10,4.0,1.0,0.3,1,1.0,1.0,Neel,0.28778803706357337,0.28778803706357337,0.05364587934441688,0.05364587934441688
10,4.0,1.0,0.3,2,1.0,1.0,Neel,0.2840994925075241,0.2840994925075241,0.05330098427867201,0.05330098427867201
10,4.0,1.0,0.3,3,1.0,1.0,Neel,0.27725445526899406,0.27725445526899406,0.052654957531935595,0.052654957531935595
10,4.0,1.0,0.3,4,1.0,1.0,Neel,0.28256603049398316,0.28256603049398316,0.05315694032710904,0.05315694032710904
10,4.0,1.0,0.3,5,1.0,1.0,Neel,0.3001146059273653,0.3001146059273653,0.054782716793471034,0.054782716793471034
10,4.0,1.0,0.3,6,1.0,0.8,spiral,0.28038796555212625,0.27903769604164286,0.05295167283024459,0.052824018783281045
10,4.0,1.0,0.4,1,1.0,1.0,Neel,0.24230611732345775,0.24230611732345775,0.04922459926941587,0.04922459926941587
10,4.0,1.0,0.4,2,1.0,1.0,Neel,0.25184280256448194,0.25184280256448194,0.050183941910184965,0.050183941910184965
10,4.0,1.0,0.4,3,1.0,1.0,Neel,0.2382164177774888,0.2382164177774888,0.04880741929025635,0.04880741929025635
10,4.0,1.0,0.4,4,1.0,1.0,Neel,0.23952729356496733,0.23952729356496733,0.048941525677584606,0.048941525677584606
10,4.0,1.0,0.4,5,1.0,1.0,Neel,0.23658479426892023,0.23658479426892023,0.04863998296349622,0.04863998296349622
10,4.0,1.0,0.4,6,1.0,1.0,Neel,0.24067270254788026,0.24067270254788026,0.049058404228825084,0.049058404228825084
10,4.0,1.0,0.5,1,1.0,1.0,Neel,0.22154086009289564,0.22154086009289564,0.04706812722988834,0.04706812722988834
10,4.0,1.0,0.5,2,1.0,1.0,Neel,0.22275871826135574,0.22275871826135574,0.047197321773735826,0.047197321773735826
10,4.0,1.0,0.5,3,1.0,0.8,spiral,0.21935819288161085,0.21530463699387528,0.04683569075839609,0.0464009307012128
10,4.0,1.0,0.5,4,0.8,1.0,spiral,0.2190227520217582,0.21874789172707293,0.046799866668801336,0.046770491950274905
10,4.0,1.0,0.5,5,0.6,1.0,spiral,0.22299126880991899,0.21764798468157487,0.047221951337266754,0.04665275819086958
10,4.0,1.0,0.5,6,1.0,1.0,Neel,0.2202232859859274,0.2202232859859274,0.0469279539279018,0.0469279539279018
10,4.0,1.0,0.6,1,1.0,0.2,spiral,0.22052782070532628,0.1983657920429121,0.04696038976683714,0.0445382747805651
10,4.0,1.0,0.6,2,1.0,0.0,stripe,0.2195164929674815,0.2046018203805097,0.046852587224984865,0.045232932734956474
10,4.0,1.0,0.6,3,1.8,1.0,spiral,0.21857873449904316,0.2015796186253444,0.046752404697410294,0.04489761893746086
10,4.0,1.0,0.6,4,1.0,0.0,stripe,0.21859271484084375,0.20545240743973273,0.046753899820319134,0.045326858201262164
10,4.0,1.0,0.6,5,0.0,1.0,stripe,0.22793156449595237,0.20164691353214867,0.04774217888785056,0.04490511257442171
10,4.0,1.0,0.6,6,1.0,0.0,stripe,0.21786957655115372,0.2025235257680694,0.0466765012132608,0.04500261389831366
10,4.0,1.0,0.7,1,1.0,0.0,stripe,0.22231892877580353,0.18537650565646832,0.047150708242379935,0.043055371982653724
10,4.0,1.0,0.7,2,0.0,1.0,stripe,0.22425895962005823,0.19224900691381716,0.04735598796562672,0.04384620929040698
10,4.0,1.0,0.7,3,0.0,1.0,stripe,0.22376877392905073,0.19119673885385927,0.04730420424539987,0.04372604931317935
10,4.0,1.0,0.7,4,1.0,0.0,stripe,0.2205222567422227,0.1883909056407746,0.04695979735286585,0.04340402120089504
10,4.0,1.0,0.7,5,0.0,1.0,stripe,0.22194808701118385,0.18495240099250634,0.04711136667633235,0.043006092707023075
10,4.0,1.0,0.7,6,1.0,0.0,stripe,0.2209258072431473,0.18958697002913882,0.047002745371217125,0.04354158587248962
10,6.0,0.5,0.0,1,0.4,1.0,spiral,0.16952886525599337,0.13525983091989027,0.04117388313676442,0.03677768765432246
10,6.0,0.5,0.0,2,1.0,0.4,spiral,0.17571830945053352,0.131968007437036,0.04191876780757439,0.03632740115078919
10,6.0,0.5,0.0,3,1.0,0.4,spiral,0.17499198690909545,0.13403882416021062,0.0418320435681901,0.03661131302756166
10,6.0,0.5,0.0,4,0.4,1.0,spiral,0.17206012750356248,0.1310449193387989,0.04148013108749326,0.036200126980274375
10,6.0,0.5,0.0,5,0.4,1.0,spiral,0.17289214714704385,0.1321461128906266,0.041580301483640524,0.03635190681252176
10,6.0,0.5,0.0,6,0.4,1.0,spiral,0.16823414955140928,0.1315004155992284,0.041016356438792714,0.03626298603248613
10,6.0,0.5,0.1,1,1.0,0.4,spiral,0.1797510177245451,0.12986107340099107,0.04239705387459665,0.03603624195181721
10,6.0,0.5,0.1,2,1.0,1.6,spiral,0.1709275948018034,0.13095984434269073,0.0413433906207272,0.03618837442365859
10,6.0,0.5,0.1,3,1.0,0.4,spiral,0.1662621131708307,0.13241020097658882,0.04077525146100643,0.03638821251127744
10,6.0,0.5,0.1,4,1.0,0.4,spiral,0.17166087232204894,0.13129944835569837,0.04143197706144964,0.03623526574425781
10,6.0,0.5,0.1,5,0.4,1.0,spiral,0.1714690234387509,0.13123273945878872,0.041408818316724626,0.03622605960614385
10,6.0,0.5,0.1,6,0.4,1.0,spiral,0.17167026633373872,0.1313298441704249,0.041433110712778824,0.036239459732510484
10,6.0,0.5,0.2,1,1.0,0.4,spiral,0.17065653701592104,0.1303201601658173,0.04131059634233341,0.03609988367928867
10,6.0,0.5,0.2,2,0.4,1.0,spiral,0.17587723007112355,0.12885694588236227,0.04193771930745919,0.035896649688008805
10,6.0,0.5,0.2,3,1.0,0.4,spiral,0.16929398116407,0.13159643501657328,0.04114534981794054,0.03627622293136005
10,6.0,0.5,0.2,4,0.4,1.0,spiral,0.17023848068570183,0.12944902277071735,0.041259966151913144,0.03597902482985293
10,6.0,0.5,0.2,5,1.0,0.4,spiral,0.1733842889829018,0.13254061727389943,0.04163943911520685,0.036406128230546494
10,6.0,0.5,0.2,6,0.4,1.0,spiral,0.1698122416060648,0.13173753542671657,0.0412082809161053,0.03629566577798465
10,6.0,0.5,0.3,1,1.0,0.4,spiral,0.16986870340041366,0.1258762012033396,0.041215131129284745,0.035479036233153176
10,6.0,0.5,0.3,2,1.0,0.4,spiral,0.17028764142448485,0.12900854175468537,0.041265923159973635,0.035917759083033754
10,6.0,0.5,0.3,3,1.0,0.4,spiral,0.16839316419261588,0.1282532406098998,0.04103573615674707,0.035812461603455824
10,6.0,0.5,0.3,4,0.4,1.0,spiral,0.1691529624698503,0.12961779225983677,0.04112820959753175,0.03600247106239192
10,6.0,0.5,0.3,5,0.4,1.0,spiral,0.17566390688688238,0.12639177465565019,0.04191227825910712,0.035551620871016584
10,6.0,0.5,0.3,6,0.4,1.0,spiral,0.17170851687303532,0.12597747374742707,0.041437726394317934,0.03549330553039926
10,6.0,0.5,0.4,1,0.0,1.0,stripe,0.18483529132091497,0.11510964952242278,0.04299247507656601,0.03392781300385021
10,6.0,0.5,0.4,2,0.0,1.0,stripe,0.18389574970109418,0.11458834347546502,0.04288306771921689,0.03385090005826507
10,6.0,0.5,0.4,3,0.0,1.0,stripe,0.18916119140088236,0.11587310521805064,0.04349266505985605,0.034040138839030995
10,6.0,0.5,0.4,4,1.0,0.0,stripe,0.19179089471500502,0.11570429708141942,0.04379393733326623,0.03401533434811709
10,6.0,0.5,0.4,5,1.0,0.2,spiral,0.187919036198993,0.11200849266034785,0.043349629317791516,0.03346766987113801
10,6.0,0.5,0.4,6,0.0,1.0,stripe,0.1974294850336969,0.11679881286127629,0.04443303782476468,0.034175841300731175
10,6.0,0.5,0.5,1,0.0,1.0,stripe,0.1901688331467664,0.11044729749532282,0.043608351625206654,0.03323361212617774
10,6.0,0.5,0.5,2,1.0,0.0,stripe,0.1832745196051331,0.11138625617488182,0.04281057341418509,0.033374579574113265
10,6.0,0.5,0.5,3,0.0,1.0,stripe,0.18804671162219594,0.11200802010608671,0.04336435305895799,0.033467599272443596
10,6.0,0.5,0.5,4,1.0,0.0,stripe,0.17322886106837085,0.11145612139615146,0.0416207713850153,0.0333850447650069
10,6.0,0.5,0.5,5,0.2,1.0,spiral,0.18027394208194059,0.11119152105171307,0.04245867898109179,0.033345392643019375
10,6.0,0.5,0.5,6,1.0,0.0,stripe,0.18794268059761698,0.10893785959992905,0.043352356406268965,0.03300573580454298
10,6.0,0.5,0.6,1,0.0,1.0,stripe,0.1628099948198736,0.09414091871100903,0.040349720546724185,0.030682392134742206
10,6.0,0.5,0.6,2,0.0,1.0,stripe,0.15426927717340164,0.09037327440483615,0.03927712784476503,0.03006214802784993
10,6.0,0.5,0.6,3,0.0,1.0,stripe,0.15719283588113717,0.08965949555079869,0.03964755173792414,0.029943195479240136
10,6.0,0.5,0.6,4,1.0,0.0,stripe,0.15900179918208462,0.0904297317555688,0.03987502967799329,0.030071536667681083
10,6.0,0.5,0.6,5,0.4,1.0,spiral,0.15838443022913384,0.09240959550684141,0.0397975414101341,0.030398946611164244
10,6.0,0.5,0.6,6,0.0,1.0,stripe,0.15969905529938594,0.0906077187696516,0.03996236420676159,0.030101116054002314
10,6.0,0.5,0.7,1,1.0,0.4,spiral,0.15702540423608405,0.08328795556085726,0.039626431108047575,0.028859652728481896
10,6.0,0.5,0.7,2,0.4,1.0,spiral,0.15673687439896056,0.08507431972194188,0.0395900081332349,0.029167502416549463
10,6.0,0.5,0.7,3,1.0,0.4,spiral,0.15551608351779123,0.08485943129922734,0.0394355275757522,0.02913064216580667
10,6.0,0.5,0.7,4,0.4,1.0,spiral,0.15373130239294036,0.0843986697160212,0.03920858354913377,0.029051449140451015
10,6.0,0.5,0.7,5,0.4,1.0,spiral,0.15960759238208544,0.08456541774045204,0.039950918935874984,0.029080133723979336
10,6.0,0.5,0.7,6,0.4,1.0,spiral,0.1557287533537352,0.08150086260794673,0.03946248260737471,0.028548355926033064
10,6.0,0.56,0.0,1,0.6,1.0,spiral,0.182139263326364,0.15407795838111144,0.04267777680788492,0.03925276530145506
10,6.0,0.56,0.0,2,1.4,1.0,spiral,0.17596152313944227,0.15514496411424925,0.04194776789525782,0.03938844552838424
10,6.0,0.56,0.0,3,1.0,0.6,spiral,0.17823296159624163,0.15621368294960797,0.042217645788963844,0.03952387670125591
10,6.0,0.56,0.0,4,0.6,1.0,spiral,0.182153439083114,0.15466894525288255,0.042679437564606446,0.03932797290134372
10,6.0,0.56,0.0,5,0.6,1.0,spiral,0.18563881391996115,0.1546839405523181,0.043085822949081656,0.0393298792970838
10,6.0,0.56,0.0,6,1.4,1.0,spiral,0.1850066969914604,0.15366974907731695,0.04301240483761172,0.03920073329381951
10,6.0,0.56,0.1,1,1.0,0.6,spiral,0.18113347603853097,0.15272050296973055,0.04255977866936469,0.039079470693668635
10,6.0,0.56,0.1,2,1.4,1.0,spiral,0.18052365650691637,0.15649131198428298,0.042488075563258496,0.039558982795855985
10,6.0,0.56,0.1,3,0.6,1.0,spiral,0.18154404665168794,0.15440745545149917,0.042607985947670415,0.03929471407854995
10,6.0,0.56,0.1,4,0.6,1.0,spiral,0.18233556709322232,0.15585140405461143,0.042700768973546875,0.03947801971409045
10,6.0,0.56,0.1,5,0.6,1.0,spiral,0.1838942944849976,0.16090600977320413,0.04288289804630718,0.040113091350979686
10,6.0,0.56,0.1,6,1.0,0.6,spiral,0.17911130390162644,0.15553708570151956,0.04232154343849317,0.03943819033646442
10,6.0,0.56,0.2,1,0.4,1.0,spiral,0.1968304953650179,0.1476081113816076,0.04436558298557767,0.03841980106424389
10,6.0,0.56,0.2,2,0.4,1.0,spiral,0.19622200739275372,0.15072933264508448,0.04429695332556786,0.038823875726810744
10,6.0,0.56,0.2,3,0.4,1.0,spiral,0.19058710259651185,0.14989788799898066,0.043656282777684116,0.038716648615160464
10,6.0,0.56,0.2,4,0.4,1.0,spiral,0.19203709004384456,0.14939323649318034,0.04382203669888525,0.03865142125371075
10,6.0,0.56,0.2,5,0.4,1.0,spiral,0.19133347223107527,0.15114354645666406,0.04374168174991392,0.038877184370355845
10,6.0,0.56,0.2,6,0.4,1.0,spiral,0.19417187312353867,0.14866412764198542,0.044064937662901406,0.03855698738775962
10,6.0,0.56,0.3,1,0.0,1.0,stripe,0.1831009784195112,0.13919764696384604,0.042790300118077135,0.037309200871078176
10,6.0,0.56,0.3,2,0.8,1.8,other,0.1731873721604425,0.14431082190828928,0.04161578692761228,0.03798826422834943
10,6.0,0.56,0.3,3,0.0,1.0,stripe,0.1800199560613476,0.14307297374129394,0.04242875865039509,0.037824988267188386
10,6.0,0.56,0.3,4,1.0,0.4,spiral,0.17622543740018567,0.1442783882399908,0.0419792135943714,0.037983995082138323
10,6.0,0.56,0.3,5,0.0,1.0,stripe,0.1857827690639881,0.14295414236725465,0.04310252533947264,0.037809276952522466
10,6.0,0.56,0.3,6,0.0,1.0,stripe,0.18370206620814952,0.13928131935902033,0.04286047902300551,0.03732041255921755
10,6.0,0.56,0.4,1,1.0,0.2,spiral,0.19211851975965577,0.13212187409165077,0.04383132666936466,0.036348572749373635
10,6.0,0.56,0.4,2,1.0,0.0,stripe,0.1963419159503253,0.13297037897305422,0.04431048588656249,0.03646510372576146
10,6.0,0.56,0.4,3,1.0,0.0,stripe,0.18999964302636096,0.1329351674742633,0.04358894848770282,0.036460275297131715
10,6.0,0.56,0.4,4,1.0,0.0,stripe,0.1815424328748207,0.13014483254211093,0.042607796572320035,0.03607559182357386
10,6.0,0.56,0.4,5,1.0,0.0,stripe,0.186672710443816,0.13532897420694864,0.043205637415019815,0.036787086621115926
10,6.0,0.56,0.4,6,1.0,0.0,stripe,0.19431756751930415,0.135060773422585,0.0440814663457676,0.036750615426491155
10,6.0,0.56,0.5,1,1.0,0.2,spiral,0.19670943402920504,0.1156392255346486,0.04435193727777909,0.03400576797172041
10,6.0,0.56,0.5,2,1.0,0.2,spiral,0.19323915697225058,0.11537725823194671,0.0439589759858269,0.033967228063524216
10,6.0,0.56,0.5,3,0.0,1.0,stripe,0.20159597225325737,0.11356024630070116,0.044899440113798456,0.033698701206530374
10,6.0,0.56,0.5,4,0.2,1.0,spiral,0.19657824028586132,0.11259912660384166,0.04433714473055988,0.03355579333048791
10,6.0,0.56,0.5,5,1.0,0.0,stripe,0.20494659781831398,0.11874352431037605,0.04527102802215938,0.03445918227561067
10,6.0,0.56,0.5,6,1.0,0.0,stripe,0.20414407150570182,0.11652314420588739,0.045182305331368584,0.034135486550785736
10,6.0,0.56,0.6,1,0.0,1.0,stripe,0.188711584324117,0.10692490251069234,0.04344094661999402,0.03269937346658072
10,6.0,0.56,0.6,2,0.0,1.0,stripe,0.18878584413444827,0.10702821806483778,0.043449492992950825,0.032715167440323115
10,6.0,0.56,0.6,3,1.0,0.0,stripe,0.20010941473824145,0.10513559611101708,0.04473359081699584,0.03242461967564417
10,6.0,0.56,0.6,4,1.0,0.0,stripe,0.19690417185061543,0.10666983623853395,0.044373885546638285,0.032660348473115525
10,6.0,0.56,0.6,5,0.0,1.0,stripe,0.2030854896578116,0.10338236365498248,0.04506500745121558,0.03215312794348047
10,6.0,0.56,0.6,6,0.0,1.0,stripe,0.19861392946705184,0.10036290894114075,0.044566122724223146,0.03168010557765563
10,6.0,0.56,0.7,1,1.0,0.0,stripe,0.18881723344896575,0.10057597585255498,0.043453105004011595,0.03171371562156585
10,6.0,0.56,0.7,2,1.0,0.2,spiral,0.19426653555879012,0.09573119690617557,0.04407567759646925,0.03094045844944376
10,6.0,0.56,0.7,3,1.0,0.0,stripe,0.18917301951548732,0.0981647118495341,0.043494024821288654,0.03133124827540934
10,6.0,0.56,0.7,4,0.0,1.0,stripe,0.19270388393294072,0.10009354162571031,0.04389805051855272,0.03163756337420919
10,6.0,0.56,0.7,5,0.2,1.0,spiral,0.1864366137778209,0.09917821840195855,0.043178306332905286,0.031492573474068225
10,6.0,0.56,0.7,6,0.0,1.0,stripe,0.19535356055385747,0.09823017625499168,0.04419881905140198,0.03134169367711191
10,6.0,0.66,0.0,1,0.6,1.0,spiral,0.2222351424454029,0.1997961772804413,0.04714182245579852,0.044698565668312144
10,6.0,0.66,0.0,2,0.6,1.0,spiral,0.2253607821642621,0.19195710703373553,0.04747217944904806,0.04381290985927955
10,6.0,0.66,0.0,3,0.8,1.0,spiral,0.21565708264194972,0.18720547504672408,0.04643889346678597,0.04326724801125258
10,6.0,0.66,0.0,4,0.6,1.0,spiral,0.22267787098718622,0.198115407859058,0.04718875618059733,0.04451015702725143
10,6.0,0.66,0.0,5,1.0,0.6,spiral,0.22320156812351008,0.21027667094493227,0.04724421320368349,0.04585593428826113
10,6.0,0.66,0.0,6,0.6,1.0,spiral,0.21425291129346102,0.19226702397429277,0.0462874617249057,0.04384826381674567
10,6.0,0.66,0.1,1,1.0,0.6,spiral,0.23475778202927367,0.19536161716703476,0.04845180925716538,0.044199730447937666
10,6.0,0.66,0.1,2,1.0,0.6,spiral,0.23763271914810624,0.2038213741071598,0.04874758651955051,0.04514658061328231
10,6.0,0.66,0.1,3,1.0,1.4,spiral,0.23136950116260907,0.19663279790999516,0.04810088368861939,0.04434329689028491
10,6.0,0.66,0.1,4,1.0,0.6,spiral,0.2380223007118313,0.19672007269124775,0.04878752921719149,0.0443531366073751
10,6.0,0.66,0.1,5,1.0,0.6,spiral,0.23556459180502856,0.19824581946420824,0.04853499683785181,0.04452480426281605
10,6.0,0.66,0.1,6,1.0,1.4,spiral,0.22839421019020065,0.19843168254115368,0.04779060683755759,0.044545671230901175
10,6.0,0.66,0.2,1,1.0,0.6,spiral,0.24559283699343853,0.1866258595997023,0.04955732407963918,0.04320021523091087
10,6.0,0.66,0.2,2,0.6,1.0,spiral,0.25936223533554315,0.1913157784982507,0.050927618767771105,0.043739659177713164
10,6.0,0.66,0.2,3,0.6,1.0,spiral,0.24494350540495677,0.18005726243952866,0.04949176753814282,0.04243315477778298
10,6.0,0.66,0.2,4,0.6,1.0,spiral,0.24059092056804002,0.1900866396918036,0.049050068355512004,0.04359892655694674
10,6.0,0.66,0.2,5,0.6,1.0,spiral,0.24268219397804242,0.1797828272749698,0.0492627845313318,0.04240080509553679
10,6.0,0.66,0.2,6,0.6,1.0,spiral,0.249359346573031,0.17445827261426522,0.04993589356094782,0.04176820233314635
10,6.0,0.66,0.3,1,0.6,1.0,spiral,0.20705366354027208,0.18365834226740668,0.04550314973057053,0.04285537799009673
10,6.0,0.66,0.3,2,0.6,1.0,spiral,0.21836588771009727,0.17657573119912184,0.046729635961571245,0.04202091517317559
10,6.0,0.66,0.3,3,1.0,0.6,spiral,0.21588360740400767,0.17287122597837895,0.04646327661756192,0.04157778565272313
10,6.0,0.66,0.3,4,1.0,0.6,spiral,0.2085345668115266,0.18503475962030033,0.045665585161204995,0.04301566686921177
10,6.0,0.66,0.3,5,1.0,0.6,spiral,0.20628166409994503,0.16942482867562683,0.04541824128034297,0.04116124739067401
10,6.0,0.66,0.3,6,1.0,0.6,spiral,0.2049915274348395,0.1701658416340191,0.04527599004271905,0.04125116260592168
10,6.0,0.66,0.4,1,1.4,1.0,spiral,0.2069998778586753,0.1720020643179292,0.045497239241373236,0.04147313158153471
10,6.0,0.66,0.4,2,1.0,1.4,spiral,0.20679919546762632,0.16557002458653897,0.045475179545288916,0.04069029670407172
10,6.0,0.66,0.4,3,0.4,1.0,spiral,0.2037449678848871,0.1774638762567163,0.04513811780356898,0.04212646154814291
10,6.0,0.66,0.4,4,0.6,1.0,spiral,0.20718597182250456,0.16165757469253317,0.04551768577404881,0.0402066629667936
10,6.0,0.66,0.4,5,0.2,1.0,spiral,0.2032404773846365,0.1672550103261043,0.04508220018861507,0.04089682265483522
10,6.0,0.66,0.4,6,1.0,0.6,spiral,0.2070057351542683,0.16708558792272182,0.045497882934733155,0.040876104012334866
10,6.0,0.66,0.5,1,1.0,0.2,spiral,0.21101611545884386,0.134479401064776,0.04593649044701215,0.036671433168718126
10,6.0,0.66,0.5,2,0.4,0.6,other,0.2168212309715159,0.13933903031602968,0.046564066722260836,0.03732814358041794
10,6.0,0.66,0.5,3,1.0,1.8,spiral,0.2132435512994042,0.13281830106612164,0.04617830132209328,0.03644424523379811
10,6.0,0.66,0.5,4,1.0,0.2,spiral,0.21985180982460178,0.1376724143672776,0.04688835781135886,0.037104233500677195
10,6.0,0.66,0.5,5,0.0,1.0,stripe,0.22101466127560915,0.13245837645373498,0.04701219642556697,0.036394831563524924
10,6.0,0.66,0.5,6,1.0,0.0,stripe,0.21830052205571154,0.13557573596462297,0.046722641412457785,0.03682061052788546
10,6.0,0.66,0.6,1,0.0,1.0,stripe,0.2169386592591914,0.12724704627227953,0.046576674340187856,0.03567170395036934
10,6.0,0.66,0.6,2,0.0,1.0,stripe,0.21777304444171866,0.1275615494270466,0.046666159520761794,0.03571575974651058
10,6.0,0.66,0.6,3,0.0,1.0,stripe,0.22389577542053746,0.12470310897091696,0.047317626252860304,0.03531332736672048
10,6.0,0.66,0.6,4,0.0,1.0,stripe,0.2209578116350545,0.1196389765129807,0.04700614977160483,0.03458886764740654
10,6.0,0.66,0.6,5,0.0,1.0,stripe,0.22064409989072503,0.12236461446535177,0.04697276869535423,0.03498065386257835
10,6.0,0.66,0.6,6,0.0,1.0,stripe,0.22963198274730728,0.12749210164835403,0.04791993142183191,0.035706036135134636
10,6.0,0.66,0.7,1,0.0,1.0,stripe,0.23125114221047313,0.1256969330177329,0.0480885789154216,0.0354537632724275
10,6.0,0.66,0.7,2,0.0,1.0,stripe,0.22576942402477362,0.12296751264629288,0.047515200096892536,0.0350667239197352
10,6.0,0.66,0.7,3,0.0,1.0,stripe,0.2197377827698006,0.12300872747364482,0.0468761968135002,0.035072600056688816
10,6.0,0.66,0.7,4,0.0,1.0,stripe,0.20968175563019584,0.120751802326411,0.04579102047674804,0.03474936004107284
10,6.0,0.66,0.7,5,0.0,1.0,stripe,0.21524733712703772,0.12636603037153013,0.04639475585958371,0.035547999995995574
10,6.0,0.66,0.7,6,1.0,0.0,stripe,0.23196658866082237,0.12077322561598942,0.048162909864419776,0.0347524424488394
10,6.0,0.78,0.0,1,0.8,1.0,spiral,0.30968978053330254,0.2687229638706478,0.05564977812474211,0.05183849572187139
10,6.0,0.78,0.0,2,1.0,0.8,spiral,0.29625593792822313,0.29363641629687853,0.05442939811611214,0.05418822900749558
10,6.0,0.78,0.0,3,0.8,1.0,spiral,0.31767002746433104,0.26906375233670465,0.056362223826276675,0.051871355518889675
10,6.0,0.78,0.0,4,1.0,0.8,spiral,0.31802571708739014,0.27891487023799477,0.05639376890112862,0.05281239156088226
10,6.0,0.78,0.0,5,1.0,0.8,spiral,0.2909646559703315,0.2847361160236418,0.05394113977015424,0.05336067053773236
10,6.0,0.78,0.0,6,1.0,0.8,spiral,0.3105438458611058,0.26855339930323596,0.0557264610271553,0.051822138059253786
10,6.0,0.78,0.1,1,1.0,1.2,spiral,0.3129325512791581,0.2606316298170629,0.055940374621480514,0.05105209396460275
10,6.0,0.78,0.1,2,0.8,1.0,spiral,0.2976902919109311,0.2704239456023738,0.054561001815484574,0.05200230241079464
10,6.0,0.78,0.1,3,0.8,1.0,spiral,0.2972623042421977,0.2756459317102415,0.05452176668471022,0.052501993458367036
10,6.0,0.78,0.1,4,1.0,0.8,spiral,0.33075807965649323,0.24350931933069647,0.05751157097980312,0.049346663446548894
10,6.0,0.78,0.1,5,1.0,1.0,Neel,0.2983533424047116,0.2983533424047116,0.05462173032820469,0.05462173032820469
10,6.0,0.78,0.1,6,1.0,0.8,spiral,0.29516358387296576,0.25069935401203985,0.054328959485063374,0.05006988655989145
10,6.0,0.78,0.2,1,0.8,1.0,spiral,0.313737799498737,0.2672483165628675,0.05601230217539152,0.051696065281882676
10,6.0,0.78,0.2,2,0.8,1.0,spiral,0.3228669502168831,0.3059153155028992,0.05682138243802971,0.05530961177796308
10,6.0,0.78,0.2,3,1.0,0.8,spiral,0.36420779123478353,0.2642121621104836,0.060349630589986505,0.05140157216569193
10,6.0,0.78,0.2,4,0.8,1.0,spiral,0.3296503803902539,0.26416229928309237,0.057415187920118654,0.05139672161559455
10,6.0,0.78,0.2,5,0.8,1.0,spiral,0.32368583738062445,0.25566284982872733,0.05689339481702814,0.050563114009001396
10,6.0,0.78,0.2,6,0.8,1.0,spiral,0.34534091021282154,0.2700178970450674,0.05876571366135372,0.051963246342493594
10,6.0,0.78,0.3,1,1.0,1.2,spiral,0.2994150884971998,0.22375386296808114,0.054718834828347704,0.04730262814771301
10,6.0,0.78,0.3,2,1.0,1.2,spiral,0.30929843153433595,0.2284608818065632,0.0556146052340872,0.04779758171775673
10,6.0,0.78,0.3,3,1.0,0.8,spiral,0.32817395918693837,0.23509626493671693,0.05728646953574102,0.04848672652765053
10,6.0,0.78,0.3,4,1.0,0.8,spiral,0.3421834721214519,0.24037171141246572,0.058496450500987826,0.0490277178147694
10,6.0,0.78,0.3,5,0.8,1.0,spiral,0.2959596403794115,0.2163592428779216,0.054402172785598515,0.046514432478309525
10,6.0,0.78,0.3,6,0.8,1.0,spiral,0.31336306645867307,0.2260961419631174,0.05597884122225764,0.04754956802780835
10,6.0,0.78,0.4,1,0.8,1.0,spiral,0.2369010006673319,0.19177381560942222,0.048672476890675276,0.04379198735036151
10,6.0,0.78,0.4,2,0.6,0.8,other,0.23372864971649868,0.19999194152666047,0.04834549097035821,0.04472045857621101
10,6.0,0.78,0.4,3,0.8,1.6,other,0.23933308218199745,0.18850478971020473,0.04892168048851117,0.04341713828780114
10,6.0,0.78,0.4,4,1.2,0.6,other,0.23276868092461922,0.1950771695367973,0.048246106674489204,0.04416754119676545
10,6.0,0.78,0.4,5,0.8,1.6,other,0.23353302128262735,0.1810546817520045,0.04832525440001608,0.04255052076673146
10,6.0,0.78,0.4,6,0.6,0.8,other,0.23636931659456456,0.18040620145686445,0.04861782765555908,0.042474251194913895
10,6.0,0.78,0.5,1,0.6,0.4,other,0.24191229489506635,0.1677199793862873,0.04918458039823725,0.040953629800823184
10,6.0,0.78,0.5,2,0.8,1.6,other,0.24246442464582857,0.16480531858604286,0.04924067674655057,0.04059622132490201
10,6.0,0.78,0.5,3,1.0,0.2,spiral,0.25940311177485403,0.15420848322564848,0.050931631799389074,0.039269387979143304
10,6.0,0.78,0.5,4,1.0,0.0,stripe,0.24433122336574611,0.1501406305749207,0.04942987187579451,0.038747984537898315
10,6.0,0.78,0.5,5,0.4,0.6,other,0.24264134461514905,0.15150895036381068,0.04925863828965931,0.038924150647613454
10,6.0,0.78,0.5,6,0.6,0.4,other,0.23804236634448067,0.1488457988400811,0.048789585604356256,0.03858053898535907
10,6.0,0.78,0.6,1,0.4,0.6,other,0.23425948610500202,0.1463042007460117,0.04840036013347442,0.038249732122723645
10,6.0,0.78,0.6,2,0.4,0.6,other,0.24212967126668028,0.14427896881227115,0.04920667345662377,0.03798407150533907
10,6.0,0.78,0.6,3,0.6,1.6,other,0.25046342814737765,0.13713158136845424,0.050046321358055645,0.03703128155606476
10,6.0,0.78,0.6,4,0.0,1.0,stripe,0.23869273163765742,0.14783098181344453,0.04885619015413067,0.03844879475529038
10,6.0,0.78,0.6,5,0.6,0.4,other,0.23570552514690152,0.147719363280953,0.048549513400949915,0.038434276795713616
10,6.0,0.78,0.6,6,1.4,1.6,other,0.23898802465632088,0.14454376865338345,0.04888640144828835,0.03801891222186446
10,6.0,0.78,0.7,1,1.0,0.0,stripe,0.24175699638716258,0.13420647826369547,0.04916879054717154,0.03663420236113999
10,6.0,0.78,0.7,2,0.0,1.0,stripe,0.24023545396702733,0.13107520003099585,0.049013819884500674,0.0362043091400728
10,6.0,0.78,0.7,3,0.0,1.0,stripe,0.266238171830273,0.1314641086263109,0.05159827243525436,0.0362579796219137
10,6.0,0.78,0.7,4,1.0,0.0,stripe,0.2575462372381504,0.1381236595941409,0.050749013511412255,0.037164991536947904
10,6.0,0.78,0.7,5,0.4,1.4,other,0.24818588439801634,0.13411367849490724,0.04981825813876037,0.03662153444285305
10,6.0,0.78,0.7,6,1.0,0.0,stripe,0.2500792492349692,0.1381370881275125,0.05000792429555232,0.0371667981036183
10,6.0,0.88,0.0,1,1.0,0.8,spiral,0.44128595372992424,0.36841894582455414,0.06642935749575817,0.06069752431726966
10,6.0,0.88,0.0,2,0.8,1.0,spiral,0.4408049479289726,0.3969897338339675,0.06639314331532833,0.06300712133036769
10,6.0,0.88,0.0,3,1.0,1.0,Neel,0.47019612074606076,0.47019612074606076,0.06857084808765754,0.06857084808765754
10,6.0,0.88,0.0,4,1.0,0.8,spiral,0.4392549254116763,0.3832607295781033,0.06627630990117632,0.061908055176859114
10,6.0,0.88,0.0,5,0.8,1.0,spiral,0.48592698082247887,0.4365136430527235,0.06970846295985006,0.06606917912708796
10,6.0,0.88,0.0,6,1.0,1.2,spiral,0.4682359190214463,0.40668476309725765,0.06842776622259755,0.06377184042328225
10,6.0,0.88,0.1,1,1.0,1.0,Neel,0.4156151531468802,0.4156151531468802,0.06446822109744306,0.06446822109744306
10,6.0,0.88,0.1,2,1.0,1.2,spiral,0.4412775449697399,0.4190723594012054,0.06642872458279926,0.06473579839634369
10,6.0,0.88,0.1,3,0.8,1.0,spiral,0.41826441447850493,0.3401741510823285,0.06467336503372195,0.05832445036880575
10,6.0,0.88,0.1,4,1.0,0.8,spiral,0.40242405979093465,0.33909016096456146,0.0634369024930233,0.05823144863083534
10,6.0,0.88,0.1,5,0.8,1.0,spiral,0.4718886792553196,0.39855032697297094,0.06869415399110172,0.06313084246016133
10,6.0,0.88,0.1,6,1.0,0.8,spiral,0.4952059532516559,0.34618715122455185,0.07037087133549334,0.058837670860134486
10,6.0,0.88,0.2,1,1.0,0.8,spiral,0.41566533707724435,0.35388715081759137,0.0644721131247646,0.05948841490723983
10,6.0,0.88,0.2,2,1.0,1.2,spiral,0.4069055192388561,0.36405651907465797,0.0637891463525619,0.06033709630688719
10,6.0,0.88,0.2,3,0.8,1.0,spiral,0.4385757132427476,0.31242638864511496,0.06622504913118205,0.0558951150499858
10,6.0,0.88,0.2,4,0.8,1.0,spiral,0.40178039947282196,0.32803821125884053,0.0633861498651576,0.057274620143554035
10,6.0,0.88,0.2,5,0.8,1.0,spiral,0.43649714350259805,0.33418867064425906,0.06606793045817297,0.05780905384490037
10,6.0,0.88,0.2,6,1.0,0.8,spiral,0.4216631719386399,0.3314469021188541,0.06493559670463034,0.05757142538784793
10,6.0,0.88,0.3,1,0.8,1.0,spiral,0.37674402692028774,0.33187920214073874,0.06137947758984983,0.05760895782261112
10,6.0,0.88,0.3,2,0.8,1.0,spiral,0.4038389464918047,0.3268816101171851,0.06354832385608646,0.05717356120771078
10,6.0,0.88,0.3,3,1.0,1.0,Neel,0.4096522801463185,0.4096522801463185,0.06400408425610966,0.06400408425610966
10,6.0,0.88,0.3,4,0.8,1.0,spiral,0.35555411351810495,0.3485318048908212,0.05962835848135558,0.059036582293593286
10,6.0,0.88,0.3,5,1.0,1.0,Neel,0.3773059313847107,0.3773059313847107,0.06142523352700506,0.06142523352700506
10,6.0,0.88,0.3,6,1.0,0.8,spiral,0.3443988660161196,0.3121503882516057,0.05868550638923716,0.055870420461242784
10,6.0,0.88,0.4,1,1.0,0.8,spiral,0.27189751628556447,0.26770308749217475,0.05214379313835583,0.05174003164786187
10,6.0,0.88,0.4,2,1.0,1.2,spiral,0.2889867689930973,0.24822343303226027,0.05375748961708473,0.04982202655776462
10,6.0,0.88,0.4,3,1.0,1.0,Neel,0.27197720082920823,0.27197720082920823,0.05215143342509468,0.05215143342509468
10,6.0,0.88,0.4,4,0.8,1.0,spiral,0.2934206579419615,0.27878151159955966,0.05416831711821602,0.05279976435549307
10,6.0,0.88,0.4,5,1.0,0.8,spiral,0.26646307065037256,0.26442716553393597,0.051620061085819395,0.05142248200290764
10,6.0,0.88,0.4,6,0.8,1.0,spiral,0.2952457067880239,0.23418831362218895,0.054336516891315724,0.048393007100426086
10,6.0,0.88,0.5,1,1.0,1.8,spiral,0.25070739367826916,0.1771669410752741,0.05007068939791714,0.042091203484252396
10,6.0,0.88,0.5,2,0.8,0.6,other,0.2481652617015276,0.19089180137248984,0.049816188302752314,0.043691166312252394
10,6.0,0.88,0.5,3,0.8,0.4,other,0.2551296886857816,0.20284058013351863,0.05051036415289258,0.04503782633892522
10,6.0,0.88,0.5,4,1.0,0.0,stripe,0.2643459198957625,0.18842221464232753,0.05141458157913594,0.043407627744709514
10,6.0,0.88,0.5,5,1.0,0.4,spiral,0.24817242453791838,0.1949119845393891,0.04981690722414614,0.044148837418372534
10,6.0,0.88,0.5,6,0.4,1.0,spiral,0.2471172106996288,0.19580431827494382,0.04971088519626549,0.044249781725444005
10,6.0,0.88,0.6,1,0.2,1.0,spiral,0.2583133911217294,0.18366826070866246,0.05082454044275554,0.04285653517360712
10,6.0,0.88,0.6,2,1.0,0.4,spiral,0.24455834688476794,0.19285889186955477,0.04945284085720131,0.04391570241605556
10,6.0,0.88,0.6,3,0.0,1.0,stripe,0.26751158695359906,0.18854142347119848,0.051721522304897315,0.043421356896255384
10,6.0,0.88,0.6,4,1.0,0.0,stripe,0.24285524771571163,0.18239988469853746,0.0492803457491637,0.04270829950940888
10,6.0,0.88,0.6,5,1.0,0.0,stripe,0.25312893049547014,0.17693555299078545,0.05031192010800921,0.04206370799047386
10,6.0,0.88,0.6,6,0.4,1.0,spiral,0.2388323333093056,0.16905152997764822,0.04887047506514599,0.04111587649286443
10,6.0,0.88,0.7,1,1.0,0.2,spiral,0.2565165876593059,0.15817118040276207,0.050647466635489864,0.039770740551662104
10,6.0,0.88,0.7,2,0.0,1.0,stripe,0.2623522283627941,0.16610419494557924,0.05122033076453081,0.040755882390837675
10,6.0,0.88,0.7,3,1.0,0.0,stripe,0.27453255428519585,0.1756035275078796,0.05239585425252611,0.04190507457431374
10,6.0,0.88,0.7,4,1.0,0.2,spiral,0.2514317469715494,0.16062629446270899,0.05014297029211068,0.040078210347108685
10,6.0,0.88,0.7,5,0.2,1.0,spiral,0.25028095622133434,0.15311109664323577,0.050028087732926024,0.03912941306015665
10,6.0,0.88,0.7,6,1.0,0.2,spiral,0.2615160286203181,0.15865670436598328,0.051138637899372924,0.03983173412820276
10,6.0,1.0,0.0,1,1.0,1.0,Neel,0.5774802058071276,0.5774802058071276,0.07599211839441822,0.07599211839441822
10,6.0,1.0,0.0,2,0.8,1.0,spiral,0.5137440765880923,0.38501454387587514,0.07167594272753532,0.062049540197802844
10,6.0,1.0,0.0,3,1.0,1.0,Neel,0.5040876761235682,0.5040876761235682,0.07099913211607366,0.07099913211607366
10,6.0,1.0,0.0,4,0.8,1.0,spiral,0.5661131631088534,0.4075669376302896,0.0752404919646897,0.06384096941857083
10,6.0,1.0,0.0,5,1.0,1.0,Neel,0.4662079124430618,0.4662079124430618,0.06827941947930297,0.06827941947930297
10,6.0,1.0,0.0,6,0.8,1.0,spiral,0.5789612656054557,0.46801110154179354,0.07608950424371654,0.06841133689249125
10,6.0,1.0,0.1,1,1.0,1.0,Neel,0.4904467341816824,0.4904467341816824,0.07003190231470814,0.07003190231470814
10,6.0,1.0,0.1,2,0.8,1.0,spiral,0.4449206001974669,0.44220259014027247,0.06670236878833216,0.0664983150267939
10,6.0,1.0,0.1,3,1.0,1.0,Neel,0.5639435271768961,0.5639435271768961,0.07509617348286769,0.07509617348286769
10,6.0,1.0,0.1,4,1.0,0.8,spiral,0.47705363821565194,0.4388036655458504,0.0690690696488415,0.06624225732459986
10,6.0,1.0,0.1,5,1.0,1.0,Neel,0.6458467477088259,0.6458467477088259,0.08036459094083823,0.08036459094083823
10,6.0,1.0,0.1,6,1.0,0.8,spiral,0.5102406528628755,0.509201651510309,0.07143113136881393,0.0713583668191971
10,6.0,1.0,0.2,1,1.0,1.2,spiral,0.39558444253828334,0.32955991661425466,0.0628955040156515,0.05740730934421632
10,6.0,1.0,0.2,2,1.0,1.0,Neel,0.4246859606413847,0.4246859606413847,0.0651679338817324,0.0651679338817324
10,6.0,1.0,0.2,3,1.0,1.0,Neel,0.5133016626265482,0.5133016626265482,0.07164507398464658,0.07164507398464658
10,6.0,1.0,0.2,4,0.8,1.0,spiral,0.4273482647339171,0.35879685494694774,0.06537187963749529,0.0598996540012501
10,6.0,1.0,0.2,5,0.8,1.0,spiral,0.40137018849647293,0.3453328266520274,0.0633537835094695,0.05876502587866591
10,6.0,1.0,0.2,6,1.0,1.0,Neel,0.37723848911093205,0.37723848911093205,0.06141974349595837,0.06141974349595837
10,6.0,1.0,0.3,1,1.0,1.0,Neel,0.3941310071834002,0.3941310071834002,0.06277985402845408,0.06277985402845408
10,6.0,1.0,0.3,2,0.8,1.0,spiral,0.3870619340988287,0.3408281965412265,0.06221430173993989,0.058380493021318904
10,6.0,1.0,0.3,3,0.8,1.0,spiral,0.3606249786103338,0.32493403769284185,0.060052058966394636,0.057002985684334276
10,6.0,1.0,0.3,4,1.0,1.0,Neel,0.3989219214442835,0.3989219214442835,0.06316026610490835,0.06316026610490835
10,6.0,1.0,0.3,5,1.0,1.0,Neel,0.3927182661835701,0.3927182661835701,0.06266723754750723,0.06266723754750723
10,6.0,1.0,0.3,6,1.0,1.0,Neel,0.3803626438903811,0.3803626438903811,0.06167354731895848,0.06167354731895848
10,6.0,1.0,0.4,1,1.0,1.0,Neel,0.320288275211897,0.320288275211897,0.05659401692863805,0.05659401692863805
10,6.0,1.0,0.4,2,1.0,1.0,Neel,0.3289281638147947,0.3289281638147947,0.0573522592244451,0.0573522592244451
10,6.0,1.0,0.4,3,0.8,1.0,spiral,0.3006435987159305,0.26430673373013414,0.054830976529324234,0.05141077063516303
10,6.0,1.0,0.4,4,1.0,0.8,spiral,0.31156188237970395,0.286059989695045,0.055817728579699834,0.05348457625288294
10,6.0,1.0,0.4,5,1.0,1.0,Neel,0.32195766829232114,0.32195766829232114,0.05674131372221841,0.05674131372221841
10,6.0,1.0,0.4,6,1.0,1.0,Neel,0.2814291954185699,0.2814291954185699,0.05304990060486164,0.05304990060486164
10,6.0,1.0,0.5,1,0.2,1.0,spiral,0.26692022574390883,0.25764367745106925,0.051664322868291694,0.05075861281113475
10,6.0,1.0,0.5,2,0.8,1.2,other,0.2610765171853031,0.2401108584433224,0.05109564728871757,0.04900110799189365
10,6.0,1.0,0.5,3,1.0,1.0,Neel,0.2723907091702449,0.2723907091702449,0.05219106333178554,0.05219106333178554
10,6.0,1.0,0.5,4,1.0,1.0,Neel,0.2699559272583946,0.2699559272583946,0.05195728315245078,0.05195728315245078
10,6.0,1.0,0.5,5,1.0,1.0,Neel,0.27592130671837334,0.27592130671837334,0.05252821210724513,0.05252821210724513
10,6.0,1.0,0.5,6,1.0,1.0,Neel,0.2603736929965633,0.2603736929965633,0.05102682559169866,0.05102682559169866
10,6.0,1.0,0.6,1,1.0,0.4,spiral,0.25762615649214676,0.2287865448417739,0.050756886871846936,0.047831636480657226
10,6.0,1.0,0.6,2,0.0,1.0,stripe,0.26113089634572856,0.2444628318776169,0.05110096832210996,0.04944318273307422
10,6.0,1.0,0.6,3,0.0,1.0,stripe,0.26113737106758006,0.2232541137562712,0.05110160184060575,0.04724977394192179
10,6.0,1.0,0.6,4,1.0,1.4,spiral,0.252751935303989,0.2278729495142276,0.05027444035531266,0.04773603979324506
10,6.0,1.0,0.6,5,0.0,1.0,stripe,0.26543481093354837,0.2233972562493655,0.05152036596662997,0.04726491894094027
10,6.0,1.0,0.6,6,0.0,1.0,stripe,0.2493370057216663,0.238399835419346,0.049933656557643195,0.048826205609216244
10,6.0,1.0,0.7,1,1.0,0.2,spiral,0.2544655587429293,0.2244672223884296,0.050444579366164734,0.047377971926669635
10,6.0,1.0,0.7,2,1.0,0.2,spiral,0.2502597450595322,0.20811409513460247,0.05002596776270622,0.04561952379569546
10,6.0,1.0,0.7,3,0.2,1.0,spiral,0.26088325158604164,0.21483259949066763,0.051076731648182196,0.04635003770124331
10,6.0,1.0,0.7,4,1.0,0.2,spiral,0.2627207825591356,0.21215949296266481,0.05125629547276467,0.04606077430554819
10,6.0,1.0,0.7,5,1.0,0.0,stripe,0.27434340731956086,0.21220872577719746,0.0523778013398387,0.0460661183275949
10,6.0,1.0,0.7,6,1.0,0.0,stripe,0.25871378512960463,0.22046070101117893,0.050863915021319844,0.04695324280719905
10,8.0,0.5,0.0,1,0.4,1.0,spiral,0.17352239520378082,0.13153195991632086,0.04165601939741492,0.03626733515387102
10,8.0,0.5,0.0,2,1.0,0.4,spiral,0.17259442397563346,0.13217024148715445,0.04154448507029946,0.03635522541357081
10,8.0,0.5,0.0,3,0.4,1.0,spiral,0.16444709329222498,0.13091155003319888,0.04055207680159242,0.03618170118073484
10,8.0,0.5,0.0,4,0.4,1.0,spiral,0.1759145841411551,0.13102945811035277,0.04194217258811888,0.036197991395981184
10,8.0,0.5,0.0,5,0.4,1.0,spiral,0.1715209932479986,0.13003075370987943,0.041415093051688126,0.03605977727466982
10,8.0,0.5,0.0,6,0.4,1.0,spiral,0.17388066131033178,0.13082598529899384,0.041699000145127195,0.03616987493743845
10,8.0,0.5,0.1,1,0.4,1.0,spiral,0.1684022682457565,0.13341486397782706,0.04103684542527075,0.03652599950416512
10,8.0,0.5,0.1,2,0.4,1.0,spiral,0.1704393715977885,0.129385721014402,0.041284303506028595,0.03597022671799582
10,8.0,0.5,0.1,3,1.0,0.4,spiral,0.1690226186972301,0.128455628767504,0.0411123605132605,0.03584070713134773
10,8.0,0.5,0.1,4,1.0,0.4,spiral,0.16735588265296486,0.13152911030724193,0.04090915333430464,0.036266942290085875
10,8.0,0.5,0.1,5,0.4,1.0,spiral,0.17130852653304382,0.1313546787821351,0.04138943422336718,0.03624288603052123
10,8.0,0.5,0.1,6,0.4,1.0,spiral,0.18440321369914675,0.1288251969205045,0.0429421952977659,0.035892227141890276
10,8.0,0.5,0.2,1,0.4,1.0,spiral,0.17336384235822438,0.1305322511162758,0.04163698384348035,0.03612924730966254
10,8.0,0.5,0.2,2,1.0,0.4,spiral,0.17745412633138838,0.13031823995282393,0.04212530431123179,0.036099617719973706
10,8.0,0.5,0.2,3,1.0,0.4,spiral,0.178094427160617,0.12981977110954188,0.042201235427486834,0.03603051083589322
10,8.0,0.5,0.2,4,1.0,0.4,spiral,0.18620351607095084,0.12232300206063136,0.04315130543459269,0.03497470543987917
10,8.0,0.5,0.2,5,0.4,1.0,spiral,0.1724107894290746,0.13040716233779867,0.04152237823500415,0.03611193186992336
10,8.0,0.5,0.2,6,0.4,1.0,spiral,0.17399565250305177,0.1290358177119854,0.04171278610966328,0.035921555883895874
10,8.0,0.5,0.3,1,1.0,0.4,spiral,0.17410276641802616,0.12392526943459414,0.04172562359246727,0.03520302109685959
10,8.0,0.5,0.3,2,1.0,0.4,spiral,0.16429823169097132,0.12464111068210784,0.04053371827145535,0.03530454796228212
10,8.0,0.5,0.3,3,0.4,1.0,spiral,0.1693641123032066,0.1248997963297386,0.04115387130066947,0.035341165279279996
10,8.0,0.5,0.3,4,0.4,1.0,spiral,0.170876942140237,0.11984664392215985,0.04133726431928424,0.03461887403168391
10,8.0,0.5,0.3,5,1.0,0.4,spiral,0.1671903933960671,0.12815599848241768,0.04088892189775454,0.03579888245216849
10,8.0,0.5,0.3,6,1.0,0.4,spiral,0.1685917462343857,0.11867326368375757,0.041059925259842554,0.034448986005941824
10,8.0,0.5,0.4,1,1.0,0.0,stripe,0.1887866236807056,0.11350094246114573,0.043449582700033566,0.033689900929083444
10,8.0,0.5,0.4,2,0.0,1.0,stripe,0.18635434986205104,0.11355104972042245,0.04316877921160744,0.03369733664852794
10,8.0,0.5,0.4,3,1.8,1.0,spiral,0.20006280953330915,0.11592866667942085,0.04472838131805232,0.0340482990293819
10,8.0,0.5,0.4,4,1.0,0.0,stripe,0.19190326551306117,0.11252000058544323,0.043806764947101624,0.03354400104123586
10,8.0,0.5,0.4,5,1.0,0.0,stripe,0.20733603577624177,0.11543981500522082,0.045534166927291175,0.03397643521695895
10,8.0,0.5,0.4,6,1.0,0.0,stripe,0.2087503990912442,0.11590456607377937,0.045689210880824394,0.034044759666324476
10,8.0,0.5,0.5,1,1.0,0.2,spiral,0.1822847138757731,0.1108593273924279,0.04269481395623748,0.033295544355428086
10,8.0,0.5,0.5,2,1.0,0.2,spiral,0.17744561924508934,0.11554083768107885,0.04212429456324335,0.03399129854552174
10,8.0,0.5,0.5,3,0.0,1.0,stripe,0.18655979288225263,0.11426913196588351,0.043192567981338255,0.03380371754199285
10,8.0,0.5,0.5,4,1.0,0.2,spiral,0.1782546239480085,0.10857271934204069,0.042220211267591796,0.03295037470834599
10,8.0,0.5,0.5,5,0.0,1.0,stripe,0.18871815199819963,0.1086032170080035,0.04344170254469772,0.032955002201183886
10,8.0,0.5,0.5,6,1.0,0.0,stripe,0.18676458158663667,0.10637124343476415,0.04321626795393566,0.03261460461737412
10,8.0,0.5,0.6,1,1.0,0.4,spiral,0.15846910196042135,0.09098396132661772,0.03980817779808834,0.03016354775662467
10,8.0,0.5,0.6,2,0.0,1.0,stripe,0.15812574891177178,0.09231110324430841,0.03976502846871505,0.030382742345665313
10,8.0,0.5,0.6,3,0.0,1.0,stripe,0.1780476166079422,0.09188305281284409,0.042195688951354046,0.030312217472966918
10,8.0,0.5,0.6,4,1.0,0.0,stripe,0.15987568810827218,0.08775269279059018,0.039984457994109684,0.02962308099955003
10,8.0,0.5,0.6,5,0.4,1.0,spiral,0.16204683703120876,0.0932369141111226,0.04025504155148877,0.030534720255984433
10,8.0,0.5,0.6,6,0.0,1.0,stripe,0.16634675482665084,0.09131388544130721,0.040785629188067066,0.030218187477297046
10,8.0,0.5,0.7,1,1.0,0.0,stripe,0.16746683080891187,0.08755149232918424,0.0409227113970851,0.029589101427583815
10,8.0,0.5,0.7,2,1.0,0.4,spiral,0.15917694722396608,0.08538090842125447,0.03989698575380928,0.029220011707946743
10,8.0,0.5,0.7,3,0.0,1.0,stripe,0.16555657962662207,0.08570352494980452,0.040688644561673724,0.02927516438037616
10,8.0,0.5,0.7,4,1.0,0.0,stripe,0.16241785670636733,0.08615467420445,0.0403010988319633,0.02935211648321974
10,8.0,0.5,0.7,5,0.0,1.0,stripe,0.162764889770303,0.08422364022306425,0.040344130895373496,0.0290213094506544
10,8.0,0.5,0.7,6,1.0,0.4,spiral,0.15936868708369517,0.08608832882313658,0.039921007888540985,0.029340812671624583
10,8.0,0.56,0.0,1,0.6,1.0,spiral,0.1794427888048612,0.15009542580289692,0.04236068800254089,0.03874215092156048
10,8.0,0.56,0.0,2,1.0,0.6,spiral,0.17939790387351584,0.15468714730619934,0.042355389724746464,0.03933028696897587
10,8.0,0.56,0.0,3,1.0,1.4,spiral,0.17784212530219443,0.15444479529739896,0.042171332122923795,0.039299465046918766
10,8.0,0.56,0.0,4,1.0,0.6,spiral,0.18115817817126806,0.16018380504706942,0.042562680621792144,0.040022969036175894
10,8.0,0.56,0.0,5,0.6,1.0,spiral,0.17635192255545448,0.15340084605003187,0.04199427610466151,0.039166420062348294
10,8.0,0.56,0.0,6,1.0,0.6,spiral,0.1812025470544573,0.1519403391304841,0.042567892484178416,0.03897952528321556
10,8.0,0.56,0.1,1,0.6,1.0,spiral,0.1795703000611359,0.15272631825002975,0.042375735989022764,0.039080214719219464
10,8.0,0.56,0.1,2,0.6,1.0,spiral,0.17955927083649353,0.1531537769822238,0.04237443460820375,0.0391348664214181
10,8.0,0.56,0.1,3,1.0,0.6,spiral,0.18373433723154334,0.14795616689449326,0.04286424351735877,0.03846507076485019
10,8.0,0.56,0.1,4,0.4,1.0,spiral,0.17448748730720007,0.1481087544493795,0.041771699427626846,0.038484900214159255
10,8.0,0.56,0.1,5,1.0,1.4,spiral,0.1865310172172875,0.15808220269182705,0.043189236763027834,0.039759552649876115
10,8.0,0.56,0.1,6,1.0,0.6,spiral,0.18139445725635334,0.14963105730070603,0.04259042818009151,0.03868217384024662
10,8.0,0.56,0.2,1,0.4,1.0,spiral,0.1995868498250186,0.14442838665372815,0.04467514407643456,0.03800373490247085
10,8.0,0.56,0.2,2,1.0,1.8,spiral,0.18816632561453867,0.14147633198491807,0.04337814260829279,0.03761333965296329
10,8.0,0.56,0.2,3,1.0,0.4,spiral,0.1890933906672623,0.15434191154297489,0.04348486985921222,0.039286373151892616
10,8.0,0.56,0.2,4,0.4,1.0,spiral,0.1925575445839387,0.1524368948510628,0.04388137926090504,0.03904316775712017
10,8.0,0.56,0.2,5,0.4,1.0,spiral,0.18949388664854452,0.1497532428657109,0.04353089553966752,0.03869796414098691
10,8.0,0.56,0.2,6,0.4,1.0,spiral,0.18553072670136034,0.15080812781106442,0.043073277876353955,0.038834022172711445
10,8.0,0.56,0.3,1,1.0,0.6,spiral,0.17825241226885563,0.13980022548513876,0.0422199493449312,0.03738986834493253
10,8.0,0.56,0.3,2,1.0,0.0,stripe,0.1817823844861255,0.1460459753686898,0.04263594545522891,0.03821596202749445
10,8.0,0.56,0.3,3,1.0,0.0,stripe,0.19217573721889145,0.1453857933941471,0.04383785318864183,0.03812948903331214
10,8.0,0.56,0.3,4,0.4,1.0,spiral,0.1812021573106805,0.1431042184482798,0.04256784670507548,0.03782911820916261
10,8.0,0.56,0.3,5,1.0,0.0,stripe,0.19154485854507286,0.14920767383756833,0.04376583810977151,0.03862740915950335
10,8.0,0.56,0.3,6,0.0,1.0,stripe,0.18818500271392924,0.14205532430358148,0.04338029537865426,0.03769022742085559
10,8.0,0.56,0.4,1,1.0,0.0,stripe,0.19617796740901514,0.13145248471647678,0.04429198205194876,0.03625637664142361
10,8.0,0.56,0.4,2,1.0,1.8,spiral,0.1957593404888547,0.1309776809995033,0.04424469917276585,0.036190838757827
10,8.0,0.56,0.4,3,1.0,0.0,stripe,0.20842232795446952,0.13013275806101185,0.0456532942901681,0.036073918287456916
10,8.0,0.56,0.4,4,0.0,1.0,stripe,0.19689491509961532,0.1360455564351924,0.044372842493986715,0.036884353923471724
10,8.0,0.56,0.4,5,1.0,0.2,spiral,0.20055281835773303,0.13433282503851232,0.04478312387024079,0.036651442678087356
10,8.0,0.56,0.4,6,0.0,1.0,stripe,0.20246581569464736,0.1260294676865767,0.04499620158353895,0.03550062924605375
10,8.0,0.56,0.5,1,0.2,1.0,spiral,0.19467800364084345,0.11535432816698214,0.04412233036012983,0.033963852574020834
10,8.0,0.56,0.5,2,1.0,0.0,stripe,0.2031714664767247,0.12173178917537744,0.045074545641273486,0.03489008300009867
10,8.0,0.56,0.5,3,0.0,1.0,stripe,0.21124915936523592,0.1178367548294591,0.045961849328028125,0.03432735859769276
10,8.0,0.56,0.5,4,1.0,0.0,stripe,0.20652376463394048,0.11503274574630325,0.04544488581061025,0.033916477668871105
10,8.0,0.56,0.5,5,0.2,1.0,spiral,0.20501258815634285,0.1124345640869294,0.045278315798662705,0.033531263633649326
10,8.0,0.56,0.5,6,0.0,1.0,stripe,0.2249714642295865,0.11484661630298247,0.047431156872839025,0.03388902717738922
10,8.0,0.56,0.6,1,1.0,0.2,spiral,0.19736868186261544,0.1071717911511774,0.044426195185117465,0.032737102979826634
10,8.0,0.56,0.6,2,0.0,1.0,stripe,0.19825502676001822,0.10824600459143847,0.04452583820210668,0.03290076056741523
10,8.0,0.56,0.6,3,0.0,1.0,stripe,0.20014088113765402,0.1054441556463667,0.04473710776722765,0.03247216587269268
10,8.0,0.56,0.6,4,1.0,0.0,stripe,0.20853942743816883,0.10712717929793898,0.04566611735610647,0.032730288617416586
10,8.0,0.56,0.6,5,0.0,1.0,stripe,0.18959338368128958,0.10583258547748738,0.04354232236356825,0.03253192055158862
10,8.0,0.56,0.6,6,1.0,0.0,stripe,0.20820325878954046,0.10433272510695066,0.04562929528159957,0.032300576636795614
10,8.0,0.56,0.7,1,1.0,0.2,spiral,0.19515795884814385,0.09792065116516915,0.04417668602873509,0.0312922755908178
10,8.0,0.56,0.7,2,0.0,1.0,stripe,0.1985300647017891,0.1003380918937307,0.04455671270434895,0.031676188516570405
10,8.0,0.56,0.7,3,0.0,1.0,stripe,0.1967111913482458,0.09916064887050623,0.044352135388078646,0.03148978387834794
10,8.0,0.56,0.7,4,1.0,0.2,spiral,0.19434589229709825,0.09984480649298065,0.04408467900496705,0.03159822882583463
10,8.0,0.56,0.7,5,0.0,1.0,stripe,0.18714022416617507,0.09755269817767638,0.04325970690679435,0.031233427313965462
10,8.0,0.56,0.7,6,1.0,0.0,stripe,0.1876858061707864,0.10393319623876995,0.043322719925090854,0.03223867184590115
10,8.0,0.66,0.0,1,1.0,0.6,spiral,0.23298148664558296,0.20450727910602956,0.0482681558219892,0.04522248103609858
10,8.0,0.66,0.0,2,1.0,0.6,spiral,0.2211854474046237,0.21259905416177288,0.047030356941514244,0.04610846496705056
10,8.0,0.66,0.0,3,0.6,1.0,spiral,0.22851207509390953,0.19386515513395985,0.047802936635096965,0.0440301209553142
10,8.0,0.66,0.0,4,1.0,1.4,spiral,0.2246327502486996,0.2170153920281969,0.047395437570371644,0.046584910864806525
10,8.0,0.66,0.0,5,1.0,0.6,spiral,0.22398286058735906,0.19253605542649563,0.0473268275492198,0.04387893064176651
10,8.0,0.66,0.0,6,0.8,1.6,other,0.23179888194418324,0.20230467839664476,0.04814549635679159,0.044978292363833106
10,8.0,0.66,0.1,1,1.0,0.6,spiral,0.2240051835594301,0.2074733603444439,0.04732918587504227,0.04554924371978572
10,8.0,0.66,0.1,2,1.0,0.6,spiral,0.236767218917101,0.20162847225363648,0.04865873189028882,0.04490305916679135
10,8.0,0.66,0.1,3,0.8,1.2,other,0.2247658994586504,0.21109355990266657,0.047409482116835065,0.04594491918620236
10,8.0,0.66,0.1,4,1.0,0.6,spiral,0.2269151566399837,0.19601380425546414,0.04763561237561492,0.04427344624664587
10,8.0,0.66,0.1,5,1.0,0.6,spiral,0.22329596475542707,0.19621197208724336,0.04725420243273894,0.04429582058019056
10,8.0,0.66,0.1,6,1.0,0.6,spiral,0.22451843814537836,0.20773849517506301,0.0473833766362612,0.045578338624292024
10,8.0,0.66,0.2,1,1.0,0.6,spiral,0.25180347054783947,0.18323319000207056,0.050180022972079186,0.04280574610984728
10,8.0,0.66,0.2,2,0.6,1.0,spiral,0.25138643769789915,0.1779877642905156,0.050138452080005336,0.042188596123895326
10,8.0,0.66,0.2,3,1.0,1.4,spiral,0.24260218791495078,0.17711198731724478,0.049254663526913954,0.04208467503940654
10,8.0,0.66,0.2,4,0.6,1.0,spiral,0.25819915516878056,0.17565029170446061,0.05081330093280504,0.04191065398015886
10,8.0,0.66,0.2,5,0.6,1.0,spiral,0.25854366967224557,0.1747108185087549,0.0508471896639574,0.04179842323685846
10,8.0,0.66,0.2,6,1.0,0.6,spiral,0.26480347243651187,0.17614877465435544,0.05145905872016237,0.04197008156465215
10,8.0,0.66,0.3,1,1.0,0.6,spiral,0.2185892990934481,0.1770490559948532,0.04675353452878703,0.04207719762470562
10,8.0,0.66,0.3,2,0.8,1.4,other,0.2228727538410653,0.17369283419774104,0.04720940095373646,0.04167647228326086
10,8.0,0.66,0.3,3,1.0,0.4,spiral,0.20685259419062102,0.1626122099366021,0.04548105036063053,0.040325204269365096
10,8.0,0.66,0.3,4,1.0,0.2,spiral,0.21079655722955745,0.17763349182188398,0.04591258620787523,0.042146588452908494
10,8.0,0.66,0.3,5,0.8,1.6,other,0.2109497004635153,0.1759136563930776,0.04592926087621216,0.041942061989496605
10,8.0,0.66,0.3,6,1.0,0.0,stripe,0.21529034978225559,0.15437751337254713,0.0463993911363345,0.03929090395658353
10,8.0,0.66,0.4,1,0.2,1.2,other,0.23139514123812802,0.16674394668291034,0.048103548854333815,0.04083429277983278
10,8.0,0.66,0.4,2,0.4,0.8,other,0.21071057350567046,0.16036302713401618,0.04590322140173503,0.04004535268093118
10,8.0,0.66,0.4,3,0.6,1.0,spiral,0.2086802871334356,0.16570032530317644,0.045681537532512584,0.040706304831460254
10,8.0,0.66,0.4,4,0.8,0.4,other,0.21196763201088245,0.16794019050463546,0.04603994265970392,0.040980506403000376
10,8.0,0.66,0.4,5,0.6,1.0,spiral,0.2088224856515013,0.1830579900289603,0.04569709899452057,0.04278527667655783
10,8.0,0.66,0.4,6,0.4,1.2,other,0.21371983233083097,0.16973021600270352,0.04622984234570036,0.04119832715083266
10,8.0,0.66,0.5,1,1.0,0.0,stripe,0.22211943444033122,0.13280422618727988,0.047129548527471726,0.036442314167363175
10,8.0,0.66,0.5,2,0.0,1.0,stripe,0.21892879948964525,0.13572312838392644,0.04678982789983793,0.03684062002517417
10,8.0,0.66,0.5,3,1.0,0.0,stripe,0.22724455450966569,0.13004512567665022,0.047670174586387414,0.03606177001710401
10,8.0,0.66,0.5,4,0.0,1.0,stripe,0.2112660523541363,0.13164675840366463,0.045963687009870774,0.03628315840767788
10,8.0,0.66,0.5,5,1.0,0.0,stripe,0.23198012529508838,0.14003854927254697,0.04816431514047391,0.03742172487640662
10,8.0,0.66,0.5,6,0.2,1.0,spiral,0.21771177885609833,0.13072659804672596,0.04665959481779694,0.03615613337273857
10,8.0,0.66,0.6,1,0.2,1.0,spiral,0.22023098300281824,0.12580037136557798,0.04692877400943032,0.035468348053663
10,8.0,0.66,0.6,2,0.0,1.0,stripe,0.23489326799347765,0.1323622363811098,0.048465788757996876,0.036381621236705464
10,8.0,0.66,0.6,3,0.2,1.0,spiral,0.22215322497032278,0.12646904177362267,0.04713313324725217,0.03556248610173685
10,8.0,0.66,0.6,4,0.0,1.0,stripe,0.22299063349028053,0.12632856132374168,0.04722188406769477,0.035542729400503514
10,8.0,0.66,0.6,5,1.0,0.0,stripe,0.21834073355227468,0.1255168224766809,0.046726944427415186,0.03542835340185611
10,8.0,0.66,0.6,6,0.2,1.0,spiral,0.21775023739369942,0.11794921930587295,0.04666371581793497,0.03434373586345448
10,8.0,0.66,0.7,1,1.0,0.0,stripe,0.22604604823639357,0.1250562063893117,0.0475443002090044,0.035363286949789
10,8.0,0.66,0.7,2,0.0,1.0,stripe,0.21821992463416479,0.12255037589305226,0.04671401552362682,0.03500719581643926
10,8.0,0.66,0.7,3,0.0,1.0,stripe,0.24182825659218699,0.12435225024961716,0.049176036500737534,0.035263614427567855
10,8.0,0.66,0.7,4,0.0,1.0,stripe,0.23152546723971232,0.13113678813165258,0.04811709334942338,0.03621281377242765
10,8.0,0.66,0.7,5,1.0,0.0,stripe,0.23156296733521212,0.12094277184792672,0.04812098994567881,0.03477682732049126
10,8.0,0.66,0.7,6,1.0,0.0,stripe,0.23495261660938857,0.12108136964866956,0.04847191110420432,0.0347967483608267
10,8.0,0.78,0.0,1,1.0,1.0,Neel,0.29929854534757094,0.29929854534757094,0.05470818452001226,0.05470818452001226
10,8.0,0.78,0.0,2,1.0,0.8,spiral,0.3093001653005094,0.26589567562318717,0.055614761107147574,0.05156507302653485
10,8.0,0.78,0.0,3,1.0,0.8,spiral,0.3415503999247099,0.29788417662127153,0.058442313431683206,0.05457876662414345
10,8.0,0.78,0.0,4,1.0,0.8,spiral,0.3317216677967957,0.320153859279804,0.05759528346981163,0.056582140228150085
10,8.0,0.78,0.0,5,0.8,1.2,other,0.3233485323425251,0.2948671773539735,0.05686374348761477,0.054301673763703956
10,8.0,0.78,0.0,6,1.0,0.8,spiral,0.3188207279522599,0.26205778829258974,0.05646421237848447,0.05119158019563273
10,8.0,0.78,0.1,1,1.0,1.0,Neel,0.334211305742806,0.334211305742806,0.05781101155859548,0.05781101155859548
10,8.0,0.78,0.1,2,0.8,1.0,spiral,0.30471385432883136,0.24817774245475127,0.0552008925950325,0.04981744096747155
10,8.0,0.78,0.1,3,0.8,1.0,spiral,0.3093079785674968,0.27221257940625565,0.055615463548144305,0.052173995381440325
10,8.0,0.78,0.1,4,0.8,1.0,spiral,0.310819429444959,0.27529905801302396,0.05575118200047054,0.05246894872331863
10,8.0,0.78,0.1,5,0.8,1.2,other,0.29886723109969154,0.2482311020003154,0.054668750772236555,0.049822796188122104
10,8.0,0.78,0.1,6,0.8,0.8,other,0.2991875726336709,0.2942217513854763,0.05469804133912575,0.054242211550182606
10,8.0,0.78,0.2,1,1.0,0.8,spiral,0.3476394106054442,0.30310394558356824,0.05896095408025927,0.05505487676705564
10,8.0,0.78,0.2,2,1.0,0.8,spiral,0.3223959380839303,0.29582059226450386,0.05677992057795875,0.05438939163701906
10,8.0,0.78,0.2,3,1.0,0.8,spiral,0.33365139911224134,0.27596436909185706,0.05776256565564253,0.052532310923074484
10,8.0,0.78,0.2,4,1.0,0.8,spiral,0.3497838396764597,0.26987592997634563,0.059142526127690866,0.05194958421165136
10,8.0,0.78,0.2,5,0.8,1.0,spiral,0.3285892765227187,0.27591373112502715,0.057322707239166465,0.052527491004713635
10,8.0,0.78,0.2,6,0.8,1.0,spiral,0.3396961474004446,0.3057618038186286,0.058283457979125146,0.05529573254950409
10,8.0,0.78,0.3,1,1.0,1.2,spiral,0.3224911836599171,0.19561899852256687,0.056788307217235934,0.04422883658006017
10,8.0,0.78,0.3,2,1.0,0.8,spiral,0.3250211185911501,0.24463162982359182,0.05701062344784085,0.04946024967826101
10,8.0,0.78,0.3,3,0.6,0.8,other,0.2823973845651614,0.21933698751873312,0.053141074938804295,0.0468334268998899
10,8.0,0.78,0.3,4,1.0,0.8,spiral,0.30943961419813426,0.22596944273880282,0.055627296734439134,0.04753624330327364
10,8.0,0.78,0.3,5,0.8,1.0,spiral,0.2952088703160318,0.24306691542687137,0.0543331271248059,0.04930181694693121
10,8.0,0.78,0.3,6,0.8,1.0,spiral,0.3037484042417199,0.23623619021848122,0.05511337444230029,0.04860413462026469
10,8.0,0.78,0.4,1,0.4,1.2,other,0.2442901193025849,0.20100185001312937,0.04942571388483781,0.04483322986503754
10,8.0,0.78,0.4,2,0.6,0.8,other,0.2543458164206746,0.22403526812205982,0.05043270926895308,0.047332363993578416
10,8.0,0.78,0.4,3,0.4,1.2,other,0.2740534771661093,0.20313087075188627,0.05235011720771113,0.04507004224003859
10,8.0,0.78,0.4,4,1.0,0.8,spiral,0.24312369220848482,0.20202980770211182,0.0493075746927878,0.044947726049502416
10,8.0,0.78,0.4,5,0.0,1.0,stripe,0.2534083385073489,0.22670789864845836,0.050339680025537396,0.04761385288426661
10,8.0,0.78,0.4,6,1.0,0.0,stripe,0.24476725119241077,0.1943211241539689,0.049473957916505,0.044081869760023665
10,8.0,0.78,0.5,1,0.4,1.4,other,0.28147790455104904,0.15288747089651344,0.053054491285003294,0.03910082747161669
10,8.0,0.78,0.5,2,1.0,0.2,spiral,0.25666367572071563,0.1625727934071748,0.05066198532634856,0.040320316641511485
10,8.0,0.78,0.5,3,1.4,0.4,other,0.2509421418985203,0.14823646745598823,0.05009412559357837,0.038501489251194974
10,8.0,0.78,0.5,4,0.6,1.6,other,0.28255699857372696,0.14259787347398048,0.05315609076801331,0.037762133609474516
10,8.0,0.78,0.5,5,0.6,1.4,other,0.25826928289654083,0.15801236729472184,0.05082020099296547,0.03975076946358672
10,8.0,0.78,0.5,6,0.4,0.6,other,0.272290667353483,0.16264939736940193,0.05218147826130293,0.04032981494743088
10,8.0,0.78,0.6,1,0.4,0.6,other,0.25937339735246495,0.14569035125194468,0.05092871462666861,0.038169405451479683
10,8.0,0.78,0.6,2,0.6,0.4,other,0.2632499596321424,0.16486146884367506,0.05130789019557737,0.04060313643595468
10,8.0,0.78,0.6,3,1.4,0.4,other,0.2666789689566883,0.14437024468175763,0.05164096909980372,0.03799608462483439
10,8.0,0.78,0.6,4,0.6,1.6,other,0.2609723559196731,0.16159304760881732,0.05108545349898277,0.04019863773920919
10,8.0,0.78,0.6,5,0.4,0.6,other,0.2520574112953309,0.15201981540514287,0.05020531956828189,0.03898971856850763
10,8.0,0.78,0.6,6,0.4,1.4,other,0.2535618606704971,0.15169569653056333,0.05035492633998158,0.03894813173061878
10,8.0,0.78,0.7,1,1.0,0.0,stripe,0.25661797616033705,0.14430551054550503,0.050657474883805356,0.0379875651424917
10,8.0,0.78,0.7,2,1.0,0.0,stripe,0.2654481688324767,0.14477490256122516,0.0515216623210545,0.03804929730773292
10,8.0,0.78,0.7,3,1.0,0.0,stripe,0.28185838433743793,0.13632305337711642,0.05309033662894199,0.036921951922550954
10,8.0,0.78,0.7,4,1.0,0.0,stripe,0.2569285634628403,0.13284205389827275,0.0506881212379035,0.0364475038786297
10,8.0,0.78,0.7,5,0.2,1.0,spiral,0.25990790418722276,0.14769382031347184,0.05098116359864913,0.038430953710969995
10,8.0,0.78,0.7,6,1.0,0.0,stripe,0.26278845471402357,0.14591076342224446,0.0512628963982746,0.03819826742435375
10,8.0,0.88,0.0,1,1.0,1.0,Neel,0.41339442968564616,0.41339442968564616,0.06429575644516877,0.06429575644516877
10,8.0,0.88,0.0,2,0.8,1.0,spiral,0.5150075129128466,0.47528370913078116,0.07176402391956896,0.06894082311162096
10,8.0,0.88,0.0,3,1.0,0.8,spiral,0.5532775420767887,0.45525778652954624,0.07438262848789283,0.06747279351928051
10,8.0,0.88,0.0,4,0.8,1.0,spiral,0.5185484609574009,0.3691934488723832,0.07201030905067697,0.06076129103898165
10,8.0,0.88,0.0,5,0.8,1.0,spiral,0.5259040900632813,0.35923326521370424,0.07251924503628546,0.059936071377235285
10,8.0,0.88,0.0,6,1.0,0.8,spiral,0.5623602116602168,0.3477712650298878,0.07499068019828975,0.058972134523848446
10,8.0,0.88,0.1,1,1.0,1.0,Neel,0.4388470489036351,0.4388470489036351,0.06624553184205219,0.06624553184205219
10,8.0,0.88,0.1,2,0.8,1.0,spiral,0.4611138790915071,0.4303311096259644,0.06790536643679254,0.06559962725701758
10,8.0,0.88,0.1,3,1.0,0.8,spiral,0.4539992910124737,0.3829605820396572,0.06737946950017296,0.06188380903270719
10,8.0,0.88,0.1,4,1.0,0.8,spiral,0.47602186532246005,0.3754765191740915,0.06899433783452523,0.06127613884491186
10,8.0,0.88,0.1,5,1.0,0.8,spiral,0.44960474483941726,0.4011589645324598,0.0670525722727635,0.06333711112234752
10,8.0,0.88,0.1,6,0.8,1.0,spiral,0.5305205322899378,0.3544573161693619,0.07283684042364398,0.059536318005849326
10,8.0,0.88,0.2,1,1.0,1.0,Neel,0.4176116002447447,0.4176116002447447,0.06462287522578554,0.06462287522578554
10,8.0,0.88,0.2,2,1.0,0.8,spiral,0.49921112110985827,0.46651851060004235,0.07065487393732,0.06830216033186962
10,8.0,0.88,0.2,3,0.8,1.0,spiral,0.4439966813286686,0.42391095845024207,0.06663307597047195,0.06510844480174918
10,8.0,0.88,0.2,4,0.8,1.0,spiral,0.5010946105861895,0.4305951570103635,0.07078803645999722,0.0656197498479203
10,8.0,0.88,0.2,5,0.8,0.8,other,0.4419023374311902,0.33685861318027743,0.06647573522957007,0.058039522153466895
10,8.0,0.88,0.2,6,0.8,1.0,spiral,0.48400151977293254,0.479517100485901,0.06957021774961844,0.06924717326258892
10,8.0,0.88,0.3,1,1.0,1.0,Neel,0.38902865951224047,0.38902865951224047,0.062372162020587395,0.062372162020587395
10,8.0,0.88,0.3,2,1.0,0.8,spiral,0.3992655022641462,0.37321855157070144,0.06318745937796093,0.06109161575623135
10,8.0,0.88,0.3,3,1.0,0.8,spiral,0.45286837386191314,0.3290334083797216,0.0672954956785306,0.05736143376692406
10,8.0,0.88,0.3,4,0.8,1.0,spiral,0.4604433299874631,0.41624081815670283,0.06785597468075034,0.06451672792049383
10,8.0,0.88,0.3,5,0.8,1.0,spiral,0.43609244542272646,0.3454506226114868,0.0660372959336409,0.05877504764876731
10,8.0,0.88,0.3,6,1.0,0.8,spiral,0.4134390526048947,0.3979312777085848,0.06429922648095347,0.06308179433945936
10,8.0,0.88,0.4,1,0.8,1.0,spiral,0.30272959319572545,0.24432898377387588,0.05502086814979617,0.04942964533292505
10,8.0,0.88,0.4,2,0.8,1.0,spiral,0.30456968911438886,0.28835203603743,0.055187832817967124,0.05369842046442614
10,8.0,0.88,0.4,3,0.8,1.0,spiral,0.3548955657591119,0.2622765834388116,0.05957311186761288,0.051212945964747195
10,8.0,0.88,0.4,4,0.8,1.0,spiral,0.3260629834464163,0.2711838071712664,0.05710192496286061,0.05207531153735582
10,8.0,0.88,0.4,5,1.0,0.8,spiral,0.28405556033657947,0.2709395407269638,0.053296862978657523,0.05205185306278383
10,8.0,0.88,0.4,6,0.8,1.0,spiral,0.3018270675724971,0.2453899799627824,0.05493879026448408,0.04953685294432645
10,8.0,0.88,0.5,1,0.0,1.0,stripe,0.2818468216879816,0.1810823217212761,0.05308924765788093,0.04255376854301815
10,8.0,0.88,0.5,2,0.8,1.4,other,0.2894928157850993,0.2218729238682887,0.05380453659173168,0.04710338882376603
10,8.0,0.88,0.5,3,0.6,1.0,spiral,0.296710843842764,0.20864536719151916,0.05447117070917092,0.045677715265927996
10,8.0,0.88,0.5,4,0.8,0.8,other,0.2841788729286301,0.19441712160966743,0.0533084301896642,0.044092756957313003
10,8.0,0.88,0.5,5,1.0,0.0,stripe,0.3209927050536191,0.19634276445304483,0.05665621811007324,0.044310581631597304
10,8.0,0.88,0.5,6,1.4,1.2,other,0.29413443774567993,0.20929946301369728,0.05423416245741054,0.04574925824685
10,8.0,0.88,0.6,1,1.0,0.2,spiral,0.28201729921443264,0.1939057329054033,0.05310530097969812,0.044034728670153435
10,8.0,0.88,0.6,2,0.8,1.6,other,0.2922101528319939,0.18212304694990814,0.05405646611016983,0.04267587690369211
10,8.0,0.88,0.6,3,0.8,1.8,other,0.26886418728646294,0.2021174159488753,0.05185211541359359,0.04495747056373115
10,8.0,0.88,0.6,4,0.8,0.4,other,0.29683502900546066,0.189489341845288,0.05448256868076804,0.043530373516119526
10,8.0,0.88,0.6,5,0.2,1.0,spiral,0.287239786110987,0.1903975382927865,0.05359475591053541,0.04363456637721824
10,8.0,0.88,0.6,6,0.4,1.2,other,0.3226720309980929,0.22450224080829498,0.05680422792346472,0.04738166742615703
10,8.0,0.88,0.7,1,1.0,0.0,stripe,0.3078369843761325,0.17953488555999816,0.055483059069965895,0.04237155715335444
10,8.0,0.88,0.7,2,0.0,1.0,stripe,0.3028595206579926,0.18644570135497138,0.05503267399082046,0.04317935865144032
10,8.0,0.88,0.7,3,1.0,0.0,stripe,0.31753608451265036,0.170551974106048,0.056350340239669394,0.041297938702318786
10,8.0,0.88,0.7,4,1.0,0.0,stripe,0.2970981705664476,0.18065235234471957,0.054506712482633515,0.04250321780109355
10,8.0,0.88,0.7,5,0.2,1.0,spiral,0.2783297980084113,0.1828565601174171,0.05275697091460154,0.042761730568046136
10,8.0,0.88,0.7,6,1.0,0.0,stripe,0.2961150420097674,0.1862702794741961,0.05441645357883656,0.043159040706924445
10,8.0,1.0,0.0,1,1.0,1.0,Neel,0.8074729084554446,0.8074729084554446,0.08985949635155122,0.08985949635155122
10,8.0,1.0,0.0,2,1.0,1.0,Neel,0.99569175722367,0.99569175722367,0.09978435534810404,0.09978435534810404
10,8.0,1.0,0.0,3,1.0,1.0,Neel,0.8652430517005533,0.8652430517005533,0.0930184418113179,0.0930184418113179
10,8.0,1.0,0.0,4,1.0,1.0,Neel,0.7198498896260125,0.7198498896260125,0.0848439679426895,0.0848439679426895
10,8.0,1.0,0.0,5,1.0,1.0,Neel,0.7511763179331308,0.7511763179331308,0.08667042851706289,0.08667042851706289
10,8.0,1.0,0.0,6,1.0,1.0,Neel,0.7990743549190684,0.7990743549190684,0.08939095899021715,0.08939095899021715
10,8.0,1.0,0.1,1,1.0,0.8,spiral,0.609660478211556,0.521038986040366,0.07808075807851483,0.07218303028000182
10,8.0,1.0,0.1,2,1.0,0.8,spiral,0.6486781676782865,0.5642651065256167,0.0805405592033161,0.07511758159882523
10,8.0,1.0,0.1,3,1.0,1.2,spiral,0.5918942455097193,0.45581903086919573,0.07693466354704616,0.06751437112713084
10,8.0,1.0,0.1,4,1.0,0.8,spiral,0.6336385149940621,0.5102328035149319,0.0796014142458576,0.07143058193203608
10,8.0,1.0,0.1,5,0.8,1.0,spiral,0.5872717928981961,0.5596908957726138,0.07663366054797305,0.07481249198981503
10,8.0,1.0,0.1,6,0.8,1.0,spiral,0.576867296820508,0.48640927758049346,0.07595178054664077,0.06974304822564709
10,8.0,1.0,0.2,1,1.0,0.8,spiral,0.49654037417534463,0.4726736694382697,0.07046562099175346,0.06875126685656562
10,8.0,1.0,0.2,2,1.0,0.8,spiral,0.543615031181871,0.42885982689388247,0.07373025370781461,0.0654873901521417
10,8.0,1.0,0.2,3,1.0,0.8,spiral,0.51591676761556,0.3507819906358402,0.07182734629760172,0.0592268512277869
10,8.0,1.0,0.2,4,1.0,1.0,Neel,0.4698756885188267,0.4698756885188267,0.06854747905786374,0.06854747905786374
10,8.0,1.0,0.2,5,1.0,1.0,Neel,0.48594363696067794,0.48594363696067794,0.06970965764947336,0.06970965764947336
10,8.0,1.0,0.2,6,1.0,1.0,Neel,0.5188800315997434,0.5188800315997434,0.07203332781426548,0.07203332781426548
10,8.0,1.0,0.3,1,0.8,1.0,spiral,0.4262555179973546,0.38939672192658226,0.06528824687471357,0.06240166038869337
10,8.0,1.0,0.3,2,0.8,1.0,spiral,0.443595383389981,0.4255018959662197,0.06660295664533077,0.06523050635754866
10,8.0,1.0,0.3,3,1.0,1.0,Neel,0.3655950202018254,0.3655950202018254,0.06046445403721309,0.06046445403721309
10,8.0,1.0,0.3,4,1.0,1.0,Neel,0.49495726792422057,0.49495726792422057,0.07035319949541886,0.07035319949541886
10,8.0,1.0,0.3,5,1.0,0.8,spiral,0.3898356917212572,0.36005522037594007,0.0624368234074458,0.060004601521545
10,8.0,1.0,0.3,6,0.8,1.0,spiral,0.41816328894718247,0.3695834122564988,0.06466554638655599,0.06079337235723141
10,8.0,1.0,0.4,1,0.8,1.0,spiral,0.35170930988750543,0.31002344078339916,0.05930508493270248,0.05567974863299934
10,8.0,1.0,0.4,2,0.8,1.0,spiral,0.42845760406523,0.26799373280647953,0.06545667300323398,0.05176811111161769
10,8.0,1.0,0.4,3,1.0,0.0,stripe,0.3829960022510833,0.3357089453623393,0.06188667079841049,0.05794039569784964
10,8.0,1.0,0.4,4,1.4,1.0,spiral,0.35215843769111926,0.31114672340961624,0.059342938728303575,0.055780527373772315
10,8.0,1.0,0.4,5,1.0,1.0,Neel,0.3629541250461505,0.3629541250461505,0.06024567412239243,0.06024567412239243
10,8.0,1.0,0.4,6,1.0,1.2,spiral,0.3993994620117119,0.23588737110629623,0.06319805867364217,0.04856823767713795
10,8.0,1.0,0.5,1,1.0,0.2,spiral,0.31208515830680683,0.2770952753506687,0.05586458254626153,0.05263983998367289
10,8.0,1.0,0.5,2,0.8,1.0,spiral,0.32182939890756235,0.2727353781439732,0.056730009598761955,0.0522240728155104
10,8.0,1.0,0.5,3,1.0,1.0,Neel,0.33955507650108574,0.33955507650108574,0.0582713545836276,0.0582713545836276
10,8.0,1.0,0.5,4,1.0,1.0,Neel,0.3530297805731582,0.3530297805731582,0.05941630925706832,0.05941630925706832
10,8.0,1.0,0.5,5,1.0,1.0,Neel,0.33084509760357117,0.33084509760357117,0.05751913573790649,0.05751913573790649
10,8.0,1.0,0.5,6,0.2,1.0,spiral,0.32626494950215124,0.2886394530251357,0.05711960692285541,0.05372517594434994
10,8.0,1.0,0.6,1,1.0,0.4,spiral,0.28718629084480835,0.27317996223855634,0.05358976495981377,0.0522666205372565
10,8.0,1.0,0.6,2,1.0,0.4,spiral,0.31655581454053106,0.2530732702350106,0.056263293055111074,0.05030638828568501
10,8.0,1.0,0.6,3,1.0,0.2,spiral,0.30591709405606743,0.2380924710159491,0.05530977255929258,0.04879472010535044
10,8.0,1.0,0.6,4,1.0,0.2,spiral,0.2982818610132197,0.29024561745172917,0.054615186625445095,0.05387444825255561
10,8.0,1.0,0.6,5,1.0,0.6,spiral,0.29871859927142325,0.24795558736285028,0.05465515522541522,0.049795139056222175
10,8.0,1.0,0.6,6,1.0,0.8,spiral,0.32163389146764254,0.2323983945049039,0.0567127755860743,0.04820771665458798
10,8.0,1.0,0.7,1,0.0,1.0,stripe,0.3099370834852767,0.30062283330441025,0.055671993271776854,0.05482908291266691
10,8.0,1.0,0.7,2,0.2,1.0,spiral,0.2914464692647483,0.2427317950435736,0.053985782319491145,0.049267818608456124
10,8.0,1.0,0.7,3,1.0,0.0,stripe,0.3066953160565541,0.2394866983832511,0.05538007909497368,0.04893737818715374
10,8.0,1.0,0.7,4,1.0,0.0,stripe,0.3041099279050553,0.22583657898270673,0.05514616286787825,0.0475222662530636
10,8.0,1.0,0.7,5,1.0,0.0,stripe,0.3286994039321998,0.27224812421412503,0.05733231234933751,0.05217740164229386
10,8.0,1.0,0.7,6,1.0,0.0,stripe,0.32739597567343076,0.280930651599372,0.05721852634186158,0.05300289158143846
12,0.0,0.5,0.0,1,0.5,1.0,spiral,0.125,0.125,0.02946278254943948,0.02946278254943948
12,0.0,0.5,0.0,2,0.5,1.0,spiral,0.125,0.125,0.02946278254943948,0.02946278254943948
12,0.0,0.5,0.0,3,0.5,1.0,spiral,0.125,0.125,0.02946278254943948,0.02946278254943948
12,0.0,0.5,0.0,4,0.5,1.0,spiral,0.125,0.125,0.02946278254943948,0.02946278254943948
12,0.0,0.5,0.0,5,0.5,1.0,spiral,0.125,0.125,0.02946278254943948,0.02946278254943948
12,0.0,0.5,0.0,6,0.5,1.0,spiral,0.125,0.125,0.02946278254943948,0.02946278254943948
12,0.0,0.5,0.1,1,0.5,1.0,spiral,0.12493098049940377,0.12435724458252687,0.029454647400165592,0.029386935469142537
12,0.0,0.5,0.1,2,0.5,1.0,spiral,0.12493098049940377,0.12435724458252687,0.029454647400165592,0.029386935469142537
12,0.0,0.5,0.1,3,0.5,1.0,spiral,0.12493098049940377,0.12435724458252687,0.029454647400165592,0.029386935469142537
12,0.0,0.5,0.1,4,0.5,1.0,spiral,0.12493098049940377,0.12435724458252687,0.029454647400165592,0.029386935469142537
12,0.0,0.5,0.1,5,0.5,1.0,spiral,0.12493098049940377,0.12435724458252687,0.029454647400165592,0.029386935469142537
12,0.0,0.5,0.1,6,0.5,1.0,spiral,0.12493098049940377,0.12435724458252687,0.029454647400165592,0.029386935469142537
12,0.0,0.5,0.2,1,0.5,1.0,spiral,0.12473861992870369,0.12223412822056182,0.029431962492697517,0.02913499807178285
12,0.0,0.5,0.2,2,0.5,1.0,spiral,0.12473861992870369,0.12223412822056182,0.029431962492697517,0.02913499807178285
12,0.0,0.5,0.2,3,0.5,1.0,spiral,0.12473861992870369,0.12223412822056182,0.029431962492697517,0.02913499807178285
12,0.0,0.5,0.2,4,0.5,1.0,spiral,0.12473861992870369,0.12223412822056182,0.029431962492697517,0.02913499807178285
12,0.0,0.5,0.2,5,0.5,1.0,spiral,0.12473861992870369,0.12223412822056182,0.029431962492697517,0.02913499807178285
12,0.0,0.5,0.2,6,0.5,1.0,spiral,0.12473861992870369,0.12223412822056182,0.029431962492697517,0.02913499807178285
12,0.0,0.5,0.3,1,1.0,0.5,spiral,0.12446080765317517,0.1192419848148933,0.029399169448441242,0.02877619396293253
12,0.0,0.5,0.3,2,1.0,0.5,spiral,0.12446080765317517,0.1192419848148933,0.029399169448441242,0.02877619396293253
12,0.0,0.5,0.3,3,1.0,0.5,spiral,0.12446080765317517,0.1192419848148933,0.029399169448441242,0.02877619396293253
12,0.0,0.5,0.3,4,1.0,0.5,spiral,0.12446080765317517,0.1192419848148933,0.029399169448441242,0.02877619396293253
12,0.0,0.5,0.3,5,1.0,0.5,spiral,0.12446080765317517,0.1192419848148933,0.029399169448441242,0.02877619396293253
12,0.0,0.5,0.3,6,1.0,0.5,spiral,0.12446080765317517,0.1192419848148933,0.029399169448441242,0.02877619396293253
12,0.0,0.5,0.4,1,0.5,1.0,spiral,0.12409938545393313,0.11557580396769743,0.029356452235829444,0.028330367978119813
12,0.0,0.5,0.4,2,0.5,1.0,spiral,0.12409938545393313,0.11557580396769743,0.029356452235829444,0.028330367978119813
12,0.0,0.5,0.4,3,0.5,1.0,spiral,0.12409938545393313,0.11557580396769743,0.029356452235829444,0.028330367978119813
12,0.0,0.5,0.4,4,0.5,1.0,spiral,0.12409938545393313,0.11557580396769743,0.029356452235829444,0.028330367978119813
12,0.0,0.5,0.4,5,0.5,1.0,spiral,0.12409938545393313,0.11557580396769743,0.029356452235829444,0.028330367978119813
12,0.0,0.5,0.4,6,0.5,1.0,spiral,0.12409938545393313,0.11557580396769743,0.029356452235829444,0.028330367978119813
12,0.0,0.5,0.5,1,0.0,1.0,stripe,0.12060003824131613,0.10924684758013888,0.028939596845234304,0.027543759070812475
12,0.0,0.5,0.5,2,0.0,1.0,stripe,0.12060003824131613,0.10924684758013888,0.028939596845234304,0.027543759070812475
12,0.0,0.5,0.5,3,0.0,1.0,stripe,0.12060003824131613,0.10924684758013888,0.028939596845234304,0.027543759070812475
12,0.0,0.5,0.5,4,0.0,1.0,stripe,0.12060003824131613,0.10924684758013888,0.028939596845234304,0.027543759070812475
12,0.0,0.5,0.5,5,0.0,1.0,stripe,0.12060003824131613,0.10924684758013888,0.028939596845234304,0.027543759070812475
12,0.0,0.5,0.5,6,0.0,1.0,stripe,0.12060003824131613,0.10924684758013888,0.028939596845234304,0.027543759070812475
12,0.0,0.5,0.6,1,1.0,0.16666666666666666,spiral,0.1230358036678334,0.08500276051482826,0.029230383221039765,0.02429602741230839
12,0.0,0.5,0.6,2,1.0,0.16666666666666666,spiral,0.1230358036678334,0.08500276051482826,0.029230383221039765,0.02429602741230839
12,0.0,0.5,0.6,3,1.0,0.16666666666666666,spiral,0.1230358036678334,0.08500276051482826,0.029230383221039765,0.02429602741230839
12,0.0,0.5,0.6,4,1.0,0.16666666666666666,spiral,0.1230358036678334,0.08500276051482826,0.029230383221039765,0.02429602741230839
12,0.0,0.5,0.6,5,1.0,0.16666666666666666,spiral,0.1230358036678334,0.08500276051482826,0.029230383221039765,0.02429602741230839
12,0.0,0.5,0.6,6,1.0,0.16666666666666666,spiral,0.1230358036678334,0.08500276051482826,0.029230383221039765,0.02429602741230839
12,0.0,0.5,0.7,1,1.0,0.3333333333333333,spiral,0.12082096870713055,0.07470607610876713,0.028966092330699852,0.02277701023400068
12,0.0,0.5,0.7,2,1.0,0.3333333333333333,spiral,0.12082096870713055,0.07470607610876713,0.028966092330699852,0.02277701023400068
12,0.0,0.5,0.7,3,1.0,0.3333333333333333,spiral,0.12082096870713055,0.07470607610876713,0.028966092330699852,0.02277701023400068
12,0.0,0.5,0.7,4,1.0,0.3333333333333333,spiral,0.12082096870713055,0.07470607610876713,0.028966092330699852,0.02277701023400068
12,0.0,0.5,0.7,5,1.0,0.3333333333333333,spiral,0.12082096870713055,0.07470607610876713,0.028966092330699852,0.02277701023400068
12,0.0,0.5,0.7,6,1.0,0.3333333333333333,spiral,0.12082096870713055,0.07470607610876713,0.028966092330699852,0.02277701023400068
12,0.0,0.5555555555555556,0.0,1,0.5,1.0,spiral,0.138888888888889,0.13888888888888898,0.031056499687497092,0.03105649968749709
12,0.0,0.5555555555555556,0.0,2,0.5,1.0,spiral,0.138888888888889,0.13888888888888898,0.031056499687497092,0.03105649968749709
12,0.0,0.5555555555555556,0.0,3,0.5,1.0,spiral,0.138888888888889,0.13888888888888898,0.031056499687497092,0.03105649968749709
12,0.0,0.5555555555555556,0.0,4,0.5,1.0,spiral,0.138888888888889,0.13888888888888898,0.031056499687497092,0.03105649968749709
12,0.0,0.5555555555555556,0.0,5,0.5,1.0,spiral,0.138888888888889,0.13888888888888898,0.031056499687497092,0.03105649968749709
12,0.0,0.5555555555555556,0.0,6,0.5,1.0,spiral,0.138888888888889,0.13888888888888898,0.031056499687497092,0.03105649968749709
12,0.0,0.5555555555555556,0.1,1,1.0,0.5,spiral,0.13881351609637313,0.13809500534057223,0.03104807160950995,0.030967613609105604
12,0.0,0.5555555555555556,0.1,2,1.0,0.5,spiral,0.13881351609637313,0.13809500534057223,0.03104807160950995,0.030967613609105604
12,0.0,0.5555555555555556,0.1,3,1.0,0.5,spiral,0.13881351609637313,0.13809500534057223,0.03104807160950995,0.030967613609105604
12,0.0,0.5555555555555556,0.1,4,1.0,0.5,spiral,0.13881351609637313,0.13809500534057223,0.03104807160950995,0.030967613609105604
12,0.0,0.5555555555555556,0.1,5,1.0,0.5,spiral,0.13881351609637313,0.13809500534057223,0.03104807160950995,0.030967613609105604
12,0.0,0.5555555555555556,0.1,6,1.0,0.5,spiral,0.13881351609637313,0.13809500534057223,0.03104807160950995,0.030967613609105604
12,0.0,0.5555555555555556,0.2,1,0.5,1.0,spiral,0.13859983437039364,0.13584997173778568,0.03102416557772989,0.030714859295012255
12,0.0,0.5555555555555556,0.2,2,0.5,1.0,spiral,0.13859983437039364,0.13584997173778568,0.03102416557772989,0.030714859295012255
12,0.0,0.5555555555555556,0.2,3,0.5,1.0,spiral,0.13859983437039364,0.13584997173778568,0.03102416557772989,0.030714859295012255
12,0.0,0.5555555555555556,0.2,4,0.5,1.0,spiral,0.13859983437039364,0.13584997173778568,0.03102416557772989,0.030714859295012255
12,0.0,0.5555555555555556,0.2,5,0.5,1.0,spiral,0.13859983437039364,0.13584997173778568,0.03102416557772989,0.030714859295012255
12,0.0,0.5555555555555556,0.2,6,0.5,1.0,spiral,0.13859983437039364,0.13584997173778568,0.03102416557772989,0.030714859295012255
12,0.0,0.5555555555555556,0.3,1,0.5,1.0,spiral,0.13827982282610093,0.13250069859487235,0.03098832921284203,0.030333871171384787
12,0.0,0.5555555555555556,0.3,2,0.5,1.0,spiral,0.13827982282610093,0.13250069859487235,0.03098832921284203,0.030333871171384787
12,0.0,0.5555555555555556,0.3,3,0.5,1.0,spiral,0.13827982282610093,0.13250069859487235,0.03098832921284203,0.030333871171384787
12,0.0,0.5555555555555556,0.3,4,0.5,1.0,spiral,0.13827982282610093,0.13250069859487235,0.03098832921284203,0.030333871171384787
12,0.0,0.5555555555555556,0.3,5,0.5,1.0,spiral,0.13827982282610093,0.13250069859487235,0.03098832921284203,0.030333871171384787
12,0.0,0.5555555555555556,0.3,6,0.5,1.0,spiral,0.13827982282610093,0.13250069859487235,0.03098832921284203,0.030333871171384787
12,0.0,0.5555555555555556,0.4,1,0.6666666666666666,1.0,spiral,0.13292381942146747,0.12558177427450357,0.030382265868689688,0.029531265714223164
12,0.0,0.5555555555555556,0.4,2,0.6666666666666666,1.0,spiral,0.13292381942146747,0.12558177427450357,0.030382265868689688,0.029531265714223164
12,0.0,0.5555555555555556,0.4,3,0.6666666666666666,1.0,spiral,0.13292381942146747,0.12558177427450357,0.030382265868689688,0.029531265714223164
12,0.0,0.5555555555555556,0.4,4,0.6666666666666666,1.0,spiral,0.13292381942146747,0.12558177427450357,0.030382265868689688,0.029531265714223164
12,0.0,0.5555555555555556,0.4,5,0.6666666666666666,1.0,spiral,0.13292381942146747,0.12558177427450357,0.030382265868689688,0.029531265714223164
12,0.0,0.5555555555555556,0.4,6,0.6666666666666666,1.0,spiral,0.13292381942146747,0.12558177427450357,0.030382265868689688,0.029531265714223164
12,0.0,0.5555555555555556,0.5,1,0.0,1.0,stripe,0.1296956127489146,0.11441933165803078,0.030011064250089804,0.028188272243428795
12,0.0,0.5555555555555556,0.5,2,0.0,1.0,stripe,0.1296956127489146,0.11441933165803078,0.030011064250089804,0.028188272243428795
12,0.0,0.5555555555555556,0.5,3,0.0,1.0,stripe,0.1296956127489146,0.11441933165803078,0.030011064250089804,0.028188272243428795
12,0.0,0.5555555555555556,0.5,4,0.0,1.0,stripe,0.1296956127489146,0.11441933165803078,0.030011064250089804,0.028188272243428795
12,0.0,0.5555555555555556,0.5,5,0.0,1.0,stripe,0.1296956127489146,0.11441933165803078,0.030011064250089804,0.028188272243428795
12,0.0,0.5555555555555556,0.5,6,0.0,1.0,stripe,0.1296956127489146,0.11441933165803078,0.030011064250089804,0.028188272243428795
12,0.0,0.5555555555555556,0.6,1,0.16666666666666666,1.0,spiral,0.13407963692444963,0.09559143879885448,0.030514071995607576,0.025764887659432092
12,0.0,0.5555555555555556,0.6,2,0.16666666666666666,1.0,spiral,0.13407963692444963,0.09559143879885448,0.030514071995607576,0.025764887659432092
12,0.0,0.5555555555555556,0.6,3,0.16666666666666666,1.0,spiral,0.13407963692444963,0.09559143879885448,0.030514071995607576,0.025764887659432092
12,0.0,0.5555555555555556,0.6,4,0.16666666666666666,1.0,spiral,0.13407963692444963,0.09559143879885448,0.030514071995607576,0.025764887659432092
12,0.0,0.5555555555555556,0.6,5,0.16666666666666666,1.0,spiral,0.13407963692444963,0.09559143879885448,0.030514071995607576,0.025764887659432092
12,0.0,0.5555555555555556,0.6,6,0.16666666666666666,1.0,spiral,0.13407963692444963,0.09559143879885448,0.030514071995607576,0.025764887659432092
12,0.0,0.5555555555555556,0.7,1,0.0,1.0,stripe,0.1330135647957465,0.08179708331218107,0.03039252064376321,0.02383349115801198
12,0.0,0.5555555555555556,0.7,2,0.0,1.0,stripe,0.1330135647957465,0.08179708331218107,0.03039252064376321,0.02383349115801198
12,0.0,0.5555555555555556,0.7,3,0.0,1.0,stripe,0.1330135647957465,0.08179708331218107,0.03039252064376321,0.02383349115801198
12,0.0,0.5555555555555556,0.7,4,0.0,1.0,stripe,0.1330135647957465,0.08179708331218107,0.03039252064376321,0.02383349115801198
12,0.0,0.5555555555555556,0.7,5,0.0,1.0,stripe,0.1330135647957465,0.08179708331218107,0.03039252064376321,0.02383349115801198
12,0.0,0.5555555555555556,0.7,6,0.0,1.0,stripe,0.1330135647957465,0.08179708331218107,0.03039252064376321,0.02383349115801198
12,0.0,0.6666666666666666,0.0,1,0.8333333333333334,1.0,spiral,0.16666666666666674,0.16666666666666674,0.03402069087198859,0.03402069087198859
12,0.0,0.6666666666666666,0.0,2,0.8333333333333334,1.0,spiral,0.16666666666666674,0.16666666666666674,0.03402069087198859,0.03402069087198859
12,0.0,0.6666666666666666,0.0,3,0.8333333333333334,1.0,spiral,0.16666666666666674,0.16666666666666674,0.03402069087198859,0.03402069087198859
12,0.0,0.6666666666666666,0.0,4,0.8333333333333334,1.0,spiral,0.16666666666666674,0.16666666666666674,0.03402069087198859,0.03402069087198859
12,0.0,0.6666666666666666,0.0,5,0.8333333333333334,1.0,spiral,0.16666666666666674,0.16666666666666674,0.03402069087198859,0.03402069087198859
12,0.0,0.6666666666666666,0.0,6,0.8333333333333334,1.0,spiral,0.16666666666666674,0.16666666666666674,0.03402069087198859,0.03402069087198859
12,0.0,0.6666666666666666,0.1,1,1.0,0.8333333333333334,spiral,0.16610332986715456,0.16563689111768995,0.033963146884523,0.03391542699594524
12,0.0,0.6666666666666666,0.1,2,1.0,0.8333333333333334,spiral,0.16610332986715456,0.16563689111768995,0.033963146884523,0.03391542699594524
12,0.0,0.6666666666666666,0.1,3,1.0,0.8333333333333334,spiral,0.16610332986715456,0.16563689111768995,0.033963146884523,0.03391542699594524
12,0.0,0.6666666666666666,0.1,4,1.0,0.8333333333333334,spiral,0.16610332986715456,0.16563689111768995,0.033963146884523,0.03391542699594524
12,0.0,0.6666666666666666,0.1,5,1.0,0.8333333333333334,spiral,0.16610332986715456,0.16563689111768995,0.033963146884523,0.03391542699594524
12,0.0,0.6666666666666666,0.1,6,1.0,0.8333333333333334,spiral,0.16610332986715456,0.16563689111768995,0.033963146884523,0.03391542699594524
12,0.0,0.6666666666666666,0.2,1,1.0,0.6666666666666666,spiral,0.16512512639162244,0.15980817574506118,0.033862992581998555,0.033313345647496766
12,0.0,0.6666666666666666,0.2,2,1.0,0.6666666666666666,spiral,0.16512512639162244,0.15980817574506118,0.033862992581998555,0.033313345647496766
12,0.0,0.6666666666666666,0.2,3,1.0,0.6666666666666666,spiral,0.16512512639162244,0.15980817574506118,0.033862992581998555,0.033313345647496766
12,0.0,0.6666666666666666,0.2,4,1.0,0.6666666666666666,spiral,0.16512512639162244,0.15980817574506118,0.033862992581998555,0.033313345647496766
12,0.0,0.6666666666666666,0.2,5,1.0,0.6666666666666666,spiral,0.16512512639162244,0.15980817574506118,0.033862992581998555,0.033313345647496766
12,0.0,0.6666666666666666,0.2,6,1.0,0.6666666666666666,spiral,0.16512512639162244,0.15980817574506118,0.033862992581998555,0.033313345647496766
12,0.0,0.6666666666666666,0.3,1,1.0,0.8333333333333334,spiral,0.1561382444872328,0.14852505546196948,0.032928610120906594,0.032115790450550595
12,0.0,0.6666666666666666,0.3,2,1.0,0.8333333333333334,spiral,0.1561382444872328,0.14852505546196948,0.032928610120906594,0.032115790450550595
12,0.0,0.6666666666666666,0.3,3,1.0,0.8333333333333334,spiral,0.1561382444872328,0.14852505546196948,0.032928610120906594,0.032115790450550595
12,0.0,0.6666666666666666,0.3,4,1.0,0.8333333333333334,spiral,0.1561382444872328,0.14852505546196948,0.032928610120906594,0.032115790450550595
12,0.0,0.6666666666666666,0.3,5,1.0,0.8333333333333334,spiral,0.1561382444872328,0.14852505546196948,0.032928610120906594,0.032115790450550595
12,0.0,0.6666666666666666,0.3,6,1.0,0.8333333333333334,spiral,0.1561382444872328,0.14852505546196948,0.032928610120906594,0.032115790450550595
12,0.0,0.6666666666666666,0.4,1,0.6666666666666666,1.0,spiral,0.145560015871685,0.1363773093487204,0.0317936069604153,0.030774415481938933
12,0.0,0.6666666666666666,0.4,2,0.6666666666666666,1.0,spiral,0.145560015871685,0.1363773093487204,0.0317936069604153,0.030774415481938933
12,0.0,0.6666666666666666,0.4,3,0.6666666666666666,1.0,spiral,0.145560015871685,0.1363773093487204,0.0317936069604153,0.030774415481938933
12,0.0,0.6666666666666666,0.4,4,0.6666666666666666,1.0,spiral,0.145560015871685,0.1363773093487204,0.0317936069604153,0.030774415481938933
12,0.0,0.6666666666666666,0.4,5,0.6666666666666666,1.0,spiral,0.145560015871685,0.1363773093487204,0.0317936069604153,0.030774415481938933
12,0.0,0.6666666666666666,0.4,6,0.6666666666666666,1.0,spiral,0.145560015871685,0.1363773093487204,0.0317936069604153,0.030774415481938933
12,0.0,0.6666666666666666,0.5,1,0.0,1.0,stripe,0.14444444444444454,0.12065248678266513,0.03167153958608718,0.02894588902670439
12,0.0,0.6666666666666666,0.5,2,0.0,1.0,stripe,0.14444444444444454,0.12065248678266513,0.03167153958608718,0.02894588902670439
12,0.0,0.6666666666666666,0.5,3,0.0,1.0,stripe,0.14444444444444454,0.12065248678266513,0.03167153958608718,0.02894588902670439
12,0.0,0.6666666666666666,0.5,4,0.0,1.0,stripe,0.14444444444444454,0.12065248678266513,0.03167153958608718,0.02894588902670439
12,0.0,0.6666666666666666,0.5,5,0.0,1.0,stripe,0.14444444444444454,0.12065248678266513,0.03167153958608718,0.02894588902670439
12,0.0,0.6666666666666666,0.5,6,0.0,1.0,stripe,0.14444444444444454,0.12065248678266513,0.03167153958608718,0.02894588902670439
12,0.0,0.6666666666666666,0.6,1,0.16666666666666666,1.0,spiral,0.15115050108172315,0.10413673879341392,0.03239839899612273,0.02689185373261735
12,0.0,0.6666666666666666,0.6,2,0.16666666666666666,1.0,spiral,0.15115050108172315,0.10413673879341392,0.03239839899612273,0.02689185373261735
12,0.0,0.6666666666666666,0.6,3,0.16666666666666666,1.0,spiral,0.15115050108172315,0.10413673879341392,0.03239839899612273,0.02689185373261735
12,0.0,0.6666666666666666,0.6,4,0.16666666666666666,1.0,spiral,0.15115050108172315,0.10413673879341392,0.03239839899612273,0.02689185373261735
12,0.0,0.6666666666666666,0.6,5,0.16666666666666666,1.0,spiral,0.15115050108172315,0.10413673879341392,0.03239839899612273,0.02689185373261735
12,0.0,0.6666666666666666,0.6,6,0.16666666666666666,1.0,spiral,0.15115050108172315,0.10413673879341392,0.03239839899612273,0.02689185373261735
12,0.0,0.6666666666666666,0.7,1,1.0,0.16666666666666666,spiral,0.1529563939910565,0.09871794151387947,0.03259136665581006,0.026182842865377545
12,0.0,0.6666666666666666,0.7,2,1.0,0.16666666666666666,spiral,0.1529563939910565,0.09871794151387947,0.03259136665581006,0.026182842865377545
12,0.0,0.6666666666666666,0.7,3,1.0,0.16666666666666666,spiral,0.1529563939910565,0.09871794151387947,0.03259136665581006,0.026182842865377545
12,0.0,0.6666666666666666,0.7,4,1.0,0.16666666666666666,spiral,0.1529563939910565,0.09871794151387947,0.03259136665581006,0.026182842865377545
12,0.0,0.6666666666666666,0.7,5,1.0,0.16666666666666666,spiral,0.1529563939910565,0.09871794151387947,0.03259136665581006,0.026182842865377545
12,0.0,0.6666666666666666,0.7,6,1.0,0.16666666666666666,spiral,0.1529563939910565,0.09871794151387947,0.03259136665581006,0.026182842865377545
12,0.0,0.7777777777777778,0.0,1,0.8333333333333334,1.0,spiral,0.1875,0.1875,0.03608439182435161,0.03608439182435161
12,0.0,0.7777777777777778,0.0,2,0.8333333333333334,1.0,spiral,0.1875,0.1875,0.03608439182435161,0.03608439182435161
12,0.0,0.7777777777777778,0.0,3,0.8333333333333334,1.0,spiral,0.1875,0.1875,0.03608439182435161,0.03608439182435161
12,0.0,0.7777777777777778,0.0,4,0.8333333333333334,1.0,spiral,0.1875,0.1875,0.03608439182435161,0.03608439182435161
12,0.0,0.7777777777777778,0.0,5,0.8333333333333334,1.0,spiral,0.1875,0.1875,0.03608439182435161,0.03608439182435161
12,0.0,0.7777777777777778,0.0,6,0.8333333333333334,1.0,spiral,0.1875,0.1875,0.03608439182435161,0.03608439182435161
12,0.0,0.7777777777777778,0.1,1,1.0,0.8333333333333334,spiral,0.1863560834498125,0.18522811064052908,0.03597415000248756,0.035865112907846296
12,0.0,0.7777777777777778,0.1,2,1.0,0.8333333333333334,spiral,0.1863560834498125,0.18522811064052908,0.03597415000248756,0.035865112907846296
12,0.0,0.7777777777777778,0.1,3,1.0,0.8333333333333334,spiral,0.1863560834498125,0.18522811064052908,0.03597415000248756,0.035865112907846296
12,0.0,0.7777777777777778,0.1,4,1.0,0.8333333333333334,spiral,0.1863560834498125,0.18522811064052908,0.03597415000248756,0.035865112907846296
12,0.0,0.7777777777777778,0.1,5,1.0,0.8333333333333334,spiral,0.1863560834498125,0.18522811064052908,0.03597415000248756,0.035865112907846296
12,0.0,0.7777777777777778,0.1,6,1.0,0.8333333333333334,spiral,0.1863560834498125,0.18522811064052908,0.03597415000248756,0.035865112907846296
12,0.0,0.7777777777777778,0.2,1,0.8333333333333334,1.0,spiral,0.1890660825839599,0.18518976228402637,0.03623477482796126,0.03586140008227919
12,0.0,0.7777777777777778,0.2,2,0.8333333333333334,1.0,spiral,0.1890660825839599,0.18518976228402637,0.03623477482796126,0.03586140008227919
12,0.0,0.7777777777777778,0.2,3,0.8333333333333334,1.0,spiral,0.1890660825839599,0.18518976228402637,0.03623477482796126,0.03586140008227919
12,0.0,0.7777777777777778,0.2,4,0.8333333333333334,1.0,spiral,0.1890660825839599,0.18518976228402637,0.03623477482796126,0.03586140008227919
12,0.0,0.7777777777777778,0.2,5,0.8333333333333334,1.0,spiral,0.1890660825839599,0.18518976228402637,0.03623477482796126,0.03586140008227919
12,0.0,0.7777777777777778,0.2,6,0.8333333333333334,1.0,spiral,0.1890660825839599,0.18518976228402637,0.03623477482796126,0.03586140008227919
12,0.0,0.7777777777777778,0.3,1,1.0,0.8333333333333334,spiral,0.179283531533934,0.16565201961043657,0.035284905052177885,0.033916975798185464
12,0.0,0.7777777777777778,0.3,2,1.0,0.8333333333333334,spiral,0.179283531533934,0.16565201961043657,0.035284905052177885,0.033916975798185464
12,0.0,0.7777777777777778,0.3,3,1.0,0.8333333333333334,spiral,0.179283531533934,0.16565201961043657,0.035284905052177885,0.033916975798185464
12,0.0,0.7777777777777778,0.3,4,1.0,0.8333333333333334,spiral,0.179283531533934,0.16565201961043657,0.035284905052177885,0.033916975798185464
12,0.0,0.7777777777777778,0.3,5,1.0,0.8333333333333334,spiral,0.179283531533934,0.16565201961043657,0.035284905052177885,0.033916975798185464
12,0.0,0.7777777777777778,0.3,6,1.0,0.8333333333333334,spiral,0.179283531533934,0.16565201961043657,0.035284905052177885,0.033916975798185464
12,0.0,0.7777777777777778,0.4,1,1.0,0.8333333333333334,spiral,0.16123013667532332,0.15288520306171144,0.03346122721766145,0.032583781226856755
12,0.0,0.7777777777777778,0.4,2,1.0,0.8333333333333334,spiral,0.16123013667532332,0.15288520306171144,0.03346122721766145,0.032583781226856755
12,0.0,0.7777777777777778,0.4,3,1.0,0.8333333333333334,spiral,0.16123013667532332,0.15288520306171144,0.03346122721766145,0.032583781226856755
12,0.0,0.7777777777777778,0.4,4,1.0,0.8333333333333334,spiral,0.16123013667532332,0.15288520306171144,0.03346122721766145,0.032583781226856755
12,0.0,0.7777777777777778,0.4,5,1.0,0.8333333333333334,spiral,0.16123013667532332,0.15288520306171144,0.03346122721766145,0.032583781226856755
12,0.0,0.7777777777777778,0.4,6,1.0,0.8333333333333334,spiral,0.16123013667532332,0.15288520306171144,0.03346122721766145,0.032583781226856755
12,0.0,0.7777777777777778,0.5,1,1.0,0.0,stripe,0.1558046899900269,0.13039635452581144,0.03289341900471326,0.03009202950554481
12,0.0,0.7777777777777778,0.5,2,1.0,0.0,stripe,0.1558046899900269,0.13039635452581144,0.03289341900471326,0.03009202950554481
12,0.0,0.7777777777777778,0.5,3,1.0,0.0,stripe,0.1558046899900269,0.13039635452581144,0.03289341900471326,0.03009202950554481
12,0.0,0.7777777777777778,0.5,4,1.0,0.0,stripe,0.1558046899900269,0.13039635452581144,0.03289341900471326,0.03009202950554481
12,0.0,0.7777777777777778,0.5,5,1.0,0.0,stripe,0.1558046899900269,0.13039635452581144,0.03289341900471326,0.03009202950554481
12,0.0,0.7777777777777778,0.5,6,1.0,0.0,stripe,0.1558046899900269,0.13039635452581144,0.03289341900471326,0.03009202950554481
12,0.0,0.7777777777777778,0.6,1,1.0,0.0,stripe,0.15958339030739926,0.1249601364514965,0.03328990820422652,0.02945808421057986
12,0.0,0.7777777777777778,0.6,2,1.0,0.0,stripe,0.15958339030739926,0.1249601364514965,0.03328990820422652,0.02945808421057986
12,0.0,0.7777777777777778,0.6,3,1.0,0.0,stripe,0.15958339030739926,0.1249601364514965,0.03328990820422652,0.02945808421057986
12,0.0,0.7777777777777778,0.6,4,1.0,0.0,stripe,0.15958339030739926,0.1249601364514965,0.03328990820422652,0.02945808421057986
12,0.0,0.7777777777777778,0.6,5,1.0,0.0,stripe,0.15958339030739926,0.1249601364514965,0.03328990820422652,0.02945808421057986
12,0.0,0.7777777777777778,0.6,6,1.0,0.0,stripe,0.15958339030739926,0.1249601364514965,0.03328990820422652,0.02945808421057986
12,0.0,0.7777777777777778,0.7,1,0.0,1.0,stripe,0.16195054817201887,0.11753786850966579,0.03353589993615661,0.028569830205722086
12,0.0,0.7777777777777778,0.7,2,0.0,1.0,stripe,0.16195054817201887,0.11753786850966579,0.03353589993615661,0.028569830205722086
12,0.0,0.7777777777777778,0.7,3,0.0,1.0,stripe,0.16195054817201887,0.11753786850966579,0.03353589993615661,0.028569830205722086
12,0.0,0.7777777777777778,0.7,4,0.0,1.0,stripe,0.16195054817201887,0.11753786850966579,0.03353589993615661,0.028569830205722086
12,0.0,0.7777777777777778,0.7,5,0.0,1.0,stripe,0.16195054817201887,0.11753786850966579,0.03353589993615661,0.028569830205722086
12,0.0,0.7777777777777778,0.7,6,0.0,1.0,stripe,0.16195054817201887,0.11753786850966579,0.03353589993615661,0.028569830205722086
12,0.0,0.8888888888888888,0.0,1,1.0,1.0,Neel,0.2137178321802741,0.2137178321802741,0.038524688348681224,0.038524688348681224
12,0.0,0.8888888888888888,0.0,2,1.0,1.0,Neel,0.2137178321802741,0.2137178321802741,0.038524688348681224,0.038524688348681224
12,0.0,0.8888888888888888,0.0,3,1.0,1.0,Neel,0.2137178321802741,0.2137178321802741,0.038524688348681224,0.038524688348681224
12,0.0,0.8888888888888888,0.0,4,1.0,1.0,Neel,0.2137178321802741,0.2137178321802741,0.038524688348681224,0.038524688348681224
12,0.0,0.8888888888888888,0.0,5,1.0,1.0,Neel,0.2137178321802741,0.2137178321802741,0.038524688348681224,0.038524688348681224
12,0.0,0.8888888888888888,0.0,6,1.0,1.0,Neel,0.2137178321802741,0.2137178321802741,0.038524688348681224,0.038524688348681224
12,0.0,0.8888888888888888,0.1,1,1.0,1.0,Neel,0.20961509087852623,0.20961509087852623,0.03815311721633108,0.03815311721633108
12,0.0,0.8888888888888888,0.1,2,1.0,1.0,Neel,0.20961509087852623,0.20961509087852623,0.03815311721633108,0.03815311721633108
12,0.0,0.8888888888888888,0.1,3,1.0,1.0,Neel,0.20961509087852623,0.20961509087852623,0.03815311721633108,0.03815311721633108
12,0.0,0.8888888888888888,0.1,4,1.0,1.0,Neel,0.20961509087852623,0.20961509087852623,0.03815311721633108,0.03815311721633108
12,0.0,0.8888888888888888,0.1,5,1.0,1.0,Neel,0.20961509087852623,0.20961509087852623,0.03815311721633108,0.03815311721633108
12,0.0,0.8888888888888888,0.1,6,1.0,1.0,Neel,0.20961509087852623,0.20961509087852623,0.03815311721633108,0.03815311721633108
12,0.0,0.8888888888888888,0.2,1,0.8333333333333334,1.0,spiral,0.202626349684441,0.19666987987365656,0.03751169722052274,0.03695623160818985
12,0.0,0.8888888888888888,0.2,2,0.8333333333333334,1.0,spiral,0.202626349684441,0.19666987987365656,0.03751169722052274,0.03695623160818985
12,0.0,0.8888888888888888,0.2,3,0.8333333333333334,1.0,spiral,0.202626349684441,0.19666987987365656,0.03751169722052274,0.03695623160818985
12,0.0,0.8888888888888888,0.2,4,0.8333333333333334,1.0,spiral,0.202626349684441,0.19666987987365656,0.03751169722052274,0.03695623160818985
12,0.0,0.8888888888888888,0.2,5,0.8333333333333334,1.0,spiral,0.202626349684441,0.19666987987365656,0.03751169722052274,0.03695623160818985
12,0.0,0.8888888888888888,0.2,6,0.8333333333333334,1.0,spiral,0.202626349684441,0.19666987987365656,0.03751169722052274,0.03695623160818985
12,0.0,0.8888888888888888,0.3,1,1.0,1.1666666666666667,spiral,0.19308728546598425,0.1895073566003803,0.03661808196570532,0.03627703556969427
12,0.0,0.8888888888888888,0.3,2,1.0,1.1666666666666667,spiral,0.19308728546598425,0.1895073566003803,0.03661808196570532,0.03627703556969427
12,0.0,0.8888888888888888,0.3,3,1.0,1.1666666666666667,spiral,0.19308728546598425,0.1895073566003803,0.03661808196570532,0.03627703556969427
12,0.0,0.8888888888888888,0.3,4,1.0,1.1666666666666667,spiral,0.19308728546598425,0.1895073566003803,0.03661808196570532,0.03627703556969427
12,0.0,0.8888888888888888,0.3,5,1.0,1.1666666666666667,spiral,0.19308728546598425,0.1895073566003803,0.03661808196570532,0.03627703556969427
12,0.0,0.8888888888888888,0.3,6,1.0,1.1666666666666667,spiral,0.19308728546598425,0.1895073566003803,0.03661808196570532,0.03627703556969427
12,0.0,0.8888888888888888,0.4,1,0.8333333333333334,1.0,spiral,0.16216025286275132,0.15957775834653054,0.033557605205116164,0.03328932077117919
12,0.0,0.8888888888888888,0.4,2,0.8333333333333334,1.0,spiral,0.16216025286275132,0.15957775834653054,0.033557605205116164,0.03328932077117919
12,0.0,0.8888888888888888,0.4,3,0.8333333333333334,1.0,spiral,0.16216025286275132,0.15957775834653054,0.033557605205116164,0.03328932077117919
12,0.0,0.8888888888888888,0.4,4,0.8333333333333334,1.0,spiral,0.16216025286275132,0.15957775834653054,0.033557605205116164,0.03328932077117919
12,0.0,0.8888888888888888,0.4,5,0.8333333333333334,1.0,spiral,0.16216025286275132,0.15957775834653054,0.033557605205116164,0.03328932077117919
12,0.0,0.8888888888888888,0.4,6,0.8333333333333334,1.0,spiral,0.16216025286275132,0.15957775834653054,0.033557605205116164,0.03328932077117919
12,0.0,0.8888888888888888,0.5,1,0.0,1.0,stripe,0.1576007326007325,0.14611776959304415,0.03308246562681704,0.03185446174847456
12,0.0,0.8888888888888888,0.5,2,0.0,1.0,stripe,0.1576007326007325,0.14611776959304415,0.03308246562681704,0.03185446174847456
12,0.0,0.8888888888888888,0.5,3,0.0,1.0,stripe,0.1576007326007325,0.14611776959304415,0.03308246562681704,0.03185446174847456
12,0.0,0.8888888888888888,0.5,4,0.0,1.0,stripe,0.1576007326007325,0.14611776959304415,0.03308246562681704,0.03185446174847456
12,0.0,0.8888888888888888,0.5,5,0.0,1.0,stripe,0.1576007326007325,0.14611776959304415,0.03308246562681704,0.03185446174847456
12,0.0,0.8888888888888888,0.5,6,0.0,1.0,stripe,0.1576007326007325,0.14611776959304415,0.03308246562681704,0.03185446174847456
12,0.0,0.8888888888888888,0.6,1,0.0,1.0,stripe,0.16221253905529487,0.13996276391575604,0.03356301484762312,0.031176331379812176
12,0.0,0.8888888888888888,0.6,2,0.0,1.0,stripe,0.16221253905529487,0.13996276391575604,0.03356301484762312,0.031176331379812176
12,0.0,0.8888888888888888,0.6,3,0.0,1.0,stripe,0.16221253905529487,0.13996276391575604,0.03356301484762312,0.031176331379812176
12,0.0,0.8888888888888888,0.6,4,0.0,1.0,stripe,0.16221253905529487,0.13996276391575604,0.03356301484762312,0.031176331379812176
12,0.0,0.8888888888888888,0.6,5,0.0,1.0,stripe,0.16221253905529487,0.13996276391575604,0.03356301484762312,0.031176331379812176
12,0.0,0.8888888888888888,0.6,6,0.0,1.0,stripe,0.16221253905529487,0.13996276391575604,0.03356301484762312,0.031176331379812176
12,0.0,0.8888888888888888,0.7,1,0.0,1.0,stripe,0.1677929411610875,0.12693240720219812,0.03413544723689888,0.02968964550167726
12,0.0,0.8888888888888888,0.7,2,0.0,1.0,stripe,0.1677929411610875,0.12693240720219812,0.03413544723689888,0.02968964550167726
12,0.0,0.8888888888888888,0.7,3,0.0,1.0,stripe,0.1677929411610875,0.12693240720219812,0.03413544723689888,0.02968964550167726
12,0.0,0.8888888888888888,0.7,4,0.0,1.0,stripe,0.1677929411610875,0.12693240720219812,0.03413544723689888,0.02968964550167726
12,0.0,0.8888888888888888,0.7,5,0.0,1.0,stripe,0.1677929411610875,0.12693240720219812,0.03413544723689888,0.02968964550167726
12,0.0,0.8888888888888888,0.7,6,0.0,1.0,stripe,0.1677929411610875,0.12693240720219812,0.03413544723689888,0.02968964550167726
12,0.0,1.0,0.0,1,0.8333333333333334,1.0,spiral,0.20833333333333326,0.20833333333333326,0.03803628871563653,0.03803628871563653
12,0.0,1.0,0.0,2,0.8333333333333334,1.0,spiral,0.20833333333333326,0.20833333333333326,0.03803628871563653,0.03803628871563653
12,0.0,1.0,0.0,3,0.8333333333333334,1.0,spiral,0.20833333333333326,0.20833333333333326,0.03803628871563653,0.03803628871563653
12,0.0,1.0,0.0,4,0.8333333333333334,1.0,spiral,0.20833333333333326,0.20833333333333326,0.03803628871563653,0.03803628871563653
12,0.0,1.0,0.0,5,0.8333333333333334,1.0,spiral,0.20833333333333326,0.20833333333333326,0.03803628871563653,0.03803628871563653
12,0.0,1.0,0.0,6,0.8333333333333334,1.0,spiral,0.20833333333333326,0.20833333333333326,0.03803628871563653,0.03803628871563653
12,0.0,1.0,0.1,1,0.8333333333333334,1.0,spiral,0.20589523702892895,0.2030906745557592,0.03781306698646802,0.03755465226356405
12,0.0,1.0,0.1,2,0.8333333333333334,1.0,spiral,0.20589523702892895,0.2030906745557592,0.03781306698646802,0.03755465226356405
12,0.0,1.0,0.1,3,0.8333333333333334,1.0,spiral,0.20589523702892895,0.2030906745557592,0.03781306698646802,0.03755465226356405
12,0.0,1.0,0.1,4,0.8333333333333334,1.0,spiral,0.20589523702892895,0.2030906745557592,0.03781306698646802,0.03755465226356405
12,0.0,1.0,0.1,5,0.8333333333333334,1.0,spiral,0.20589523702892895,0.2030906745557592,0.03781306698646802,0.03755465226356405
12,0.0,1.0,0.1,6,0.8333333333333334,1.0,spiral,0.20589523702892895,0.2030906745557592,0.03781306698646802,0.03755465226356405
12,0.0,1.0,0.2,1,1.0,1.0,Neel,0.1946755413612833,0.1946755413612833,0.0367683761087647,0.0367683761087647
12,0.0,1.0,0.2,2,1.0,1.0,Neel,0.1946755413612833,0.1946755413612833,0.0367683761087647,0.0367683761087647
12,0.0,1.0,0.2,3,1.0,1.0,Neel,0.1946755413612833,0.1946755413612833,0.0367683761087647,0.0367683761087647
12,0.0,1.0,0.2,4,1.0,1.0,Neel,0.1946755413612833,0.1946755413612833,0.0367683761087647,0.0367683761087647
12,0.0,1.0,0.2,5,1.0,1.0,Neel,0.1946755413612833,0.1946755413612833,0.0367683761087647,0.0367683761087647
12,0.0,1.0,0.2,6,1.0,1.0,Neel,0.1946755413612833,0.1946755413612833,0.0367683761087647,0.0367683761087647
12,0.0,1.0,0.3,1,1.0,1.0,Neel,0.1832683177782343,0.1832683177782343,0.035674874228758514,0.035674874228758514
12,0.0,1.0,0.3,2,1.0,1.0,Neel,0.1832683177782343,0.1832683177782343,0.035674874228758514,0.035674874228758514
12,0.0,1.0,0.3,3,1.0,1.0,Neel,0.1832683177782343,0.1832683177782343,0.035674874228758514,0.035674874228758514
12,0.0,1.0,0.3,4,1.0,1.0,Neel,0.1832683177782343,0.1832683177782343,0.035674874228758514,0.035674874228758514
12,0.0,1.0,0.3,5,1.0,1.0,Neel,0.1832683177782343,0.1832683177782343,0.035674874228758514,0.035674874228758514
12,0.0,1.0,0.3,6,1.0,1.0,Neel,0.1832683177782343,0.1832683177782343,0.035674874228758514,0.035674874228758514
12,0.0,1.0,0.4,1,1.0,1.0,Neel,0.16999442501319992,0.16999442501319992,0.03435865015348309,0.03435865015348309
12,0.0,1.0,0.4,2,1.0,1.0,Neel,0.16999442501319992,0.16999442501319992,0.03435865015348309,0.03435865015348309
12,0.0,1.0,0.4,3,1.0,1.0,Neel,0.16999442501319992,0.16999442501319992,0.03435865015348309,0.03435865015348309
12,0.0,1.0,0.4,4,1.0,1.0,Neel,0.16999442501319992,0.16999442501319992,0.03435865015348309,0.03435865015348309
12,0.0,1.0,0.4,5,1.0,1.0,Neel,0.16999442501319992,0.16999442501319992,0.03435865015348309,0.03435865015348309
12,0.0,1.0,0.4,6,1.0,1.0,Neel,0.16999442501319992,0.16999442501319992,0.03435865015348309,0.03435865015348309
12,0.0,1.0,0.5,1,1.0,1.0,Neel,0.1600066584819333,0.1600066584819333,0.03333402691798549,0.03333402691798549
12,0.0,1.0,0.5,2,1.0,1.0,Neel,0.1600066584819333,0.1600066584819333,0.03333402691798549,0.03333402691798549
12,0.0,1.0,0.5,3,1.0,1.0,Neel,0.1600066584819333,0.1600066584819333,0.03333402691798549,0.03333402691798549
12,0.0,1.0,0.5,4,1.0,1.0,Neel,0.1600066584819333,0.1600066584819333,0.03333402691798549,0.03333402691798549
12,0.0,1.0,0.5,5,1.0,1.0,Neel,0.1600066584819333,0.1600066584819333,0.03333402691798549,0.03333402691798549
12,0.0,1.0,0.5,6,1.0,1.0,Neel,0.1600066584819333,0.1600066584819333,0.03333402691798549,0.03333402691798549
12,0.0,1.0,0.6,1,0.0,1.0,stripe,0.16399028944417107,0.15154343716770108,0.03374642876621777,0.03244048366364561
12,0.0,1.0,0.6,2,0.0,1.0,stripe,0.16399028944417107,0.15154343716770108,0.03374642876621777,0.03244048366364561
12,0.0,1.0,0.6,3,0.0,1.0,stripe,0.16399028944417107,0.15154343716770108,0.03374642876621777,0.03244048366364561
12,0.0,1.0,0.6,4,0.0,1.0,stripe,0.16399028944417107,0.15154343716770108,0.03374642876621777,0.03244048366364561
12,0.0,1.0,0.6,5,0.0,1.0,stripe,0.16399028944417107,0.15154343716770108,0.03374642876621777,0.03244048366364561
12,0.0,1.0,0.6,6,0.0,1.0,stripe,0.16399028944417107,0.15154343716770108,0.03374642876621777,0.03244048366364561
12,0.0,1.0,0.7,1,0.0,1.0,stripe,0.16828488619368542,0.14433353269163465,0.03418545075045383,0.03165937774574009
12,0.0,1.0,0.7,2,0.0,1.0,stripe,0.16828488619368542,0.14433353269163465,0.03418545075045383,0.03165937774574009
12,0.0,1.0,0.7,3,0.0,1.0,stripe,0.16828488619368542,0.14433353269163465,0.03418545075045383,0.03165937774574009
12,0.0,1.0,0.7,4,0.0,1.0,stripe,0.16828488619368542,0.14433353269163465,0.03418545075045383,0.03165937774574009
12,0.0,1.0,0.7,5,0.0,1.0,stripe,0.16828488619368542,0.14433353269163465,0.03418545075045383,0.03165937774574009
12,0.0,1.0,0.7,6,0.0,1.0,stripe,0.16828488619368542,0.14433353269163465,0.03418545075045383,0.03165937774574009
12,2.0,0.5,0.0,1,1.0,1.5,spiral,0.14380912485539774,0.1321284804446651,0.03160181131141828,0.030291234573335584
12,2.0,0.5,0.0,2,0.5,1.0,spiral,0.14381241992767063,0.13203842482115513,0.03160217335261649,0.030280909921970082
12,2.0,0.5,0.0,3,1.0,0.5,spiral,0.1426741933355734,0.13321298377258806,0.03147686466716174,0.030415294920276822
12,2.0,0.5,0.0,4,0.5,1.0,spiral,0.14345700629363106,0.1334696273294805,0.031563098871505595,0.030444579353479023
12,2.0,0.5,0.0,5,1.0,0.5,spiral,0.14425387817187688,0.13169784788172842,0.03165064048104329,0.0302418317578079
12,2.0,0.5,0.0,6,1.0,0.5,spiral,0.1447240479240476,0.13218144253476768,0.031702178325529365,0.03029730490108353
12,2.0,0.5,0.1,1,1.0,0.5,spiral,0.14372650176984986,0.1308910313458182,0.031592731865653347,0.03014905463620826
12,2.0,0.5,0.1,2,0.5,1.0,spiral,0.14336820178730053,0.1310098029683758,0.03155332807188188,0.030162730287417595
12,2.0,0.5,0.1,3,1.0,0.5,spiral,0.14305929392872957,0.1317615086398839,0.03151931660029308,0.0302491400979575
12,2.0,0.5,0.1,4,0.5,1.0,spiral,0.14225902144020922,0.13253844286008934,0.03143103356736084,0.030338191330319363
12,2.0,0.5,0.1,5,1.0,1.5,spiral,0.14336784434169036,0.1311871553063251,0.03155328873747755,0.030183139529371027
12,2.0,0.5,0.1,6,0.5,1.0,spiral,0.1449509882543431,0.1308385041016963,0.031727024523261,0.030143004543814914
12,2.0,0.5,0.2,1,0.3333333333333333,1.0,spiral,0.14572069584742423,0.12862266996109512,0.031811150194833,0.029886669032211308
12,2.0,0.5,0.2,2,0.3333333333333333,1.0,spiral,0.14463791786390032,0.12926693171877263,0.03169274341495186,0.029961425630714068
12,2.0,0.5,0.2,3,0.3333333333333333,1.0,spiral,0.1448932693865999,0.1296414042967878,0.03172070711111538,0.030004791781293935
12,2.0,0.5,0.2,4,0.3333333333333333,1.0,spiral,0.14449326757058445,0.13022701450087162,0.03167689172315001,0.030072483558348885
12,2.0,0.5,0.2,5,0.3333333333333333,1.0,spiral,0.14690563058716194,0.12891018447278021,0.031940225268282385,0.029920053716434185
12,2.0,0.5,0.2,6,1.0,0.5,spiral,0.14516609474622885,0.12881394433370005,0.031750557163334074,0.029908882963011828
12,2.0,0.5,0.3,1,0.3333333333333333,1.0,spiral,0.1451790279629837,0.12527020188137267,0.0317519715007964,0.029494608956714994
12,2.0,0.5,0.3,2,0.3333333333333333,1.0,spiral,0.1465705788192883,0.1250443130117627,0.03190378099537128,0.029468004425205103
12,2.0,0.5,0.3,3,0.3333333333333333,1.0,spiral,0.1450304188552468,0.12561783077263902,0.03173571625936256,0.029535504854872812
12,2.0,0.5,0.3,4,0.3333333333333333,1.0,spiral,0.14476766932046684,0.1263589327029883,0.031706955655623675,0.029622501383495564
12,2.0,0.5,0.3,5,0.3333333333333333,1.0,spiral,0.14500419983189322,0.1254533383251432,0.03173284749189242,0.029516160630560506
12,2.0,0.5,0.3,6,1.0,0.5,spiral,0.14498788327020523,0.12490509225437234,0.03173106207626111,0.02945159544046293
12,2.0,0.5,0.4,1,1.0,0.3333333333333333,spiral,0.14608541795423752,0.12099740402497654,0.03185093513739666,0.028987234262230818
12,2.0,0.5,0.4,2,1.0,0.3333333333333333,spiral,0.14659996986723345,0.12184999122006986,0.031906979585981377,0.02908918174483116
12,2.0,0.5,0.4,3,1.0,0.3333333333333333,spiral,0.14488220082760633,0.12183522512696696,0.031719495497818925,0.029087419140766062
12,2.0,0.5,0.4,4,1.0,0.3333333333333333,spiral,0.14602782896594144,0.12229303378043517,0.03184465646850058,0.029142017415251124
12,2.0,0.5,0.4,5,1.0,0.3333333333333333,spiral,0.14596766598260472,0.12057351981730306,0.03183809584603674,0.028936414944536276
12,2.0,0.5,0.4,6,1.0,0.3333333333333333,spiral,0.1452473458396682,0.1211980443377428,0.031759441492044294,0.029011257912727077
12,2.0,0.5,0.5,1,1.0,0.0,stripe,0.1496955484107455,0.11885463647099812,0.032242090805638925,0.028729417326800885
12,2.0,0.5,0.5,2,0.0,1.0,stripe,0.1475969812211852,0.11792524768700345,0.03201529378684866,0.02861687144255546
12,2.0,0.5,0.5,3,0.0,1.0,stripe,0.14753244532677445,0.11784308474781338,0.03200829377403336,0.028606900482106557
12,2.0,0.5,0.5,4,0.0,1.0,stripe,0.14974080809005932,0.1188979909211727,0.032246964552460344,0.02873465664503656
12,2.0,0.5,0.5,5,0.0,1.0,stripe,0.1481244831976987,0.11763775030533008,0.03207245304663276,0.0285819667196782
12,2.0,0.5,0.5,6,0.0,1.0,stripe,0.14998989199773388,0.1176158525625163,0.03227377375217354,0.028579306393024362
12,2.0,0.5,0.6,1,0.0,1.0,stripe,0.14453557891157792,0.08852805814388089,0.03168152928753707,0.02479472084042747
12,2.0,0.5,0.6,2,0.16666666666666666,1.0,spiral,0.14469613924541716,0.08838523749191293,0.031699121443904354,0.024774712338826815
12,2.0,0.5,0.6,3,0.16666666666666666,1.0,spiral,0.1453379023251083,0.08885876932287665,0.03176934038296684,0.02484099005604288
12,2.0,0.5,0.6,4,1.0,0.16666666666666666,spiral,0.14480882198365266,0.08859396705856776,0.03171146195511839,0.024803948926555325
12,2.0,0.5,0.6,5,0.0,1.0,stripe,0.14479620882712377,0.08866272474103959,0.031710080857136544,0.024813572218792268
12,2.0,0.5,0.6,6,0.16666666666666666,1.0,spiral,0.14619145612672368,0.08867299151334562,0.0318624927669583,0.02481500883109096
12,2.0,0.5,0.7,1,1.0,0.3333333333333333,spiral,0.13858208022575416,0.07814653162502629,0.031022178471591784,0.023295584289646308
12,2.0,0.5,0.7,2,1.0,0.3333333333333333,spiral,0.13851521382094206,0.07760625037089756,0.031014693406349762,0.023214915339977965
12,2.0,0.5,0.7,3,1.0,0.3333333333333333,spiral,0.13796706389244556,0.07900983699581846,0.030953264938681432,0.023423907094719972
12,2.0,0.5,0.7,4,1.0,0.3333333333333333,spiral,0.1383517275094956,0.0783715120908994,0.03099638503894621,0.023329093675973717
12,2.0,0.5,0.7,5,0.0,1.0,stripe,0.1379903652778463,0.07841612020789626,0.030955878691140384,0.023335732050497427
12,2.0,0.5,0.7,6,0.16666666666666666,1.0,spiral,0.13805765067100695,0.07776487209056322,0.03096342495938274,0.023238628056798976
12,2.0,0.5555555555555556,0.0,1,1.0,0.5,spiral,0.16709584680308845,0.14983304234593461,0.03406446572341107,0.03225689443380182
12,2.0,0.5555555555555556,0.0,2,0.5,1.0,spiral,0.16663081306395158,0.14890112746083722,0.0340170313821653,0.032156424045078846
12,2.0,0.5555555555555556,0.0,3,0.5,1.0,spiral,0.1664920019764831,0.14991954032677296,0.03400285955871978,0.03226620397468415
12,2.0,0.5555555555555556,0.0,4,0.5,1.0,spiral,0.16684560878015064,0.15073352181009864,0.034038949175514636,0.0323536793599381
12,2.0,0.5555555555555556,0.0,5,1.0,0.5,spiral,0.1655884295398302,0.14906418707021457,0.033910465192653345,0.03217402625978569
12,2.0,0.5555555555555556,0.0,6,0.5,1.0,spiral,0.16757568446489798,0.1495842570307046,0.03411334095344864,0.03223010336181419
12,2.0,0.5555555555555556,0.1,1,1.0,0.5,spiral,0.16777489955138317,0.14910726907491356,0.03413361201377357,0.032178675335594015
12,2.0,0.5555555555555556,0.1,2,0.5,1.0,spiral,0.16621452604794126,0.14856329863641743,0.03397451312380491,0.032119924873262234
12,2.0,0.5555555555555556,0.1,3,0.5,1.0,spiral,0.16509225303286298,0.14948820966899484,0.033859621666446335,0.032219754299898026
12,2.0,0.5555555555555556,0.1,4,1.0,0.5,spiral,0.1651603582890535,0.14975309675959253,0.033866604975445525,0.032248287719358115
12,2.0,0.5555555555555556,0.1,5,1.0,0.5,spiral,0.16616840874519237,0.1478430085633977,0.03396979957186567,0.032041965599320515
12,2.0,0.5555555555555556,0.1,6,1.0,0.5,spiral,0.16921636420289526,0.14857301702829923,0.034279930576036524,0.03212097543189687
12,2.0,0.5555555555555556,0.2,1,0.5,1.0,spiral,0.16629293659381078,0.1452207550459813,0.033982525798993246,0.03175653421891458
12,2.0,0.5555555555555556,0.2,2,1.5,1.0,spiral,0.1675191631169729,0.14593236362527873,0.034107587449798395,0.03183424558305432
12,2.0,0.5555555555555556,0.2,3,1.0,0.5,spiral,0.1659478596498515,0.1464087965198104,0.03394724866631842,0.03188616868815999
12,2.0,0.5555555555555556,0.2,4,0.5,1.0,spiral,0.1675466836449626,0.14712478520029193,0.034110388980827404,0.031964040689879146
12,2.0,0.5555555555555556,0.2,5,0.5,1.0,spiral,0.16629494141471093,0.145588388650261,0.033982730644352345,0.03179670543842433
12,2.0,0.5555555555555556,0.2,6,1.0,0.5,spiral,0.16828183002484945,0.14548072433062567,0.03418514033344035,0.03178494624584989
12,2.0,0.5555555555555556,0.3,1,1.0,1.5,spiral,0.16841418072683817,0.14141667609705721,0.03419858069736453,0.03133784055537344
12,2.0,0.5555555555555556,0.3,2,0.5,1.0,spiral,0.16815594803971656,0.14109895117100185,0.03417235197004588,0.03130261694453679
12,2.0,0.5555555555555556,0.3,3,1.0,0.5,spiral,0.16825925953444468,0.14244327119538192,0.03418284774708378,0.03145138126221587
12,2.0,0.5555555555555556,0.3,4,0.5,1.0,spiral,0.16900371850574988,0.14227622051932876,0.034258384872432435,0.03143293351187581
12,2.0,0.5555555555555556,0.3,5,0.5,1.0,spiral,0.1672095690036544,0.14128539899578413,0.03407605555995849,0.03132329171938016
12,2.0,0.5555555555555556,0.3,6,1.0,0.5,spiral,0.16858993476044676,0.141511918081251,0.0342164205585043,0.03134839155908993
12,2.0,0.5555555555555556,0.4,1,1.0,1.5,spiral,0.15676384741652144,0.13215249628960576,0.03299451210855222,0.0302939873354073
12,2.0,0.5555555555555556,0.4,2,1.0,1.5,spiral,0.15637622193458023,0.1318109803706264,0.03295369456763243,0.03025481829976132
12,2.0,0.5555555555555556,0.4,3,1.0,0.5,spiral,0.15582344418754845,0.13319542216326213,0.03289539863419229,0.03041329001385904
12,2.0,0.5555555555555556,0.4,4,0.5,1.0,spiral,0.15533883879310093,0.1337157838022375,0.03284420703964705,0.0304726407119564
12,2.0,0.5555555555555556,0.4,5,1.0,0.5,spiral,0.1582425169992835,0.13254840156574163,0.03314975668161955,0.030339331088097606
12,2.0,0.5555555555555556,0.4,6,1.0,0.5,spiral,0.15852972049297126,0.13267978942462555,0.033179825749342695,0.03035436420944935
12,2.0,0.5555555555555556,0.5,1,0.16666666666666666,1.0,spiral,0.15855480805509228,0.12362990866442196,0.03318245102366823,0.029300870846987112
12,2.0,0.5555555555555556,0.5,2,0.0,1.0,stripe,0.1601207907670294,0.12214934938792907,0.03334591333105376,0.029124892630694923
12,2.0,0.5555555555555556,0.5,3,0.0,1.0,stripe,0.16104578828748287,0.12372113972545831,0.033442092185959095,0.029311679948900812
12,2.0,0.5555555555555556,0.5,4,0.0,1.0,stripe,0.16252214996603268,0.12325619947819151,0.033595030010862954,0.029256551910805607
12,2.0,0.5555555555555556,0.5,5,0.0,1.0,stripe,0.1619334829744567,0.12315584193476492,0.03353413300223378,0.0292446388646664
12,2.0,0.5555555555555556,0.5,6,0.0,1.0,stripe,0.16025278774786794,0.12323785091385346,0.03335965499795249,0.02925437418787116
12,2.0,0.5555555555555556,0.6,1,0.16666666666666666,1.0,spiral,0.16069439654307885,0.10057789658469048,0.03340558799552758,0.026428348703077566
12,2.0,0.5555555555555556,0.6,2,0.16666666666666666,1.0,spiral,0.16125259274389234,0.10079675976659468,0.03346355736966089,0.026457087866564786
12,2.0,0.5555555555555556,0.6,3,1.0,0.16666666666666666,spiral,0.16276663671136427,0.10075499159455596,0.03362028949981158,0.026451605653133058
12,2.0,0.5555555555555556,0.6,4,0.0,1.0,stripe,0.16213495916283358,0.10104268660593627,0.0335549879512505,0.026489343586663962
12,2.0,0.5555555555555556,0.6,5,0.16666666666666666,1.0,spiral,0.16198817955915581,0.09965461685236361,0.03353979596844991,0.026306766246797345
12,2.0,0.5555555555555556,0.6,6,0.16666666666666666,1.0,spiral,0.16276881274295507,0.10055697238786436,0.033620514234342584,0.02642559948703261
12,2.0,0.5555555555555556,0.7,1,0.0,1.0,stripe,0.15555132303693078,0.08508258735802726,0.03286666276167687,0.02430743304212544
12,2.0,0.5555555555555556,0.7,2,1.0,0.0,stripe,0.15659761137398834,0.08514718693677008,0.03297701339295849,0.02431665908966784
12,2.0,0.5555555555555556,0.7,3,1.0,0.0,stripe,0.15550424426773823,0.08555214137477746,0.0328616887148641,0.024374414718725024
12,2.0,0.5555555555555556,0.7,4,0.0,1.0,stripe,0.1572775164041502,0.08581761197028379,0.03304852455146554,0.02441220265937767
12,2.0,0.5555555555555556,0.7,5,0.0,1.0,stripe,0.15655208914419355,0.08518116902917945,0.03297221990894102,0.024321510973538803
12,2.0,0.5555555555555556,0.7,6,1.0,0.0,stripe,0.15569693697104023,0.0851518257553522,0.03288204265196366,0.024317321466416835
12,2.0,0.6666666666666666,0.0,1,1.0,0.6666666666666666,spiral,0.1989330898457538,0.19289837367975565,0.037168263217367485,0.03660016447289202
12,2.0,0.6666666666666666,0.0,2,1.0,0.6666666666666666,spiral,0.19856722224141893,0.1907143770356282,0.03713406849973737,0.036392381016920994
12,2.0,0.6666666666666666,0.0,3,1.0,0.6666666666666666,spiral,0.19755681830702845,0.19470561716255502,0.03703947015488159,0.03677121620787966
12,2.0,0.6666666666666666,0.0,4,1.0,0.6666666666666666,spiral,0.19872383829191437,0.19511771669523517,0.0371487100018959,0.03681010925977959
12,2.0,0.6666666666666666,0.0,5,0.6666666666666666,1.0,spiral,0.19681637953959294,0.1916351856701393,0.03696999341992632,0.0364801302147769
12,2.0,0.6666666666666666,0.0,6,1.0,0.6666666666666666,spiral,0.1973585819946352,0.19120504347489803,0.037020882057240044,0.03643916576856575
12,2.0,0.6666666666666666,0.1,1,0.6666666666666666,1.0,spiral,0.19845291209161325,0.19177386794162624,0.037123378386919814,0.03649332777120838
12,2.0,0.6666666666666666,0.1,2,0.6666666666666666,1.0,spiral,0.19736936499364965,0.1904559674893295,0.037021893390717854,0.036367717626248776
12,2.0,0.6666666666666666,0.1,3,0.6666666666666666,1.0,spiral,0.1983319699949678,0.19233123004083008,0.03711206471199462,0.03654632049810499
12,2.0,0.6666666666666666,0.1,4,0.6666666666666666,1.0,spiral,0.19925459824943012,0.1924691094861361,0.037198286087443126,0.03655941791246364
12,2.0,0.6666666666666666,0.1,5,0.6666666666666666,1.0,spiral,0.20282240998547243,0.18850464995276658,0.03752984090337245,0.03618093516088874
12,2.0,0.6666666666666666,0.1,6,0.6666666666666666,1.0,spiral,0.19972162012244554,0.188817860362865,0.03724185407971468,0.036210980950656176
12,2.0,0.6666666666666666,0.2,1,0.6666666666666666,1.0,spiral,0.20677461317908144,0.18025852592581884,0.03789373053347508,0.03538071959315267
12,2.0,0.6666666666666666,0.2,2,1.0,0.6666666666666666,spiral,0.2060029803107742,0.17923899273460525,0.037822959325760776,0.035280521925329385
12,2.0,0.6666666666666666,0.2,3,1.0,0.6666666666666666,spiral,0.2068113448474936,0.18112298059511966,0.03789709612588096,0.035465454689810445
12,2.0,0.6666666666666666,0.2,4,1.0,0.6666666666666666,spiral,0.20849679125287585,0.18246090183055458,0.03805120738820947,0.035596201989053805
12,2.0,0.6666666666666666,0.2,5,0.6666666666666666,1.0,spiral,0.21018334772607986,0.17917266246267527,0.0382047978849661,0.03527399325898962
12,2.0,0.6666666666666666,0.2,6,1.0,0.6666666666666666,spiral,0.20534709416595262,0.17975839652447084,0.037762699681876025,0.03533160338969353
12,2.0,0.6666666666666666,0.3,1,1.0,0.6666666666666666,spiral,0.18783653131384526,0.16306827314017186,0.036116760047741656,0.03365142736160557
12,2.0,0.6666666666666666,0.3,2,0.6666666666666666,1.0,spiral,0.19061130616691757,0.16295638884285749,0.03638254562505419,0.03363988093300139
12,2.0,0.6666666666666666,0.3,3,0.6666666666666666,1.0,spiral,0.18850865827224994,0.16492942701214944,0.03618131983038212,0.033842920133167094
12,2.0,0.6666666666666666,0.3,4,0.6666666666666666,1.0,spiral,0.1888103136868151,0.16379855681718633,0.03621025730281706,0.03372669533021472
12,2.0,0.6666666666666666,0.3,5,0.6666666666666666,1.0,spiral,0.1876007860832422,0.16415828742970798,0.03609408866683272,0.03376370991391126
12,2.0,0.6666666666666666,0.3,6,1.0,1.3333333333333333,spiral,0.18685674167210947,0.16413301776796826,0.036022441083467284,0.03376111111010223
12,2.0,0.6666666666666666,0.4,1,0.6666666666666666,1.0,spiral,0.17074314651750586,0.14787051400506399,0.03443423144576422,0.0320449460832689
12,2.0,0.6666666666666666,0.4,2,0.6666666666666666,1.1666666666666667,other,0.16814095750634112,0.14778744795773055,0.03417082876136428,0.032035944217842005
12,2.0,0.6666666666666666,0.4,3,0.6666666666666666,1.0,spiral,0.16921724373089508,0.1491394600859074,0.03428001966351851,0.0321821487014311
12,2.0,0.6666666666666666,0.4,4,0.6666666666666666,1.1666666666666667,other,0.17095806566112332,0.14975990223084562,0.03445589629241062,0.03224902046648145
12,2.0,0.6666666666666666,0.4,5,0.6666666666666666,1.0,spiral,0.16974054683827472,0.1463277811658636,0.034332984104036436,0.031877345356619076
12,2.0,0.6666666666666666,0.4,6,0.8333333333333334,1.3333333333333333,other,0.16927454200407904,0.14687503361767681,0.034285822912774086,0.03193689889820029
12,2.0,0.6666666666666666,0.5,1,0.0,1.0,stripe,0.1760844893097756,0.12764472761942336,0.03496868532759143,0.02977283526269087
12,2.0,0.6666666666666666,0.5,2,1.0,0.0,stripe,0.17601603257797122,0.1270411554138447,0.03496188724267105,0.029702360948744077
12,2.0,0.6666666666666666,0.5,3,1.0,0.0,stripe,0.17330259927279146,0.129343220960516,0.034691357320343036,0.02997026546805693
12,2.0,0.6666666666666666,0.5,4,0.0,1.0,stripe,0.17494384649153996,0.12958261765685034,0.03485524096686059,0.029997988087264834
12,2.0,0.6666666666666666,0.5,5,0.0,1.0,stripe,0.17670671322489906,0.12790104374975356,0.03503041468425243,0.029802712841394522
12,2.0,0.6666666666666666,0.5,6,0.16666666666666666,1.0,spiral,0.17465369668770592,0.12822560235335584,0.03482632472232211,0.02984050220586618
12,2.0,0.6666666666666666,0.6,1,1.0,0.16666666666666666,spiral,0.18249824275157894,0.10984841462139187,0.035599844213101216,0.027619489724622987
12,2.0,0.6666666666666666,0.6,2,1.0,0.16666666666666666,spiral,0.18274191222261654,0.10987010170788584,0.03562360252840108,0.027622216012041356
12,2.0,0.6666666666666666,0.6,3,0.16666666666666666,1.0,spiral,0.1827743135312429,0.1100191811100784,0.03562676053459235,0.02764094953221056
12,2.0,0.6666666666666666,0.6,4,1.0,1.8333333333333333,spiral,0.18366194454871063,0.11035489645818759,0.035713165226246145,0.027683089560710212
12,2.0,0.6666666666666666,0.6,5,0.16666666666666666,1.0,spiral,0.18511115122655697,0.10933160292633644,0.03585378788552165,0.02755444143044825
12,2.0,0.6666666666666666,0.6,6,0.16666666666666666,1.0,spiral,0.1851043373727101,0.10973794003734152,0.03585312799896945,0.0276055977663425
12,2.0,0.6666666666666666,0.7,1,1.0,0.16666666666666666,spiral,0.18290873815888822,0.10385793576461984,0.035639859294725545,0.026855831117879824
12,2.0,0.6666666666666666,0.7,2,1.0,0.16666666666666666,spiral,0.18825569495646544,0.103011558282933,0.036157035483781776,0.026746178112610392
12,2.0,0.6666666666666666,0.7,3,0.0,1.0,stripe,0.1829296580179554,0.10381194516553187,0.03564189735896382,0.02684988428041635
12,2.0,0.6666666666666666,0.7,4,1.0,0.16666666666666666,spiral,0.18457116724238704,0.10353460680517294,0.035801455514560036,0.026813994947339034
12,2.0,0.6666666666666666,0.7,5,0.0,1.0,stripe,0.1840131269339778,0.10296437780470583,0.035747292723247066,0.026740052382550943
12,2.0,0.6666666666666666,0.7,6,1.0,0.16666666666666666,spiral,0.18463684917482398,0.10289856725084671,0.035807825143281645,0.02673150545117943
12,2.0,0.7777777777777778,0.0,1,1.0,0.8333333333333334,spiral,0.23407827391722083,0.2271649290292858,0.04031803031981584,0.03971818512180586
12,2.0,0.7777777777777778,0.0,2,0.8333333333333334,1.0,spiral,0.2378311106063015,0.23043187648990893,0.040639942602887405,0.04000276696071481
12,2.0,0.7777777777777778,0.0,3,0.8333333333333334,1.0,spiral,0.24007070817169707,0.23383868718073825,0.04083084245563377,0.040297391628844416
12,2.0,0.7777777777777778,0.0,4,0.8333333333333334,1.0,spiral,0.23710089918164665,0.23584339382651032,0.04057750635629016,0.04046975841313403
12,2.0,0.7777777777777778,0.0,5,1.0,0.8333333333333334,spiral,0.2350399733988882,0.22775665911933807,0.04040076778345034,0.03976988139417208
12,2.0,0.7777777777777778,0.0,6,0.8333333333333334,1.0,spiral,0.2356385208280431,0.22989276942839704,0.04045217691127896,0.03995594530823891
12,2.0,0.7777777777777778,0.1,1,0.8333333333333334,1.0,spiral,0.23464096976733212,0.22720361908361414,0.04036646106534243,0.03972156731931503
12,2.0,0.7777777777777778,0.1,2,0.8333333333333334,1.0,spiral,0.23816549318700825,0.22465012183277736,0.04066850176759516,0.039497725130764154
12,2.0,0.7777777777777778,0.1,3,0.8333333333333334,1.0,spiral,0.23625524275770854,0.22771338297992583,0.040505078793154355,0.03976610286865682
12,2.0,0.7777777777777778,0.1,4,0.8333333333333334,1.0,spiral,0.23469410792767526,0.22892521485318595,0.04037103161850325,0.039871774935165076
12,2.0,0.7777777777777778,0.1,5,0.8333333333333334,1.0,spiral,0.23228839453285283,0.2234205484370356,0.04016358862107057,0.039389485733737406
12,2.0,0.7777777777777778,0.1,6,0.8333333333333334,1.0,spiral,0.23333438027168568,0.2272300049941954,0.04025391460188183,0.03972387375109612
12,2.0,0.7777777777777778,0.2,1,1.0,0.8333333333333334,spiral,0.2456033419880624,0.2239099392625214,0.041298653292885824,0.039432602421949146
12,2.0,0.7777777777777778,0.2,2,1.0,0.8333333333333334,spiral,0.2433146974670139,0.2258062781641267,0.04110578303689744,0.03959923173393073
12,2.0,0.7777777777777778,0.2,3,0.8333333333333334,1.0,spiral,0.25039466794839466,0.22861406938257103,0.04169954269236943,0.039844669706820664
12,2.0,0.7777777777777778,0.2,4,0.8333333333333334,1.0,spiral,0.24541384107079273,0.2297138645095967,0.041282717754695344,0.039940395218444356
12,2.0,0.7777777777777778,0.2,5,0.8333333333333334,1.0,spiral,0.24087441354859038,0.2206138340169891,0.04089913181201188,0.0391412891204016
12,2.0,0.7777777777777778,0.2,6,0.8333333333333334,1.0,spiral,0.24475052748228135,0.22402783192560755,0.041226889778992255,0.039442982047719455
12,2.0,0.7777777777777778,0.3,1,0.8333333333333334,1.0,spiral,0.22486287050247916,0.19014190121942276,0.03951642331768871,0.0363377196529904
12,2.0,0.7777777777777778,0.3,2,0.8333333333333334,1.0,spiral,0.2222849146481014,0.1892265171892234,0.03928925095508713,0.036250145324346957
12,2.0,0.7777777777777778,0.3,3,0.8333333333333334,1.0,spiral,0.2238820492249145,0.1933192228999509,0.0394301464992307,0.036640068278755725
12,2.0,0.7777777777777778,0.3,4,1.0,0.8333333333333334,spiral,0.2245743392786288,0.19350952984268052,0.03949106256823505,0.03665809841580792
12,2.0,0.7777777777777778,0.3,5,0.8333333333333334,1.0,spiral,0.22198160610116044,0.18980640458077352,0.039262436644432276,0.03630564738179072
12,2.0,0.7777777777777778,0.3,6,0.8333333333333334,1.0,spiral,0.22101833606619609,0.18941193483209945,0.039177156048075396,0.03626790121521021
12,2.0,0.7777777777777778,0.4,1,0.8333333333333334,1.0,spiral,0.18947447198104989,0.17581073831108388,0.03627388791283402,0.034941492597456145
12,2.0,0.7777777777777778,0.4,2,0.8333333333333334,1.0,spiral,0.19155120510150922,0.17325752807135972,0.036472135968350056,0.03468684589687179
12,2.0,0.7777777777777778,0.4,3,0.8333333333333334,1.0,spiral,0.19389568240496227,0.1742598996456643,0.036694656211482685,0.034787040575245544
12,2.0,0.7777777777777778,0.4,4,0.8333333333333334,1.0,spiral,0.1899789462885113,0.17606035946377208,0.03632214528513785,0.03496628926788034
12,2.0,0.7777777777777778,0.4,5,1.0,1.1666666666666667,spiral,0.19247558053012678,0.17103250409646356,0.03656003249319752,0.03446339685655069
12,2.0,0.7777777777777778,0.4,6,0.8333333333333334,1.0,spiral,0.19078326693621778,0.17402267538471777,0.03639895325649048,0.03476335428698966
12,2.0,0.7777777777777778,0.5,1,1.0,0.16666666666666666,spiral,0.1851382694532969,0.14376938754600693,0.03585641402537357,0.031597444906590916
12,2.0,0.7777777777777778,0.5,2,1.0,0.0,stripe,0.18633444357251175,0.1420676450340052,0.035972061262537845,0.031409884881860084
12,2.0,0.7777777777777778,0.5,3,1.0,0.0,stripe,0.18720376566082106,0.1434082332450167,0.0360558753939267,0.03155773294528536
12,2.0,0.7777777777777778,0.5,4,0.0,1.0,stripe,0.18563699238255943,0.14402409329322935,0.03590467630315639,0.03162542196613849
12,2.0,0.7777777777777778,0.5,5,1.0,0.16666666666666666,spiral,0.1864946343797081,0.14265879648303093,0.0359875204430211,0.031475166189993575
12,2.0,0.7777777777777778,0.5,6,1.0,0.16666666666666666,spiral,0.18628280955587148,0.14220104070167533,0.03596707691647702,0.03142462771609184
12,2.0,0.7777777777777778,0.6,1,1.0,0.0,stripe,0.18955822761595098,0.13589502167194742,0.03628190431422152,0.030719951632081268
12,2.0,0.7777777777777778,0.6,2,1.0,0.0,stripe,0.19175768820925515,0.13748145806503478,0.036491788289480576,0.030898743464319915
12,2.0,0.7777777777777778,0.6,3,1.0,0.0,stripe,0.19004892769429804,0.13817722076742817,0.0363288345546522,0.030976830585247743
12,2.0,0.7777777777777778,0.6,4,1.0,0.0,stripe,0.19005814214470187,0.13759624453422167,0.036329715238881344,0.030911639813055777
12,2.0,0.7777777777777778,0.6,5,1.0,0.0,stripe,0.19007590178656372,0.13580017401207395,0.036331412581738,0.03070922929630009
12,2.0,0.7777777777777778,0.6,6,1.0,0.0,stripe,0.19057520887012286,0.1351181629842693,0.03637910046286142,0.030632018808424102
12,2.0,0.7777777777777778,0.7,1,0.0,1.0,stripe,0.19175235064516655,0.12627123487016986,0.03649128041254499,0.0296122200364527
12,2.0,0.7777777777777778,0.7,2,1.0,0.0,stripe,0.19322285122301402,0.12780173025481173,0.03663093440953118,0.029791139885180874
12,2.0,0.7777777777777778,0.7,3,1.0,0.0,stripe,0.19189314021339343,0.1282181337104095,0.0365046743785217,0.029839633146576856
12,2.0,0.7777777777777778,0.7,4,0.0,1.0,stripe,0.1936274093533766,0.12765789149580622,0.03666926215751043,0.029774370444856483
12,2.0,0.7777777777777778,0.7,5,0.0,1.0,stripe,0.1944232954455532,0.12628913763345942,0.03674454754011067,0.02961431917556703
12,2.0,0.7777777777777778,0.7,6,1.0,0.0,stripe,0.19239674779535915,0.12656705011136757,0.036552544731614255,0.029646885974678825
12,2.0,0.8888888888888888,0.0,1,1.0,1.0,Neel,0.295000025016203,0.295000025016203,0.045261587299107654,0.045261587299107654
12,2.0,0.8888888888888888,0.0,2,0.8333333333333334,1.0,spiral,0.2896288362927925,0.28875963356606915,0.04484764612713127,0.044780299609289156
12,2.0,0.8888888888888888,0.0,3,1.0,0.8333333333333334,spiral,0.2954052601534974,0.2925040391766337,0.045292664060889824,0.045069702127235475
12,2.0,0.8888888888888888,0.0,4,1.0,1.0,Neel,0.29992040170418466,0.29992040170418466,0.04563749080953258,0.04563749080953258
12,2.0,0.8888888888888888,0.0,5,1.0,0.8333333333333334,spiral,0.2917545114951131,0.28493284477565983,0.045011920604367026,0.044482584355476494
12,2.0,0.8888888888888888,0.0,6,1.0,1.0,Neel,0.2938467362738508,0.2938467362738508,0.04517302663354621,0.04517302663354621
12,2.0,0.8888888888888888,0.1,1,1.0,0.8333333333333334,spiral,0.28433351128043793,0.2676772003125945,0.0444357769458442,0.04311460827393935
12,2.0,0.8888888888888888,0.1,2,0.8333333333333334,1.0,spiral,0.29104505605059877,0.2723949845343477,0.044957159858843423,0.04349289409827864
12,2.0,0.8888888888888888,0.1,3,1.0,0.8333333333333334,spiral,0.28773592226548117,0.27343047759423006,0.04470085152257862,0.04357548348637158
12,2.0,0.8888888888888888,0.1,4,1.0,0.8333333333333334,spiral,0.2854353472873143,0.2721519586842075,0.044521791425294874,0.04347348798439365
12,2.0,0.8888888888888888,0.1,5,1.0,0.8333333333333334,spiral,0.28380132432755484,0.26470438721354833,0.04439417225326388,0.04287452520093017
12,2.0,0.8888888888888888,0.1,6,1.0,0.8333333333333334,spiral,0.2843636855229181,0.26865120279867416,0.044438134705806175,0.04319297804931457
12,2.0,0.8888888888888888,0.2,1,0.8333333333333334,1.0,spiral,0.2769425829370372,0.24753564189665092,0.04385444540188831,0.041460794893141965
12,2.0,0.8888888888888888,0.2,2,0.8333333333333334,1.0,spiral,0.28010776186077174,0.2445204875090367,0.044104339817072465,0.041207510735726045
12,2.0,0.8888888888888888,0.2,3,1.0,0.8333333333333334,spiral,0.27816365921793984,0.25140097489753604,0.04395101907694929,0.04178325147059658
12,2.0,0.8888888888888888,0.2,4,0.8333333333333334,1.0,spiral,0.27703231363025965,0.2541340561391482,0.04386154934930192,0.04200975879839874
12,2.0,0.8888888888888888,0.2,5,1.0,0.8333333333333334,spiral,0.27236185223711595,0.23963465411724924,0.04349024892601373,0.040793743913508325
12,2.0,0.8888888888888888,0.2,6,1.0,1.1666666666666667,spiral,0.277943083460536,0.25022719065249965,0.04393358967588783,0.04168559492169557
12,2.0,0.8888888888888888,0.3,1,1.0,0.8333333333333334,spiral,0.2540638913310297,0.24917489602024884,0.04200395908349243,0.04159785117482439
12,2.0,0.8888888888888888,0.3,2,0.8333333333333334,1.0,spiral,0.2624624648225067,0.24710494139197614,0.042692575533830844,0.04142470926203681
12,2.0,0.8888888888888888,0.3,3,1.0,1.1666666666666667,spiral,0.25960749647209647,0.2523802112001951,0.04245974371815945,0.04186454771709484
12,2.0,0.8888888888888888,0.3,4,1.0,0.8333333333333334,spiral,0.25670353780790195,0.2511565442033443,0.04222159941308855,0.041762934141158954
12,2.0,0.8888888888888888,0.3,5,1.0,0.8333333333333334,spiral,0.2580797972949477,0.24726408008100567,0.04233462902339228,0.041438046131896784
12,2.0,0.8888888888888888,0.3,6,0.8333333333333334,1.0,spiral,0.2564385550581961,0.24993856926730368,0.04219980212056984,0.04166154712442542
12,2.0,0.8888888888888888,0.4,1,1.0,0.8333333333333334,spiral,0.19212434392984684,0.1833699982567338,0.036526659207298966,0.035684769379551305
12,2.0,0.8888888888888888,0.4,2,0.6666666666666666,1.0,spiral,0.19056531257343728,0.18248350652951684,0.036378155893398795,0.035598406890219744
12,2.0,0.8888888888888888,0.4,3,1.0,0.8333333333333334,spiral,0.1905519747317778,0.18535678204861053,0.036376882800812006,0.03587756785705482
12,2.0,0.8888888888888888,0.4,4,0.6666666666666666,1.1666666666666667,other,0.19127033143705346,0.1860358869425099,0.03644538640946332,0.035943231373169654
12,2.0,0.8888888888888888,0.4,5,0.6666666666666666,1.0,spiral,0.19170809295661212,0.18212145908825716,0.03648706895720159,0.03556307572159027
12,2.0,0.8888888888888888,0.4,6,0.8333333333333334,0.8333333333333334,other,0.19149038563143364,0.18348289756855501,0.03646634537025521,0.03569575309011593
12,2.0,0.8888888888888888,0.5,1,0.0,1.0,stripe,0.1861631663330156,0.16323120541288,0.03595552483557287,0.033668234845168885
12,2.0,0.8888888888888888,0.5,2,1.0,0.0,stripe,0.1872939513642785,0.1638686877616213,0.0360645593350274,0.03373391466083639
12,2.0,0.8888888888888888,0.5,3,0.0,1.0,stripe,0.18644310141325865,0.16384348185919917,0.035982547989467005,0.03373132012470828
12,2.0,0.8888888888888888,0.5,4,0.0,1.0,stripe,0.18710938135248817,0.16548848050047207,0.0360467849306526,0.03390022948345713
12,2.0,0.8888888888888888,0.5,5,0.0,1.0,stripe,0.18699995755628865,0.16250724924031154,0.03603624309446138,0.03359348990755248
12,2.0,0.8888888888888888,0.5,6,0.0,1.0,stripe,0.18731693339356603,0.1642119756714224,0.03606677193006493,0.033769230701374525
12,2.0,0.8888888888888888,0.6,1,1.0,0.0,stripe,0.19235352179880183,0.1567077733887534,0.03654843835001727,0.03298861055441389
12,2.0,0.8888888888888888,0.6,2,1.0,0.0,stripe,0.19120954181673258,0.1563940733405353,0.0364395944049049,0.03295557545778434
12,2.0,0.8888888888888888,0.6,3,1.0,0.0,stripe,0.190645384706507,0.15826525178260234,0.03638579781568732,0.03315213791733942
12,2.0,0.8888888888888888,0.6,4,0.0,1.0,stripe,0.19355635753128578,0.15922177824735845,0.036662533624192424,0.03325216975453532
12,2.0,0.8888888888888888,0.6,5,0.0,1.0,stripe,0.19135266232819068,0.15553052869129294,0.03645322938828133,0.03286446585465458
12,2.0,0.8888888888888888,0.6,6,1.0,0.0,stripe,0.19117853007504126,0.15789468634095968,0.03643663926704376,0.033113303631135564
12,2.0,0.8888888888888888,0.7,1,0.0,1.0,stripe,0.19817054916435356,0.14019759921329777,0.037096959028967584,0.031202474885515644
12,2.0,0.8888888888888888,0.7,2,1.0,0.0,stripe,0.19733098620504597,0.14003760311924657,0.03701829373253682,0.03118466538211959
12,2.0,0.8888888888888888,0.7,3,0.0,1.0,stripe,0.19642756304752326,0.14135793676149275,0.03693345771710434,0.03133133158072726
12,2.0,0.8888888888888888,0.7,4,0.0,1.0,stripe,0.19992867064869393,0.14191691198653786,0.037261153312417555,0.03139321759580601
12,2.0,0.8888888888888888,0.7,5,0.0,1.0,stripe,0.1981693542443808,0.1396720763346677,0.037096847186001314,0.03114393961184589
12,2.0,0.8888888888888888,0.7,6,0.0,1.0,stripe,0.19750767676922332,0.1404086436426687,0.03703486315183522,0.031225951151186898
12,2.0,1.0,0.0,1,0.8333333333333334,1.0,spiral,0.28178920294040616,0.2692028654179869,0.04423651732295312,0.04323730268160197
12,2.0,1.0,0.0,2,0.8333333333333334,1.0,spiral,0.28233901006103423,0.27167096075624886,0.044279651871579714,0.0434350537485637
12,2.0,1.0,0.0,3,0.8333333333333334,1.0,spiral,0.2848403656672633,0.2757273656869618,0.04447536503404498,0.043758123506683004
12,2.0,1.0,0.0,4,1.0,0.8333333333333334,spiral,0.2824981933923782,0.27983049821772865,0.04429213259337705,0.044082506153056075
12,2.0,1.0,0.0,5,1.0,0.8333333333333334,spiral,0.2816463940454263,0.26819131075300223,0.044225306515914296,0.04315599214485701
12,2.0,1.0,0.0,6,0.8333333333333334,1.0,spiral,0.2778453257566122,0.27324108942612646,0.043925862869901175,0.04356038986808097
12,2.0,1.0,0.1,1,1.0,0.8333333333333334,spiral,0.2791751565028776,0.2628050205972711,0.04403085695967451,0.04272042679162776
12,2.0,1.0,0.1,2,0.8333333333333334,1.0,spiral,0.2811434931232433,0.26122546760629145,0.044185805061257084,0.042591850714261206
12,2.0,1.0,0.1,3,0.8333333333333334,1.0,spiral,0.28257759359525536,0.26414773093015176,0.044298356628288724,0.04282942029225353
12,2.0,1.0,0.1,4,1.0,0.8333333333333334,spiral,0.2799386947350241,0.2659988860585014,0.04409102758427918,0.042979233200667634
12,2.0,1.0,0.1,5,1.0,0.8333333333333334,spiral,0.2776321697652729,0.2563812914716331,0.043909010224844586,0.042195090179067925
12,2.0,1.0,0.1,6,1.0,0.8333333333333334,spiral,0.27850454167456207,0.26248325955330193,0.043977941256776204,0.04269426675286269
12,2.0,1.0,0.2,1,1.0,1.0,Neel,0.24715520651761547,0.24715520651761547,0.041428922274381864,0.041428922274381864
12,2.0,1.0,0.2,2,1.0,1.0,Neel,0.24577064344166075,0.24577064344166075,0.04131271692174188,0.04131271692174188
12,2.0,1.0,0.2,3,1.0,1.0,Neel,0.2505435372202601,0.2505435372202601,0.041711936842355996,0.041711936842355996
12,2.0,1.0,0.2,4,1.0,1.0,Neel,0.24790571798850394,0.24790571798850394,0.04149177612529111,0.04149177612529111
12,2.0,1.0,0.2,5,1.0,1.0,Neel,0.24429113523887133,0.24429113523887133,0.04118818054899496,0.04118818054899496
12,2.0,1.0,0.2,6,1.0,1.0,Neel,0.24955190539938288,0.24955190539938288,0.04162930870253877,0.04162930870253877
12,2.0,1.0,0.3,1,1.0,1.0,Neel,0.2299575788064015,0.2299575788064015,0.039961576928344685,0.039961576928344685
12,2.0,1.0,0.3,2,1.0,1.0,Neel,0.23102295509704832,0.23102295509704832,0.040054039459994986,0.040054039459994986
12,2.0,1.0,0.3,3,1.0,1.0,Neel,0.23374823087464952,0.23374823087464952,0.04028959671299996,0.04028959671299996
12,2.0,1.0,0.3,4,1.0,1.0,Neel,0.2382521769634837,0.2382521769634837,0.04067590203905574,0.04067590203905574
12,2.0,1.0,0.3,5,1.0,1.0,Neel,0.2299714963282243,0.2299714963282243,0.03996278618986811,0.03996278618986811
12,2.0,1.0,0.3,6,1.0,1.0,Neel,0.23013497866256877,0.23013497866256877,0.03997698805620074,0.03997698805620074
12,2.0,1.0,0.4,1,1.0,1.0,Neel,0.202654611995573,0.202654611995573,0.03751431319394907,0.03751431319394907
12,2.0,1.0,0.4,2,1.0,1.0,Neel,0.2045499180279821,0.2045499180279821,0.03768932928377722,0.03768932928377722
12,2.0,1.0,0.4,3,1.0,1.0,Neel,0.2061767371023981,0.2061767371023981,0.03783890717957419,0.03783890717957419
12,2.0,1.0,0.4,4,1.0,1.0,Neel,0.20698085680009273,0.20698085680009273,0.037912624033582205,0.037912624033582205
12,2.0,1.0,0.4,5,1.0,1.0,Neel,0.2018966965967075,0.2018966965967075,0.03744409690502217,0.03744409690502217
12,2.0,1.0,0.4,6,1.0,1.0,Neel,0.20402124092815171,0.20402124092815171,0.03764059209300732,0.03764059209300732
12,2.0,1.0,0.5,1,1.0,1.0,Neel,0.18728683028033413,0.18728683028033413,0.03606387372507113,0.03606387372507113
12,2.0,1.0,0.5,2,1.0,1.0,Neel,0.18865164248277314,0.18865164248277314,0.036195039032646634,0.036195039032646634
12,2.0,1.0,0.5,3,1.0,1.0,Neel,0.19116547530433678,0.19116547530433678,0.03643539519405249,0.03643539519405249
12,2.0,1.0,0.5,4,1.0,1.0,Neel,0.19095208760325516,0.19095208760325516,0.03641505408359974,0.03641505408359974
12,2.0,1.0,0.5,5,1.0,0.0,stripe,0.1870444085433381,0.18606872090052354,0.0360405258531723,0.03594640309046963
12,2.0,1.0,0.5,6,1.0,1.0,Neel,0.18698413297280997,0.18698413297280997,0.036034718306409606,0.036034718306409606
12,2.0,1.0,0.6,1,1.0,0.0,stripe,0.1910792719063356,0.17468591485812193,0.03642717925174061,0.03482953676061713
12,2.0,1.0,0.6,2,1.0,0.0,stripe,0.19158182417180533,0.17639543985674513,0.03647505085022399,0.034999547601912054
12,2.0,1.0,0.6,3,1.0,0.0,stripe,0.19041832856226262,0.1786421111132769,0.036364123857238764,0.035221729316778624
12,2.0,1.0,0.6,4,0.0,1.0,stripe,0.19155565186652074,0.1760707637761771,0.036472559307051566,0.034967322421577594
12,2.0,1.0,0.6,5,0.0,1.0,stripe,0.19271496371258162,0.1747284179150785,0.036582760408628956,0.03483377371283413
12,2.0,1.0,0.6,6,0.0,1.0,stripe,0.1914364257526004,0.17451223652880793,0.03646120710127337,0.03481221813458681
12,2.0,1.0,0.7,1,1.0,0.0,stripe,0.19441806617243368,0.16462196278336877,0.03674405339004925,0.03381136014543788
12,2.0,1.0,0.7,2,1.0,0.0,stripe,0.1948328574231208,0.1658851003180808,0.0367832292536589,0.033940828854345996
12,2.0,1.0,0.7,3,1.0,0.0,stripe,0.1946987489902478,0.1676975521870529,0.03677056765628741,0.03412574299018722
12,2.0,1.0,0.7,4,0.0,1.0,stripe,0.19691968959971146,0.16758200424947062,0.03697969502906211,0.03411398420588105
12,2.0,1.0,0.7,5,0.0,1.0,stripe,0.1963778078891868,0.16496771878757735,0.036928779793113146,0.03384684857186951
12,2.0,1.0,0.7,6,0.0,1.0,stripe,0.19577974616475197,0.16529064246306752,0.036872504262506434,0.033879959913956544
12,4.0,0.5,0.0,1,1.0,0.3333333333333333,spiral,0.15715792528140093,0.13221292229985998,0.03303595739676451,0.03030091242436484
12,4.0,0.5,0.0,2,1.0,0.3333333333333333,spiral,0.15633179291352056,0.13291947319558892,0.032949012895507765,0.030381769158355307
12,4.0,0.5,0.0,3,1.6666666666666667,1.0,spiral,0.15826738047486916,0.13429417825160445,0.03315236086729692,0.03053847507785198
12,4.0,0.5,0.0,4,1.0,0.3333333333333333,spiral,0.15547101738964902,0.13366860092793373,0.03285817771854784,0.03046726395839723
12,4.0,0.5,0.0,5,0.3333333333333333,1.0,spiral,0.15692006719546675,0.13182249866380386,0.033010948015126856,0.03025614017846027
12,4.0,0.5,0.0,6,0.3333333333333333,1.0,spiral,0.15553157216176725,0.1330825207292472,0.03286457610002744,0.030400397558763656
12,4.0,0.5,0.1,1,1.0,0.3333333333333333,spiral,0.15733137878664455,0.13193959247790468,0.03305418308401674,0.03026957498851692
12,4.0,0.5,0.1,2,1.0,0.5,spiral,0.1547518727268007,0.1314746791231733,0.03278209546116607,0.030216197726087853
12,4.0,0.5,0.1,3,0.16666666666666666,1.0,spiral,0.15311035759885208,0.13167624087093094,0.032607765520106566,0.030239350842593576
12,4.0,0.5,0.1,4,0.3333333333333333,1.0,spiral,0.15624044720135705,0.13289851362847285,0.03293938532463803,0.030379373670998758
12,4.0,0.5,0.1,5,0.8333333333333334,0.3333333333333333,other,0.1563958314714427,0.12981432267783535,0.03295576069515207,0.030024795618445302
12,4.0,0.5,0.1,6,1.0,0.3333333333333333,spiral,0.15947835790220494,0.1300871907268868,0.03327895125365416,0.03005633492188816
12,4.0,0.5,0.2,1,1.0,1.6666666666666667,spiral,0.16122303701467045,0.1298928100569619,0.03346049048823088,0.030033870932221617
12,4.0,0.5,0.2,2,1.0,0.3333333333333333,spiral,0.15852566289034803,0.12970335446468834,0.033179401124202805,0.03001195993829982
12,4.0,0.5,0.2,3,0.3333333333333333,1.0,spiral,0.16033971323221563,0.12996050948360868,0.03336870136489095,0.030041696657822373
12,4.0,0.5,0.2,4,0.3333333333333333,1.0,spiral,0.1576225710836367,0.1327474986823956,0.0330847576397472,0.030362108453446682
12,4.0,0.5,0.2,5,0.3333333333333333,1.0,spiral,0.1608308125032377,0.1292023846731274,0.033419764247875766,0.02995394435549805
12,4.0,0.5,0.2,6,0.3333333333333333,1.0,spiral,0.16186325307229701,0.12979357734780209,0.033526860404124004,0.030022396425627228
12,4.0,0.5,0.3,1,1.0,0.5,spiral,0.1607876679825499,0.12785122852604464,0.03341528134935567,0.029796908457977445
12,4.0,0.5,0.3,2,0.3333333333333333,1.0,spiral,0.15607004020001095,0.12650365230871877,0.03292141739978987,0.02963945993902746
12,4.0,0.5,0.3,3,0.3333333333333333,1.0,spiral,0.15807053854327652,0.12862178087324935,0.0331317381556899,0.0298865657381337
12,4.0,0.5,0.3,4,0.3333333333333333,1.0,spiral,0.1594799090467077,0.1270614958164859,0.033279113094851466,0.029704738657756215
12,4.0,0.5,0.3,5,0.3333333333333333,1.0,spiral,0.16040885130960356,0.1262452613817721,0.033375894839190325,0.029609174322160422
12,4.0,0.5,0.3,6,1.0,0.3333333333333333,spiral,0.15718827759892712,0.12715794025083915,0.033039147402795684,0.02971601002392378
12,4.0,0.5,0.4,1,1.0,0.3333333333333333,spiral,0.16182245138019163,0.12295773012284975,0.03352263449482384,0.0292211075398097
12,4.0,0.5,0.4,2,1.0,0.3333333333333333,spiral,0.15618229642965392,0.12207089763297718,0.03293325493724369,0.029115538238124242
12,4.0,0.5,0.4,3,1.0,0.3333333333333333,spiral,0.1593011921731569,0.12359154211425409,0.033260461196144835,0.02929632396761842
12,4.0,0.5,0.4,4,1.0,0.3333333333333333,spiral,0.15720990877225396,0.12442912638932246,0.0330414206350922,0.02939542745872912
12,4.0,0.5,0.4,5,1.0,0.3333333333333333,spiral,0.15632901443460995,0.12273588044581892,0.03294872009344069,0.029194734167242636
12,4.0,0.5,0.4,6,1.0,0.3333333333333333,spiral,0.16012395670278426,0.12558797612062356,0.033346242989984835,0.029531994904846603
12,4.0,0.5,0.5,1,1.0,0.0,stripe,0.160518608841754,0.11952441737455108,0.03338731138323464,0.02881025297029098
12,4.0,0.5,0.5,2,1.0,0.0,stripe,0.16208411035847342,0.11925592478390165,0.033549725776995866,0.028777875952416127
12,4.0,0.5,0.5,3,0.0,1.0,stripe,0.1648699466480839,0.12070566430861454,0.033836817005388355,0.02895226726736499
12,4.0,0.5,0.5,4,0.0,1.0,stripe,0.16318920087350677,0.12300020697307948,0.0336639026168885,0.029226154450760686
12,4.0,0.5,0.5,5,1.0,0.0,stripe,0.16384476147811816,0.11798274313720684,0.03373145184539264,0.028623846791084737
12,4.0,0.5,0.5,6,0.0,1.0,stripe,0.16457215924167842,0.11755351072307677,0.03380624523599301,0.028571731212263127
12,4.0,0.5,0.6,1,0.16666666666666666,1.0,spiral,0.1607783120332697,0.09304539536033911,0.03341430914722905,0.025419452765377222
12,4.0,0.5,0.6,2,0.0,1.0,stripe,0.16012810090360508,0.09335890502502703,0.033346674507654876,0.02546224124739347
12,4.0,0.5,0.6,3,0.16666666666666666,1.0,spiral,0.1556462259625792,0.09337113679131556,0.03287668732072284,0.02546390920816978
12,4.0,0.5,0.6,4,1.0,0.16666666666666666,spiral,0.15726720946128286,0.09260134947205949,0.03304744164132356,0.025358724867179383
12,4.0,0.5,0.6,5,1.0,0.16666666666666666,spiral,0.16080315052804056,0.09374973322894904,0.033416890120620366,0.02551548185102378
12,4.0,0.5,0.6,6,1.0,0.0,stripe,0.1622886800636673,0.09434862898080146,0.03357089100194328,0.025596851610435938
12,4.0,0.5,0.7,1,1.0,0.3333333333333333,spiral,0.14853366365091986,0.08355154855115063,0.03211672111772324,0.024087737277726364
12,4.0,0.5,0.7,2,1.0,0.3333333333333333,spiral,0.1475540939848788,0.08340411911240862,0.03201064210896628,0.024066476094641458
12,4.0,0.5,0.7,3,0.16666666666666666,1.0,spiral,0.1496544568016518,0.0821810777371255,0.032237665255452075,0.023889368529327815
12,4.0,0.5,0.7,4,0.0,1.0,stripe,0.1455272603493147,0.08516107502965224,0.031790029484856076,0.02431864211613356
12,4.0,0.5,0.7,5,1.0,0.0,stripe,0.15347710512262142,0.08261605265325173,0.03264679509566298,0.023952506922445584
12,4.0,0.5,0.7,6,1.0,0.3333333333333333,spiral,0.14751158631012476,0.08352677648899443,0.03200603093234981,0.0240841661460668
12,4.0,0.5555555555555556,0.0,1,0.5,1.0,spiral,0.18542365340136824,0.15117303502696916,0.03588403906657839,0.032400813928709284
12,4.0,0.5555555555555556,0.0,2,0.5,1.0,spiral,0.18769225547209661,0.15313419862356742,0.03610288687596116,0.03261030412133387
12,4.0,0.5555555555555556,0.0,3,1.5,1.0,spiral,0.18417441277999438,0.1530139684806173,0.035762955381775284,0.03259749995532817
12,4.0,0.5555555555555556,0.0,4,0.5,1.0,spiral,0.18331221371962025,0.1550942342418518,0.03567914634858897,0.032818337760255216
12,4.0,0.5555555555555556,0.0,5,0.5,1.0,spiral,0.18089273045988866,0.15062321166260745,0.03544290503164999,0.03234183862174156
12,4.0,0.5555555555555556,0.0,6,0.5,1.0,spiral,0.19251266007122486,0.1507534752790462,0.03656355388521251,0.03235582071099828
12,4.0,0.5555555555555556,0.1,1,1.0,0.5,spiral,0.18644496808032823,0.1499458112473102,0.03598272811752962,0.03226903091021016
12,4.0,0.5555555555555556,0.1,2,0.5,1.0,spiral,0.18381984497357534,0.1510462709521227,0.03572851383986443,0.03238722645067834
12,4.0,0.5555555555555556,0.1,3,1.0,1.5,spiral,0.18272723887120837,0.14998488363407034,0.03562217229237762,0.03227323491537944
12,4.0,0.5555555555555556,0.1,4,1.5,1.0,spiral,0.18555552658012503,0.1530022310093809,0.03589679715093413,0.032596249678769805
12,4.0,0.5555555555555556,0.1,5,0.5,1.0,spiral,0.18420485560615674,0.15163477864705074,0.03576591095098608,0.03245025879958548
12,4.0,0.5555555555555556,0.1,6,1.0,1.5,spiral,0.1857922867834551,0.15010444148931765,0.03591969117035938,0.03228609537845863
12,4.0,0.5555555555555556,0.2,1,1.5,1.0,spiral,0.18882786100747279,0.14883089922880963,0.03621193988630921,0.03214883996835932
12,4.0,0.5555555555555556,0.2,2,0.5,1.0,spiral,0.19073362644852052,0.1502439226679037,0.036394217570366455,0.03230109245958509
12,4.0,0.5555555555555556,0.2,3,1.0,0.5,spiral,0.18507935050124036,0.1490644836315983,0.03585070804558432,0.03217405826468636
12,4.0,0.5555555555555556,0.2,4,1.0,0.5,spiral,0.18383980288845242,0.15010961286505706,0.03573045336735143,0.03228665153153005
12,4.0,0.5555555555555556,0.2,5,0.5,1.0,spiral,0.18481109898098252,0.14611680654672787,0.03582471785778859,0.031854356773656375
12,4.0,0.5555555555555556,0.2,6,1.0,0.5,spiral,0.1805583907608124,0.14808645914337173,0.03541013574694049,0.032068336228991315
12,4.0,0.5555555555555556,0.3,1,1.0,0.5,spiral,0.18274026197127097,0.14207986810094236,0.03562344167851718,0.03141123605815264
12,4.0,0.5555555555555556,0.3,2,0.5,1.0,spiral,0.18435370264486722,0.14388996083782796,0.03578035838480257,0.03161069184867018
12,4.0,0.5555555555555556,0.3,3,0.5,1.0,spiral,0.18468192255134036,0.14540703184454595,0.03581219556311752,0.03177689497852195
12,4.0,0.5555555555555556,0.3,4,1.0,0.5,spiral,0.1851406174224437,0.14380758628883733,0.03585664139459109,0.03160164226226987
12,4.0,0.5555555555555556,0.3,5,1.0,0.5,spiral,0.18952577944428844,0.14578726903640726,0.036278798851958866,0.03181841590228222
12,4.0,0.5555555555555556,0.3,6,1.0,1.5,spiral,0.1836237588354672,0.1431023327732352,0.0357094524168737,0.03152405747701481
12,4.0,0.5555555555555556,0.4,1,1.0,0.3333333333333333,spiral,0.17447303290331068,0.13451419279556026,0.0348083076872572,0.030563480476837997
12,4.0,0.5555555555555556,0.4,2,1.0,0.5,spiral,0.17080002865379929,0.13295884744732417,0.034439966755149876,0.03038626876560047
12,4.0,0.5555555555555556,0.4,3,1.0,1.6666666666666667,spiral,0.1747053127103287,0.13578641425985868,0.03483147051541424,0.030707673473220135
12,4.0,0.5555555555555556,0.4,4,1.0,0.3333333333333333,spiral,0.1703390483189035,0.13513439000113642,0.034393459520236744,0.03063385812947466
12,4.0,0.5555555555555556,0.4,5,1.0,0.5,spiral,0.17240995721010474,0.134010305209806,0.034601898351313276,0.030506181660649397
12,4.0,0.5555555555555556,0.4,6,1.0,0.5,spiral,0.17166774683700378,0.13367151786284073,0.034527338889820715,0.030467596387031594
12,4.0,0.5555555555555556,0.5,1,1.0,0.0,stripe,0.1751240843653629,0.12770569268144794,0.03487319134750166,0.02977994439325921
12,4.0,0.5555555555555556,0.5,2,1.0,0.0,stripe,0.1809185389315044,0.1272761438834072,0.03544543331065218,0.02972981853798369
12,4.0,0.5555555555555556,0.5,3,0.16666666666666666,1.0,spiral,0.17513470658277738,0.12742926000177943,0.034874248954754224,0.02974769598942116
12,4.0,0.5555555555555556,0.5,4,0.0,1.0,stripe,0.1859915197670012,0.12714614731245125,0.03593894511751466,0.029714632024248035
12,4.0,0.5555555555555556,0.5,5,1.0,0.0,stripe,0.18166830492676772,0.12824376164774157,0.03551880418708281,0.029842615135227617
12,4.0,0.5555555555555556,0.5,6,0.0,1.0,stripe,0.17573254748830436,0.12781670229138598,0.03493372171860915,0.02979288485753981
12,4.0,0.5555555555555556,0.6,1,1.0,0.16666666666666666,spiral,0.17630234263296318,0.10578563254852616,0.03499031042788878,0.02710391942604711
12,4.0,0.5555555555555556,0.6,2,1.0,0.16666666666666666,spiral,0.17991053706266327,0.1070529421493174,0.035346551877118486,0.02726578825873662
12,4.0,0.5555555555555556,0.6,3,1.0,0.16666666666666666,spiral,0.18071045320051562,0.1072897890980711,0.03542504344078294,0.027295933393963943
12,4.0,0.5555555555555556,0.6,4,0.16666666666666666,1.0,spiral,0.1807514045389638,0.10876432982274964,0.03542905710114422,0.0274828645885271
12,4.0,0.5555555555555556,0.6,5,0.0,1.0,stripe,0.17996129827571608,0.10430851745337263,0.035351537986710084,0.026914024309592013
12,4.0,0.5555555555555556,0.6,6,0.16666666666666666,1.0,spiral,0.17796521112677471,0.10570585094028681,0.03515493595092606,0.027093696855681162
12,4.0,0.5555555555555556,0.7,1,1.0,0.16666666666666666,spiral,0.16817771695223732,0.09149717967510293,0.03417456381825984,0.025207083946325558
12,4.0,0.5555555555555556,0.7,2,1.0,0.0,stripe,0.1699636248080213,0.0903786540389974,0.03435553740018781,0.025052535638882583
12,4.0,0.5555555555555556,0.7,3,0.0,1.0,stripe,0.1716379563357067,0.09132351675935428,0.034524342894996514,0.02518315088718302
12,4.0,0.5555555555555556,0.7,4,1.0,0.16666666666666666,spiral,0.16942111577019842,0.091814512095612,0.03430066364054686,0.025250757977568716
12,4.0,0.5555555555555556,0.7,5,0.0,1.0,stripe,0.1704995540978606,0.09057459009772591,0.03440965970821483,0.025079677211080398
12,4.0,0.5555555555555556,0.7,6,1.0,0.16666666666666666,spiral,0.16661038884789353,0.09103728988857261,0.03401494655620501,0.025143655303157028
12,4.0,0.6666666666666666,0.0,1,0.6666666666666666,1.0,spiral,0.21856687377882564,0.20946495858684216,0.03895928018268505,0.03813945159495849
12,4.0,0.6666666666666666,0.0,2,1.0,1.3333333333333333,spiral,0.21919184629805888,0.2009439240348571,0.03901494071880766,0.037355641031961026
12,4.0,0.6666666666666666,0.0,3,0.6666666666666666,1.0,spiral,0.22376735406307152,0.2019807876221989,0.039420045139133594,0.0374518939239058
12,4.0,0.6666666666666666,0.0,4,1.0,0.8333333333333334,spiral,0.2198479006018846,0.2061366004042377,0.03907328412045156,0.037835223925250835
12,4.0,0.6666666666666666,0.0,5,0.6666666666666666,1.0,spiral,0.21961372162957749,0.19963560996995913,0.03905246841230767,0.037233834110512454
12,4.0,0.6666666666666666,0.0,6,1.0,0.6666666666666666,spiral,0.22362799107554715,0.20619826191124715,0.03940776776533854,0.037840882315079025
12,4.0,0.6666666666666666,0.1,1,0.6666666666666666,1.0,spiral,0.22647397260395885,0.2052902708614852,0.039657734691492724,0.03775747450482535
12,4.0,0.6666666666666666,0.1,2,0.6666666666666666,1.0,spiral,0.22324540698885129,0.20059532902593064,0.03937404381456732,0.03732322491741073
12,4.0,0.6666666666666666,0.1,3,0.6666666666666666,1.0,spiral,0.2182043780001636,0.2065821272712462,0.03892695955962515,0.0378760888430989
12,4.0,0.6666666666666666,0.1,4,0.6666666666666666,1.0,spiral,0.22255286444013742,0.2127641859534412,0.03931292412243727,0.03843864031311617
12,4.0,0.6666666666666666,0.1,5,0.6666666666666666,1.0,spiral,0.22666272642560145,0.2005590057674514,0.039674257539226855,0.03731984557022013
12,4.0,0.6666666666666666,0.1,6,0.6666666666666666,1.0,spiral,0.22025596531042826,0.20595930937344153,0.039109529716627275,0.03781895003513464
12,4.0,0.6666666666666666,0.2,1,0.6666666666666666,1.0,spiral,0.22646029013744232,0.19156277773778987,0.039656536708747504,0.03647323769044285
12,4.0,0.6666666666666666,0.2,2,1.0,0.6666666666666666,spiral,0.2298583626930384,0.18909860006454807,0.03995295520750332,0.03623789070393685
12,4.0,0.6666666666666666,0.2,3,0.6666666666666666,1.0,spiral,0.23413187331895585,0.19076779561430096,0.04032264608054875,0.03639747736358449
12,4.0,0.6666666666666666,0.2,4,0.6666666666666666,1.0,spiral,0.23042620494544117,0.197289510087862,0.04000227467017077,0.03701440317331646
12,4.0,0.6666666666666666,0.2,5,1.0,0.6666666666666666,spiral,0.23825224418424445,0.1886284983081678,0.04067590777722972,0.036192818723333145
12,4.0,0.6666666666666666,0.2,6,1.0,0.6666666666666666,spiral,0.24013308878408685,0.19328982954816315,0.04083614690851643,0.03663728269090593
12,4.0,0.6666666666666666,0.3,1,0.6666666666666666,1.0,spiral,0.20581703896250217,0.17490309901039175,0.0378058856898652,0.03485118153289543
12,4.0,0.6666666666666666,0.3,2,0.6666666666666666,1.0,spiral,0.20454759903986894,0.16897304494276044,0.037689115640684216,0.03425527584494999
12,4.0,0.6666666666666666,0.3,3,0.6666666666666666,1.0,spiral,0.21014719127240097,0.16918015742667605,0.038201511684058116,0.03427626298696981
12,4.0,0.6666666666666666,0.3,4,0.6666666666666666,1.0,spiral,0.20703440006885881,0.16854235637196588,0.037917527469062046,0.03421159204656916
12,4.0,0.6666666666666666,0.3,5,0.6666666666666666,1.0,spiral,0.20760605142086835,0.1713619234482106,0.037969839220395665,0.034496570224867865
12,4.0,0.6666666666666666,0.3,6,0.6666666666666666,1.0,spiral,0.20969721195127936,0.16945777656050667,0.03816059012319583,0.034304374575315
12,4.0,0.6666666666666666,0.4,1,1.0,1.8333333333333333,spiral,0.19270617963188935,0.15669928242200468,0.03658192666542848,0.03298771682405318
12,4.0,0.6666666666666666,0.4,2,1.0,0.0,stripe,0.19661407794530844,0.1545045527045683,0.03695098836684702,0.03275588928224379
12,4.0,0.6666666666666666,0.4,3,0.5,0.8333333333333334,other,0.18963063656490878,0.1550259539896546,0.03628883327677599,0.032811112826726205
12,4.0,0.6666666666666666,0.4,4,0.8333333333333334,1.6666666666666667,other,0.19108314490768344,0.15793303542936318,0.03642754842260367,0.033117324627476914
12,4.0,0.6666666666666666,0.4,5,1.0,0.0,stripe,0.1925883391844925,0.15356147770369244,0.036570739972203614,0.03265576749549896
12,4.0,0.6666666666666666,0.4,6,1.0,0.0,stripe,0.19719234304435446,0.1555346828952531,0.03700528707011135,0.03286490475492617
12,4.0,0.6666666666666666,0.5,1,0.16666666666666666,1.1666666666666667,other,0.1945940886353634,0.13444598812313238,0.036760683314454035,0.030555730973084744
12,4.0,0.6666666666666666,0.5,2,0.0,1.0,stripe,0.1977433603410343,0.1337683297313358,0.03705695319566992,0.03047862749937056
12,4.0,0.6666666666666666,0.5,3,0.0,1.0,stripe,0.2124924688376224,0.13431223548529206,0.03841408784164621,0.030540528114895958
12,4.0,0.6666666666666666,0.5,4,0.0,1.0,stripe,0.20538986334367165,0.13869258766396209,0.037766632037317865,0.031034544783009557
12,4.0,0.6666666666666666,0.5,5,1.0,0.0,stripe,0.19461139260826088,0.13244896452507096,0.03676231772105826,0.030327948758011123
12,4.0,0.6666666666666666,0.5,6,0.0,1.0,stripe,0.1973641179506809,0.133914599019507,0.03702140127595502,0.030495286409394827
12,4.0,0.6666666666666666,0.6,1,1.0,0.16666666666666666,spiral,0.20119470594310457,0.1141089932740013,0.03737894404525396,0.028150018905904607
12,4.0,0.6666666666666666,0.6,2,1.0,0.16666666666666666,spiral,0.20208642100391622,0.11468783280201308,0.03746168607575354,0.02822132674675861
12,4.0,0.6666666666666666,0.6,3,0.16666666666666666,1.0,spiral,0.20572084938737692,0.11716795587847614,0.03779705027690074,0.028524837602818976
12,4.0,0.6666666666666666,0.6,4,1.0,1.8333333333333333,spiral,0.20239291079363234,0.1176826501644965,0.03749008302145756,0.02858742076757427
12,4.0,0.6666666666666666,0.6,5,1.0,0.16666666666666666,spiral,0.20609759029501765,0.11604367034624877,0.03783164371181382,0.028387652630130406
12,4.0,0.6666666666666666,0.6,6,0.16666666666666666,1.0,spiral,0.20417366758833358,0.11565291365463337,0.03765465033147499,0.02833981710796193
12,4.0,0.6666666666666666,0.7,1,0.0,1.0,stripe,0.20856472163660938,0.10901712618314278,0.038057405619359476,0.027514784685180163
12,4.0,0.6666666666666666,0.7,2,1.0,0.0,stripe,0.20675215489375337,0.10969337618449182,0.03789167261323843,0.027599991971679064
12,4.0,0.6666666666666666,0.7,3,1.0,0.16666666666666666,spiral,0.2080447721458393,0.10874150343979827,0.038009937675874766,0.027479980521154735
12,4.0,0.6666666666666666,0.7,4,0.0,1.0,stripe,0.20555230561006993,0.10766895557110238,0.037781563847154295,0.027344123323940695
12,4.0,0.6666666666666666,0.7,5,0.16666666666666666,1.0,spiral,0.21274291136827134,0.10794308878246697,0.03843671849867427,0.027378911286089814
12,4.0,0.6666666666666666,0.7,6,1.0,1.8333333333333333,spiral,0.20527277528810153,0.1080713205205129,0.0377558655568264,0.027395168942579103
12,4.0,0.7777777777777778,0.0,1,0.8333333333333334,1.0,spiral,0.27835265757915195,0.2622662061598896,0.04396594780647733,0.04267661067063043
12,4.0,0.7777777777777778,0.0,2,0.8333333333333334,1.0,spiral,0.2859055278158855,0.27221752759049217,0.044558445375450235,0.0434787246496053
12,4.0,0.7777777777777778,0.0,3,1.0,0.8333333333333334,spiral,0.2858096093044624,0.2773348323229988,0.044550970286888376,0.043885491173921945
12,4.0,0.7777777777777778,0.0,4,0.8333333333333334,1.0,spiral,0.30283040475825285,0.28024250684621677,0.04585835716564988,0.04411494667077582
12,4.0,0.7777777777777778,0.0,5,0.8333333333333334,1.0,spiral,0.2893809459628526,0.27475180063250554,0.04482844970016039,0.043680643487745356
12,4.0,0.7777777777777778,0.0,6,1.0,0.8333333333333334,spiral,0.2869733280542809,0.25680521160639413,0.044641576290609226,0.04222996004076257
12,4.0,0.7777777777777778,0.1,1,0.8333333333333334,1.0,spiral,0.29043744207061856,0.2556517499802129,0.04491020686932941,0.04213501364497927
12,4.0,0.7777777777777778,0.1,2,1.1666666666666667,1.0,spiral,0.29200102056899196,0.262493704771214,0.04503093231393777,0.04269511622890956
12,4.0,0.7777777777777778,0.1,3,1.0,0.8333333333333334,spiral,0.2801741975224744,0.2607208202669869,0.04410956981723612,0.04255069038046358
12,4.0,0.7777777777777778,0.1,4,1.0,0.8333333333333334,spiral,0.2793358478570891,0.2638131725035468,0.04404352707022158,0.04280228872576231
12,4.0,0.7777777777777778,0.1,5,1.0,0.8333333333333334,spiral,0.27773177409501393,0.2605580273585325,0.043916885996844304,0.042537404076240536
12,4.0,0.7777777777777778,0.1,6,1.0,0.8333333333333334,spiral,0.28365832672434255,0.27502338822968025,0.04438298650543097,0.04370222695108215
12,4.0,0.7777777777777778,0.2,1,0.8333333333333334,1.0,spiral,0.301216284559065,0.256625401086154,0.04573597876816889,0.04221517311199931
12,4.0,0.7777777777777778,0.2,2,1.0,0.8333333333333334,spiral,0.31235261405017517,0.26168590987249263,0.046573762735562164,0.04262937089617229
12,4.0,0.7777777777777778,0.2,3,0.8333333333333334,1.0,spiral,0.2883726699529111,0.2596159089619072,0.044750284756458314,0.04246043165913309
12,4.0,0.7777777777777778,0.2,4,1.0,0.8333333333333334,spiral,0.29124246905447,0.2686157374908801,0.04497240427430579,0.043190126949441694
12,4.0,0.7777777777777778,0.2,5,1.1666666666666667,1.0,spiral,0.2847485134318296,0.25554524512032917,0.0444681934888914,0.042126235979257194
12,4.0,0.7777777777777778,0.2,6,1.0,0.8333333333333334,spiral,0.28995957888658147,0.25482811707749264,0.044873245778663834,0.04206708573132958
12,4.0,0.7777777777777778,0.3,1,0.8333333333333334,1.0,spiral,0.2539019689661631,0.20728496158200488,0.041990571772965626,0.03794046520372456
12,4.0,0.7777777777777778,0.3,2,1.0,0.8333333333333334,spiral,0.2624936181773819,0.20712817817667267,0.04269510918658062,0.037926114040683016
12,4.0,0.7777777777777778,0.3,3,0.8333333333333334,1.0,spiral,0.26002613554676035,0.22982246966073777,0.04249396489394768,0.03994983570234066
12,4.0,0.7777777777777778,0.3,4,0.8333333333333334,1.0,spiral,0.26128155598353386,0.21769207022103781,0.042596422970545916,0.03888123567540126
12,4.0,0.7777777777777778,0.3,5,1.0,0.8333333333333334,spiral,0.26626860909746664,0.21020783721481412,0.04300101816442085,0.03820702353396687
12,4.0,0.7777777777777778,0.3,6,0.8333333333333334,1.0,spiral,0.26577375400057174,0.21164502756923026,0.042961041298464994,0.03833741170054954
12,4.0,0.7777777777777778,0.4,1,1.0,0.8333333333333334,spiral,0.22238095053401677,0.19466976543084485,0.03929773729473782,0.03676783065462979
12,4.0,0.7777777777777778,0.4,2,1.0,0.6666666666666666,spiral,0.2159208812384128,0.19317597226693808,0.03872273962616339,0.03662649051450729
12,4.0,0.7777777777777778,0.4,3,0.8333333333333334,1.0,spiral,0.22089936867850568,0.18912336667898672,0.0391666106984091,0.03624026370004113
12,4.0,0.7777777777777778,0.4,4,0.8333333333333334,1.0,spiral,0.22057709020115399,0.19508007533494523,0.0391380294422078,0.03680655845608991
12,4.0,0.7777777777777778,0.4,5,0.6666666666666666,1.1666666666666667,other,0.22735523326357193,0.18574061540588144,0.03973481831533376,0.03591469594418231
12,4.0,0.7777777777777778,0.4,6,0.6666666666666666,1.0,spiral,0.22148771424841102,0.18047040469234357,0.0392187343845397,0.03540150701950958
12,4.0,0.7777777777777778,0.5,1,0.5,1.5,other,0.22119570371283145,0.15441020552022316,0.03919287276767999,0.03274588667131245
12,4.0,0.7777777777777778,0.5,2,0.6666666666666666,1.5,other,0.21855759476018224,0.1512458658949942,0.03895845318699766,0.032408617884132025
12,4.0,0.7777777777777778,0.5,3,1.0,0.16666666666666666,spiral,0.20734526758735047,0.1564921623172833,0.03794598386626472,0.03296590856025898
12,4.0,0.7777777777777778,0.5,4,0.0,1.0,stripe,0.21728197858236217,0.15522421803383735,0.03884459587953235,0.032832087331881823
12,4.0,0.7777777777777778,0.5,5,0.5,1.5,other,0.23606906754154405,0.1486479383420284,0.040489116125127456,0.032129073276355474
12,4.0,0.7777777777777778,0.5,6,1.5,0.5,other,0.22818267246278645,0.1543597495813359,0.03980705832013569,0.032740536120014034
12,4.0,0.7777777777777778,0.6,1,0.5,1.5,other,0.22350342632496498,0.14541182307390013,0.039396790824338744,0.0317774185059467
12,4.0,0.7777777777777778,0.6,2,1.0,0.0,stripe,0.2159756114530202,0.14439761115051514,0.038727646908770716,0.03166640473033281
12,4.0,0.7777777777777778,0.6,3,1.0,0.0,stripe,0.22623448991377235,0.14576606084765678,0.03963676130340898,0.031816101449455764
12,4.0,0.7777777777777778,0.6,4,1.0,0.3333333333333333,spiral,0.210400114748759,0.1478154966118693,0.038224493560771906,0.032038984132601526
12,4.0,0.7777777777777778,0.6,5,1.0,0.0,stripe,0.21113865779794647,0.14553526271829637,0.03829152228826122,0.03179090352058016
12,4.0,0.7777777777777778,0.6,6,1.0,0.0,stripe,0.2123283263906682,0.14485432865335196,0.03839924825568676,0.03171644428164197
12,4.0,0.7777777777777778,0.7,1,1.0,0.0,stripe,0.21688082903842684,0.13439376824331128,0.03880872154970334,0.03054979635358012
12,4.0,0.7777777777777778,0.7,2,1.0,0.0,stripe,0.21372353439042388,0.13614556770734323,0.03852520228427893,0.030748257370150175
12,4.0,0.7777777777777778,0.7,3,1.0,0.0,stripe,0.21925550113914083,0.13950808362235573,0.0390206054130326,0.03112565077659195
12,4.0,0.7777777777777778,0.7,4,0.0,1.0,stripe,0.21882904839431044,0.1399563993926527,0.03898263933348964,0.031175622531502956
12,4.0,0.7777777777777778,0.7,5,0.0,1.0,stripe,0.2217676514300217,0.1311273703213084,0.039243510736562626,0.030176261172358967
12,4.0,0.7777777777777778,0.7,6,0.0,1.0,stripe,0.22311117173837064,0.1314368274452059,0.0393622044234316,0.030211847777771937
12,4.0,0.8888888888888888,0.0,1,1.0,1.0,Neel,0.4058780380881942,0.4058780380881942,0.05309046512061814,0.05309046512061814
12,4.0,0.8888888888888888,0.0,2,0.8333333333333334,1.0,spiral,0.44190622393640266,0.4089266550659831,0.055396689628357525,0.05328947774146615
12,4.0,0.8888888888888888,0.0,3,0.8333333333333334,1.0,spiral,0.4121388217520048,0.4089803428397416,0.05349836587275904,0.05329297580094799
12,4.0,0.8888888888888888,0.0,4,0.8333333333333334,1.0,spiral,0.4379299350760412,0.37277494119368343,0.05514689569408899,0.05087941498681544
12,4.0,0.8888888888888888,0.0,5,0.8333333333333334,1.0,spiral,0.37224273319056983,0.3705837750361625,0.05084308193343582,0.05072966033545986
12,4.0,0.8888888888888888,0.0,6,1.0,0.8333333333333334,spiral,0.43632963945772224,0.3608983541497369,0.05504604382404449,0.05006234683356628
12,4.0,0.8888888888888888,0.1,1,0.8333333333333334,1.0,spiral,0.4058910788768251,0.3716530255173251,0.0530913180073327,0.05080279311528804
12,4.0,0.8888888888888888,0.1,2,1.0,1.1666666666666667,spiral,0.3924185129541549,0.3271046018495925,0.052202763932397596,0.04766088265093938
12,4.0,0.8888888888888888,0.1,3,1.0,1.0,Neel,0.3705443717096538,0.3705443717096538,0.05072696327929815,0.05072696327929815
12,4.0,0.8888888888888888,0.1,4,0.8333333333333334,1.0,spiral,0.42049453793023905,0.3293370125551206,0.05403795849075798,0.04782324316886442
12,4.0,0.8888888888888888,0.1,5,0.8333333333333334,1.0,spiral,0.4173307680130084,0.33034810178889534,0.053834285854125245,0.047896597376021005
12,4.0,0.8888888888888888,0.1,6,1.0,0.8333333333333334,spiral,0.4010202935965075,0.3504878164433,0.05277180260305447,0.04933500957479525
12,4.0,0.8888888888888888,0.2,1,0.8333333333333334,1.0,spiral,0.3638270296012856,0.3313245819731596,0.05026506335869251,0.04796733422435925
12,4.0,0.8888888888888888,0.2,2,0.8333333333333334,1.0,spiral,0.3964312642966301,0.314108972557369,0.052468989803014315,0.04670452129533258
12,4.0,0.8888888888888888,0.2,3,0.8333333333333334,1.0,spiral,0.4098942102777531,0.3337964767895206,0.05335248420995301,0.04814593533016173
12,4.0,0.8888888888888888,0.2,4,1.0,1.1666666666666667,spiral,0.39352284441556534,0.340059420651678,0.052276165990474556,0.04859551167058067
12,4.0,0.8888888888888888,0.2,5,1.0,0.8333333333333334,spiral,0.38483641646688166,0.2918095095482608,0.05169598741056548,0.04501616295752535
12,4.0,0.8888888888888888,0.2,6,1.0,0.8333333333333334,spiral,0.39002860495885894,0.33813446737559255,0.052043558476347146,0.04845777567575316
12,4.0,0.8888888888888888,0.3,1,1.0,0.8333333333333334,spiral,0.3570322483819209,0.3001902124213589,0.0497934796310053,0.04565801411500618
12,4.0,0.8888888888888888,0.3,2,0.8333333333333334,1.0,spiral,0.34613802596289883,0.34305255493931935,0.049027913390323065,0.048808907069312964
12,4.0,0.8888888888888888,0.3,3,1.0,0.8333333333333334,spiral,0.34051008529411086,0.30819236124663935,0.04862770167402519,0.046262562951910044
12,4.0,0.8888888888888888,0.3,4,0.8333333333333334,1.0,spiral,0.35983291810164225,0.34012892583669274,0.049988395743804204,0.04860047766659786
12,4.0,0.8888888888888888,0.3,5,0.8333333333333334,1.0,spiral,0.3359178916591782,0.2962693816861485,0.048298686695624246,0.04535886089519186
12,4.0,0.8888888888888888,0.3,6,0.8333333333333334,1.0,spiral,0.3513301742896775,0.32300433559707714,0.049394259555252465,0.04736122532059946
12,4.0,0.8888888888888888,0.4,1,0.6666666666666666,1.0,spiral,0.2328091495615543,0.21206138120488882,0.04020858372647029,0.03837510235282123
12,4.0,0.8888888888888888,0.4,2,1.0,0.8333333333333334,spiral,0.23047366037008138,0.21153714573277888,0.04000639361836789,0.03832763958917417
12,4.0,0.8888888888888888,0.4,3,1.0,1.1666666666666667,spiral,0.22260376039948998,0.21925195157499103,0.03931741913222027,0.03902028955618537
12,4.0,0.8888888888888888,0.4,4,0.8333333333333334,0.8333333333333334,other,0.22792558459257034,0.21585125781011075,0.039784627177725664,0.03871649607242072
12,4.0,0.8888888888888888,0.4,5,0.6666666666666666,0.8333333333333334,other,0.22498080300303677,0.21373310513983088,0.03952678443183923,0.038526064872786564
12,4.0,0.8888888888888888,0.4,6,0.8333333333333334,1.0,spiral,0.22771683289353972,0.2090566863014549,0.03976640410062275,0.03810226428652375
12,4.0,0.8888888888888888,0.5,1,1.0,0.0,stripe,0.21488964556411702,0.1852710682540264,0.03863015927104583,0.03586927153780741
12,4.0,0.8888888888888888,0.5,2,1.0,0.0,stripe,0.2135060457018983,0.1887738367997737,0.03850559534573968,0.03620675934436346
12,4.0,0.8888888888888888,0.5,3,0.8333333333333334,1.5,other,0.21318975576860763,0.18237117630727456,0.0384770634932004,0.035587448660080304
12,4.0,0.8888888888888888,0.5,4,0.0,1.0,stripe,0.22296699541134785,0.19006765021958932,0.03934948427335236,0.03633062396430919
12,4.0,0.8888888888888888,0.5,5,1.0,0.0,stripe,0.2190106199753857,0.18002897884181376,0.038998808740298735,0.03535818493583968
12,4.0,0.8888888888888888,0.5,6,0.0,1.0,stripe,0.2248119005418101,0.18557303382191692,0.039511944444212944,0.03589849054992859
12,4.0,0.8888888888888888,0.6,1,1.0,0.0,stripe,0.22067612392467223,0.17539526325307359,0.039146814465678095,0.034900181396085576
12,4.0,0.8888888888888888,0.6,2,1.0,0.0,stripe,0.21871072340587,0.17070853319124274,0.03897209858470954,0.03443074098736746
12,4.0,0.8888888888888888,0.6,3,0.0,1.0,stripe,0.2222615750617821,0.17526973373536978,0.039287188244404365,0.034887690217580265
12,4.0,0.8888888888888888,0.6,4,0.0,1.0,stripe,0.21977707688804154,0.1774071495986145,0.039066989909787006,0.035099773424266185
12,4.0,0.8888888888888888,0.6,5,1.0,1.8333333333333333,spiral,0.21874313708521767,0.17095748140373299,0.03897498637705714,0.0344558374150211
12,4.0,0.8888888888888888,0.6,6,0.0,1.0,stripe,0.21995817359025943,0.172868055674703,0.039083082230026635,0.03464783700106118
12,4.0,0.8888888888888888,0.7,1,1.0,0.0,stripe,0.232130538089447,0.15164734477278485,0.040149939297851496,0.03245160336442742
12,4.0,0.8888888888888888,0.7,2,0.0,1.0,stripe,0.22670360468315556,0.15327802506487334,0.039677834972153776,0.03262561462435882
12,4.0,0.8888888888888888,0.7,3,1.0,0.0,stripe,0.23191734812903658,0.15298922487106692,0.04013149810043199,0.0325948642076592
12,4.0,0.8888888888888888,0.7,4,0.0,1.0,stripe,0.23535506349191732,0.1538259653674932,0.04042783896201125,0.03268387783919759
12,4.0,0.8888888888888888,0.7,5,0.0,1.0,stripe,0.22654123313031813,0.15018209658346243,0.03966362323148796,0.0322944457496029
12,4.0,0.8888888888888888,0.7,6,1.0,0.0,stripe,0.23142219985255014,0.1526840236701969,0.04008863442532252,0.032562335910249485
12,4.0,1.0,0.0,1,1.0,0.8333333333333334,spiral,0.38663815233770416,0.35655444804592834,0.05181686182133992,0.049760150279862525
12,4.0,1.0,0.0,2,1.0,0.8333333333333334,spiral,0.39211883799816816,0.35575160434479125,0.052182827501951155,0.049704096937721175
12,4.0,1.0,0.0,3,0.8333333333333334,1.0,spiral,0.39755703224851774,0.36254882967095153,0.05254343654490102,0.050176689867390364
12,4.0,1.0,0.0,4,1.0,0.8333333333333334,spiral,0.4312663840782565,0.3885717421536897,0.05472572927780764,0.051946269125581
12,4.0,1.0,0.0,5,0.8333333333333334,1.0,spiral,0.41922293122810766,0.34843373706543823,0.05395618922561848,0.04919023002203892
12,4.0,1.0,0.0,6,1.0,0.8333333333333334,spiral,0.38759222383274294,0.34336984069490323,0.05188075428812845,0.04883147327905943
12,4.0,1.0,0.1,1,1.0,0.8333333333333334,spiral,0.3856089096044243,0.3666848646878248,0.05174784681540599,0.05046209142953974
12,4.0,1.0,0.1,2,1.0,1.1666666666666667,spiral,0.38370598897510294,0.3576810846358424,0.05162000507011032,0.04983870404697778
12,4.0,1.0,0.1,3,1.0,0.8333333333333334,spiral,0.4044996656233235,0.3281929759641552,0.05300024014773447,0.04774010775689521
12,4.0,1.0,0.1,4,1.0,1.0,Neel,0.37922221697762054,0.37922221697762054,0.051317517651384335,0.051317517651384335
12,4.0,1.0,0.1,5,1.0,0.8333333333333334,spiral,0.38637408931242995,0.31658465573402006,0.05179916406664287,0.04688821337722811
12,4.0,1.0,0.1,6,1.0,0.8333333333333334,spiral,0.45304974757008837,0.3620570161731649,0.056090808539100756,0.05014264486976996
12,4.0,1.0,0.2,1,0.8333333333333334,1.0,spiral,0.3316540862168017,0.32644789085056136,0.04799118019496465,0.047613015468648774
12,4.0,1.0,0.2,2,1.0,1.0,Neel,0.32157567080185095,0.32157567080185095,0.047256368677337124,0.047256368677337124
12,4.0,1.0,0.2,3,1.0,1.0,Neel,0.3259308420781931,0.3259308420781931,0.04757529427699852,0.04757529427699852
12,4.0,1.0,0.2,4,1.0,1.0,Neel,0.33062117118632417,0.33062117118632417,0.047916389215597044,0.047916389215597044
12,4.0,1.0,0.2,5,1.0,0.8333333333333334,spiral,0.3423868127354283,0.29296767724654377,0.048761523761584664,0.04510540719976435
12,4.0,1.0,0.2,6,1.0,1.0,Neel,0.34026910092714846,0.34026910092714846,0.048610491332115154,0.048610491332115154
12,4.0,1.0,0.3,1,1.0,1.0,Neel,0.2839817925524444,0.2839817925524444,0.04440828505599149,0.04440828505599149
12,4.0,1.0,0.3,2,1.0,1.0,Neel,0.29370100363668455,0.29370100363668455,0.045161823513145835,0.045161823513145835
12,4.0,1.0,0.3,3,1.0,1.0,Neel,0.30781969803646547,0.30781969803646547,0.04623458437057588,0.04623458437057588
12,4.0,1.0,0.3,4,1.0,1.0,Neel,0.31599784293197924,0.31599784293197924,0.04684473785608594,0.04684473785608594
12,4.0,1.0,0.3,5,1.0,1.0,Neel,0.3024045506185116,0.3024045506185116,0.04582610174908446,0.04582610174908446
12,4.0,1.0,0.3,6,1.0,1.0,Neel,0.29373481871237805,0.29373481871237805,0.04516442327703377,0.04516442327703377
12,4.0,1.0,0.4,1,1.0,1.0,Neel,0.24220799331134235,0.24220799331134235,0.041012192742536806,0.041012192742536806
12,4.0,1.0,0.4,2,1.0,0.8333333333333334,spiral,0.2386595321939912,0.23763052846383564,0.04071066030486698,0.04062280151861859
12,4.0,1.0,0.4,3,1.0,1.0,Neel,0.2549047754701986,0.2549047754701986,0.04207341264832672,0.04207341264832672
12,4.0,1.0,0.4,4,1.0,1.0,Neel,0.2389753744753924,0.2389753744753924,0.040737589664027365,0.040737589664027365
12,4.0,1.0,0.4,5,1.0,0.8333333333333334,spiral,0.24307025183713882,0.23109304467101777,0.04108512942635243,0.04006011495509469
12,4.0,1.0,0.4,6,1.0,1.0,Neel,0.25101109239474007,0.25101109239474007,0.04175083934574949,0.04175083934574949
12,4.0,1.0,0.5,1,0.8333333333333334,1.0,spiral,0.22078700882020694,0.22003727964888414,0.039156648436849045,0.03909010954484986
12,4.0,1.0,0.5,2,1.0,0.3333333333333333,spiral,0.21978286203987824,0.2185102993799981,0.03906750408302189,0.03895423769737152
12,4.0,1.0,0.5,3,1.0,1.0,Neel,0.22875148612018242,0.22875148612018242,0.03985664294626068,0.03985664294626068
12,4.0,1.0,0.5,4,1.0,1.0,Neel,0.22672420076183655,0.22672420076183655,0.039679637301790485,0.039679637301790485
12,4.0,1.0,0.5,5,0.6666666666666666,1.0,spiral,0.22415849017115916,0.21556586654793736,0.039454482403703646,0.03869089278319481
12,4.0,1.0,0.5,6,1.0,1.0,Neel,0.222751868901602,0.222751868901602,0.03933049679934576,0.03933049679934576
12,4.0,1.0,0.6,1,1.0,0.0,stripe,0.22056350662560575,0.20054349588034145,0.039136824324839815,0.03731840250916034
12,4.0,1.0,0.6,2,1.0,0.0,stripe,0.22002482045204755,0.20079530987598776,0.039089002827241676,0.03734182472963532
12,4.0,1.0,0.6,3,0.0,1.0,stripe,0.22165151254527218,0.20668844393120858,0.039233233551387574,0.037885833977740924
12,4.0,1.0,0.6,4,0.0,1.0,stripe,0.22159428443394275,0.20358950841156193,0.03922816841834367,0.037600745080860386
12,4.0,1.0,0.6,5,1.0,0.0,stripe,0.2193512508855508,0.2016623740223434,0.039029124709556356,0.03742236166963465
12,4.0,1.0,0.6,6,1.0,0.0,stripe,0.22321463723877621,0.2019869869046697,0.03937133027332835,0.03745246866443127
12,4.0,1.0,0.7,1,0.0,1.0,stripe,0.2241335325501032,0.1841528389774398,0.03945228592783025,0.03576086072182204
12,4.0,1.0,0.7,2,1.0,0.16666666666666666,spiral,0.22424730986214572,0.18420082518664566,0.039462298275110504,0.0357655196681033
12,4.0,1.0,0.7,3,0.0,1.0,stripe,0.22174349799752274,0.19272283211329685,0.039241373609502694,0.03658350722370374
12,4.0,1.0,0.7,4,0.0,1.0,stripe,0.23033864993255193,0.19499144157619355,0.039994674118749164,0.036798196058611496
12,4.0,1.0,0.7,5,0.0,1.0,stripe,0.22647909663248286,0.182972173734213,0.03965818332188506,0.03564603898579026
12,4.0,1.0,0.7,6,0.0,1.0,stripe,0.22747451111691067,0.18891962718132885,0.03974524002919779,0.03622073791940046
12,6.0,0.5,0.0,1,1.0,0.3333333333333333,spiral,0.17234989362426126,0.1300884672148068,0.03459587058132216,0.030056482386269994
12,6.0,0.5,0.0,2,0.3333333333333333,1.0,spiral,0.16095332164819448,0.13143040734048636,0.03343249019045222,0.030211109911532724
12,6.0,0.5,0.0,3,0.3333333333333333,1.0,spiral,0.169536381549195,0.13540397447475838,0.03431232989729087,0.030664399199999554
12,6.0,0.5,0.0,4,0.3333333333333333,1.0,spiral,0.1623015929990031,0.13324868014656005,0.033572226554496064,0.03041936975963397
12,6.0,0.5,0.0,5,0.16666666666666666,1.0,spiral,0.1651811660489263,0.12748680824659625,0.033868738253665744,0.02975441239997909
12,6.0,0.5,0.0,6,0.3333333333333333,1.0,spiral,0.1673391527296342,0.13278129466474983,0.034089257098261154,0.030365973128828966
12,6.0,0.5,0.1,1,1.0,0.5,spiral,0.1661127875510475,0.12784566511426973,0.03396411377704491,0.02979626014870147
12,6.0,0.5,0.1,2,1.0,0.3333333333333333,spiral,0.16464796817808286,0.13012275444556082,0.03381403063675422,0.030060443097287896
12,6.0,0.5,0.1,3,1.0,0.16666666666666666,spiral,0.16609940336079554,0.13396459297764546,0.033962745455784545,0.03050097823768725
12,6.0,0.5,0.1,4,0.3333333333333333,1.0,spiral,0.1625016329947367,0.13217342644464597,0.03359290940754387,0.030296386203253815
12,6.0,0.5,0.1,5,1.0,0.5,spiral,0.1626521672840085,0.13066022661291038,0.033608465294807516,0.030122461466684253
12,6.0,0.5,0.1,6,0.3333333333333333,1.0,spiral,0.16281788267471947,0.131288562334919,0.03362558164250342,0.030194802985378567
12,6.0,0.5,0.2,1,0.3333333333333333,1.0,spiral,0.16871282003121518,0.12854214483870322,0.03422888846825628,0.029877312188383107
12,6.0,0.5,0.2,2,0.3333333333333333,1.0,spiral,0.1664607013623371,0.13055248439052397,0.033999663127654775,0.030110039437606092
12,6.0,0.5,0.2,3,0.3333333333333333,1.0,spiral,0.16945571956051347,0.12807358592887974,0.03430416636913574,0.0298228084238203
12,6.0,0.5,0.2,4,0.3333333333333333,1.0,spiral,0.16739149448989446,0.1302094107116063,0.03409458804499037,0.030070450924962855
12,6.0,0.5,0.2,5,0.16666666666666666,1.0,spiral,0.16952984526343706,0.12748289854964595,0.034311668454145475,0.029753956150313246
12,6.0,0.5,0.2,6,1.0,0.3333333333333333,spiral,0.16969111886326185,0.12601894297546518,0.03432798490534422,0.02958262240641844
12,6.0,0.5,0.3,1,0.3333333333333333,1.0,spiral,0.16866075217589843,0.12877334305040436,0.034223606230842175,0.029904169052807992
12,6.0,0.5,0.3,2,0.3333333333333333,1.0,spiral,0.16480587027179278,0.1299821810091181,0.03383024106063661,0.030044201350436034
12,6.0,0.5,0.3,3,0.16666666666666666,1.0,spiral,0.16742245973697817,0.12755200218662927,0.03409774142660598,0.029762019302505386
12,6.0,0.5,0.3,4,0.3333333333333333,1.0,spiral,0.16172888134884383,0.12702732436364567,0.033512941255419426,0.029700744047410018
12,6.0,0.5,0.3,5,0.3333333333333333,1.0,spiral,0.16496566550592281,0.12938264509542488,0.03384663793269113,0.029974832625728715
12,6.0,0.5,0.3,6,1.0,0.3333333333333333,spiral,0.16743116508513786,0.12414486998796807,0.034098627893250286,0.029361831562322926
12,6.0,0.5,0.4,1,0.5,1.0,spiral,0.16253634962513971,0.12225274787160903,0.03359649758791207,0.02913721702179298
12,6.0,0.5,0.4,2,1.0,0.0,stripe,0.16504930405725313,0.12341740328262549,0.03385521706649971,0.029275677627918165
12,6.0,0.5,0.4,3,1.0,0.3333333333333333,spiral,0.17110359595786775,0.12412690984180363,0.0344705586896134,0.02935970758466388
12,6.0,0.5,0.4,4,1.0,0.16666666666666666,spiral,0.17032095209125062,0.12390489689837644,0.03439163255099376,0.029333439500089178
12,6.0,0.5,0.4,5,1.0,0.0,stripe,0.1628336886960514,0.11920043466431787,0.03362721375365033,0.028771179959813698
12,6.0,0.5,0.4,6,1.0,0.3333333333333333,spiral,0.16264544202228112,0.12191964636891137,0.03360777047448761,0.029097494924739103
12,6.0,0.5,0.5,1,1.0,0.0,stripe,0.16637072597335748,0.12026832739070141,0.03399047313150953,0.028899770206542854
12,6.0,0.5,0.5,2,1.0,0.0,stripe,0.16500774043167526,0.11202721241949387,0.03385095399440138,0.027892055372689045
12,6.0,0.5,0.5,3,0.16666666666666666,1.0,spiral,0.16769907985505456,0.11797423149171346,0.034125898426823564,0.02862281426537636
12,6.0,0.5,0.5,4,0.0,1.0,stripe,0.1657937530325137,0.1185300329382885,0.03393148253716943,0.028690159092241273
12,6.0,0.5,0.5,5,0.0,1.0,stripe,0.1689979085897881,0.11565803321135257,0.03425779600950832,0.028340444354137222
12,6.0,0.5,0.5,6,0.16666666666666666,1.0,spiral,0.16938664043586873,0.11397995293372232,0.03429717355902637,0.028134097656200514
12,6.0,0.5,0.6,1,0.0,1.0,stripe,0.17499542468432175,0.09647874737507865,0.034860378723591545,0.025884190178868335
12,6.0,0.5,0.6,2,0.16666666666666666,1.0,spiral,0.16379666018971023,0.09599385856886218,0.03372650006853643,0.025819063070516728
12,6.0,0.5,0.6,3,1.8333333333333333,1.0,spiral,0.1589412580883438,0.09642846645979625,0.033222864667644326,0.025877444390685674
12,6.0,0.5,0.6,4,1.0,0.16666666666666666,spiral,0.1638000368274472,0.09544528066484191,0.033726847699513236,0.02574518302637218
12,6.0,0.5,0.6,5,0.0,1.0,stripe,0.1614204132712897,0.09639655239113479,0.033480966117508226,0.02587316182294336
12,6.0,0.5,0.6,6,1.6666666666666667,1.0,spiral,0.16275125632129675,0.09545003105920655,0.033618701012781305,0.025745823698440036
12,6.0,0.5,0.7,1,1.0,0.16666666666666666,spiral,0.15980274605477843,0.08892564158283714,0.03331277971060164,0.02485033556430559
12,6.0,0.5,0.7,2,1.0,0.0,stripe,0.15934056954541959,0.08777073270351335,0.03326457173862761,0.02468843812612964
12,6.0,0.5,0.7,3,1.0,0.16666666666666666,spiral,0.15636928569964137,0.08942985985242172,0.03295296371130555,0.024920688060717653
12,6.0,0.5,0.7,4,0.0,0.8333333333333334,other,0.15575681838514835,0.08971597939624303,0.03288836530019523,0.02496052152291959
12,6.0,0.5,0.7,5,0.0,1.0,stripe,0.15906687139614378,0.08823910669168958,0.033235990302112405,0.024754223361839578
12,6.0,0.5,0.7,6,1.0,0.0,stripe,0.16278085499788325,0.0874780060265006,0.03362175789800359,0.02464723418482913
12,6.0,0.5555555555555556,0.0,1,0.5,1.0,spiral,0.19164417543778584,0.15333877126251733,0.036480985861528856,0.0326320789747133
12,6.0,0.5555555555555556,0.0,2,1.0,0.5,spiral,0.19018994066167444,0.15637626575876581,0.036342309734209016,0.03295369918524215
12,6.0,0.5555555555555556,0.0,3,0.5,1.0,spiral,0.18829967925264018,0.15459308090501894,0.03616125912460278,0.0327652721923748
12,6.0,0.5555555555555556,0.0,4,0.5,1.0,spiral,0.1884126084240877,0.15977849462843285,0.03617210101492505,0.03331025186581628
12,6.0,0.5555555555555556,0.0,5,0.5,1.0,spiral,0.20015040834413256,0.1487989462620738,0.03728181046138584,0.03214538871609497
12,6.0,0.5555555555555556,0.0,6,1.0,0.5,spiral,0.18721048851361824,0.15491066715882254,0.03605652280656201,0.03279891037727119
12,6.0,0.5555555555555556,0.1,1,1.0,0.5,spiral,0.19193336588523607,0.1467805477362263,0.03650850033109071,0.031926624614565025
12,6.0,0.5555555555555556,0.1,2,0.5,1.0,spiral,0.18733618122006315,0.15190812396903727,0.03606862491026107,0.03247949395484417
12,6.0,0.5555555555555556,0.1,3,1.0,0.5,spiral,0.19564802125708286,0.15299052534212867,0.036860097860495405,0.03259500274221161
12,6.0,0.5555555555555556,0.1,4,0.5,1.0,spiral,0.1945168452301663,0.15077919838152498,0.036753386581504136,0.03235858103406835
12,6.0,0.5555555555555556,0.1,5,1.0,0.5,spiral,0.19393320446512702,0.15228278129408473,0.03669820655483262,0.032519522052795534
12,6.0,0.5555555555555556,0.1,6,0.5,1.0,spiral,0.19168838712042996,0.14987004093338205,0.03648519364074947,0.032260876819275794
12,6.0,0.5555555555555556,0.2,1,0.5,1.0,spiral,0.19478581992557883,0.14260026557366184,0.03677878879243771,0.03146870861728073
12,6.0,0.5555555555555556,0.2,2,1.0,0.5,spiral,0.18426673532699323,0.1464380758458434,0.035771917846789444,0.03188935688067104
12,6.0,0.5555555555555556,0.2,3,1.0,0.5,spiral,0.19476394785256518,0.1467966448238187,0.036776723829656355,0.03192837522658885
12,6.0,0.5555555555555556,0.2,4,1.0,0.5,spiral,0.19960596481603468,0.1520821354426917,0.03723106946415433,0.032498091337403924
12,6.0,0.5555555555555556,0.2,5,1.0,0.5,spiral,0.19426795136764757,0.14820348536156835,0.03672986517275368,0.03208100482476269
12,6.0,0.5555555555555556,0.2,6,1.0,0.5,spiral,0.19956544550008004,0.1470423574620349,0.03722729038361658,0.031955085391455966
12,6.0,0.5555555555555556,0.3,1,1.0,0.5,spiral,0.18922954226423258,0.13941568366222723,0.03625043508016994,0.03111534139096947
12,6.0,0.5555555555555556,0.3,2,0.5,1.0,spiral,0.1816770340818925,0.1431671582055063,0.03551965751542577,0.03153119687590573
12,6.0,0.5555555555555556,0.3,3,1.0,0.5,spiral,0.18958568768509954,0.14451012453675657,0.036284532180957896,0.03167873942418249
12,6.0,0.5555555555555556,0.3,4,1.0,0.5,spiral,0.19372244980155884,0.14448979776895512,0.03667826045886859,0.03167651138297148
12,6.0,0.5555555555555556,0.3,5,1.0,0.5,spiral,0.1873576941692791,0.1400995792171034,0.03607069584022149,0.031191565279145867
12,6.0,0.5555555555555556,0.3,6,0.5,1.0,spiral,0.1902304067270984,0.14385296274260378,0.03634617574326638,0.03160662759509069
12,6.0,0.5555555555555556,0.4,1,1.0,0.3333333333333333,spiral,0.18344805652718604,0.1433862760207284,0.035692363847108076,0.03155531695169175
12,6.0,0.5555555555555556,0.4,2,1.0,0.5,spiral,0.18104069832223008,0.130719352844476,0.03545739798239788,0.030129276188488072
12,6.0,0.5555555555555556,0.4,3,0.3333333333333333,1.0,spiral,0.18255372851009227,0.140371685917686,0.035605255591900045,0.031221841304259666
12,6.0,0.5555555555555556,0.4,4,0.16666666666666666,1.0,spiral,0.17843003138192692,0.13694219219201115,0.03520081590179793,0.030838084340274043
12,6.0,0.5555555555555556,0.4,5,0.0,1.0,stripe,0.18869187650133162,0.13424977615669895,0.03619889851199162,0.030533426145771755
12,6.0,0.5555555555555556,0.4,6,1.0,0.16666666666666666,spiral,0.1835906913607854,0.1421439478523472,0.035706236943594614,0.03141831868472012
12,6.0,0.5555555555555556,0.5,1,1.0,0.0,stripe,0.1868524463799149,0.12454887019146302,0.036022027055592716,0.029409568335202366
12,6.0,0.5555555555555556,0.5,2,1.0,0.0,stripe,0.19425896237372328,0.12664387951606876,0.03672901539709096,0.029655882814852357
12,6.0,0.5555555555555556,0.5,3,0.0,1.0,stripe,0.1941769818741505,0.12796193042644663,0.03672126445283351,0.02980980571641358
12,6.0,0.5555555555555556,0.5,4,0.0,1.0,stripe,0.1933270574882683,0.13020236172015803,0.03664081072158743,0.030069636969892028
12,6.0,0.5555555555555556,0.5,5,0.0,1.0,stripe,0.1913382108496935,0.12038941335806663,0.03645185283830019,0.028914314668764873
12,6.0,0.5555555555555556,0.5,6,1.0,0.16666666666666666,spiral,0.18934717517949737,0.12224593866451741,0.03626170071503141,0.029136405571290092
12,6.0,0.5555555555555556,0.6,1,1.0,0.0,stripe,0.18116018416259846,0.1048877729413166,0.0354690968938101,0.026988651542685056
12,6.0,0.5555555555555556,0.6,2,0.16666666666666666,1.0,spiral,0.18751760516439336,0.10744827814157057,0.03608608584232153,0.027316086802566565
12,6.0,0.5555555555555556,0.6,3,0.3333333333333333,1.0,spiral,0.1800812662645877,0.10625416805718499,0.035363319259645816,0.02716387614210801
12,6.0,0.5555555555555556,0.6,4,1.0,0.16666666666666666,spiral,0.19170712228617687,0.10789389479521212,0.0364869765850868,0.02737267174208766
12,6.0,0.5555555555555556,0.6,5,1.0,0.16666666666666666,spiral,0.18780407312706,0.10590475769268606,0.03611363942157104,0.02711917598672955
12,6.0,0.5555555555555556,0.6,6,1.0,0.16666666666666666,spiral,0.1850612853142005,0.10570001236513786,0.03584895834863194,0.02709294859639295
12,6.0,0.5555555555555556,0.7,1,1.0,0.0,stripe,0.1834665177518091,0.09518253245516152,0.03569415974558189,0.025709722066105643
12,6.0,0.5555555555555556,0.7,2,0.16666666666666666,0.8333333333333334,other,0.177973667594215,0.09495684414645253,0.03515577117888397,0.025679223679753428
12,6.0,0.5555555555555556,0.7,3,1.0,0.0,stripe,0.17751199163863873,0.09397988823321256,0.035110143322937507,0.02554678282544874
12,6.0,0.5555555555555556,0.7,4,1.0,0.0,stripe,0.1832181487396583,0.09468434514768444,0.03566999096070135,0.025642351191665275
12,6.0,0.5555555555555556,0.7,5,1.0,0.0,stripe,0.18227557355673604,0.09036430096448844,0.03557811959820249,0.025050546257695608
12,6.0,0.5555555555555556,0.7,6,0.16666666666666666,1.1666666666666667,other,0.17801130215379724,0.0935810979530888,0.03515948802656629,0.0254925231349378
12,6.0,0.6666666666666666,0.0,1,1.0,0.6666666666666666,spiral,0.23096115449616678,0.20363137245558277,0.04004868170393853,0.03760461079660005
12,6.0,0.6666666666666666,0.0,2,1.0,1.3333333333333333,spiral,0.22843532701304423,0.198094251418188,0.03982909034349875,0.03708981698171908
12,6.0,0.6666666666666666,0.0,3,1.0,0.5,spiral,0.22396266522031544,0.20724188543045868,0.039437244912039565,0.03793652277072506
12,6.0,0.6666666666666666,0.0,4,1.0,0.6666666666666666,spiral,0.2396164483434044,0.20496865452015872,0.0407921942716479,0.03772788669098454
12,6.0,0.6666666666666666,0.0,5,0.6666666666666666,1.0,spiral,0.23721001090032606,0.2017737594930918,0.04058684198559153,0.0374326951093088
12,6.0,0.6666666666666666,0.0,6,1.0,0.6666666666666666,spiral,0.2356714939380491,0.19999720843352306,0.0404550070670122,0.03726753953523866
12,6.0,0.6666666666666666,0.1,1,0.6666666666666666,1.0,spiral,0.23844367049598308,0.19890898438809396,0.04069224524265983,0.0371660112412401
12,6.0,0.6666666666666666,0.1,2,0.6666666666666666,1.0,spiral,0.2326936596266654,0.20504179959306904,0.04019860932733672,0.03773461787355186
12,6.0,0.6666666666666666,0.1,3,1.0,0.6666666666666666,spiral,0.22454383750800347,0.19766422152859003,0.03948838063173382,0.03704953717740146
12,6.0,0.6666666666666666,0.1,4,0.6666666666666666,1.0,spiral,0.2331668572121869,0.20420524301282295,0.04023946180300803,0.03765756186168757
12,6.0,0.6666666666666666,0.1,5,0.5,0.8333333333333334,other,0.2302697587695755,0.20271213562357757,0.03998869273946,0.03751963704585403
12,6.0,0.6666666666666666,0.1,6,0.6666666666666666,1.0,spiral,0.2297643529932713,0.21622684499727746,0.03994478419863468,0.038750165321984026
12,6.0,0.6666666666666666,0.2,1,0.6666666666666666,1.0,spiral,0.2427054231268806,0.19135997251386244,0.04105428512676849,0.03645392568726904
12,6.0,0.6666666666666666,0.2,2,0.6666666666666666,1.0,spiral,0.24964193812481547,0.18288015577183742,0.041636817485384475,0.03563707453971034
12,6.0,0.6666666666666666,0.2,3,1.0,1.3333333333333333,spiral,0.24087740890870984,0.19607994987771654,0.04089938610894133,0.03690076311670605
12,6.0,0.6666666666666666,0.2,4,0.6666666666666666,1.0,spiral,0.2374549645393663,0.1934293728421571,0.04060779247017935,0.03665050523016144
12,6.0,0.6666666666666666,0.2,5,1.0,0.6666666666666666,spiral,0.23435324098192806,0.1827425977731326,0.04034170376142411,0.035623669348748686
12,6.0,0.6666666666666666,0.2,6,0.6666666666666666,1.0,spiral,0.2425239081595057,0.1958937324024799,0.04103893037913189,0.036883236594473214
12,6.0,0.6666666666666666,0.3,1,0.6666666666666666,1.0,spiral,0.21335601183890146,0.17754974819736397,0.03849206374180894,0.03511387706422767
12,6.0,0.6666666666666666,0.3,2,1.0,0.6666666666666666,spiral,0.20895355779602126,0.17238850195650535,0.03809286512699565,0.03459974529816591
12,6.0,0.6666666666666666,0.3,3,1.3333333333333333,0.8333333333333334,other,0.21500806744238385,0.16870344683439048,0.038640802003335785,0.03422793762597612
12,6.0,0.6666666666666666,0.3,4,0.6666666666666666,1.0,spiral,0.21288130319357737,0.171399606058751,0.03844921824028067,0.034500362926709334
12,6.0,0.6666666666666666,0.3,5,1.0,0.6666666666666666,spiral,0.20941692787545296,0.1603435694266941,0.03813507862004892,0.03336910262364869
12,6.0,0.6666666666666666,0.3,6,0.6666666666666666,1.0,spiral,0.21327718504660367,0.179370158628177,0.03848495242070122,0.03529342858925104
12,6.0,0.6666666666666666,0.4,1,1.0,0.0,stripe,0.21377908418846014,0.15735787130094847,0.03853020858405744,0.03305696590955491
12,6.0,0.6666666666666666,0.4,2,1.0,0.0,stripe,0.2097825957475647,0.15743353693433892,0.038168358382046116,0.0330649126860016
12,6.0,0.6666666666666666,0.4,3,1.0,0.3333333333333333,spiral,0.2127557147874047,0.16536225168331548,0.038437875091883,0.03388729806318326
12,6.0,0.6666666666666666,0.4,4,1.6666666666666667,0.8333333333333334,other,0.20943327829819564,0.15631089081131613,0.038136567306978376,0.03294681012330035
12,6.0,0.6666666666666666,0.4,5,0.8333333333333334,1.6666666666666667,other,0.20754308242019812,0.15638329284102762,0.037964080466881066,0.03295443959732593
12,6.0,0.6666666666666666,0.4,6,0.8333333333333334,0.3333333333333333,other,0.2053934184034884,0.14991399321585425,0.037766958884156376,0.03226560703492685
12,6.0,0.6666666666666666,0.5,1,1.0,0.16666666666666666,spiral,0.21220871110721787,0.14018631778204776,0.038388430612767116,0.031201219458679257
12,6.0,0.6666666666666666,0.5,2,0.3333333333333333,1.0,spiral,0.20935349738221057,0.14628588786146463,0.03812930279746676,0.03187278182493914
12,6.0,0.6666666666666666,0.5,3,0.0,1.0,stripe,0.2292637617125723,0.14461853533568142,0.03990124630055191,0.0316906198152634
12,6.0,0.6666666666666666,0.5,4,0.16666666666666666,1.1666666666666667,other,0.20921129519393297,0.14169669102930413,0.03811635104026269,0.03136885077293416
12,6.0,0.6666666666666666,0.5,5,0.8333333333333334,0.0,other,0.2136907550917453,0.13731232632735596,0.03852224781896831,0.030879731568097375
12,6.0,0.6666666666666666,0.5,6,1.0,0.0,stripe,0.22013743009500902,0.14337875986016682,0.039099004506989214,0.031554489892284265
12,6.0,0.6666666666666666,0.6,1,0.0,1.0,stripe,0.24148900393414915,0.12414051391387948,0.040951275581658314,0.02936131642450179
12,6.0,0.6666666666666666,0.6,2,0.16666666666666666,1.0,spiral,0.20858508982113505,0.12454008997383173,0.03805926389464629,0.029408531686049663
12,6.0,0.6666666666666666,0.6,3,0.0,1.0,stripe,0.21530218286193353,0.1172725692730993,0.03866722187657547,0.028537568960482613
12,6.0,0.6666666666666666,0.6,4,0.16666666666666666,1.0,spiral,0.21647477715040267,0.1205328147725897,0.038772375005207804,0.028931530134452994
12,6.0,0.6666666666666666,0.6,5,0.0,1.0,stripe,0.22204649491498657,0.12568532325781961,0.03926817474776158,0.029543438270552898
12,6.0,0.6666666666666666,0.6,6,0.0,1.0,stripe,0.2204955477076483,0.1199199846145641,0.039130794539634806,0.028857887499511688
12,6.0,0.6666666666666666,0.7,1,0.0,1.0,stripe,0.2250708431954312,0.11142295269797517,0.039534693202742055,0.027816730664243235
12,6.0,0.6666666666666666,0.7,2,1.0,0.0,stripe,0.21860101208289304,0.10803244437200779,0.03896232261953822,0.027390241111369264
12,6.0,0.6666666666666666,0.7,3,1.0,0.0,stripe,0.22325553367422568,0.11278972619942391,0.03937493683189163,0.027986818102385264
12,6.0,0.6666666666666666,0.7,4,0.16666666666666666,1.0,spiral,0.21886404866483838,0.11724361127512503,0.03898575671753923,0.028534045366301393
12,6.0,0.6666666666666666,0.7,5,0.16666666666666666,1.0,spiral,0.2217366357029698,0.11212222680933515,0.03924076640354123,0.02790388100363151
12,6.0,0.6666666666666666,0.7,6,0.16666666666666666,1.0,spiral,0.212489855280732,0.11617407825112003,0.038413851603361554,0.028403598932167817
12,6.0,0.7777777777777778,0.0,1,0.8333333333333334,1.0,spiral,0.3083936840645559,0.27594638348520373,0.04627767070633375,0.04377549919485053
12,6.0,0.7777777777777778,0.0,2,1.0,0.8333333333333334,spiral,0.29741201233670367,0.2934042444544001,0.04544624513403351,0.045139001710026536
12,6.0,0.7777777777777778,0.0,3,0.8333333333333334,1.1666666666666667,other,0.2970269796796164,0.28058959613188833,0.04541681801806711,0.04414225710163677
12,6.0,0.7777777777777778,0.0,4,0.8333333333333334,0.8333333333333334,other,0.30774318446125415,0.2652357204892951,0.04622883783578815,0.042917534011405
12,6.0,0.7777777777777778,0.0,5,0.8333333333333334,1.0,spiral,0.29128062461096577,0.28135327756508544,0.04497535008595185,0.0442022873312354
12,6.0,0.7777777777777778,0.0,6,1.0,0.8333333333333334,spiral,0.30982050311983267,0.27194603231126624,0.04638460166548274,0.043457037557485236
12,6.0,0.7777777777777778,0.1,1,1.0,0.8333333333333334,spiral,0.3200181863210484,0.26382985195519915,0.04714179160912737,0.042803641780681266
12,6.0,0.7777777777777778,0.1,2,0.8333333333333334,1.1666666666666667,other,0.3076762509127769,0.2706310819725719,0.046223810220910266,0.04335184556277179
12,6.0,0.7777777777777778,0.1,3,1.0,1.0,Neel,0.3150161167568445,0.3150161167568445,0.046771913815050706,0.046771913815050706
12,6.0,0.7777777777777778,0.1,4,1.0,1.0,Neel,0.3131779869257851,0.3131779869257851,0.04663525631353454,0.04663525631353454
12,6.0,0.7777777777777778,0.1,5,1.0,0.8333333333333334,spiral,0.30890687882749346,0.2990470338659451,0.04631615979897578,0.045570994206380354
12,6.0,0.7777777777777778,0.1,6,0.8333333333333334,0.8333333333333334,other,0.3032053191724665,0.2650576210452299,0.04588673549353059,0.0429031225428314
12,6.0,0.7777777777777778,0.2,1,1.1666666666666667,1.0,spiral,0.33585980322367087,0.26627969734795387,0.048294510501803674,0.0430019135029634
12,6.0,0.7777777777777778,0.2,2,0.8333333333333334,1.0,spiral,0.3250652378587529,0.27418951987710827,0.04751207725547504,0.043635924283043144
12,6.0,0.7777777777777778,0.2,3,1.0,0.8333333333333334,spiral,0.30578528254468157,0.25399325615218105,0.046081546269198574,0.041998119679485274
12,6.0,0.7777777777777778,0.2,4,1.0,0.8333333333333334,spiral,0.3010989694626483,0.262820251712188,0.045727071475361675,0.04272166472517421
12,6.0,0.7777777777777778,0.2,5,0.8333333333333334,1.0,spiral,0.36225330638096376,0.28265647593517373,0.05015623551442946,0.04430453920304625
12,6.0,0.7777777777777778,0.2,6,1.0,0.8333333333333334,spiral,0.301884225440898,0.2593176401640379,0.04578665998113925,0.04243603357505973
12,6.0,0.7777777777777778,0.3,1,1.0,0.8333333333333334,spiral,0.29793763271620566,0.24166818781012217,0.04548638629641823,0.04096646560587037
12,6.0,0.7777777777777778,0.3,2,0.8333333333333334,1.0,spiral,0.29020814502322934,0.2166390706613163,0.04489247532091645,0.03878708535973779
12,6.0,0.7777777777777778,0.3,3,1.0,0.8333333333333334,spiral,0.28890141535166186,0.23098139940434317,0.0447912918861578,0.04005043689978293
12,6.0,0.7777777777777778,0.3,4,1.0,0.8333333333333334,spiral,0.285876391020814,0.2236284538063321,0.044556174829335604,0.03940780853657158
12,6.0,0.7777777777777778,0.3,5,0.8333333333333334,1.3333333333333333,other,0.2669637748290491,0.22195491625220437,0.04305711442931943,0.039260076223623826
12,6.0,0.7777777777777778,0.3,6,0.8333333333333334,1.0,spiral,0.2622486319016605,0.22374488691498096,0.04267518078312782,0.03941806612341085
12,6.0,0.7777777777777778,0.4,1,1.1666666666666667,1.5,other,0.24173302739634064,0.2083982872459425,0.04097196088962859,0.038042217707394806
12,6.0,0.7777777777777778,0.4,2,1.0,0.6666666666666666,spiral,0.2587087825943529,0.18912411176431554,0.042386186051782716,0.03624033508747113
12,6.0,0.7777777777777778,0.4,3,0.6666666666666666,0.8333333333333334,other,0.2463111066804001,0.21202317838024437,0.04135811645120783,0.038371645562786875
12,6.0,0.7777777777777778,0.4,4,0.6666666666666666,1.0,spiral,0.23495506740726219,0.20181411142776767,0.04039346992461073,0.03743643793037812
12,6.0,0.7777777777777778,0.4,5,0.6666666666666666,1.0,spiral,0.2480503430003258,0.19440745370437038,0.04150387724527856,0.036743050524363184
12,6.0,0.7777777777777778,0.4,6,1.0,0.6666666666666666,spiral,0.23995831594263675,0.18369436685459412,0.04082128359135818,0.03571631735466474
12,6.0,0.7777777777777778,0.5,1,0.5,1.5,other,0.24935343000834828,0.17924851302108888,0.0416127509511765,0.035281458876075804
12,6.0,0.7777777777777778,0.5,2,0.5,1.5,other,0.24746302384116134,0.1730076987180867,0.041454712893942175,0.03466182846026642
12,6.0,0.7777777777777778,0.5,3,0.6666666666666666,0.5,other,0.26664718710888063,0.1663831476622219,0.043031576512428685,0.03399174201820343
12,6.0,0.7777777777777778,0.5,4,0.5,1.5,other,0.24312160597301316,0.16499915005041776,0.04108946928257534,0.033850072834569776
12,6.0,0.7777777777777778,0.5,5,1.5,0.5,other,0.2873198928030501,0.16117477663852417,0.04466852396659772,0.033455482095046445
12,6.0,0.7777777777777778,0.5,6,0.5,0.6666666666666666,other,0.24384125185853747,0.1653336256751118,0.041150237262929594,0.033884364805901075
12,6.0,0.7777777777777778,0.6,1,0.5,0.6666666666666666,other,0.2751809485856906,0.1524567185508982,0.04371474361840466,0.03253808863714978
12,6.0,0.7777777777777778,0.6,2,0.3333333333333333,0.6666666666666666,other,0.24435613370589962,0.15360300978145888,0.04119365964781302,0.032660183219430934
12,6.0,0.7777777777777778,0.6,3,1.0,0.16666666666666666,spiral,0.23645425186484004,0.15236885463276623,0.04052213488610954,0.03252871110359088
12,6.0,0.7777777777777778,0.6,4,1.0,0.0,stripe,0.2409616987262074,0.14908273756526066,0.040906541408961807,0.032176028167684764
12,6.0,0.7777777777777778,0.6,5,0.5,1.3333333333333333,other,0.24102441036645886,0.14390646394197754,0.04091186414165032,0.031612504551862236
12,6.0,0.7777777777777778,0.6,6,1.0,0.0,stripe,0.23485218726734422,0.14770753628244193,0.040384625380636315,0.03202728180378691
12,6.0,0.7777777777777778,0.7,1,1.0,0.16666666666666666,spiral,0.24777296798418869,0.13386786396930503,0.04148066550817755,0.030489964647917926
12,6.0,0.7777777777777778,0.7,2,1.0,0.0,stripe,0.23930673415491904,0.13625305212286737,0.040765822946682566,0.030760392566630965
12,6.0,0.7777777777777778,0.7,3,1.0,0.0,stripe,0.23425830373867673,0.14156636083090562,0.04033353165745634,0.03135442118732859
12,6.0,0.7777777777777778,0.7,4,0.8333333333333334,0.16666666666666666,other,0.24706644016592377,0.14316965238821772,0.04142148196067971,0.03153147153464932
12,6.0,0.7777777777777778,0.7,5,1.0,0.0,stripe,0.2600653560091778,0.14114748409067054,0.04249716951433826,0.031307999963919246
12,6.0,0.7777777777777778,0.7,6,1.0,0.0,stripe,0.255967550591068,0.13405403014629877,0.042161029810242945,0.030511158039393596
12,6.0,0.8888888888888888,0.0,1,0.8333333333333334,1.0,spiral,0.4769135109687689,0.3554868777873746,0.057549104091441435,0.049685600263289914
12,6.0,0.8888888888888888,0.0,2,1.0,1.0,Neel,0.4882631304303674,0.4882631304303674,0.058229856461648764,0.058229856461648764
12,6.0,0.8888888888888888,0.0,3,0.8333333333333334,1.0,spiral,0.5019191722544796,0.43068544891955945,0.059038545098289597,0.054688857851051306
12,6.0,0.8888888888888888,0.0,4,1.0,1.0,Neel,0.5178144507713622,0.5178144507713622,0.05996610447504688,0.05996610447504688
12,6.0,0.8888888888888888,0.0,5,1.0,0.8333333333333334,spiral,0.5903662835149854,0.3761789064657524,0.06402941400436954,0.051111187788225786
12,6.0,0.8888888888888888,0.0,6,0.8333333333333334,1.0,spiral,0.5467324902633806,0.4180905276000305,0.061617801036768664,0.05388326680581717
12,6.0,0.8888888888888888,0.1,1,1.0,0.8333333333333334,spiral,0.4770951896179034,0.39308349950786126,0.057560064619606,0.05224697622217144
12,6.0,0.8888888888888888,0.1,2,0.8333333333333334,1.0,spiral,0.48096492652070066,0.4662193450099477,0.057793029094773275,0.056900213886653006
12,6.0,0.8888888888888888,0.1,3,1.0,1.0,Neel,0.5743833580475257,0.5743833580475257,0.06315673613934213,0.06315673613934213
12,6.0,0.8888888888888888,0.1,4,1.0,0.8333333333333334,spiral,0.4789215053413871,0.41506297117009006,0.05767012907123554,0.053687817465759735
12,6.0,0.8888888888888888,0.1,5,0.8333333333333334,1.0,spiral,0.43637506970143464,0.36417228606041646,0.055048909421369877,0.05028890741259838
12,6.0,0.8888888888888888,0.1,6,0.8333333333333334,1.0,spiral,0.3882736134566273,0.33933349374934696,0.051926337612942096,0.04854361539359812
12,6.0,0.8888888888888888,0.2,1,1.0,0.8333333333333334,spiral,0.38763417843713993,0.322230502533221,0.05188356210713161,0.047304458808312855
12,6.0,0.8888888888888888,0.2,2,0.8333333333333334,1.0,spiral,0.5640981309804208,0.38723414080236485,0.06258872208160571,0.05185678333443177
12,6.0,0.8888888888888888,0.2,3,0.8333333333333334,1.0,spiral,0.4723406961181841,0.40244426878072737,0.057272538995952894,0.05286541276234234
12,6.0,0.8888888888888888,0.2,4,0.8333333333333334,1.0,spiral,0.574292259799883,0.3982529602383318,0.0631517275540008,0.05258940537038461
12,6.0,0.8888888888888888,0.2,5,1.0,0.8333333333333334,spiral,0.4653728571118004,0.3066351627932373,0.056848535180471275,0.046145539900740294
12,6.0,0.8888888888888888,0.2,6,1.0,1.0,Neel,0.37285866695365866,0.37285866695365866,0.05088512845900358,0.05088512845900358
12,6.0,0.8888888888888888,0.3,1,1.0,0.8333333333333334,spiral,0.4307062612226723,0.3977184664683989,0.05469017921834984,0.05255410350219512
12,6.0,0.8888888888888888,0.3,2,1.0,1.0,Neel,0.45124965478437923,0.45124965478437923,0.05597926543127246,0.05597926543127246
12,6.0,0.8888888888888888,0.3,3,0.8333333333333334,1.0,spiral,0.41640661675951646,0.3638517963703265,0.05377464659470605,0.05026677417444892
12,6.0,0.8888888888888888,0.3,4,1.0,1.0,Neel,0.41092540554400436,0.41092540554400436,0.05341955306450197,0.05341955306450197
12,6.0,0.8888888888888888,0.3,5,1.0,0.8333333333333334,spiral,0.3995467211045818,0.3306321715242288,0.052674756835420763,0.04791718633951741
12,6.0,0.8888888888888888,0.3,6,1.0,0.8333333333333334,spiral,0.4656494785809528,0.33497736169519987,0.05686542828986651,0.048231024024365146
12,6.0,0.8888888888888888,0.4,1,0.6666666666666666,1.0,spiral,0.28482557342212556,0.24144924860856717,0.044474210178338,0.04094790462423016
12,6.0,0.8888888888888888,0.4,2,0.8333333333333334,1.1666666666666667,other,0.3154069020104422,0.2633327675290634,0.04680091567913868,0.042763299387528375
12,6.0,0.8888888888888888,0.4,3,1.0,0.8333333333333334,spiral,0.26249937856094807,0.23586874598319846,0.04269557765293374,0.04047193351769965
12,6.0,0.8888888888888888,0.4,4,1.1666666666666667,1.0,spiral,0.26762927259335856,0.2490928285475079,0.04311074825645754,0.04159100034091142
12,6.0,0.8888888888888888,0.4,5,1.0,1.5,spiral,0.26010452448767074,0.2330672893358209,0.04250036964607801,0.04023086927484749
12,6.0,0.8888888888888888,0.4,6,0.6666666666666666,1.0,spiral,0.27061428867976456,0.2509044065436991,0.04335050050010353,0.04174196583905724
12,6.0,0.8888888888888888,0.5,1,1.0,0.0,stripe,0.26449376879699404,0.2109685967727128,0.04285746473267473,0.03827609828353075
12,6.0,0.8888888888888888,0.5,2,0.8333333333333334,0.0,other,0.24700259221014162,0.20280720610704517,0.0414161294574601,0.03752843422983924
12,6.0,0.8888888888888888,0.5,3,0.8333333333333334,1.3333333333333333,other,0.2840153858641459,0.2153113556172111,0.04441091159277203,0.038668045558855745
12,6.0,0.8888888888888888,0.5,4,0.6666666666666666,1.1666666666666667,other,0.25454674811399547,0.20945055653046424,0.04204385508955661,0.0381381404067343
12,6.0,0.8888888888888888,0.5,5,1.0,0.16666666666666666,spiral,0.25248921583499623,0.2240066337831183,0.04187358752468522,0.03944111590071809
12,6.0,0.8888888888888888,0.5,6,0.6666666666666666,1.0,spiral,0.25465924005785867,0.2336593200011637,0.04205314429202935,0.040281933502188644
12,6.0,0.8888888888888888,0.6,1,1.0,0.16666666666666666,spiral,0.26335090567955605,0.20731812750776965,0.04276477211310503,0.03794350034991442
12,6.0,0.8888888888888888,0.6,2,1.0,0.0,stripe,0.2551933932462608,0.18369614892395172,0.04209722487276236,0.035716490601132356
12,6.0,0.8888888888888888,0.6,3,1.0,0.16666666666666666,spiral,0.254096997987605,0.1732007155286144,0.042006695728479225,0.03468115838213148
12,6.0,0.8888888888888888,0.6,4,0.3333333333333333,1.0,spiral,0.24612747913137073,0.19507930827312114,0.041342697119067635,0.03680648609366753
12,6.0,0.8888888888888888,0.6,5,0.3333333333333333,0.8333333333333334,other,0.25621215505348266,0.17320253340439837,0.042181169694074344,0.03468134038447588
12,6.0,0.8888888888888888,0.6,6,1.0,0.3333333333333333,spiral,0.25571941462568526,0.1851609827159612,0.04214058931996473,0.0358586134387504
12,6.0,0.8888888888888888,0.7,1,1.0,0.16666666666666666,spiral,0.2788735419135797,0.16749819920975528,0.04400706555593435,0.03410545321435612
12,6.0,0.8888888888888888,0.7,2,1.0,0.0,stripe,0.25582666990743175,0.1574022162691308,0.04214942581553617,0.03306162346760075
12,6.0,0.8888888888888888,0.7,3,1.0,0.0,stripe,0.26412766185086445,0.16398866176548813,0.04282779324182296,0.03374626129142639
12,6.0,0.8888888888888888,0.7,4,1.0,1.8333333333333333,spiral,0.2703181607901696,0.17488425366982188,0.04332677520808274,0.034849303921573635
12,6.0,0.8888888888888888,0.7,5,1.0,0.16666666666666666,spiral,0.25335069708900054,0.16545125171496164,0.04194496204427699,0.03389641612026771
12,6.0,0.8888888888888888,0.7,6,1.0,0.16666666666666666,spiral,0.2574347864833023,0.1558645046781742,0.04228169311653343,0.032899732424419986
12,6.0,1.0,0.0,1,1.0,1.0,Neel,0.5341357011945916,0.5341357011945916,0.060903823383595714,0.060903823383595714
12,6.0,1.0,0.0,2,1.0,0.8333333333333334,spiral,0.5225522462070413,0.48286779154376747,0.060239812774480414,0.05790724093226402
12,6.0,1.0,0.0,3,1.0,1.0,Neel,0.5151181658881441,0.5151181658881441,0.05980977750614304,0.05980977750614304
12,6.0,1.0,0.0,4,0.8333333333333334,1.0,spiral,0.5256882145311303,0.4804196312627675,0.06042029957647204,0.05776025830382664
12,6.0,1.0,0.0,5,1.0,0.8333333333333334,spiral,0.4699567328796784,0.4507607207783667,0.05712782529359527,0.05594893013439222
12,6.0,1.0,0.0,6,1.0,0.8333333333333334,spiral,0.5052096639731862,0.5042070036535292,0.059231751993827075,0.05917294589059877
12,6.0,1.0,0.1,1,1.0,0.8333333333333334,spiral,0.5424284302646014,0.4725017889519389,0.06137478390234651,0.05728230462610032
12,6.0,1.0,0.1,2,1.0,1.0,Neel,0.643010651158594,0.643010651158594,0.06682328743901263,0.06682328743901263
12,6.0,1.0,0.1,3,0.8333333333333334,1.0,spiral,0.5692962843505935,0.42814804766398895,0.06287643771001458,0.05452751902479998
12,6.0,1.0,0.1,4,0.8333333333333334,1.0,spiral,0.5824379843466773,0.4362947561196009,0.06359802060307933,0.0550438433912005
12,6.0,1.0,0.1,5,0.8333333333333334,1.0,spiral,0.6406803504643037,0.44462279007235883,0.06670209217443297,0.05556670103930393
12,6.0,1.0,0.1,6,1.0,0.8333333333333334,spiral,0.6009106392242556,0.4224988485014225,0.06459868845548214,0.05416659285260499
12,6.0,1.0,0.2,1,1.1666666666666667,0.8333333333333334,other,0.43478258391097324,0.3832010580370343,0.054948371216822785,0.05158602968431003
12,6.0,1.0,0.2,2,1.0,1.0,Neel,0.49236510509768383,0.49236510509768383,0.05847394393004388,0.05847394393004388
12,6.0,1.0,0.2,3,1.0,0.8333333333333334,spiral,0.43057141483190603,0.3951594645102198,0.05468161729197495,0.052384758737514844
12,6.0,1.0,0.2,4,1.0,1.0,Neel,0.4796465370979135,0.4796465370979135,0.0577137655143608,0.0577137655143608
12,6.0,1.0,0.2,5,0.8333333333333334,1.1666666666666667,other,0.43050413660308867,0.34472600348879434,0.05467734503195699,0.048927809881327146
12,6.0,1.0,0.2,6,1.0,0.8333333333333334,spiral,0.43277765922830796,0.39265300462831926,0.05482153236920411,0.05221835861634824
12,6.0,1.0,0.3,1,1.0,1.0,Neel,0.39903783120140346,0.39903783120140346,0.052641201069217124,0.052641201069217124
12,6.0,1.0,0.3,2,1.0,0.8333333333333334,spiral,0.39154025682765975,0.36858180499739035,0.05214431475533256,0.05059244872545144
12,6.0,1.0,0.3,3,1.0,1.0,Neel,0.39023933590200555,0.39023933590200555,0.05205761604422903,0.05205761604422903
12,6.0,1.0,0.3,4,1.0,1.0,Neel,0.3668772229972591,0.3668772229972591,0.05047532558623591,0.05047532558623591
12,6.0,1.0,0.3,5,1.0,1.0,Neel,0.3597383378604285,0.3597383378604285,0.04998182571503897,0.04998182571503897
12,6.0,1.0,0.3,6,0.8333333333333334,1.1666666666666667,other,0.31918624791263955,0.31469727345724735,0.04708047542304556,0.04674823774584445
12,6.0,1.0,0.4,1,1.0,1.0,Neel,0.31691958432207795,0.31691958432207795,0.04691300935434751,0.04691300935434751
12,6.0,1.0,0.4,2,1.0,1.0,Neel,0.3088456793098504,0.3088456793098504,0.04631157157637777,0.04631157157637777
12,6.0,1.0,0.4,3,0.8333333333333334,1.1666666666666667,other,0.31394925202601864,0.3099137108317778,0.046692645449466386,0.04639157841077302
12,6.0,1.0,0.4,4,1.0,1.0,Neel,0.33376975330848807,0.33376975330848807,0.04814400802889932,0.04814400802889932
12,6.0,1.0,0.4,5,0.8333333333333334,1.1666666666666667,other,0.29235815152571576,0.28940575750338404,0.045058461371320746,0.04483037145601865
12,6.0,1.0,0.4,6,0.8333333333333334,1.1666666666666667,other,0.3013396731381988,0.28528360286049426,0.04574534532622166,0.044509955414217775
12,6.0,1.0,0.5,1,1.0,0.3333333333333333,spiral,0.26332446520763564,0.2609294871559931,0.04276262526432948,0.042567714614155344
12,6.0,1.0,0.5,2,1.0,0.0,stripe,0.27973853806643467,0.26430392132280806,0.04407526218381988,0.04284208092605979
12,6.0,1.0,0.5,3,0.8333333333333334,1.1666666666666667,other,0.2732914264283314,0.2472153371882651,0.04356440207296002,0.04143396161264944
12,6.0,1.0,0.5,4,0.8333333333333334,1.1666666666666667,other,0.26554340361484774,0.25942373517911693,0.04294241975007927,0.04244471364636173
12,6.0,1.0,0.5,5,0.8333333333333334,1.0,spiral,0.2760668918400408,0.23275134289185365,0.0437850567355304,0.04020359150725612
12,6.0,1.0,0.5,6,1.0,0.0,stripe,0.26546077396034934,0.24059994145307345,0.042935737992340024,0.040875823254797626
12,6.0,1.0,0.6,1,1.0,0.0,stripe,0.2590873871003737,0.24105796935389381,0.042417189510560664,0.040914712220284616
12,6.0,1.0,0.6,2,1.0,0.0,stripe,0.2566090357227032,0.23823319311473212,0.042213827030000164,0.0406742814860676
12,6.0,1.0,0.6,3,0.16666666666666666,1.0,spiral,0.2508302647761408,0.23528469083516831,0.04173579804823672,0.04042179442000458
12,6.0,1.0,0.6,4,1.0,0.0,stripe,0.2609183797429114,0.23310401779435308,0.04256680857967986,0.040234039088185944
12,6.0,1.0,0.6,5,0.0,1.0,stripe,0.26729293165854534,0.2158544649593923,0.043083650196976735,0.038716783699008106
12,6.0,1.0,0.6,6,1.0,0.5,spiral,0.266158231233374,0.2518286370806624,0.04299210451038381,0.041818775445089516
12,6.0,1.0,0.7,1,0.16666666666666666,1.0,spiral,0.26806562723124105,0.2297901044733809,0.04314587878085817,0.03994702259741618
12,6.0,1.0,0.7,2,1.0,0.0,stripe,0.3061449668973055,0.2099333195387456,0.04610864034608504,0.03818206744762025
12,6.0,1.0,0.7,3,1.0,0.0,stripe,0.2637228559722833,0.22973672119125066,0.04279496140937324,0.03994238221690668
12,6.0,1.0,0.7,4,0.0,1.0,stripe,0.2787593774085888,0.2313407341192537,0.04399805688643382,0.04008157776121283
12,6.0,1.0,0.7,5,1.0,0.0,stripe,0.26217451848949336,0.20378624940047577,0.0426691501954194,0.03761890864317177
12,6.0,1.0,0.7,6,0.0,1.0,stripe,0.2697000278136743,0.20619559573551371,0.04327720947354603,0.03784063767002877
12,8.0,0.5,0.0,1,0.3333333333333333,1.0,spiral,0.17079480613288128,0.132986636587361,0.03443944021887484,0.030389444049446702
12,8.0,0.5,0.0,2,1.0,1.8333333333333333,spiral,0.16734410615677706,0.13146600208047504,0.03408976163470422,0.030215200607989958
12,8.0,0.5,0.0,3,0.16666666666666666,1.0,spiral,0.16451643810557165,0.1326302367687744,0.03380052166198068,0.03034869537384213
12,8.0,0.5,0.0,4,1.8333333333333333,1.0,spiral,0.1696482517838649,0.13423504981307371,0.03432364869314119,0.030531751438856614
12,8.0,0.5,0.0,5,1.0,0.16666666666666666,spiral,0.1727194239429473,0.12625823148725018,0.034632938715163125,0.029610695267369442
12,8.0,0.5,0.0,6,1.0,0.3333333333333333,spiral,0.16900593762074026,0.1275535250362855,0.03425860978773765,0.029762196967084573
12,8.0,0.5,0.1,1,0.16666666666666666,1.0,spiral,0.16898527539571315,0.1304878433692948,0.03425651553959735,0.03010258425706066
12,8.0,0.5,0.1,2,0.3333333333333333,0.8333333333333334,other,0.16369910541523375,0.13185101975809638,0.03371645507999537,0.030259413108212244
12,8.0,0.5,0.1,3,1.0,0.16666666666666666,spiral,0.16406272382260068,0.13035181935106696,0.03375388082858447,0.03008689029653518
12,8.0,0.5,0.1,4,1.0,0.16666666666666666,spiral,0.1651613954995512,0.1310282988974032,0.033866711316771665,0.030164859395380543
12,8.0,0.5,0.1,5,0.3333333333333333,1.0,spiral,0.17057580487016122,0.1307530897739028,0.03441735318828615,0.030133163920742292
12,8.0,0.5,0.1,6,0.3333333333333333,1.0,spiral,0.1650519203590254,0.1341332560913783,0.03385548539575413,0.030520172756375676
12,8.0,0.5,0.2,1,0.16666666666666666,1.0,spiral,0.17540774739115114,0.12618102897706474,0.03490142342201811,0.029601640928740094
12,8.0,0.5,0.2,2,0.8333333333333334,0.0,other,0.1757398414408307,0.12841263784938667,0.03493444669035599,0.02986225760905611
12,8.0,0.5,0.2,3,1.0,0.3333333333333333,spiral,0.1659050605577402,0.12586930085781606,0.033942870769801105,0.0295650531382605
12,8.0,0.5,0.2,4,0.3333333333333333,1.0,spiral,0.17370314394785824,0.1264851824952317,0.03473142428653391,0.0296372961466385
12,8.0,0.5,0.2,5,0.3333333333333333,1.0,spiral,0.17440980094660424,0.1289744488523908,0.03480199955807579,0.029927510668417937
12,8.0,0.5,0.2,6,1.0,0.3333333333333333,spiral,0.17882746012952117,0.12534094325312195,0.03523999662330523,0.029502935735881763
12,8.0,0.5,0.3,1,0.16666666666666666,1.0,spiral,0.16761660033080955,0.12465704853109782,0.03411750531565805,0.02942233757084273
12,8.0,0.5,0.3,2,1.0,0.16666666666666666,spiral,0.1717190592692425,0.12686337157057617,0.03453249870987498,0.02968157064420242
12,8.0,0.5,0.3,3,0.3333333333333333,1.0,spiral,0.17566786071932775,0.12844210656656913,0.03492729161328969,0.02986568387596293
12,8.0,0.5,0.3,4,0.16666666666666666,1.0,spiral,0.16764972305930714,0.12675289555656746,0.034120876130484326,0.02966864407695525
12,8.0,0.5,0.3,5,1.8333333333333333,1.0,spiral,0.17397541010202805,0.12422753773089616,0.034758633030557644,0.029371605918681643
12,8.0,0.5,0.3,6,1.0,0.3333333333333333,spiral,0.1758795989599523,0.12498544996963941,0.03494833477990844,0.0294610677620152
12,8.0,0.5,0.4,1,1.0,0.3333333333333333,spiral,0.18668191098519724,0.1271045243593668,0.03600558511702629,0.029709767889553738
12,8.0,0.5,0.4,2,1.0,0.3333333333333333,spiral,0.17765090589493115,0.12675184918568155,0.03512387857985757,0.029668521616362454
12,8.0,0.5,0.4,3,1.0,0.3333333333333333,spiral,0.16529931594048558,0.1260514177083809,0.033880848812468854,0.02958643384085537
12,8.0,0.5,0.4,4,1.0,0.3333333333333333,spiral,0.17312585346963666,0.12558992953442683,0.034673662502206506,0.029532224576443944
12,8.0,0.5,0.4,5,1.0,0.3333333333333333,spiral,0.17031862259305186,0.12119098728711002,0.03439139736113886,0.029010413274938165
12,8.0,0.5,0.4,6,1.0,0.3333333333333333,spiral,0.16913290134633505,0.12291742223326788,0.03427147556098696,0.029216317528964
12,8.0,0.5,0.5,1,0.0,1.0,stripe,0.1780174820360013,0.1180286528783093,0.03516009832379451,0.028629415340974688
12,8.0,0.5,0.5,2,1.0,0.16666666666666666,spiral,0.17260717148823299,0.12347657746281888,0.03462168270192437,0.029282695101043664
12,8.0,0.5,0.5,3,1.0,0.0,stripe,0.1720112593389097,0.1256137018249773,0.03456186676523686,0.029535019447844698
12,8.0,0.5,0.5,4,0.0,1.0,stripe,0.18876675787725625,0.11938917746735259,0.03620608047050249,0.02879394919405722
12,8.0,0.5,0.5,5,1.0,0.0,stripe,0.1756155404787216,0.1257264452357028,0.034922089920787484,0.02954827091619449
12,8.0,0.5,0.5,6,0.16666666666666666,0.8333333333333334,other,0.16530979461360829,0.11226808599302052,0.03388192268476989,0.02792202510676191
12,8.0,0.5,0.6,1,0.3333333333333333,1.0,spiral,0.1658981957728555,0.09499060331192719,0.03394216852203411,0.025683788027546457
12,8.0,0.5,0.6,2,0.0,1.0,stripe,0.16883516530701395,0.09558197703596302,0.03424129708032615,0.025763612507107965
12,8.0,0.5,0.6,3,1.0,0.16666666666666666,spiral,0.1980504361639283,0.09241687284218557,0.037085714920146694,0.025333452966025856
12,8.0,0.5,0.6,4,1.0,0.16666666666666666,spiral,0.16874357165596263,0.09854676236907958,0.034232007810263816,0.02616013219484836
12,8.0,0.5,0.6,5,0.16666666666666666,1.0,spiral,0.16822131430458526,0.09256853129637958,0.034178993132619045,0.025354230867678178
12,8.0,0.5,0.6,6,0.16666666666666666,1.0,spiral,0.16586130872552735,0.09837430326950022,0.0339383948342769,0.026137231755026656
12,8.0,0.5,0.7,1,1.0,0.3333333333333333,spiral,0.15458294518489604,0.08698973942308261,0.03276419806580212,0.024578352521279694
12,8.0,0.5,0.7,2,0.8333333333333334,1.8333333333333333,other,0.1584749596487253,0.09294242972352895,0.0331740946088382,0.025405384070049577
12,8.0,0.5,0.7,3,1.1666666666666667,0.16666666666666666,other,0.15363272581064835,0.09026585589265568,0.032663342285207335,0.02503689720146599
12,8.0,0.5,0.7,4,0.6666666666666666,1.8333333333333333,other,0.1542534684947651,0.08673088073400408,0.032729262783093016,0.02454175590447897
12,8.0,0.5,0.7,5,0.16666666666666666,1.0,spiral,0.15395871251808507,0.08296468359051183,0.032697977396469576,0.02400299223107863
12,8.0,0.5,0.7,6,1.0,0.0,stripe,0.17579593525672021,0.08801854371347555,0.0349400215505006,0.024723266105009988
12,8.0,0.5555555555555556,0.0,1,0.5,1.0,spiral,0.18531647708266757,0.14306531826636315,0.03587366694026061,0.03151998024471973
12,8.0,0.5555555555555556,0.0,2,1.0,1.5,spiral,0.1907908317501504,0.15118082971906546,0.03639967488313964,0.03240164923347368
12,8.0,0.5555555555555556,0.0,3,1.0,0.5,spiral,0.18449497594673153,0.14323929879997493,0.035794065300566114,0.03153914001328514
12,8.0,0.5555555555555556,0.0,4,1.0,0.5,spiral,0.19885198731958625,0.14928931287488528,0.03716068592757994,0.03219831267953222
12,8.0,0.5555555555555556,0.0,5,1.0,0.5,spiral,0.19202749980897638,0.146742262278554,0.036517452050067824,0.031922460557505805
12,8.0,0.5555555555555556,0.0,6,0.5,1.0,spiral,0.1934694404375344,0.14627991952290592,0.036654300986599254,0.031872131627248036
12,8.0,0.5555555555555556,0.1,1,1.0,0.5,spiral,0.19904967552577307,0.15765593133948314,0.037179152940504494,0.033088258590082804
12,8.0,0.5555555555555556,0.1,2,1.0,0.5,spiral,0.1866187700198857,0.14700845209302357,0.03599949556165545,0.03195140104007608
12,8.0,0.5555555555555556,0.1,3,1.0,0.5,spiral,0.1976557875056381,0.14842445010888478,0.037048746746088726,0.03210491158652156
12,8.0,0.5555555555555556,0.1,4,0.5,1.0,spiral,0.20220662908819204,0.14887105381069163,0.03747282618113202,0.03215317655495717
12,8.0,0.5555555555555556,0.1,5,0.5,1.0,spiral,0.19054672546923884,0.14809258111243703,0.03637638174821592,0.03206899908275439
12,8.0,0.5555555555555556,0.1,6,1.0,0.5,spiral,0.19746264198741892,0.1542753671305358,0.03703064065250362,0.032731585910008645
12,8.0,0.5555555555555556,0.2,1,0.5,1.0,spiral,0.19325764204129525,0.14320413550817598,0.03663423205992049,0.0315352685615839
12,8.0,0.5555555555555556,0.2,2,1.0,0.5,spiral,0.1981174949073692,0.13806010271209967,0.037091992894110325,0.030963699928762873
12,8.0,0.5555555555555556,0.2,3,1.0,0.5,spiral,0.20115015691023252,0.1496749871862013,0.037374805546710105,0.0322398764457544
12,8.0,0.5555555555555556,0.2,4,0.5,1.0,spiral,0.192604686573846,0.13810678002715313,0.0365722920481026,0.030968933809540078
12,8.0,0.5555555555555556,0.2,5,0.5,1.0,spiral,0.18347040019999705,0.1461266023717516,0.035694537416653384,0.031855424530620416
12,8.0,0.5555555555555556,0.2,6,1.0,0.5,spiral,0.19797891745152513,0.15694272423540892,0.03707901823691357,0.03301333108628334
12,8.0,0.5555555555555556,0.3,1,1.0,0.5,spiral,0.19370256056236973,0.14695000672226727,0.03667637755520591,0.03194504903413865
12,8.0,0.5555555555555556,0.3,2,0.5,1.0,spiral,0.2098827216202351,0.1372259426491817,0.038177465868500515,0.030870016764876593
12,8.0,0.5555555555555556,0.3,3,1.0,1.5,spiral,0.1915056308218123,0.13884127157087717,0.03646779694525518,0.031051175453112565
12,8.0,0.5555555555555556,0.3,4,1.0,0.5,spiral,0.20306935623800687,0.1434938635438955,0.03755268116611564,0.03156715323717478
12,8.0,0.5555555555555556,0.3,5,1.0,0.5,spiral,0.1916223185417945,0.1406832520740364,0.036478905485624546,0.031256471782527204
12,8.0,0.5555555555555556,0.3,6,1.0,0.5,spiral,0.19508959153492694,0.14177812873056372,0.036807456175395485,0.031377863827971024
12,8.0,0.5555555555555556,0.4,1,0.3333333333333333,1.0,spiral,0.19487390558537168,0.13457849676292483,0.03678710386819715,0.030570784978259522
12,8.0,0.5555555555555556,0.4,2,1.0,0.0,stripe,0.18689725483434977,0.13245313622853913,0.036026345957039796,0.03032842636919235
12,8.0,0.5555555555555556,0.4,3,1.0,0.3333333333333333,spiral,0.18647802435075975,0.1303913343766846,0.03598591780424128,0.030091450241154304
12,8.0,0.5555555555555556,0.4,4,0.8333333333333334,0.16666666666666666,other,0.18311039709559215,0.14077001220724406,0.035659500554978345,0.03126610831582614
12,8.0,0.5555555555555556,0.4,5,0.16666666666666666,1.0,spiral,0.18395301785442036,0.1300776802917703,0.03574145370403838,0.030055236220139826
12,8.0,0.5555555555555556,0.4,6,1.0,0.0,stripe,0.19012060517181842,0.1415612350728197,0.036335684668929114,0.03135385355024382
12,8.0,0.5555555555555556,0.5,1,0.0,0.8333333333333334,other,0.20215406185717302,0.1214529381482026,0.03746795499871756,0.02904174894156239
12,8.0,0.5555555555555556,0.5,2,0.0,1.0,stripe,0.19716452209587979,0.12503822464876743,0.03700267652630383,0.029467287023160604
12,8.0,0.5555555555555556,0.5,3,1.0,0.16666666666666666,spiral,0.19107128399535422,0.1255251287968159,0.03642641783972731,0.02952460471049903
12,8.0,0.5555555555555556,0.5,4,0.0,1.0,stripe,0.18907570003304072,0.12669504551781902,0.03623569641491514,0.029661872917684316
12,8.0,0.5555555555555556,0.5,5,1.8333333333333333,1.0,spiral,0.20409115025352134,0.1283021605081877,0.03764704044859758,0.029849409135714957
12,8.0,0.5555555555555556,0.5,6,1.0,0.0,stripe,0.19535858050784122,0.13118921249877813,0.03683282244252035,0.030183376184717663
12,8.0,0.5555555555555556,0.6,1,0.16666666666666666,1.0,spiral,0.20280499625232973,0.1084047063703583,0.03752822976813678,0.027437391656374082
12,8.0,0.5555555555555556,0.6,2,1.0,0.0,stripe,0.20684275064950292,0.10598817712788038,0.03789997349104018,0.02712985454867944
12,8.0,0.5555555555555556,0.6,3,0.16666666666666666,1.0,spiral,0.18866918522306023,0.11075066983049542,0.03619672188417261,0.027732686018899878
12,8.0,0.5555555555555556,0.6,4,0.3333333333333333,1.0,spiral,0.1921899031430799,0.1094338788679173,0.036532890730960194,0.027567326532297515
12,8.0,0.5555555555555556,0.6,5,0.0,1.0,stripe,0.19488152423057642,0.10470717791097747,0.03678782296178848,0.02696540709756379
12,8.0,0.5555555555555556,0.6,6,1.0,0.16666666666666666,spiral,0.20198058696393034,0.10754670651487533,0.03745187532056698,0.02732859543729833
12,8.0,0.5555555555555556,0.7,1,1.6666666666666667,1.0,spiral,0.18223427115953547,0.09613167017384341,0.03557408849065874,0.02583758972648015
12,8.0,0.5555555555555556,0.7,2,1.0,0.16666666666666666,spiral,0.18329792839305384,0.09527419991803657,0.03567775610246976,0.025722099220703166
12,8.0,0.5555555555555556,0.7,3,1.0,0.16666666666666666,spiral,0.1806120405792929,0.09893917303401335,0.03541539611243456,0.026212164933747492
12,8.0,0.5555555555555556,0.7,4,0.0,1.0,stripe,0.18132758541165744,0.10082165111166227,0.03548548073700721,0.026460354399404765
12,8.0,0.5555555555555556,0.7,5,1.0,0.16666666666666666,spiral,0.17825788603480125,0.09524823050874534,0.03518383131997973,0.025718593375214368
12,8.0,0.5555555555555556,0.7,6,0.8333333333333334,1.8333333333333333,other,0.18459708092764354,0.09611637438636114,0.03580396867818756,0.025835534097972658
12,8.0,0.6666666666666666,0.0,1,0.5,1.1666666666666667,other,0.2353019574115085,0.18743564722635547,0.04042327758746504,0.03607819894440288
12,8.0,0.6666666666666666,0.0,2,0.8333333333333334,1.3333333333333333,other,0.23967029723280042,0.2035602860116207,0.04079677761927613,0.03759804645593866
12,8.0,0.6666666666666666,0.0,3,1.0,0.5,spiral,0.23964377240118093,0.20678316818703957,0.04079452002287917,0.03789451442519231
12,8.0,0.6666666666666666,0.0,4,1.0,1.3333333333333333,spiral,0.23674027040596166,0.19769893089017895,0.040546635564457825,0.037052789939394704
12,8.0,0.6666666666666666,0.0,5,1.0,0.5,spiral,0.2337910917131413,0.20173756130582277,0.0402932903596607,0.03742933724828682
12,8.0,0.6666666666666666,0.0,6,0.8333333333333334,0.6666666666666666,other,0.23459836411204998,0.20437116714779155,0.04036279606684453,0.037672857819710304
12,8.0,0.6666666666666666,0.1,1,0.6666666666666666,1.0,spiral,0.24011980768619048,0.21742702438744987,0.04083501762565352,0.03885755900181473
12,8.0,0.6666666666666666,0.1,2,1.0,1.3333333333333333,spiral,0.24818802411256283,0.2135570844288132,0.04151539407528406,0.03851019746162599
12,8.0,0.6666666666666666,0.1,3,0.6666666666666666,1.0,spiral,0.24185962060864047,0.20434208389934622,0.040982687792177744,0.037670177187013806
12,8.0,0.6666666666666666,0.1,4,0.8333333333333334,0.6666666666666666,other,0.24456219252038852,0.2094297809332722,0.04121102472845543,0.03813624888086503
12,8.0,0.6666666666666666,0.1,5,0.6666666666666666,1.1666666666666667,other,0.22887822159259405,0.2087457859461248,0.03986768233034138,0.03807392169864769
12,8.0,0.6666666666666666,0.1,6,1.0,0.5,spiral,0.24188840870369158,0.21244342787239834,0.04098512676566779,0.038409654807707014
12,8.0,0.6666666666666666,0.2,1,0.6666666666666666,1.0,spiral,0.24242426758896288,0.19150709815137618,0.04103049912268539,0.036467936654395475
12,8.0,0.6666666666666666,0.2,2,0.5,1.0,spiral,0.2552274181373867,0.1788327863984302,0.04210003118709147,0.03524052142050538
12,8.0,0.6666666666666666,0.2,3,1.0,0.5,spiral,0.24001081560967127,0.1867662205331341,0.04082574892230591,0.03601371464582915
12,8.0,0.6666666666666666,0.2,4,0.5,1.0,spiral,0.27553097687770534,0.19451063572280344,0.04374253721094298,0.03675279994273334
12,8.0,0.6666666666666666,0.2,5,1.0,0.6666666666666666,spiral,0.2431204802896593,0.18266712486104397,0.041089374157781834,0.03561631227996403
12,8.0,0.6666666666666666,0.2,6,1.0,0.5,spiral,0.24356241383522392,0.19322563005458543,0.04112670241623439,0.03663119781220433
12,8.0,0.6666666666666666,0.3,1,1.0,0.0,stripe,0.2180855095275441,0.1791529565427305,0.03891635523854193,0.03527205343850797
12,8.0,0.6666666666666666,0.3,2,0.5,0.8333333333333334,other,0.2300020304836476,0.1513418002747992,0.039965439104344996,0.03241889455441919
12,8.0,0.6666666666666666,0.3,3,0.8333333333333334,1.5,other,0.22023518234144515,0.16985206333529543,0.03910768451957055,0.03434426032987489
12,8.0,0.6666666666666666,0.3,4,0.0,1.0,stripe,0.2134595421138962,0.1702496779952741,0.038501401680283036,0.03438443587617422
12,8.0,0.6666666666666666,0.3,5,0.5,1.0,spiral,0.2205005231679391,0.16740492303580484,0.03913123602840432,0.03409595559224943
12,8.0,0.6666666666666666,0.3,6,0.0,1.0,stripe,0.2146526529907115,0.15381412207244596,0.038608851621702085,0.03268261962424519
12,8.0,0.6666666666666666,0.4,1,0.3333333333333333,1.0,spiral,0.22464510768695498,0.15524998231434867,0.03949728433763894,0.03283481197118352
12,8.0,0.6666666666666666,0.4,2,1.0,0.16666666666666666,spiral,0.23896137142226404,0.15875162102857782,0.04073639611220127,0.03320303920876005
12,8.0,0.6666666666666666,0.4,3,0.16666666666666666,1.1666666666666667,other,0.21800288809204554,0.13671999440132906,0.03890898283280674,0.030813055764801794
12,8.0,0.6666666666666666,0.4,4,0.0,1.0,stripe,0.24339582613048494,0.13878182495271227,0.041112635436965264,0.031044527267824907
12,8.0,0.6666666666666666,0.4,5,0.3333333333333333,1.1666666666666667,other,0.21504365944261772,0.16341449045739484,0.03864400013105902,0.033687131822085645
12,8.0,0.6666666666666666,0.4,6,0.3333333333333333,1.1666666666666667,other,0.21776767994832352,0.1535588240069489,0.03888798728652193,0.0326554853320308
12,8.0,0.6666666666666666,0.5,1,1.0,0.0,stripe,0.23302883349250708,0.15681067832862355,0.04022755011360262,0.032999440055079335
12,8.0,0.6666666666666666,0.5,2,0.16666666666666666,1.1666666666666667,other,0.2231299513976651,0.14161383563027957,0.03936386098152307,0.03135967815681729
12,8.0,0.6666666666666666,0.5,3,0.0,1.0,stripe,0.2371766618728107,0.13437171112173088,0.04058398886130488,0.03054728928710038
12,8.0,0.6666666666666666,0.5,4,0.0,1.0,stripe,0.23747839756756126,0.14103242944938538,0.04060979609236692,0.03129523719635765
12,8.0,0.6666666666666666,0.5,5,0.16666666666666666,0.8333333333333334,other,0.2277292893412494,0.139707903462634,0.0397674917263224,0.031147933704277552
12,8.0,0.6666666666666666,0.5,6,0.5,0.6666666666666666,other,0.22717798474131437,0.12942626554359327,0.03971932645497536,0.029979885101837828
12,8.0,0.6666666666666666,0.6,1,0.8333333333333334,0.16666666666666666,other,0.2142374650523926,0.114952771169882,0.03857149431866685,0.02825390474118897
12,8.0,0.6666666666666666,0.6,2,1.0,0.16666666666666666,spiral,0.23755745529804956,0.11644863463642015,0.04061655513064715,0.02843714250525233
12,8.0,0.6666666666666666,0.6,3,1.0,0.0,stripe,0.23031346805933967,0.12736786777026793,0.039992487841411094,0.02974052927804029
12,8.0,0.6666666666666666,0.6,4,1.0,0.16666666666666666,spiral,0.22866960720844548,0.1147308928048502,0.039849509198884525,0.028226624154241205
12,8.0,0.6666666666666666,0.6,5,1.0,0.0,stripe,0.23715146052169095,0.1122544251554908,0.040581832665759966,0.027920326272007513
12,8.0,0.6666666666666666,0.6,6,1.0,0.0,stripe,0.2296864029172619,0.12719304005376514,0.03993800777083414,0.029720111042413167
12,8.0,0.6666666666666666,0.7,1,0.16666666666666666,1.0,spiral,0.24023253936275157,0.11414781051224288,0.04084460213238025,0.028154806491205765
12,8.0,0.6666666666666666,0.7,2,1.0,0.16666666666666666,spiral,0.2249578002877814,0.11403129527206506,0.03952476371141169,0.028140433453394
12,8.0,0.6666666666666666,0.7,3,1.0,0.16666666666666666,spiral,0.2324470568208284,0.10726353374121407,0.04017730295038312,0.027292593335567314
12,8.0,0.6666666666666666,0.7,4,1.8333333333333333,1.0,spiral,0.22468172672960968,0.11473311222110268,0.039500503401293796,0.028226897168439492
12,8.0,0.6666666666666666,0.7,5,0.8333333333333334,0.16666666666666666,other,0.22294035815994317,0.11512518440481793,0.03934713371601891,0.028275085274065578
12,8.0,0.6666666666666666,0.7,6,0.0,1.0,stripe,0.2417644162051525,0.11211688448570056,0.04097462088879195,0.027903216223137125
12,8.0,0.7777777777777778,0.0,1,0.8333333333333334,1.0,spiral,0.3550853172319388,0.29873415838803385,0.04965752972667016,0.04554714883045445
12,8.0,0.7777777777777778,0.0,2,1.0,1.0,Neel,0.37688510605108966,0.37688510605108966,0.05115914073663029,0.05115914073663029
12,8.0,0.7777777777777778,0.0,3,1.1666666666666667,1.0,spiral,0.3335677251852419,0.28804225817912305,0.04812943523467343,0.044724640407467146
12,8.0,0.7777777777777778,0.0,4,1.0,1.0,Neel,0.31423584403046056,0.31423584403046056,0.046713952533719974,0.046713952533719974
12,8.0,0.7777777777777778,0.0,5,1.1666666666666667,0.8333333333333334,other,0.34951615227638616,0.2741867128239116,0.049266575910239065,0.043635700918061314
12,8.0,0.7777777777777778,0.0,6,1.0,0.6666666666666666,spiral,0.3509007848235206,0.2689355975531076,0.04936406593584946,0.04321583409285334
12,8.0,0.7777777777777778,0.1,1,0.8333333333333334,1.0,spiral,0.3153368843441956,0.25310246666758685,0.04679572068696527,0.04192440838610497
12,8.0,0.7777777777777778,0.1,2,1.0,0.6666666666666666,spiral,0.3110477677048129,0.3025951398069438,0.04647638047863166,0.04584054032783886
12,8.0,0.7777777777777778,0.1,3,1.0,1.1666666666666667,spiral,0.31749108338181103,0.30220546629193806,0.04695528926704068,0.045811014739599386
12,8.0,0.7777777777777778,0.1,4,0.6666666666666666,1.0,spiral,0.33557258588088207,0.2826193491442786,0.04827385606856311,0.04430162941763531
12,8.0,0.7777777777777778,0.1,5,0.8333333333333334,1.0,spiral,0.3352498598973172,0.3007151616394357,0.048250637581950175,0.04569791826338693
12,8.0,0.7777777777777778,0.1,6,1.0,0.8333333333333334,spiral,0.3113788058694787,0.2855727039783665,0.04650110556253525,0.04453250248557277
12,8.0,0.7777777777777778,0.2,1,0.8333333333333334,1.0,spiral,0.3277850997035268,0.2927002752999156,0.047710432974432594,0.04508481785139936
12,8.0,0.7777777777777778,0.2,2,0.8333333333333334,0.8333333333333334,other,0.31024941509569676,0.2940472621346647,0.04641669771809979,0.045188437414178995
12,8.0,0.7777777777777778,0.2,3,0.8333333333333334,1.0,spiral,0.35102413960491147,0.27083841465738,0.04937274183337623,0.04336844848515547
12,8.0,0.7777777777777778,0.2,4,1.0,0.8333333333333334,spiral,0.3746455419401177,0.32728058131489973,0.05100691278995356,0.04767370149974516
12,8.0,0.7777777777777778,0.2,5,1.0,0.8333333333333334,spiral,0.32235899576845956,0.3056387259230683,0.047313889475300686,0.046070501975163346
12,8.0,0.7777777777777778,0.2,6,1.0,1.1666666666666667,spiral,0.33375917963394997,0.2610976022605811,0.04814324543268057,0.04258142545143666
12,8.0,0.7777777777777778,0.3,1,1.1666666666666667,1.0,spiral,0.28912909360214295,0.20067059240110052,0.04480893803464504,0.03733022609847412
12,8.0,0.7777777777777778,0.3,2,0.8333333333333334,1.0,spiral,0.2882097535532818,0.21084578654670913,0.04473764211374791,0.0382649559129344
12,8.0,0.7777777777777778,0.3,3,0.8333333333333334,1.0,spiral,0.2732792338575634,0.26004047622961096,0.043563430275222706,0.04249513666860491
12,8.0,0.7777777777777778,0.3,4,0.5,1.0,spiral,0.26376509671040743,0.22518337006962907,0.0427983885267768,0.03954457489038557
12,8.0,0.7777777777777778,0.3,5,0.5,1.1666666666666667,other,0.295721611039754,0.20987137313937704,0.045316909635225354,0.03817643371565335
12,8.0,0.7777777777777778,0.3,6,0.8333333333333334,1.0,spiral,0.30906263181648447,0.22782178017994248,0.046327834791876084,0.039775566566600216
12,8.0,0.7777777777777778,0.4,1,1.3333333333333333,0.8333333333333334,other,0.25500607210586873,0.1877772240012545,0.042081771596918296,0.03611105786332923
12,8.0,0.7777777777777778,0.4,2,0.6666666666666666,1.6666666666666667,other,0.27183039563635913,0.17335223705538255,0.04344779719166496,0.03469632515917598
12,8.0,0.7777777777777778,0.4,3,0.6666666666666666,0.5,other,0.27715124774158234,0.21586334417208927,0.04387096354822717,0.038717580001790715
12,8.0,0.7777777777777778,0.4,4,0.8333333333333334,1.3333333333333333,other,0.2629711627244924,0.2477035735051331,0.04273392832435601,0.0414748562974817
12,8.0,0.7777777777777778,0.4,5,0.8333333333333334,1.5,other,0.25935282535716037,0.2264847906489372,0.04243891241776234,0.03965868185118077
12,8.0,0.7777777777777778,0.4,6,0.8333333333333334,1.1666666666666667,other,0.279308659567313,0.19098260012079826,0.044041383597900864,0.03641796337515914
12,8.0,0.7777777777777778,0.5,1,0.5,0.6666666666666666,other,0.27444458122916304,0.1635362994402168,0.04365621545009076,0.03369968465894921
12,8.0,0.7777777777777778,0.5,2,0.5,1.5,other,0.3277311446790614,0.17525218798488187,0.04770650612796882,0.03488594392055841
12,8.0,0.7777777777777778,0.5,3,1.5,0.5,other,0.2658949766830694,0.15683686222771565,0.042970837711550684,0.0330021950267154
12,8.0,0.7777777777777778,0.5,4,0.6666666666666666,1.5,other,0.26851092827083767,0.15593238853740327,0.04318170010667759,0.03290689607494944
12,8.0,0.7777777777777778,0.5,5,1.3333333333333333,1.6666666666666667,other,0.2571895224780266,0.160899934118112,0.04226154694922858,0.033426945023408886
12,8.0,0.7777777777777778,0.5,6,0.6666666666666666,1.5,other,0.27628855250156376,0.16662288851866108,0.04380263123926554,0.03401622249002234
12,8.0,0.7777777777777778,0.6,1,1.0,0.0,stripe,0.26440772679912794,0.15713269005600403,0.04285049322281353,0.033033304958784065
12,8.0,0.7777777777777778,0.6,2,0.5,1.5,other,0.26756578548358456,0.1469358956350423,0.043105634579772664,0.031943515212515955
12,8.0,0.7777777777777778,0.6,3,0.0,1.0,stripe,0.30039166171908166,0.1783512038659939,0.0456733314570167,0.03519303946588274
12,8.0,0.7777777777777778,0.6,4,0.5,0.5,other,0.26658255127066355,0.16061611480561858,0.04302636072406526,0.03339745029414864
12,8.0,0.7777777777777778,0.6,5,0.6666666666666666,1.5,other,0.2772062560464007,0.1547267577022769,0.04387531703323261,0.032779435213750686
12,8.0,0.7777777777777778,0.6,6,0.6666666666666666,0.5,other,0.26148305492024193,0.15267598045257905,0.04261284487167262,0.032561478225873304
12,8.0,0.7777777777777778,0.7,1,0.5,0.5,other,0.28853261206052233,0.15663518441151886,0.044762693114520476,0.032980969303389236
12,8.0,0.7777777777777778,0.7,2,1.0,0.0,stripe,0.29178801763562157,0.1387293207644606,0.045014505195827156,0.031038654301762336
12,8.0,0.7777777777777778,0.7,3,0.16666666666666666,0.8333333333333334,other,0.2602669318540917,0.14273430240824914,0.042513636035826766,0.031483494618460305
12,8.0,0.7777777777777778,0.7,4,0.0,1.0,stripe,0.25769000413054854,0.14285836190818563,0.042302646697024215,0.031497173804894515
12,8.0,0.7777777777777778,0.7,5,0.16666666666666666,1.0,spiral,0.26595128881400465,0.14332319271060887,0.042975387724804234,0.031548374750202716
12,8.0,0.7777777777777778,0.7,6,0.5,1.5,other,0.2798291594075384,0.12972680499873163,0.04408240069961298,0.030014672916241644
12,8.0,0.8888888888888888,0.0,1,0.8333333333333334,1.0,spiral,0.5719700968306006,0.4795385901338238,0.06302392054865848,0.05770727075639216
12,8.0,0.8888888888888888,0.0,2,0.8333333333333334,1.0,spiral,0.549906046032651,0.43338883306907017,0.061796375187690857,0.0548602285275113
12,8.0,0.8888888888888888,0.0,3,0.8333333333333334,0.8333333333333334,other,0.5566961786757372,0.3916892891148457,0.062176729451203644,0.05215423767769963
12,8.0,0.8888888888888888,0.0,4,0.8333333333333334,1.0,spiral,0.4440979683330756,0.4426312891900562,0.055533896576592676,0.05544211753850287
12,8.0,0.8888888888888888,0.0,5,0.8333333333333334,1.0,spiral,0.47211468232202664,0.35380652092531373,0.057258834975852,0.04956803131704962
12,8.0,0.8888888888888888,0.0,6,1.0,1.0,Neel,0.6256792379692447,0.6256792379692447,0.06591657384997915,0.06591657384997915
12,8.0,0.8888888888888888,0.1,1,1.0,0.8333333333333334,spiral,0.5666917754933407,0.46724810817755885,0.0627324441739447,0.05696295751636168
12,8.0,0.8888888888888888,0.1,2,0.8333333333333334,1.0,spiral,0.5886179231612776,0.42302452117391914,0.06393453265957108,0.054200279389778
12,8.0,0.8888888888888888,0.1,3,1.0,1.0,Neel,0.46643205611916416,0.46643205611916416,0.05691319267821415,0.05691319267821415
12,8.0,0.8888888888888888,0.1,4,1.0,0.8333333333333334,spiral,0.5231547310626004,0.5217146209473956,0.06027452999163496,0.06019151269924673
12,8.0,0.8888888888888888,0.1,5,1.0,0.8333333333333334,spiral,0.5192357674146881,0.3111162912588895,0.060048346691476684,0.04648149954991722
12,8.0,0.8888888888888888,0.1,6,1.0,0.8333333333333334,spiral,0.5206227844044562,0.4400366572183348,0.06012849576372856,0.0552793824094641
12,8.0,0.8888888888888888,0.2,1,1.0,1.0,Neel,0.47492707359950453,0.47492707359950453,0.05742912743351006,0.05742912743351006
12,8.0,0.8888888888888888,0.2,2,1.0,1.1666666666666667,spiral,0.49469091459671305,0.38335420495381334,0.05861188935351159,0.05159633687429686
12,8.0,0.8888888888888888,0.2,3,0.8333333333333334,1.0,spiral,0.4373830148901966,0.41295111994570066,0.0551124491185847,0.053551060780660846
12,8.0,0.8888888888888888,0.2,4,1.0,0.8333333333333334,spiral,0.48824828963459693,0.3596495505643397,0.05822897150441933,0.04997565730796815
12,8.0,0.8888888888888888,0.2,5,1.0,1.0,Neel,0.4528406006934379,0.4528406006934379,0.05607786010275739,0.05607786010275739
12,8.0,0.8888888888888888,0.2,6,1.0,0.8333333333333334,spiral,0.41106488817937564,0.31550165674655267,0.05342861853935063,0.04680794513121267
12,8.0,0.8888888888888888,0.3,1,1.0,0.8333333333333334,spiral,0.42881942466986545,0.4145940610269184,0.05457025445532126,0.05365748245862868
12,8.0,0.8888888888888888,0.3,2,1.0,1.0,Neel,0.5182042182218571,0.5182042182218571,0.05998866896605101,0.05998866896605101
12,8.0,0.8888888888888888,0.3,3,1.0,0.8333333333333334,spiral,0.411096924519034,0.3600838044610772,0.05343070047832429,0.0500058194155855
12,8.0,0.8888888888888888,0.3,4,1.0,1.0,Neel,0.4854316357799934,0.4854316357799934,0.058060770114165335,0.058060770114165335
12,8.0,0.8888888888888888,0.3,5,1.0,1.0,Neel,0.42341036646234187,0.42341036646234187,0.05422499208943784,0.05422499208943784
12,8.0,0.8888888888888888,0.3,6,1.0,1.1666666666666667,spiral,0.39934881223466306,0.32809150512820306,0.052661709434070725,0.047732727033524554
12,8.0,0.8888888888888888,0.4,1,0.5,1.0,spiral,0.31004598773523695,0.2710670975726112,0.04640147774640649,0.043386753736708625
12,8.0,0.8888888888888888,0.4,2,1.1666666666666667,1.0,spiral,0.32790641487583144,0.2481232247256097,0.047719261112072586,0.0415099740963952
12,8.0,0.8888888888888888,0.4,3,0.0,1.0,stripe,0.3184678902388779,0.26824907472598863,0.04702746613526311,0.0431606394381299
12,8.0,0.8888888888888888,0.4,4,1.0,1.0,Neel,0.30246401517685695,0.30246401517685695,0.04583060712928953,0.04583060712928953
12,8.0,0.8888888888888888,0.4,5,0.0,1.0,stripe,0.3053577974136117,0.2759400411225839,0.04604932420586374,0.043774996123055215
12,8.0,0.8888888888888888,0.4,6,0.3333333333333333,1.3333333333333333,other,0.3002267202347588,0.23980129339069695,0.045660790394035526,0.04080792520647941
12,8.0,0.8888888888888888,0.5,1,1.0,0.6666666666666666,spiral,0.2946453129196375,0.2169213979511213,0.04523436753604909,0.03881235108677117
12,8.0,0.8888888888888888,0.5,2,1.0,0.5,spiral,0.2898935818666032,0.21779405817180936,0.044868138740910946,0.03889034246833308
12,8.0,0.8888888888888888,0.5,3,0.16666666666666666,1.1666666666666667,other,0.2857909572495497,0.2425902890038653,0.04454951655567202,0.04104454634600149
12,8.0,0.8888888888888888,0.5,4,1.0,0.3333333333333333,spiral,0.3059303089062859,0.20978911649220375,0.04609247264002475,0.03816895157754785
12,8.0,0.8888888888888888,0.5,5,0.6666666666666666,1.0,spiral,0.2994547612771857,0.20060246145444002,0.04560204988061161,0.0373238884494792
12,8.0,0.8888888888888888,0.5,6,0.8333333333333334,1.5,other,0.29754964698302505,0.20369603518864937,0.045456759595660506,0.03761058095697507
12,8.0,0.8888888888888888,0.6,1,1.0,0.0,stripe,0.28732582434756576,0.2540854121706142,0.04466898504147899,0.042005738048064324
12,8.0,0.8888888888888888,0.6,2,0.0,1.0,stripe,0.296495022474308,0.21886030392299777,0.045376130417072134,0.038985423194926136
12,8.0,0.8888888888888888,0.6,3,1.0,0.16666666666666666,spiral,0.28565057090048473,0.20234866976710264,0.04453857339590318,0.03748598532258262
12,8.0,0.8888888888888888,0.6,4,0.0,1.0,stripe,0.31159289933792744,0.20563703575801234,0.04651708910428088,0.037789349961884135
12,8.0,0.8888888888888888,0.6,5,1.1666666666666667,1.8333333333333333,other,0.2736405500180533,0.1615658257100646,0.04359221945883913,0.03349604306129811
12,8.0,0.8888888888888888,0.6,6,1.0,0.16666666666666666,spiral,0.3034539049009841,0.2035582358692186,0.045905541975175636,0.03759785712248647
12,8.0,0.8888888888888888,0.7,1,1.0,0.16666666666666666,spiral,0.2990700840945609,0.1759060767695028,0.04557275045452058,0.034950965330960336
12,8.0,0.8888888888888888,0.7,2,0.8333333333333334,1.8333333333333333,other,0.2812353239636619,0.16828262233673677,0.04419302075080392,0.03418522080933359
12,8.0,0.8888888888888888,0.7,3,1.0,0.5,spiral,0.282581021617314,0.19092657231053828,0.0442986253248991,0.03641262108635875
12,8.0,0.8888888888888888,0.7,4,1.8333333333333333,0.8333333333333334,other,0.2991173288352321,0.19769467312071468,0.04557634992478982,0.03705239094106354
12,8.0,0.8888888888888888,0.7,5,0.0,1.0,stripe,0.28164288804212473,0.17113659029027956,0.044225031251333466,0.0344738820512355
12,8.0,0.8888888888888888,0.7,6,1.0,0.0,stripe,0.2955511067819618,0.19661899630131224,0.04530384356256543,0.03695145053359733
12,8.0,1.0,0.0,1,1.0,1.0,Neel,0.6686144876036565,0.6686144876036565,0.0681407085662769,0.0681407085662769
12,8.0,1.0,0.0,2,1.0,0.8333333333333334,spiral,0.6335019410196723,0.4619096204446514,0.06632736264060886,0.0566366109290828
12,8.0,1.0,0.0,3,1.0,0.8333333333333334,spiral,0.7091632890126887,0.48490503824713677,0.07017652786073215,0.05802926932969646
12,8.0,1.0,0.0,4,1.0,1.0,Neel,0.5435698399132012,0.5435698399132012,0.0614393241739587,0.0614393241739587
12,8.0,1.0,0.0,5,1.0,1.0,Neel,0.8208255760615104,0.8208255760615104,0.0754995206046917,0.0754995206046917
12,8.0,1.0,0.0,6,0.8333333333333334,1.0,spiral,0.656329377627037,0.565765248979117,0.06751179822955213,0.06268114022680792
12,8.0,1.0,0.1,1,1.0,0.8333333333333334,spiral,0.6491263106185644,0.6263621059047542,0.06714031278984191,0.06595253480011813
12,8.0,1.0,0.1,2,1.0,1.0,Neel,0.6990057685218141,0.6990057685218141,0.06967213737101749,0.06967213737101749
12,8.0,1.0,0.1,3,1.0,1.1666666666666667,spiral,0.5644867331629513,0.503837962110218,0.06261027677686827,0.05915128685731625
12,8.0,1.0,0.1,4,1.0,1.1666666666666667,spiral,0.6357695316867967,0.49252198340588504,0.0664459644543551,0.058483258727859526
12,8.0,1.0,0.1,5,0.8333333333333334,1.0,spiral,0.5314628509213729,0.43931582526143564,0.0607512488967061,0.05523408677703745
12,8.0,1.0,0.1,6,1.0,0.8333333333333334,spiral,0.5300080456572926,0.36350891647864525,0.06066804289059969,0.05024308385784204
12,8.0,1.0,0.2,1,0.8333333333333334,1.0,spiral,0.44218905029796785,0.4090725285601578,0.05541441413329106,0.05329898168196489
12,8.0,1.0,0.2,2,0.8333333333333334,1.0,spiral,0.5341682692514081,0.4107111125249935,0.06090568011114764,0.053405622397326186
12,8.0,1.0,0.2,3,1.0,1.0,Neel,0.4580085784361875,0.4580085784361875,0.05639694254149847,0.05639694254149847
12,8.0,1.0,0.2,4,0.8333333333333334,1.1666666666666667,other,0.4323683462007997,0.4312735675958458,0.054795601645823505,0.05472618505365331
12,8.0,1.0,0.2,5,1.0,1.0,Neel,0.5484209492813952,0.5484209492813952,0.061712873976619606,0.061712873976619606
12,8.0,1.0,0.2,6,0.8333333333333334,1.1666666666666667,other,0.4148902925907597,0.3224299797526448,0.05367664843706089,0.047319098486927974
12,8.0,1.0,0.3,1,1.0,0.8333333333333334,spiral,0.44292655075484494,0.3599484929428768,0.05546060606129745,0.04999642299308332
12,8.0,1.0,0.3,2,1.0,0.8333333333333334,spiral,0.4324198213107612,0.37181526467071224,0.05479886336201851,0.05081388047671786
12,8.0,1.0,0.3,3,1.0,1.0,Neel,0.6279658928650421,0.6279658928650421,0.06603691585777789,0.06603691585777789
12,8.0,1.0,0.3,4,1.0,1.0,Neel,0.40866312050089626,0.40866312050089626,0.053272303655950336,0.053272303655950336
12,8.0,1.0,0.3,5,0.8333333333333334,1.0,spiral,0.47800453186771436,0.44665808426542447,0.05761489317657385,0.05569373619935392
12,8.0,1.0,0.3,6,1.0,1.0,Neel,0.4790708487829473,0.4790708487829473,0.057679120089734574,0.057679120089734574
12,8.0,1.0,0.4,1,0.6666666666666666,1.0,spiral,0.35220325978569667,0.34969540979964736,0.04945559594963956,0.04927920804792711
12,8.0,1.0,0.4,2,1.0,1.0,Neel,0.34999699067760587,0.34999699067760587,0.04930045291357245,0.04930045291357245
12,8.0,1.0,0.4,3,1.0,1.0,Neel,0.39466946874239983,0.39466946874239983,0.05235227024303721,0.05235227024303721
12,8.0,1.0,0.4,4,0.6666666666666666,1.0,spiral,0.2995476974690097,0.2933955698043657,0.04560912566071389,0.04513833442599028
12,8.0,1.0,0.4,5,0.8333333333333334,1.0,spiral,0.40738584032111014,0.40332051851509343,0.05318898697628358,0.052922933914632826
12,8.0,1.0,0.4,6,0.8333333333333334,1.0,spiral,0.39481895552690016,0.26527839596450786,0.05236218389515605,0.04292098651110969
12,8.0,1.0,0.5,1,1.0,1.0,Neel,0.354112673304683,0.354112673304683,0.049589472540430155,0.049589472540430155
12,8.0,1.0,0.5,2,0.5,1.1666666666666667,other,0.325879922134722,0.2677792407279847,0.0475715778046562,0.043122825285584025
12,8.0,1.0,0.5,3,0.6666666666666666,1.0,spiral,0.34940688846449036,0.2916205231456544,0.049258874585681005,0.04500158354819108
12,8.0,1.0,0.5,4,1.0,0.0,stripe,0.3328379649876706,0.29268833440816455,0.04807675900951335,0.045083898210275426
12,8.0,1.0,0.5,5,0.6666666666666666,1.0,spiral,0.3655805353800389,0.2670949009028748,0.05038604685740822,0.04306768743169766
12,8.0,1.0,0.5,6,0.8333333333333334,1.1666666666666667,other,0.33117911860321586,0.29002230404514384,0.047956803378666826,0.04487809909177612
12,8.0,1.0,0.6,1,1.8333333333333333,1.0,spiral,0.30495045313513114,0.2845174504564908,0.04601859928447494,0.04445014767320886
12,8.0,1.0,0.6,2,1.0,0.6666666666666666,spiral,0.30878505938191597,0.2863542261507884,0.04630702635834215,0.04459339653957782
12,8.0,1.0,0.6,3,1.0,0.0,stripe,0.31118315885803116,0.20389969162982222,0.04648649436918563,0.03762937789497262
12,8.0,1.0,0.6,4,1.0,0.6666666666666666,spiral,0.29289283381082043,0.21655435086154654,0.0450996453708357,0.03877950049653476
12,8.0,1.0,0.6,5,0.16666666666666666,1.0,spiral,0.3493381608706739,0.2645213403458958,0.049254029789356224,0.04285969846373227
12,8.0,1.0,0.6,6,1.0,0.3333333333333333,spiral,0.32786909134915204,0.2584715425975338,0.047716545242972766,0.04236674719681025
12,8.0,1.0,0.7,1,1.0,0.0,stripe,0.3529905880594952,0.18709449057028876,0.04951084253162068,0.03604535054104767
12,8.0,1.0,0.7,2,1.0,0.0,stripe,0.3227881632240456,0.24018344028032784,0.047345374291831825,0.040840427978931323
12,8.0,1.0,0.7,3,1.0,0.0,stripe,0.30432243713301016,0.2667710288609218,0.045971189432818964,0.04304156815581836
12,8.0,1.0,0.7,4,1.0,1.8333333333333333,spiral,0.31386550225003296,0.2636312876828716,0.046686417118933066,0.04278753125772802
12,8.0,1.0,0.7,5,0.3333333333333333,1.0,spiral,0.3184737085851227,0.2438668779546341,0.047027895724618324,0.04115239951443986
12,8.0,1.0,0.7,6,0.16666666666666666,1.0,spiral,0.3025287775388202,0.20158452584385297,0.045835513398063174,0.037415137853311624
8,0.0,0.5,0.0,1,0.5,1.0,spiral,0.125,0.125,0.04419417382415922,0.04419417382415922
8,0.0,0.5,0.0,2,0.5,1.0,spiral,0.125,0.125,0.04419417382415922,0.04419417382415922
8,0.0,0.5,0.0,3,0.5,1.0,spiral,0.125,0.125,0.04419417382415922,0.04419417382415922
8,0.0,0.5,0.0,4,0.5,1.0,spiral,0.125,0.125,0.04419417382415922,0.04419417382415922
8,0.0,0.5,0.0,5,0.5,1.0,spiral,0.125,0.125,0.04419417382415922,0.04419417382415922
8,0.0,0.5,0.0,6,0.5,1.0,spiral,0.125,0.125,0.04419417382415922,0.04419417382415922
8,0.0,0.5,0.1,1,1.0,0.75,spiral,0.12464198144648161,0.12457013930525881,0.04413083910488532,0.04411811902886011
8,0.0,0.5,0.1,2,1.0,0.75,spiral,0.12464198144648161,0.12457013930525881,0.04413083910488532,0.04411811902886011
8,0.0,0.5,0.1,3,1.0,0.75,spiral,0.12464198144648161,0.12457013930525881,0.04413083910488532,0.04411811902886011
8,0.0,0.5,0.1,4,1.0,0.75,spiral,0.12464198144648161,0.12457013930525881,0.04413083910488532,0.04411811902886011
8,0.0,0.5,0.1,5,1.0,0.75,spiral,0.12464198144648161,0.12457013930525881,0.04413083910488532,0.04411811902886011
8,0.0,0.5,0.1,6,1.0,0.75,spiral,0.12464198144648161,0.12457013930525881,0.04413083910488532,0.04411811902886011
8,0.0,0.5,0.2,1,0.75,1.0,spiral,0.12370371726514282,0.12318450566329538,0.043964424052497904,0.04387206287592356
8,0.0,0.5,0.2,2,0.75,1.0,spiral,0.12370371726514282,0.12318450566329538,0.043964424052497904,0.04387206287592356
8,0.0,0.5,0.2,3,0.75,1.0,spiral,0.12370371726514282,0.12318450566329538,0.043964424052497904,0.04387206287592356
8,0.0,0.5,0.2,4,0.75,1.0,spiral,0.12370371726514282,0.12318450566329538,0.043964424052497904,0.04387206287592356
8,0.0,0.5,0.2,5,0.75,1.0,spiral,0.12370371726514282,0.12318450566329538,0.043964424052497904,0.04387206287592356
8,0.0,0.5,0.2,6,0.75,1.0,spiral,0.12370371726514282,0.12318450566329538,0.043964424052497904,0.04387206287592356
8,0.0,0.5,0.3,1,0.75,1.0,spiral,0.12227272753523746,0.12116207582601494,0.04370939678991333,0.04351042903467493
8,0.0,0.5,0.3,2,0.75,1.0,spiral,0.12227272753523746,0.12116207582601494,0.04370939678991333,0.04351042903467493
8,0.0,0.5,0.3,3,0.75,1.0,spiral,0.12227272753523746,0.12116207582601494,0.04370939678991333,0.04351042903467493
8,0.0,0.5,0.3,4,0.75,1.0,spiral,0.12227272753523746,0.12116207582601494,0.04370939678991333,0.04351042903467493
8,0.0,0.5,0.3,5,0.75,1.0,spiral,0.12227272753523746,0.12116207582601494,0.04370939678991333,0.04351042903467493
8,0.0,0.5,0.3,6,0.75,1.0,spiral,0.12227272753523746,0.12116207582601494,0.04370939678991333,0.04351042903467493
8,0.0,0.5,0.4,1,0.5,1.0,spiral,0.1220787006720773,0.11850630680760725,0.04367470318160397,0.04303093124566169
8,0.0,0.5,0.4,2,0.5,1.0,spiral,0.1220787006720773,0.11850630680760725,0.04367470318160397,0.04303093124566169
8,0.0,0.5,0.4,3,0.5,1.0,spiral,0.1220787006720773,0.11850630680760725,0.04367470318160397,0.04303093124566169
8,0.0,0.5,0.4,4,0.5,1.0,spiral,0.1220787006720773,0.11850630680760725,0.04367470318160397,0.04303093124566169
8,0.0,0.5,0.4,5,0.5,1.0,spiral,0.1220787006720773,0.11850630680760725,0.04367470318160397,0.04303093124566169
8,0.0,0.5,0.4,6,0.5,1.0,spiral,0.1220787006720773,0.11850630680760725,0.04367470318160397,0.04303093124566169
8,0.0,0.5,0.5,1,0.0,1.0,stripe,0.11800421354673463,0.1067582769614294,0.04293967671824892,0.04084235641490748
8,0.0,0.5,0.5,2,0.0,1.0,stripe,0.11800421354673463,0.1067582769614294,0.04293967671824892,0.04084235641490748
8,0.0,0.5,0.5,3,0.0,1.0,stripe,0.11800421354673463,0.1067582769614294,0.04293967671824892,0.04084235641490748
8,0.0,0.5,0.5,4,0.0,1.0,stripe,0.11800421354673463,0.1067582769614294,0.04293967671824892,0.04084235641490748
8,0.0,0.5,0.5,5,0.0,1.0,stripe,0.11800421354673463,0.1067582769614294,0.04293967671824892,0.04084235641490748
8,0.0,0.5,0.5,6,0.0,1.0,stripe,0.11800421354673463,0.1067582769614294,0.04293967671824892,0.04084235641490748
8,0.0,0.5,0.6,1,0.25,1.0,spiral,0.12170940441619219,0.08641111546469767,0.04360859369439701,0.036744709539413986
8,0.0,0.5,0.6,2,0.25,1.0,spiral,0.12170940441619219,0.08641111546469767,0.04360859369439701,0.036744709539413986
8,0.0,0.5,0.6,3,0.25,1.0,spiral,0.12170940441619219,0.08641111546469767,0.04360859369439701,0.036744709539413986
8,0.0,0.5,0.6,4,0.25,1.0,spiral,0.12170940441619219,0.08641111546469767,0.04360859369439701,0.036744709539413986
8,0.0,0.5,0.6,5,0.25,1.0,spiral,0.12170940441619219,0.08641111546469767,0.04360859369439701,0.036744709539413986
8,0.0,0.5,0.6,6,0.25,1.0,spiral,0.12170940441619219,0.08641111546469767,0.04360859369439701,0.036744709539413986
8,0.0,0.5,0.7,1,0.25,1.0,spiral,0.12206422926355243,0.08484894552411994,0.043672114469567494,0.036411052907247464
8,0.0,0.5,0.7,2,0.25,1.0,spiral,0.12206422926355243,0.08484894552411994,0.043672114469567494,0.036411052907247464
8,0.0,0.5,0.7,3,0.25,1.0,spiral,0.12206422926355243,0.08484894552411994,0.043672114469567494,0.036411052907247464
8,0.0,0.5,0.7,4,0.25,1.0,spiral,0.12206422926355243,0.08484894552411994,0.043672114469567494,0.036411052907247464
8,0.0,0.5,0.7,5,0.25,1.0,spiral,0.12206422926355243,0.08484894552411994,0.043672114469567494,0.036411052907247464
8,0.0,0.5,0.7,6,0.25,1.0,spiral,0.12206422926355243,0.08484894552411994,0.043672114469567494,0.036411052907247464
8,0.0,0.5625,0.0,1,0.75,1.0,spiral,0.140625,0.140625,0.046875,0.046875
8,0.0,0.5625,0.0,2,0.75,1.0,spiral,0.140625,0.140625,0.046875,0.046875
8,0.0,0.5625,0.0,3,0.75,1.0,spiral,0.140625,0.140625,0.046875,0.046875
8,0.0,0.5625,0.0,4,0.75,1.0,spiral,0.140625,0.140625,0.046875,0.046875
8,0.0,0.5625,0.0,5,0.75,1.0,spiral,0.140625,0.140625,0.046875,0.046875
8,0.0,0.5625,0.0,6,0.75,1.0,spiral,0.140625,0.140625,0.046875,0.046875
8,0.0,0.5625,0.1,1,1.0,0.75,spiral,0.1400537731364653,0.13968796093009245,0.04677969864436143,0.046718565790622196
8,0.0,0.5625,0.1,2,1.0,0.75,spiral,0.1400537731364653,0.13968796093009245,0.04677969864436143,0.046718565790622196
8,0.0,0.5625,0.1,3,1.0,0.75,spiral,0.1400537731364653,0.13968796093009245,0.04677969864436143,0.046718565790622196
8,0.0,0.5625,0.1,4,1.0,0.75,spiral,0.1400537731364653,0.13968796093009245,0.04677969864436143,0.046718565790622196
8,0.0,0.5625,0.1,5,1.0,0.75,spiral,0.1400537731364653,0.13968796093009245,0.04677969864436143,0.046718565790622196
8,0.0,0.5625,0.1,6,1.0,0.75,spiral,0.1400537731364653,0.13968796093009245,0.04677969864436143,0.046718565790622196
8,0.0,0.5625,0.2,1,1.0,0.75,spiral,0.138508532140997,0.1363163000004288,0.046520918033752065,0.046151296704498995
8,0.0,0.5625,0.2,2,1.0,0.75,spiral,0.138508532140997,0.1363163000004288,0.046520918033752065,0.046151296704498995
8,0.0,0.5625,0.2,3,1.0,0.75,spiral,0.138508532140997,0.1363163000004288,0.046520918033752065,0.046151296704498995
8,0.0,0.5625,0.2,4,1.0,0.75,spiral,0.138508532140997,0.1363163000004288,0.046520918033752065,0.046151296704498995
8,0.0,0.5625,0.2,5,1.0,0.75,spiral,0.138508532140997,0.1363163000004288,0.046520918033752065,0.046151296704498995
8,0.0,0.5625,0.2,6,1.0,0.75,spiral,0.138508532140997,0.1363163000004288,0.046520918033752065,0.046151296704498995
8,0.0,0.5625,0.3,1,1.0,0.75,spiral,0.13648098658848826,0.13119493523849338,0.04617916646546502,0.04527605176140538
8,0.0,0.5625,0.3,2,1.0,0.75,spiral,0.13648098658848826,0.13119493523849338,0.04617916646546502,0.04527605176140538
8,0.0,0.5625,0.3,3,1.0,0.75,spiral,0.13648098658848826,0.13119493523849338,0.04617916646546502,0.04527605176140538
8,0.0,0.5625,0.3,4,1.0,0.75,spiral,0.13648098658848826,0.13119493523849338,0.04617916646546502,0.04527605176140538
8,0.0,0.5625,0.3,5,1.0,0.75,spiral,0.13648098658848826,0.13119493523849338,0.04617916646546502,0.04527605176140538
8,0.0,0.5625,0.3,6,1.0,0.75,spiral,0.13648098658848826,0.13119493523849338,0.04617916646546502,0.04527605176140538
8,0.0,0.5625,0.4,1,1.0,0.75,spiral,0.13392398955392198,0.12675679919724742,0.04574453340870394,0.04450365139465515
8,0.0,0.5625,0.4,2,1.0,0.75,spiral,0.13392398955392198,0.12675679919724742,0.04574453340870394,0.04450365139465515
8,0.0,0.5625,0.4,3,1.0,0.75,spiral,0.13392398955392198,0.12675679919724742,0.04574453340870394,0.04450365139465515
8,0.0,0.5625,0.4,4,1.0,0.75,spiral,0.13392398955392198,0.12675679919724742,0.04574453340870394,0.04450365139465515
8,0.0,0.5625,0.4,5,1.0,0.75,spiral,0.13392398955392198,0.12675679919724742,0.04574453340870394,0.04450365139465515
8,0.0,0.5625,0.4,6,1.0,0.75,spiral,0.13392398955392198,0.12675679919724742,0.04574453340870394,0.04450365139465515
8,0.0,0.5625,0.5,1,0.0,1.0,stripe,0.1300658496786351,0.11503062675638036,0.04508080413245391,0.042395206604856205
8,0.0,0.5625,0.5,2,0.0,1.0,stripe,0.1300658496786351,0.11503062675638036,0.04508080413245391,0.042395206604856205
8,0.0,0.5625,0.5,3,0.0,1.0,stripe,0.1300658496786351,0.11503062675638036,0.04508080413245391,0.042395206604856205
8,0.0,0.5625,0.5,4,0.0,1.0,stripe,0.1300658496786351,0.11503062675638036,0.04508080413245391,0.042395206604856205
8,0.0,0.5625,0.5,5,0.0,1.0,stripe,0.1300658496786351,0.11503062675638036,0.04508080413245391,0.042395206604856205
8,0.0,0.5625,0.5,6,0.0,1.0,stripe,0.1300658496786351,0.11503062675638036,0.04508080413245391,0.042395206604856205
8,0.0,0.5625,0.6,1,0.25,1.0,spiral,0.13608512920856577,0.090820487759912,0.046112147465541445,0.03767054713232375
8,0.0,0.5625,0.6,2,0.25,1.0,spiral,0.13608512920856577,0.090820487759912,0.046112147465541445,0.03767054713232375
8,0.0,0.5625,0.6,3,0.25,1.0,spiral,0.13608512920856577,0.090820487759912,0.046112147465541445,0.03767054713232375
8,0.0,0.5625,0.6,4,0.25,1.0,spiral,0.13608512920856577,0.090820487759912,0.046112147465541445,0.03767054713232375
8,0.0,0.5625,0.6,5,0.25,1.0,spiral,0.13608512920856577,0.090820487759912,0.046112147465541445,0.03767054713232375
8,0.0,0.5625,0.6,6,0.25,1.0,spiral,0.13608512920856577,0.090820487759912,0.046112147465541445,0.03767054713232375
8,0.0,0.5625,0.7,1,0.25,1.0,spiral,0.13653345664247157,0.0851345922108899,0.046188042392361885,0.03647229089727097
8,0.0,0.5625,0.7,2,0.25,1.0,spiral,0.13653345664247157,0.0851345922108899,0.046188042392361885,0.03647229089727097
8,0.0,0.5625,0.7,3,0.25,1.0,spiral,0.13653345664247157,0.0851345922108899,0.046188042392361885,0.03647229089727097
8,0.0,0.5625,0.7,4,0.25,1.0,spiral,0.13653345664247157,0.0851345922108899,0.046188042392361885,0.03647229089727097
8,0.0,0.5625,0.7,5,0.25,1.0,spiral,0.13653345664247157,0.0851345922108899,0.046188042392361885,0.03647229089727097
8,0.0,0.5625,0.7,6,0.25,1.0,spiral,0.13653345664247157,0.0851345922108899,0.046188042392361885,0.03647229089727097
8,0.0,0.65625,0.0,1,1.0,0.75,spiral,0.1640625,0.1640625,0.05063078670631141,0.05063078670631141
8,0.0,0.65625,0.0,2,1.0,0.75,spiral,0.1640625,0.1640625,0.05063078670631141,0.05063078670631141
8,0.0,0.65625,0.0,3,1.0,0.75,spiral,0.1640625,0.1640625,0.05063078670631141,0.05063078670631141
8,0.0,0.65625,0.0,4,1.0,0.75,spiral,0.1640625,0.1640625,0.05063078670631141,0.05063078670631141
8,0.0,0.65625,0.0,5,1.0,0.75,spiral,0.1640625,0.1640625,0.05063078670631141,0.05063078670631141
8,0.0,0.65625,0.0,6,1.0,0.75,spiral,0.1640625,0.1640625,0.05063078670631141,0.05063078670631141
8,0.0,0.65625,0.1,1,0.75,1.0,spiral,0.16316242851554824,0.16150318120933793,0.05049171165206663,0.05023432299131646
8,0.0,0.65625,0.1,2,0.75,1.0,spiral,0.16316242851554824,0.16150318120933793,0.05049171165206663,0.05023432299131646
8,0.0,0.65625,0.1,3,0.75,1.0,spiral,0.16316242851554824,0.16150318120933793,0.05049171165206663,0.05023432299131646
8,0.0,0.65625,0.1,4,0.75,1.0,spiral,0.16316242851554824,0.16150318120933793,0.05049171165206663,0.05023432299131646
8,0.0,0.65625,0.1,5,0.75,1.0,spiral,0.16316242851554824,0.16150318120933793,0.05049171165206663,0.05023432299131646
8,0.0,0.65625,0.1,6,0.75,1.0,spiral,0.16316242851554824,0.16150318120933793,0.05049171165206663,0.05023432299131646
8,0.0,0.65625,0.2,1,0.75,1.0,spiral,0.16071793830162284,0.15482906524678855,0.05011205230244374,0.04918540580783157
8,0.0,0.65625,0.2,2,0.75,1.0,spiral,0.16071793830162284,0.15482906524678855,0.05011205230244374,0.04918540580783157
8,0.0,0.65625,0.2,3,0.75,1.0,spiral,0.16071793830162284,0.15482906524678855,0.05011205230244374,0.04918540580783157
8,0.0,0.65625,0.2,4,0.75,1.0,spiral,0.16071793830162284,0.15482906524678855,0.05011205230244374,0.04918540580783157
8,0.0,0.65625,0.2,5,0.75,1.0,spiral,0.16071793830162284,0.15482906524678855,0.05011205230244374,0.04918540580783157
8,0.0,0.65625,0.2,6,0.75,1.0,spiral,0.16071793830162284,0.15482906524678855,0.05011205230244374,0.04918540580783157
8,0.0,0.65625,0.3,1,0.75,1.0,spiral,0.15730916647368226,0.14617268857303684,0.04957777451793581,0.04779067125447916
8,0.0,0.65625,0.3,2,0.75,1.0,spiral,0.15730916647368226,0.14617268857303684,0.04957777451793581,0.04779067125447916
8,0.0,0.65625,0.3,3,0.75,1.0,spiral,0.15730916647368226,0.14617268857303684,0.04957777451793581,0.04779067125447916
8,0.0,0.65625,0.3,4,0.75,1.0,spiral,0.15730916647368226,0.14617268857303684,0.04957777451793581,0.04779067125447916
8,0.0,0.65625,0.3,5,0.75,1.0,spiral,0.15730916647368226,0.14617268857303684,0.04957777451793581,0.04779067125447916
8,0.0,0.65625,0.3,6,0.75,1.0,spiral,0.15730916647368226,0.14617268857303684,0.04957777451793581,0.04779067125447916
8,0.0,0.65625,0.4,1,0.75,1.0,spiral,0.15350765880466202,0.13735744128274605,0.04897506680774253,0.04632720604615507
8,0.0,0.65625,0.4,2,0.75,1.0,spiral,0.15350765880466202,0.13735744128274605,0.04897506680774253,0.04632720604615507
8,0.0,0.65625,0.4,3,0.75,1.0,spiral,0.15350765880466202,0.13735744128274605,0.04897506680774253,0.04632720604615507
8,0.0,0.65625,0.4,4,0.75,1.0,spiral,0.15350765880466202,0.13735744128274605,0.04897506680774253,0.04632720604615507
8,0.0,0.65625,0.4,5,0.75,1.0,spiral,0.15350765880466202,0.13735744128274605,0.04897506680774253,0.04632720604615507
8,0.0,0.65625,0.4,6,0.75,1.0,spiral,0.15350765880466202,0.13735744128274605,0.04897506680774253,0.04632720604615507
8,0.0,0.65625,0.5,1,1.0,0.0,stripe,0.1443555532648828,0.12509383854004147,0.04749268911910331,0.04421075917905219
8,0.0,0.65625,0.5,2,1.0,0.0,stripe,0.1443555532648828,0.12509383854004147,0.04749268911910331,0.04421075917905219
8,0.0,0.65625,0.5,3,1.0,0.0,stripe,0.1443555532648828,0.12509383854004147,0.04749268911910331,0.04421075917905219
8,0.0,0.65625,0.5,4,1.0,0.0,stripe,0.1443555532648828,0.12509383854004147,0.04749268911910331,0.04421075917905219
8,0.0,0.65625,0.5,5,1.0,0.0,stripe,0.1443555532648828,0.12509383854004147,0.04749268911910331,0.04421075917905219
8,0.0,0.65625,0.5,6,1.0,0.0,stripe,0.1443555532648828,0.12509383854004147,0.04749268911910331,0.04421075917905219
8,0.0,0.65625,0.6,1,0.0,1.0,stripe,0.1484273012158249,0.10678530494581828,0.048157829908512945,0.04084752611576876
8,0.0,0.65625,0.6,2,0.0,1.0,stripe,0.1484273012158249,0.10678530494581828,0.048157829908512945,0.04084752611576876
8,0.0,0.65625,0.6,3,0.0,1.0,stripe,0.1484273012158249,0.10678530494581828,0.048157829908512945,0.04084752611576876
8,0.0,0.65625,0.6,4,0.0,1.0,stripe,0.1484273012158249,0.10678530494581828,0.048157829908512945,0.04084752611576876
8,0.0,0.65625,0.6,5,0.0,1.0,stripe,0.1484273012158249,0.10678530494581828,0.048157829908512945,0.04084752611576876
8,0.0,0.65625,0.6,6,0.0,1.0,stripe,0.1484273012158249,0.10678530494581828,0.048157829908512945,0.04084752611576876
8,0.0,0.65625,0.7,1,1.0,0.25,spiral,0.1491910060329486,0.09857935979945662,0.04828156448650791,0.03924668771841147
8,0.0,0.65625,0.7,2,1.0,0.25,spiral,0.1491910060329486,0.09857935979945662,0.04828156448650791,0.03924668771841147
8,0.0,0.65625,0.7,3,1.0,0.25,spiral,0.1491910060329486,0.09857935979945662,0.04828156448650791,0.03924668771841147
8,0.0,0.65625,0.7,4,1.0,0.25,spiral,0.1491910060329486,0.09857935979945662,0.04828156448650791,0.03924668771841147
8,0.0,0.65625,0.7,5,1.0,0.25,spiral,0.1491910060329486,0.09857935979945662,0.04828156448650791,0.03924668771841147
8,0.0,0.65625,0.7,6,1.0,0.25,spiral,0.1491910060329486,0.09857935979945662,0.04828156448650791,0.03924668771841147
8,0.0,0.78125,0.0,1,0.75,1.0,spiral,0.1953125,0.1953125,0.05524271728019903,0.05524271728019903
8,0.0,0.78125,0.0,2,0.75,1.0,spiral,0.1953125,0.1953125,0.05524271728019903,0.05524271728019903
8,0.0,0.78125,0.0,3,0.75,1.0,spiral,0.1953125,0.1953125,0.05524271728019903,0.05524271728019903
8,0.0,0.78125,0.0,4,0.75,1.0,spiral,0.1953125,0.1953125,0.05524271728019903,0.05524271728019903
8,0.0,0.78125,0.0,5,0.75,1.0,spiral,0.1953125,0.1953125,0.05524271728019903,0.05524271728019903
8,0.0,0.78125,0.0,6,0.75,1.0,spiral,0.1953125,0.1953125,0.05524271728019903,0.05524271728019903
8,0.0,0.78125,0.1,1,0.75,1.0,spiral,0.19441242851554824,0.19275318120933793,0.055115280962319706,0.05487958141600485
8,0.0,0.78125,0.1,2,0.75,1.0,spiral,0.19441242851554824,0.19275318120933793,0.055115280962319706,0.05487958141600485
8,0.0,0.78125,0.1,3,0.75,1.0,spiral,0.19441242851554824,0.19275318120933793,0.055115280962319706,0.05487958141600485
8,0.0,0.78125,0.1,4,0.75,1.0,spiral,0.19441242851554824,0.19275318120933793,0.055115280962319706,0.05487958141600485
8,0.0,0.78125,0.1,5,0.75,1.0,spiral,0.19441242851554824,0.19275318120933793,0.055115280962319706,0.05487958141600485
8,0.0,0.78125,0.1,6,0.75,1.0,spiral,0.19441242851554824,0.19275318120933793,0.055115280962319706,0.05487958141600485
8,0.0,0.78125,0.2,1,1.0,0.75,spiral,0.19196793830162287,0.18607906524678855,0.054767682404524454,0.053921103424179585
8,0.0,0.78125,0.2,2,1.0,0.75,spiral,0.19196793830162287,0.18607906524678855,0.054767682404524454,0.053921103424179585
8,0.0,0.78125,0.2,3,1.0,0.75,spiral,0.19196793830162287,0.18607906524678855,0.054767682404524454,0.053921103424179585
8,0.0,0.78125,0.2,4,1.0,0.75,spiral,0.19196793830162287,0.18607906524678855,0.054767682404524454,0.053921103424179585
8,0.0,0.78125,0.2,5,1.0,0.75,spiral,0.19196793830162287,0.18607906524678855,0.054767682404524454,0.053921103424179585
8,0.0,0.78125,0.2,6,1.0,0.75,spiral,0.19196793830162287,0.18607906524678855,0.054767682404524454,0.053921103424179585
8,0.0,0.78125,0.3,1,0.75,1.0,spiral,0.18855916647368232,0.17742268857303684,0.05427924995936556,0.05265196586029529
8,0.0,0.78125,0.3,2,0.75,1.0,spiral,0.18855916647368232,0.17742268857303684,0.05427924995936556,0.05265196586029529
8,0.0,0.78125,0.3,3,0.75,1.0,spiral,0.18855916647368232,0.17742268857303684,0.05427924995936556,0.05265196586029529
8,0.0,0.78125,0.3,4,0.75,1.0,spiral,0.18855916647368232,0.17742268857303684,0.05427924995936556,0.05265196586029529
8,0.0,0.78125,0.3,5,0.75,1.0,spiral,0.18855916647368232,0.17742268857303684,0.05427924995936556,0.05265196586029529
8,0.0,0.78125,0.3,6,0.75,1.0,spiral,0.18855916647368232,0.17742268857303684,0.05427924995936556,0.05265196586029529
8,0.0,0.78125,0.4,1,0.75,1.0,spiral,0.1593717986866243,0.15298244128274607,0.049901747008281226,0.048891212349898905
8,0.0,0.78125,0.4,2,0.75,1.0,spiral,0.1593717986866243,0.15298244128274607,0.049901747008281226,0.048891212349898905
8,0.0,0.78125,0.4,3,0.75,1.0,spiral,0.1593717986866243,0.15298244128274607,0.049901747008281226,0.048891212349898905
8,0.0,0.78125,0.4,4,0.75,1.0,spiral,0.1593717986866243,0.15298244128274607,0.049901747008281226,0.048891212349898905
8,0.0,0.78125,0.4,5,0.75,1.0,spiral,0.1593717986866243,0.15298244128274607,0.049901747008281226,0.048891212349898905
8,0.0,0.78125,0.4,6,0.75,1.0,spiral,0.1593717986866243,0.15298244128274607,0.049901747008281226,0.048891212349898905
8,0.0,0.78125,0.5,1,1.0,0.0,stripe,0.15364583333333326,0.13584770855046005,0.04899710344329889,0.04607190517116628
8,0.0,0.78125,0.5,2,1.0,0.0,stripe,0.15364583333333326,0.13584770855046005,0.04899710344329889,0.04607190517116628
8,0.0,0.78125,0.5,3,1.0,0.0,stripe,0.15364583333333326,0.13584770855046005,0.04899710344329889,0.04607190517116628
8,0.0,0.78125,0.5,4,1.0,0.0,stripe,0.15364583333333326,0.13584770855046005,0.04899710344329889,0.04607190517116628
8,0.0,0.78125,0.5,5,1.0,0.0,stripe,0.15364583333333326,0.13584770855046005,0.04899710344329889,0.04607190517116628
8,0.0,0.78125,0.5,6,1.0,0.0,stripe,0.15364583333333326,0.13584770855046005,0.04899710344329889,0.04607190517116628
8,0.0,0.78125,0.6,1,1.0,0.0,stripe,0.1573577281530457,0.1253143822371679,0.049585426310472906,0.04424971437710924
8,0.0,0.78125,0.6,2,1.0,0.0,stripe,0.1573577281530457,0.1253143822371679,0.049585426310472906,0.04424971437710924
8,0.0,0.78125,0.6,3,1.0,0.0,stripe,0.1573577281530457,0.1253143822371679,0.049585426310472906,0.04424971437710924
8,0.0,0.78125,0.6,4,1.0,0.0,stripe,0.1573577281530457,0.1253143822371679,0.049585426310472906,0.04424971437710924
8,0.0,0.78125,0.6,5,1.0,0.0,stripe,0.1573577281530457,0.1253143822371679,0.049585426310472906,0.04424971437710924
8,0.0,0.78125,0.6,6,1.0,0.0,stripe,0.1573577281530457,0.1253143822371679,0.049585426310472906,0.04424971437710924
8,0.0,0.78125,0.7,1,1.0,0.0,stripe,0.1651761301844852,0.11293433515707729,0.05080233295954607,0.042007130190353785
8,0.0,0.78125,0.7,2,1.0,0.0,stripe,0.1651761301844852,0.11293433515707729,0.05080233295954607,0.042007130190353785
8,0.0,0.78125,0.7,3,1.0,0.0,stripe,0.1651761301844852,0.11293433515707729,0.05080233295954607,0.042007130190353785
8,0.0,0.78125,0.7,4,1.0,0.0,stripe,0.1651761301844852,0.11293433515707729,0.05080233295954607,0.042007130190353785
8,0.0,0.78125,0.7,5,1.0,0.0,stripe,0.1651761301844852,0.11293433515707729,0.05080233295954607,0.042007130190353785
8,0.0,0.78125,0.7,6,1.0,0.0,stripe,0.1651761301844852,0.11293433515707729,0.05080233295954607,0.042007130190353785
8,0.0,0.875,0.0,1,1.0,1.0,Neel,0.19709340895580052,0.19709340895580052,0.05549400431519051,0.05549400431519051
8,0.0,0.875,0.0,2,1.0,1.0,Neel,0.19709340895580052,0.19709340895580052,0.05549400431519051,0.05549400431519051
8,0.0,0.875,0.0,3,1.0,1.0,Neel,0.19709340895580052,0.19709340895580052,0.05549400431519051,0.05549400431519051
8,0.0,0.875,0.0,4,1.0,1.0,Neel,0.19709340895580052,0.19709340895580052,0.05549400431519051,0.05549400431519051
8,0.0,0.875,0.0,5,1.0,1.0,Neel,0.19709340895580052,0.19709340895580052,0.05549400431519051,0.05549400431519051
8,0.0,0.875,0.0,6,1.0,1.0,Neel,0.19709340895580052,0.19709340895580052,0.05549400431519051,0.05549400431519051
8,0.0,0.875,0.1,1,1.0,1.0,Neel,0.2005424505276198,0.2005424505276198,0.055977457869164256,0.055977457869164256
8,0.0,0.875,0.1,2,1.0,1.0,Neel,0.2005424505276198,0.2005424505276198,0.055977457869164256,0.055977457869164256
8,0.0,0.875,0.1,3,1.0,1.0,Neel,0.2005424505276198,0.2005424505276198,0.055977457869164256,0.055977457869164256
8,0.0,0.875,0.1,4,1.0,1.0,Neel,0.2005424505276198,0.2005424505276198,0.055977457869164256,0.055977457869164256
8,0.0,0.875,0.1,5,1.0,1.0,Neel,0.2005424505276198,0.2005424505276198,0.055977457869164256,0.055977457869164256
8,0.0,0.875,0.1,6,1.0,1.0,Neel,0.2005424505276198,0.2005424505276198,0.055977457869164256,0.055977457869164256
8,0.0,0.875,0.2,1,1.0,0.75,spiral,0.1905171934721146,0.1875667526246402,0.05456034409717181,0.05413622179059048
8,0.0,0.875,0.2,2,1.0,0.75,spiral,0.1905171934721146,0.1875667526246402,0.05456034409717181,0.05413622179059048
8,0.0,0.875,0.2,3,1.0,0.75,spiral,0.1905171934721146,0.1875667526246402,0.05456034409717181,0.05413622179059048
8,0.0,0.875,0.2,4,1.0,0.75,spiral,0.1905171934721146,0.1875667526246402,0.05456034409717181,0.05413622179059048
8,0.0,0.875,0.2,5,1.0,0.75,spiral,0.1905171934721146,0.1875667526246402,0.05456034409717181,0.05413622179059048
8,0.0,0.875,0.2,6,1.0,0.75,spiral,0.1905171934721146,0.1875667526246402,0.05456034409717181,0.05413622179059048
8,0.0,0.875,0.3,1,1.0,1.0,Neel,0.1888887649895405,0.1888887649895405,0.05432666889255746,0.05432666889255746
8,0.0,0.875,0.3,2,1.0,1.0,Neel,0.1888887649895405,0.1888887649895405,0.05432666889255746,0.05432666889255746
8,0.0,0.875,0.3,3,1.0,1.0,Neel,0.1888887649895405,0.1888887649895405,0.05432666889255746,0.05432666889255746
8,0.0,0.875,0.3,4,1.0,1.0,Neel,0.1888887649895405,0.1888887649895405,0.05432666889255746,0.05432666889255746
8,0.0,0.875,0.3,5,1.0,1.0,Neel,0.1888887649895405,0.1888887649895405,0.05432666889255746,0.05432666889255746
8,0.0,0.875,0.3,6,1.0,1.0,Neel,0.1888887649895405,0.1888887649895405,0.05432666889255746,0.05432666889255746
8,0.0,0.875,0.4,1,1.0,1.0,Neel,0.17524997297688494,0.17524997297688494,0.05232858518786675,0.05232858518786675
8,0.0,0.875,0.4,2,1.0,1.0,Neel,0.17524997297688494,0.17524997297688494,0.05232858518786675,0.05232858518786675
8,0.0,0.875,0.4,3,1.0,1.0,Neel,0.17524997297688494,0.17524997297688494,0.05232858518786675,0.05232858518786675
8,0.0,0.875,0.4,4,1.0,1.0,Neel,0.17524997297688494,0.17524997297688494,0.05232858518786675,0.05232858518786675
8,0.0,0.875,0.4,5,1.0,1.0,Neel,0.17524997297688494,0.17524997297688494,0.05232858518786675,0.05232858518786675
8,0.0,0.875,0.4,6,1.0,1.0,Neel,0.17524997297688494,0.17524997297688494,0.05232858518786675,0.05232858518786675
8,0.0,0.875,0.5,1,0.0,1.0,stripe,0.15885416666669727,0.1371527777777777,0.049820641848205297,0.046292679256852015
8,0.0,0.875,0.5,2,0.0,1.0,stripe,0.15885416666669727,0.1371527777777777,0.049820641848205297,0.046292679256852015
8,0.0,0.875,0.5,3,0.0,1.0,stripe,0.15885416666669727,0.1371527777777777,0.049820641848205297,0.046292679256852015
8,0.0,0.875,0.5,4,0.0,1.0,stripe,0.15885416666669727,0.1371527777777777,0.049820641848205297,0.046292679256852015
8,0.0,0.875,0.5,5,0.0,1.0,stripe,0.15885416666669727,0.1371527777777777,0.049820641848205297,0.046292679256852015
8,0.0,0.875,0.5,6,0.0,1.0,stripe,0.15885416666669727,0.1371527777777777,0.049820641848205297,0.046292679256852015
8,0.0,0.875,0.6,1,1.0,0.0,stripe,0.16887865515899464,0.1302228049458183,0.05136856029576156,0.0451079962676066
8,0.0,0.875,0.6,2,1.0,0.0,stripe,0.16887865515899464,0.1302228049458183,0.05136856029576156,0.0451079962676066
8,0.0,0.875,0.6,3,1.0,0.0,stripe,0.16887865515899464,0.1302228049458183,0.05136856029576156,0.0451079962676066
8,0.0,0.875,0.6,4,1.0,0.0,stripe,0.16887865515899464,0.1302228049458183,0.05136856029576156,0.0451079962676066
8,0.0,0.875,0.6,5,1.0,0.0,stripe,0.16887865515899464,0.1302228049458183,0.05136856029576156,0.0451079962676066
8,0.0,0.875,0.6,6,1.0,0.0,stripe,0.16887865515899464,0.1302228049458183,0.05136856029576156,0.0451079962676066
8,0.0,0.875,0.7,1,1.0,0.0,stripe,0.16842470686620553,0.12434026647129048,0.051299474118010814,0.044077394020222135
8,0.0,0.875,0.7,2,1.0,0.0,stripe,0.16842470686620553,0.12434026647129048,0.051299474118010814,0.044077394020222135
8,0.0,0.875,0.7,3,1.0,0.0,stripe,0.16842470686620553,0.12434026647129048,0.051299474118010814,0.044077394020222135
8,0.0,0.875,0.7,4,1.0,0.0,stripe,0.16842470686620553,0.12434026647129048,0.051299474118010814,0.044077394020222135
8,0.0,0.875,0.7,5,1.0,0.0,stripe,0.16842470686620553,0.12434026647129048,0.051299474118010814,0.044077394020222135
8,0.0,0.875,0.7,6,1.0,0.0,stripe,0.16842470686620553,0.12434026647129048,0.051299474118010814,0.044077394020222135
8,0.0,1.0,0.0,1,1.0,1.0,Neel,0.20352934531099795,0.20352934531099795,0.056392783407846994,0.056392783407846994
8,0.0,1.0,0.0,2,1.0,1.0,Neel,0.20352934531099795,0.20352934531099795,0.056392783407846994,0.056392783407846994
8,0.0,1.0,0.0,3,1.0,1.0,Neel,0.20352934531099795,0.20352934531099795,0.056392783407846994,0.056392783407846994
8,0.0,1.0,0.0,4,1.0,1.0,Neel,0.20352934531099795,0.20352934531099795,0.056392783407846994,0.056392783407846994
8,0.0,1.0,0.0,5,1.0,1.0,Neel,0.20352934531099795,0.20352934531099795,0.056392783407846994,0.056392783407846994
8,0.0,1.0,0.0,6,1.0,1.0,Neel,0.20352934531099795,0.20352934531099795,0.056392783407846994,0.056392783407846994
8,0.0,1.0,0.1,1,1.0,1.0,Neel,0.1927531812093379,0.1927531812093379,0.054879581416004845,0.054879581416004845
8,0.0,1.0,0.1,2,1.0,1.0,Neel,0.1927531812093379,0.1927531812093379,0.054879581416004845,0.054879581416004845
8,0.0,1.0,0.1,3,1.0,1.0,Neel,0.1927531812093379,0.1927531812093379,0.054879581416004845,0.054879581416004845
8,0.0,1.0,0.1,4,1.0,1.0,Neel,0.1927531812093379,0.1927531812093379,0.054879581416004845,0.054879581416004845
8,0.0,1.0,0.1,5,1.0,1.0,Neel,0.1927531812093379,0.1927531812093379,0.054879581416004845,0.054879581416004845
8,0.0,1.0,0.1,6,1.0,1.0,Neel,0.1927531812093379,0.1927531812093379,0.054879581416004845,0.054879581416004845
8,0.0,1.0,0.2,1,1.0,1.0,Neel,0.18607906524678855,0.18607906524678855,0.053921103424179585,0.053921103424179585
8,0.0,1.0,0.2,2,1.0,1.0,Neel,0.18607906524678855,0.18607906524678855,0.053921103424179585,0.053921103424179585
8,0.0,1.0,0.2,3,1.0,1.0,Neel,0.18607906524678855,0.18607906524678855,0.053921103424179585,0.053921103424179585
8,0.0,1.0,0.2,4,1.0,1.0,Neel,0.18607906524678855,0.18607906524678855,0.053921103424179585,0.053921103424179585
8,0.0,1.0,0.2,5,1.0,1.0,Neel,0.18607906524678855,0.18607906524678855,0.053921103424179585,0.053921103424179585
8,0.0,1.0,0.2,6,1.0,1.0,Neel,0.18607906524678855,0.18607906524678855,0.053921103424179585,0.053921103424179585
8,0.0,1.0,0.3,1,1.0,1.0,Neel,0.17958091158042197,0.17958091158042197,0.05297123505681261,0.05297123505681261
8,0.0,1.0,0.3,2,1.0,1.0,Neel,0.17958091158042197,0.17958091158042197,0.05297123505681261,0.05297123505681261
8,0.0,1.0,0.3,3,1.0,1.0,Neel,0.17958091158042197,0.17958091158042197,0.05297123505681261,0.05297123505681261
8,0.0,1.0,0.3,4,1.0,1.0,Neel,0.17958091158042197,0.17958091158042197,0.05297123505681261,0.05297123505681261
8,0.0,1.0,0.3,5,1.0,1.0,Neel,0.17958091158042197,0.17958091158042197,0.05297123505681261,0.05297123505681261
8,0.0,1.0,0.3,6,1.0,1.0,Neel,0.17958091158042197,0.17958091158042197,0.05297123505681261,0.05297123505681261
8,0.0,1.0,0.4,1,1.0,1.0,Neel,0.16860744128274607,0.16860744128274607,0.05132729556525365,0.05132729556525365
8,0.0,1.0,0.4,2,1.0,1.0,Neel,0.16860744128274607,0.16860744128274607,0.05132729556525365,0.05132729556525365
8,0.0,1.0,0.4,3,1.0,1.0,Neel,0.16860744128274607,0.16860744128274607,0.05132729556525365,0.05132729556525365
8,0.0,1.0,0.4,4,1.0,1.0,Neel,0.16860744128274607,0.16860744128274607,0.05132729556525365,0.05132729556525365
8,0.0,1.0,0.4,5,1.0,1.0,Neel,0.16860744128274607,0.16860744128274607,0.05132729556525365,0.05132729556525365
8,0.0,1.0,0.4,6,1.0,1.0,Neel,0.16860744128274607,0.16860744128274607,0.05132729556525365,0.05132729556525365
8,0.0,1.0,0.5,1,1.0,1.0,Neel,0.16059027777777773,0.16059027777777773,0.050092145993935785,0.050092145993935785
8,0.0,1.0,0.5,2,1.0,1.0,Neel,0.16059027777777773,0.16059027777777773,0.050092145993935785,0.050092145993935785
8,0.0,1.0,0.5,3,1.0,1.0,Neel,0.16059027777777773,0.16059027777777773,0.050092145993935785,0.050092145993935785
8,0.0,1.0,0.5,4,1.0,1.0,Neel,0.16059027777777773,0.16059027777777773,0.050092145993935785,0.050092145993935785
8,0.0,1.0,0.5,5,1.0,1.0,Neel,0.16059027777777773,0.16059027777777773,0.050092145993935785,0.050092145993935785
8,0.0,1.0,0.5,6,1.0,1.0,Neel,0.16059027777777773,0.16059027777777773,0.050092145993935785,0.050092145993935785
8,0.0,1.0,0.6,1,0.0,1.0,stripe,0.163460333355272,0.15366030494581828,0.050537784960127854,0.04899941086154415
8,0.0,1.0,0.6,2,0.0,1.0,stripe,0.163460333355272,0.15366030494581828,0.050537784960127854,0.04899941086154415
8,0.0,1.0,0.6,3,0.0,1.0,stripe,0.163460333355272,0.15366030494581828,0.050537784960127854,0.04899941086154415
8,0.0,1.0,0.6,4,0.0,1.0,stripe,0.163460333355272,0.15366030494581828,0.050537784960127854,0.04899941086154415
8,0.0,1.0,0.6,5,0.0,1.0,stripe,0.163460333355272,0.15366030494581828,0.050537784960127854,0.04899941086154415
8,0.0,1.0,0.6,6,0.0,1.0,stripe,0.163460333355272,0.15366030494581828,0.050537784960127854,0.04899941086154415
8,0.0,1.0,0.7,1,1.0,0.0,stripe,0.16736778554785922,0.1477777664712905,0.05113826013060378,0.048052342306217646
8,0.0,1.0,0.7,2,1.0,0.0,stripe,0.16736778554785922,0.1477777664712905,0.05113826013060378,0.048052342306217646
8,0.0,1.0,0.7,3,1.0,0.0,stripe,0.16736778554785922,0.1477777664712905,0.05113826013060378,0.048052342306217646
8,0.0,1.0,0.7,4,1.0,0.0,stripe,0.16736778554785922,0.1477777664712905,0.05113826013060378,0.048052342306217646
8,0.0,1.0,0.7,5,1.0,0.0,stripe,0.16736778554785922,0.1477777664712905,0.05113826013060378,0.048052342306217646
8,0.0,1.0,0.7,6,1.0,0.0,stripe,0.16736778554785922,0.1477777664712905,0.05113826013060378,0.048052342306217646
8,2.0,0.5,0.0,1,1.0,0.5,spiral,0.15032541819846873,0.13423770506876162,0.04846477751265422,0.04579808010931681
8,2.0,0.5,0.0,2,1.0,0.5,spiral,0.15099188947585074,0.13443077553920108,0.048572093562663815,0.04583100334707955
8,2.0,0.5,0.0,3,1.0,0.5,spiral,0.15090169125689457,0.1348996513906102,0.04855758360842287,0.04591085985884259
8,2.0,0.5,0.0,4,0.5,1.0,spiral,0.14880374579781872,0.13437807026849444,0.048218860709176005,0.045822018156615775
8,2.0,0.5,0.0,5,0.5,1.0,spiral,0.1486786696773999,0.13445010190262063,0.048198591407938196,0.04583429766265048
8,2.0,0.5,0.0,6,1.0,0.5,spiral,0.1501615829328577,0.1335956242915636,0.0484383601428238,0.045688418987262856
8,2.0,0.5,0.1,1,1.0,0.5,spiral,0.1461132922956575,0.1314114252502088,0.04778096056087245,0.04531339227573359
8,2.0,0.5,0.1,2,1.0,0.5,spiral,0.14609364752629114,0.1312011350456606,0.04777774840444345,0.045277121541551724
8,2.0,0.5,0.1,3,1.0,0.5,spiral,0.14553570902365615,0.13161506243768736,0.04768642839943695,0.045348487853387846
8,2.0,0.5,0.1,4,1.0,0.5,spiral,0.14556971956267126,0.13275267741029695,0.04769200004368383,0.04554405103343234
8,2.0,0.5,0.1,5,0.5,1.0,spiral,0.14489448805486554,0.13272512963606242,0.04758126076363755,0.04553932531959027
8,2.0,0.5,0.1,6,1.0,0.5,spiral,0.1438615468570643,0.13187563880095854,0.04741135591439702,0.04539335696183944
8,2.0,0.5,0.2,1,0.5,1.0,spiral,0.14600606089120519,0.1302197908389008,0.04776342430589625,0.04510747423496272
8,2.0,0.5,0.2,2,0.5,1.0,spiral,0.14590045162833257,0.13041648457047356,0.04774614703505086,0.04514152823524752
8,2.0,0.5,0.2,3,0.5,1.0,spiral,0.1412558414357395,0.13148198296111438,0.04698002258868582,0.045325555526296774
8,2.0,0.5,0.2,4,0.5,1.0,spiral,0.14395805765189856,0.13148052476310404,0.047427256412435614,0.04532530418456671
8,2.0,0.5,0.2,5,0.5,1.0,spiral,0.14296280052647484,0.13154594670466288,0.04726302739167445,0.04533657924083331
8,2.0,0.5,0.2,6,0.5,1.0,spiral,0.14546950945090792,0.13109605568692265,0.04767558164480467,0.04525898662263845
8,2.0,0.5,0.3,1,1.0,0.5,spiral,0.14268634024921298,0.12920211155803968,0.04721730685240268,0.044930869044504024
8,2.0,0.5,0.3,2,0.5,1.0,spiral,0.14071682687618217,0.12879525242902784,0.04689030198175681,0.04486006931786397
8,2.0,0.5,0.3,3,1.0,0.5,spiral,0.1423566234377744,0.12909980097783832,0.047162720884351285,0.044913075938736634
8,2.0,0.5,0.3,4,1.0,0.5,spiral,0.14156771979470945,0.128862806711955,0.04703185752011433,0.044871832533052367
8,2.0,0.5,0.3,5,0.5,1.0,spiral,0.14190521006101345,0.1295392187349635,0.047087884930238,0.04498944645951764
8,2.0,0.5,0.3,6,1.0,0.5,spiral,0.14121571857034926,0.12932867595058123,0.0469733499195204,0.04495287045037093
8,2.0,0.5,0.4,1,0.5,1.0,spiral,0.14299302130919783,0.12362149966501937,0.04726802257294265,0.04394981151570422
8,2.0,0.5,0.4,2,1.0,0.5,spiral,0.14116817209653726,0.12427112014231696,0.046965441433126066,0.04406513647117983
8,2.0,0.5,0.4,3,1.0,0.5,spiral,0.14119407504600706,0.12530392816986674,0.04696975008017246,0.04424786862272767
8,2.0,0.5,0.4,4,1.0,0.5,spiral,0.14177608200906597,0.12460822057659812,0.047066456010535315,0.0441248619998901
8,2.0,0.5,0.4,5,1.0,0.5,spiral,0.14216295195730672,0.12394783068119089,0.04713062830403301,0.04400778174815913
8,2.0,0.5,0.4,6,1.0,0.5,spiral,0.1405824783360663,0.12453590680151563,0.046867912520199104,0.044112056671319254
8,2.0,0.5,0.5,1,0.0,1.0,stripe,0.14767979690943095,0.1151574341250986,0.048036411467863194,0.042418567965039386
8,2.0,0.5,0.5,2,0.0,1.0,stripe,0.14182038740581598,0.11700783753586859,0.04707380963142748,0.04275801049508673
8,2.0,0.5,0.5,3,0.0,1.0,stripe,0.14341029537295175,0.11704523061983038,0.04733693975324526,0.042764842200513846
8,2.0,0.5,0.5,4,0.0,1.0,stripe,0.1444474423794982,0.11731823412807689,0.047507802382131495,0.04281468682883482
8,2.0,0.5,0.5,5,0.0,1.0,stripe,0.14176929119204695,0.11614708245079657,0.04706532879812626,0.04260044792362747
8,2.0,0.5,0.5,6,0.0,1.0,stripe,0.14234481636670324,0.11467323201266652,0.04716076500365254,0.04232929541343577
8,2.0,0.5,0.6,1,0.25,1.0,spiral,0.14361212558308087,0.09194706657994305,0.047370238148394805,0.037903468381028274
8,2.0,0.5,0.6,2,1.0,0.25,spiral,0.14413926645586533,0.09156421211034761,0.04745709681778792,0.037824473746824044
8,2.0,0.5,0.6,3,1.0,0.25,spiral,0.14536020281389125,0.09206111550132473,0.047657666423850956,0.0379269683695942
8,2.0,0.5,0.6,4,0.25,1.0,spiral,0.14434287722143582,0.09204783455400166,0.04749060387681899,0.03792423255527099
8,2.0,0.5,0.6,5,1.0,0.25,spiral,0.1426828226128597,0.09192861368392717,0.04721672482633598,0.03789966475856168
8,2.0,0.5,0.6,6,0.25,1.0,spiral,0.1432413128836057,0.0920106817361047,0.04730904262195906,0.037916578196438504
8,2.0,0.5,0.7,1,0.25,1.0,spiral,0.14124452523399175,0.09059805882644437,0.04697814073354884,0.0376243892862488
8,2.0,0.5,0.7,2,1.0,0.25,spiral,0.14141829750995574,0.0902658655676832,0.0470070303102957,0.037555347814859204
8,2.0,0.5,0.7,3,1.0,0.25,spiral,0.14198354241298441,0.08943037703369197,0.04710087950561944,0.03738114017992813
8,2.0,0.5,0.7,4,1.0,0.25,spiral,0.1403311525136935,0.09030645299329029,0.04682599980808163,0.03756379011788029
8,2.0,0.5,0.7,5,1.0,0.25,spiral,0.14161369846538374,0.09067483693745346,0.04703949445435847,0.03764032846758527
8,2.0,0.5,0.7,6,0.25,1.0,spiral,0.1416596772770095,0.08969236012763251,0.04704713017234179,0.0374358534962709
8,2.0,0.5625,0.0,1,0.5,1.0,spiral,0.17638576988777951,0.1538712998169151,0.052497882381069,0.04903304048944241
8,2.0,0.5625,0.0,2,0.5,1.0,spiral,0.17654568844799076,0.15553430233029683,0.05252167535408458,0.04929729682153868
8,2.0,0.5625,0.0,3,0.5,1.0,spiral,0.175006186399763,0.15429634982354687,0.05229217592045962,0.04910071757105918
8,2.0,0.5625,0.0,4,0.5,1.0,spiral,0.1716137312088024,0.155057227710173,0.05178285961722796,0.04922163328224139
8,2.0,0.5625,0.0,5,0.5,1.0,spiral,0.17666196285771177,0.1563917006978093,0.052538968106080525,0.04943298821033653
8,2.0,0.5625,0.0,6,0.5,1.0,spiral,0.17551051530849654,0.15518881417353014,0.052367468925806016,0.049242514369814715
8,2.0,0.5625,0.1,1,1.0,0.5,spiral,0.16724525636879553,0.15042414092812734,0.05111953766186105,0.048480688959646495
8,2.0,0.5625,0.1,2,1.0,0.5,spiral,0.16545158471381002,0.14988454193544426,0.050844675347112615,0.04839365627581074
8,2.0,0.5625,0.1,3,1.0,0.5,spiral,0.16758294333738127,0.14986315584914917,0.05117111968333879,0.04839020365882908
8,2.0,0.5625,0.1,4,1.0,0.5,spiral,0.1688652564406183,0.14933736728642824,0.05136652248191093,0.04830524157739449
8,2.0,0.5625,0.1,5,1.0,0.5,spiral,0.1641396135376399,0.14975053247277542,0.05064268418563162,0.048372017426267386
8,2.0,0.5625,0.1,6,1.0,0.5,spiral,0.16939859768171456,0.14953220325503938,0.05144757612149274,0.048336742503606825
8,2.0,0.5625,0.2,1,0.5,1.0,spiral,0.1650130449641787,0.14640272425547032,0.050777247144417864,0.04782826116943542
8,2.0,0.5625,0.2,2,0.5,1.0,spiral,0.1644859043608306,0.14607910320931916,0.05069607732002525,0.04777537009428197
8,2.0,0.5625,0.2,3,0.5,1.0,spiral,0.1666115506001833,0.14771682052988877,0.05102259772030295,0.0480424325027315
8,2.0,0.5625,0.2,4,0.5,1.0,spiral,0.16474861926356416,0.14654517754088284,0.05073654674880022,0.0478515245219658
8,2.0,0.5625,0.2,5,0.5,1.0,spiral,0.1644623472500166,0.14673724001134297,0.05069244693030225,0.04788287141742059
8,2.0,0.5625,0.2,6,0.5,1.0,spiral,0.1655112377934172,0.1472760736844542,0.050853840469743714,0.04797070617907972
8,2.0,0.5625,0.3,1,0.5,1.0,spiral,0.16150003718852485,0.1428160411428492,0.050233834027184315,0.04723876208006534
8,2.0,0.5625,0.3,2,0.5,1.0,spiral,0.15982358431855964,0.14224388092917808,0.04997242744731833,0.047144041399930996
8,2.0,0.5625,0.3,3,0.5,1.0,spiral,0.1602056659949241,0.14293920915006045,0.05003212499155607,0.047259127615410915
8,2.0,0.5625,0.3,4,0.5,1.0,spiral,0.15855516626997726,0.14133038276316828,0.049773732761049724,0.04699241673583627
8,2.0,0.5625,0.3,5,0.5,1.0,spiral,0.16076438551424327,0.14355647632623625,0.05011929292857244,0.04736105934834483
8,2.0,0.5625,0.3,6,0.5,1.0,spiral,0.16041275670953767,0.1421902633091147,0.05006445169565453,0.04713515528992046
8,2.0,0.5625,0.4,1,1.0,0.5,spiral,0.157840185661563,0.1356352540136635,0.04966138239076639,0.046035864757420296
8,2.0,0.5625,0.4,2,1.0,0.5,spiral,0.15701112185955934,0.1361023108391126,0.04953078617441495,0.046115058352572146
8,2.0,0.5625,0.4,3,1.0,0.5,spiral,0.1582911592937569,0.13649229804607316,0.04973227688297562,0.046181080075826435
8,2.0,0.5625,0.4,4,1.0,0.5,spiral,0.15799878061948525,0.1375935304514963,0.0496863255552215,0.046367002418795954
8,2.0,0.5625,0.4,5,1.0,0.5,spiral,0.1572872077914186,0.13591295694693395,0.04957431413283411,0.04608296813678393
8,2.0,0.5625,0.4,6,1.0,0.5,spiral,0.16003332930492836,0.13722277469394467,0.0500052074327215,0.04630449065255859
8,2.0,0.5625,0.5,1,0.0,1.0,stripe,0.16200663462223147,0.12599292331952291,0.05031255972391354,0.04436935233770655
8,2.0,0.5625,0.5,2,0.0,1.0,stripe,0.15907785052495174,0.12621066130984604,0.04985570593675684,0.04440767482053462
8,2.0,0.5625,0.5,3,0.0,1.0,stripe,0.16174568898028563,0.12713521947206954,0.050272023932968556,0.0445700325807721
8,2.0,0.5625,0.5,4,0.0,1.0,stripe,0.16233575766937375,0.1271929707132591,0.050363639796821326,0.04458015441196535
8,2.0,0.5625,0.5,5,0.0,1.0,stripe,0.15991340608485155,0.12609267599296162,0.04998646786957252,0.04438691318834894
8,2.0,0.5625,0.5,6,0.0,1.0,stripe,0.16486358261092457,0.12562459191486036,0.05075424591396956,0.04430444953579373
8,2.0,0.5625,0.6,1,0.25,1.0,spiral,0.1639420440899471,0.09644539742077649,0.050612196542981845,0.03881957411795797
8,2.0,0.5625,0.6,2,1.0,0.25,spiral,0.16510517292708032,0.09688145449443959,0.0507914198165953,0.03890723231579983
8,2.0,0.5625,0.6,3,1.0,0.25,spiral,0.16509857399214148,0.09664977859015743,0.050790404788967874,0.038860684379861475
8,2.0,0.5625,0.6,4,1.0,0.25,spiral,0.16323126757192422,0.09656965879861176,0.05050236188349329,0.038844573864676504
8,2.0,0.5625,0.6,5,1.0,0.25,spiral,0.16416718756441523,0.09630242362154211,0.050646937772129794,0.038790789745590325
8,2.0,0.5625,0.6,6,0.25,1.0,spiral,0.16215467452152602,0.09663982149990329,0.05033554200958647,0.038858682568198175
8,2.0,0.5625,0.7,1,0.25,1.0,spiral,0.16223646351683033,0.090168671039873,0.050348234750093014,0.03753512335130944
8,2.0,0.5625,0.7,2,1.0,0.25,spiral,0.16124923741953925,0.08922282009720228,0.05019481382254845,0.03733773646083525
8,2.0,0.5625,0.7,3,1.0,0.25,spiral,0.16254578549085935,0.08985322472615165,0.05039620916591522,0.037469409340769165
8,2.0,0.5625,0.7,4,1.0,0.25,spiral,0.16171436901970823,0.08991196056414681,0.05026715643372859,0.03748165396316969
8,2.0,0.5625,0.7,5,1.0,0.25,spiral,0.16206215662469284,0.08971939851008126,0.050321180404088554,0.03744149571958925
8,2.0,0.5625,0.7,6,1.0,0.25,spiral,0.16020944785539135,0.08928613455001612,0.05003271552434956,0.03735098194618184
8,2.0,0.65625,0.0,1,1.0,0.75,spiral,0.1958471874975234,0.185456480830474,0.05531828183023044,0.05383082307541058
8,2.0,0.65625,0.0,2,1.0,0.75,spiral,0.19496252747560333,0.1864641040496458,0.05519320149987951,0.05397686194820625
8,2.0,0.65625,0.0,3,0.75,1.0,spiral,0.19654831598323805,0.1872608309556198,0.05541721246362085,0.054092055642964425
8,2.0,0.65625,0.0,4,1.0,0.75,spiral,0.19466694325693965,0.18734072705033095,0.05515134620650417,0.05410359378231192
8,2.0,0.65625,0.0,5,1.0,0.75,spiral,0.19487735710218104,0.18895344195160144,0.05518114446730494,0.05433596903059494
8,2.0,0.65625,0.0,6,1.0,0.75,spiral,0.1967889901654651,0.18696887539719337,0.055451131380120575,0.05404987213750969
8,2.0,0.65625,0.1,1,0.75,1.0,spiral,0.18814367978219315,0.17829158593099054,0.05421941531035509,0.05278073540764402
8,2.0,0.65625,0.1,2,0.75,1.0,spiral,0.188055608196471,0.17844371907307194,0.05420672355040341,0.052803249052655356
8,2.0,0.65625,0.1,3,1.0,0.5,spiral,0.18743104456406642,0.1786545199501035,0.05411663396141281,0.0528344288719048
8,2.0,0.65625,0.1,4,0.75,1.0,spiral,0.18722689537742096,0.1806369297041133,0.054087154115115006,0.053126754339285306
8,2.0,0.65625,0.1,5,1.0,0.75,spiral,0.18739167246964322,0.17908402599299084,0.05411094974529809,0.05289790077253049
8,2.0,0.65625,0.1,6,0.75,1.0,spiral,0.18856163528151046,0.17864435775087298,0.054279605297695384,0.05283292619056217
8,2.0,0.65625,0.2,1,0.75,1.0,spiral,0.18572795076018062,0.1702729426397757,0.053870207263642694,0.0515801776726922
8,2.0,0.65625,0.2,2,0.75,1.0,spiral,0.18563475282138084,0.16933368131047116,0.05385668958294852,0.051437717391774995
8,2.0,0.65625,0.2,3,1.0,0.75,spiral,0.1851805655635946,0.17034239907547494,0.053790764420401815,0.05159069669576382
8,2.0,0.65625,0.2,4,0.75,1.0,spiral,0.18494525950327803,0.17043569267590813,0.05375657801366005,0.05160482243028324
8,2.0,0.65625,0.2,5,0.75,1.0,spiral,0.1855154516904415,0.17035994485890132,0.053839380871840904,0.05159335362641523
8,2.0,0.65625,0.2,6,0.75,1.0,spiral,0.18529207626143285,0.16964716361920765,0.05380695765033448,0.051485307919348404
8,2.0,0.65625,0.3,1,0.75,1.0,spiral,0.18315257387148126,0.1585942578033608,0.053495410707292405,0.04977986820168885
8,2.0,0.65625,0.3,2,0.75,1.0,spiral,0.1829677234880011,0.15839136373895749,0.05346840823794942,0.04974801562294933
8,2.0,0.65625,0.3,3,0.75,1.0,spiral,0.18272880775032535,0.1599655633464579,0.0534334878245734,0.049994618983330644
8,2.0,0.65625,0.3,4,1.0,0.75,spiral,0.18213673135112535,0.15933818982838574,0.05334685021031076,0.04989648500714782
8,2.0,0.65625,0.3,5,0.75,1.0,spiral,0.18142318270091803,0.15868191938074735,0.05324225041920978,0.04979362399267779
8,2.0,0.65625,0.3,6,0.75,1.0,spiral,0.18469193325695088,0.1595755650830634,0.05371974922819221,0.04993363800508496
8,2.0,0.65625,0.4,1,0.75,1.0,spiral,0.17778502244008468,0.14823032703096045,0.05270570154761554,0.048125864769983685
8,2.0,0.65625,0.4,2,0.75,1.0,spiral,0.18035900978850833,0.14695415774447157,0.053085869381083346,0.04791825033071813
8,2.0,0.65625,0.4,3,1.0,0.75,spiral,0.17908550059163228,0.14808141785050152,0.052898118555807394,0.048101685562089054
8,2.0,0.65625,0.4,4,1.0,0.75,spiral,0.1791956277095046,0.14801074981975965,0.05291438068201318,0.0480902065490859
8,2.0,0.65625,0.4,5,1.0,0.75,spiral,0.17916461980385737,0.14853769618478282,0.052909802347346484,0.04817573562372693
8,2.0,0.65625,0.4,6,0.75,1.0,spiral,0.1804130738162064,0.14798723306926798,0.05309382523776399,0.04808638598093344
8,2.0,0.65625,0.5,1,1.0,0.0,stripe,0.1794160934189076,0.1352086742245856,0.052946921153835105,0.04596341517728149
8,2.0,0.65625,0.5,2,1.0,0.0,stripe,0.1767204658532611,0.1356438327602428,0.05254766673180841,0.046037320587527616
8,2.0,0.65625,0.5,3,1.0,0.0,stripe,0.17484958914137919,0.1359279928109066,0.05226877490753012,0.046085517114061066
8,2.0,0.65625,0.5,4,1.0,0.0,stripe,0.17660613473186015,0.13625540951086282,0.05253066585514898,0.04614098799990342
8,2.0,0.65625,0.5,5,1.0,0.0,stripe,0.1754452301200525,0.13637183295535718,0.0523577283753394,0.04616069637611044
8,2.0,0.65625,0.5,6,1.0,0.0,stripe,0.17441565244288199,0.13566460319892015,0.05220387504218466,0.04604084518102516
8,2.0,0.65625,0.6,1,1.0,0.0,stripe,0.1797094997512106,0.11323479902315647,0.05299019658024176,0.04206297344145822
8,2.0,0.65625,0.6,2,0.0,1.0,stripe,0.18169905622695487,0.11307341825447621,0.053282715335708726,0.04203298895184818
8,2.0,0.65625,0.6,3,0.0,1.0,stripe,0.18138455723283556,0.1127500577295913,0.05323658241062301,0.04197284422129222
8,2.0,0.65625,0.6,4,0.25,1.0,spiral,0.17972232413275513,0.11256457122460764,0.052992087282671727,0.04193830498940669
8,2.0,0.65625,0.6,5,0.0,1.0,stripe,0.179707922784566,0.11304436905920619,0.05298996408291709,0.04202758934973664
8,2.0,0.65625,0.6,6,0.0,1.0,stripe,0.17841088395085988,0.11227763525640633,0.052798390711575535,0.0418848188593594
8,2.0,0.65625,0.7,1,1.0,0.25,spiral,0.17765651727117285,0.10436373490146389,0.05268664994438416,0.04038172059032866
8,2.0,0.65625,0.7,2,1.0,0.25,spiral,0.17785526810659422,0.10390305530232735,0.052716112946285545,0.04029249606438977
8,2.0,0.65625,0.7,3,1.0,0.25,spiral,0.17883261020652558,0.10502906946972963,0.052860756090666754,0.040510235872733766
8,2.0,0.65625,0.7,4,1.0,0.25,spiral,0.17705257777778777,0.10523729864608906,0.052597020141619565,0.04055037350438515
8,2.0,0.65625,0.7,5,1.0,0.25,spiral,0.17686919016969171,0.10520377717213783,0.05256977360043919,0.040543914689070835
8,2.0,0.65625,0.7,6,1.0,0.25,spiral,0.1777363377629496,0.10511640968041018,0.05269848458491086,0.040527076149858246
8,2.0,0.78125,0.0,1,1.0,0.75,spiral,0.254105314400804,0.23718347443106497,0.06301107472113583,0.06087685757318121
8,2.0,0.78125,0.0,2,0.75,1.0,spiral,0.2508367329923571,0.233139090355679,0.06260450425493025,0.06035559863680821
8,2.0,0.78125,0.0,3,0.75,1.0,spiral,0.2516095977343482,0.2392042643703153,0.06270087690454729,0.06113564124785293
8,2.0,0.78125,0.0,4,1.0,0.75,spiral,0.2526377769618523,0.23846265325388027,0.06282885694510877,0.061040797480798686
8,2.0,0.78125,0.0,5,1.0,0.75,spiral,0.25169897661283713,0.23795230453947913,0.06271201248226356,0.06097544389694397
8,2.0,0.78125,0.0,6,1.0,0.75,spiral,0.2555867895360695,0.2376366609264502,0.06319449015935713,0.06093498852856037
8,2.0,0.78125,0.1,1,0.75,1.0,spiral,0.251088876546279,0.23274561161915552,0.0626359616836495,0.06030464477591511
8,2.0,0.78125,0.1,2,0.75,1.0,spiral,0.25395762731382315,0.2304233773062701,0.0629927609077304,0.06000304384287909
8,2.0,0.78125,0.1,3,1.0,0.75,spiral,0.25185487428159864,0.23384937316165702,0.0627314308034655,0.06044746856280163
8,2.0,0.78125,0.1,4,1.0,0.75,spiral,0.25279833722021305,0.23408121766572537,0.0628488187563285,0.06047742575562355
8,2.0,0.78125,0.1,5,1.0,0.75,spiral,0.24886101349295703,0.2342198249731561,0.06235746415488248,0.060495328457704604
8,2.0,0.78125,0.1,6,1.0,0.75,spiral,0.2547706205972833,0.23473591167583585,0.06309350954601076,0.06056194035807419
8,2.0,0.78125,0.2,1,0.75,1.0,spiral,0.25006949169072373,0.21958772735546508,0.06250868585778746,0.05857523572235234
8,2.0,0.78125,0.2,2,1.0,0.75,spiral,0.2494283482915906,0.21848026191076525,0.06242850264147061,0.05842734028137604
8,2.0,0.78125,0.2,3,1.0,0.75,spiral,0.25168984594877397,0.22018644570187088,0.06271087499748025,0.05865503570957682
8,2.0,0.78125,0.2,4,0.75,1.0,spiral,0.24861128360613774,0.22135412686211034,0.06232616871223437,0.058810358205170575
8,2.0,0.78125,0.2,5,0.75,1.0,spiral,0.2495342573261377,0.22127867310394098,0.0624417550259512,0.05880033390423117
8,2.0,0.78125,0.2,6,1.0,0.75,spiral,0.25194939007875383,0.2229406326142646,0.0627432005876376,0.059020736903209574
8,2.0,0.78125,0.3,1,0.75,1.0,spiral,0.24869433789939194,0.20947639204328466,0.062336578584952826,0.057210738726888706
8,2.0,0.78125,0.3,2,0.75,1.0,spiral,0.24768993260937583,0.2065698477574176,0.062210571424971634,0.0568124446860866
8,2.0,0.78125,0.3,3,1.0,0.75,spiral,0.2503450648123727,0.20875011445646968,0.06254311822809383,0.05711147466474963
8,2.0,0.78125,0.3,4,1.0,0.75,spiral,0.2482120276366239,0.20714963370471148,0.06227610241354422,0.05689211743850036
8,2.0,0.78125,0.3,5,1.0,0.75,spiral,0.24904152278221398,0.2079463051562082,0.0623800752922926,0.05700141242167384
8,2.0,0.78125,0.3,6,0.75,1.0,spiral,0.2520263451299027,0.20684732785456444,0.06275278195151773,0.05685058924696884
8,2.0,0.78125,0.4,1,0.5,1.25,other,0.18877013411415927,0.1721281351926187,0.05430960638352794,0.05186040987482327
8,2.0,0.78125,0.4,2,0.75,1.0,spiral,0.18944248798592286,0.1720987632461481,0.05440623930010275,0.05185598495565448
8,2.0,0.78125,0.4,3,1.0,0.75,spiral,0.19125880892024416,0.17224741162174542,0.05466643293081061,0.051878375134440866
8,2.0,0.78125,0.4,4,1.0,0.75,spiral,0.19017963058891682,0.17286157703105104,0.05451198701159063,0.05197078160957532
8,2.0,0.78125,0.4,5,0.75,1.0,spiral,0.18988748864384256,0.17240143535639846,0.05447010198319845,0.051901564788007365
8,2.0,0.78125,0.4,6,1.0,0.75,spiral,0.19077244880095562,0.1734580854797162,0.05459688189370279,0.05206037442835545
8,2.0,0.78125,0.5,1,1.0,0.0,stripe,0.18491232578801556,0.15398969263531193,0.05375179150909989,0.049051900548569456
8,2.0,0.78125,0.5,2,0.0,1.0,stripe,0.18297336833613567,0.15372416076135198,0.053469233024722916,0.049009591019474184
8,2.0,0.78125,0.5,3,0.0,1.0,stripe,0.18389209681919697,0.15502216348558012,0.05360330225648372,0.049216067543660875
8,2.0,0.78125,0.5,4,0.0,1.0,stripe,0.18303494562253994,0.15526358429887022,0.05347822945229382,0.049254375487563
8,2.0,0.78125,0.5,5,0.0,1.0,stripe,0.1843151638071633,0.15445535609181335,0.05366492741527679,0.04912601081845119
8,2.0,0.78125,0.5,6,0.0,1.0,stripe,0.18174703119882718,0.1555193267658695,0.053289749131344905,0.049294923478150475
8,2.0,0.78125,0.6,1,1.0,0.0,stripe,0.18745692474118333,0.1415910495354726,0.05412037000133119,0.04703573268262927
8,2.0,0.78125,0.6,2,0.0,1.0,stripe,0.1869747668722465,0.1405213955348875,0.0540507236989372,0.04685772940756538
8,2.0,0.78125,0.6,3,1.0,0.0,stripe,0.18719051339137727,0.14100017353475705,0.05408189874385209,0.046937487272760765
8,2.0,0.78125,0.6,4,0.0,1.0,stripe,0.18663360800318027,0.140445013084028,0.054001390028865844,0.04684499257591933
8,2.0,0.78125,0.6,5,1.0,0.0,stripe,0.18741897024243132,0.14079540294158494,0.054114890834575186,0.046903391891869234
8,2.0,0.78125,0.6,6,0.0,1.0,stripe,0.18843096663395345,0.14063619102712427,0.054260794812235495,0.04687686513408098
8,2.0,0.78125,0.7,1,1.0,0.0,stripe,0.19820424877872161,0.12081274245834481,0.05565016969576576,0.04344765932604008
8,2.0,0.78125,0.7,2,1.0,0.0,stripe,0.19821805162885925,0.12104444341385656,0.055652107387779357,0.04348930245866803
8,2.0,0.78125,0.7,3,1.0,0.0,stripe,0.19804926526524486,0.12140682322927958,0.05562840793847556,0.04355435239970276
8,2.0,0.78125,0.7,4,1.0,0.0,stripe,0.1946563454866132,0.12216874716715179,0.05514984495198814,0.043690807665763595
8,2.0,0.78125,0.7,5,1.0,0.0,stripe,0.19559982457807695,0.12126456742337692,0.055283336178566976,0.04352882798778603
8,2.0,0.78125,0.7,6,1.0,0.0,stripe,0.19954722232553768,0.12188748169382187,0.05583838597986627,0.04364048466121758
8,2.0,0.875,0.0,1,1.0,0.75,spiral,0.2566675081291954,0.24340155548816989,0.06332795444761088,0.06166967897194418
8,2.0,0.875,0.0,2,1.0,0.75,spiral,0.2541373076146303,0.23995743523224164,0.06301504131140913,0.061231813018265066
8,2.0,0.875,0.0,3,1.0,0.75,spiral,0.2554655304039707,0.2412028023866018,0.06317949756496993,0.061390502419272096
8,2.0,0.875,0.0,4,1.0,0.75,spiral,0.25613825987507394,0.24123876286644413,0.0632626296524894,0.061395078546966526
8,2.0,0.875,0.0,5,1.0,0.75,spiral,0.25401149979484516,0.24257688843085087,0.06299944193637318,0.06156511903449911
8,2.0,0.875,0.0,6,1.0,0.75,spiral,0.2578761669127516,0.2433715346647137,0.06347688640766609,0.06166587572666224
8,2.0,0.875,0.1,1,1.0,1.0,Neel,0.26586301671735396,0.26586301671735396,0.06445238270388967,0.06445238270388967
8,2.0,0.875,0.1,2,1.0,1.0,Neel,0.26279337226891253,0.26279337226891253,0.06407922004598494,0.06407922004598494
8,2.0,0.875,0.1,3,1.0,1.0,Neel,0.27068353444671944,0.27068353444671944,0.06503406973064188,0.06503406973064188
8,2.0,0.875,0.1,4,1.0,1.0,Neel,0.2678267369244725,0.2678267369244725,0.0646899742189227,0.0646899742189227
8,2.0,0.875,0.1,5,1.0,1.0,Neel,0.26508971036540013,0.26508971036540013,0.06435857926072776,0.06435857926072776
8,2.0,0.875,0.1,6,1.0,1.0,Neel,0.2643440310259268,0.2643440310259268,0.06426799736089578,0.06426799736089578
8,2.0,0.875,0.2,1,1.0,0.75,spiral,0.2473292612659826,0.22562940555131372,0.0621652612580449,0.05937557967497477
8,2.0,0.875,0.2,2,0.75,1.0,spiral,0.2460750409120016,0.22460241619864202,0.06200743918474642,0.0592402966999979
8,2.0,0.875,0.2,3,1.0,0.75,spiral,0.2446374877055842,0.22886521667226067,0.06182605231938841,0.059799824502284896
8,2.0,0.875,0.2,4,1.0,0.75,spiral,0.2449668300010349,0.22615408401687015,0.06186765486719349,0.05944457555373405
8,2.0,0.875,0.2,5,1.0,0.75,spiral,0.2474663549860617,0.2269512646991978,0.06218248786159343,0.059549252815841155
8,2.0,0.875,0.2,6,1.0,0.75,spiral,0.2502778953551731,0.2292277258394296,0.06253472727152953,0.05984716548209353
8,2.0,0.875,0.3,1,1.0,1.0,Neel,0.25270805797120244,0.25270805797120244,0.06283759548073142,0.06283759548073142
8,2.0,0.875,0.3,2,1.0,1.0,Neel,0.2505071740725316,0.2505071740725316,0.06256336463844721,0.06256336463844721
8,2.0,0.875,0.3,3,1.0,1.0,Neel,0.2573552869242088,0.2573552869242088,0.06341274602310455,0.06341274602310455
8,2.0,0.875,0.3,4,1.0,1.0,Neel,0.2548148095183156,0.2548148095183156,0.0630989809642254,0.0630989809642254
8,2.0,0.875,0.3,5,1.0,1.0,Neel,0.24633100497775295,0.24633100497775295,0.06203968046965901,0.06203968046965901
8,2.0,0.875,0.3,6,1.0,1.0,Neel,0.2557692272079811,0.2557692272079811,0.06321704022749487,0.06321704022749487
8,2.0,0.875,0.4,1,0.75,1.0,spiral,0.21518797527144984,0.2111282598034661,0.05798544742964741,0.0574358691013652
8,2.0,0.875,0.4,2,0.75,1.0,spiral,0.21623107642904635,0.21153501411393666,0.0581258167185963,0.05749116971788155
8,2.0,0.875,0.4,3,0.75,1.0,spiral,0.21477339708068613,0.21320289145648239,0.05792956351799762,0.05771737328575805
8,2.0,0.875,0.4,4,0.75,1.0,spiral,0.21456988072023706,0.21027403198112324,0.057902110378238406,0.05731955817785977
8,2.0,0.875,0.4,5,1.0,0.75,spiral,0.21432466899478575,0.21098798067488228,0.05786901548362066,0.057416784985272695
8,2.0,0.875,0.4,6,1.0,0.75,spiral,0.21729762305396344,0.21301563618445857,0.05826899141239857,0.05769202124542149
8,2.0,0.875,0.5,1,1.0,0.0,stripe,0.18977379822041116,0.1523347501569186,0.0544537932305356,0.048787605712945714
8,2.0,0.875,0.5,2,1.0,0.25,spiral,0.18850386068399677,0.15077034872795694,0.054271289124061255,0.04853644711837
8,2.0,0.875,0.5,3,0.0,1.0,stripe,0.18835592395021464,0.15193968964007534,0.05424998904812888,0.04872430246423418
8,2.0,0.875,0.5,4,1.0,0.0,stripe,0.18807875533248514,0.15223178048423075,0.05421005950992934,0.04877111409498563
8,2.0,0.875,0.5,5,0.0,1.0,stripe,0.1880642999661903,0.15246898283747368,0.054207976230179665,0.048809096046080656
8,2.0,0.875,0.5,6,0.0,1.0,stripe,0.18846555990850236,0.15164027542246677,0.054265775342939214,0.0486762704351519
8,2.0,0.875,0.6,1,1.0,0.0,stripe,0.20330183141567043,0.14186983198565975,0.05636125544973116,0.047082014875915554
8,2.0,0.875,0.6,2,1.0,0.25,spiral,0.19905823967514716,0.14226287236344554,0.0557699291278389,0.047147188470563504
8,2.0,0.875,0.6,3,1.0,0.0,stripe,0.20133750951479606,0.1421244244249062,0.056088310601841884,0.047124241443647234
8,2.0,0.875,0.6,4,1.0,0.0,stripe,0.20146430587410938,0.14276038525559034,0.056105969194756446,0.04722955663161151
8,2.0,0.875,0.6,5,1.0,0.0,stripe,0.20115714792272632,0.1430726839163282,0.05606318253803113,0.047281187444824485
8,2.0,0.875,0.6,6,1.0,0.0,stripe,0.19917069821486522,0.14208534553446667,0.05578568059643325,0.0471177622980553
8,2.0,0.875,0.7,1,1.0,0.0,stripe,0.20149019438736687,0.1352467874589368,0.05610957393620635,0.0459698929087929
8,2.0,0.875,0.7,2,1.0,0.0,stripe,0.1979702603260747,0.13510351154597336,0.05561731131217076,0.04594553697483395
8,2.0,0.875,0.7,3,1.0,0.0,stripe,0.19806590535959098,0.13623626078988568,0.05563074483811635,0.04613774566276471
8,2.0,0.875,0.7,4,1.0,0.0,stripe,0.19702097546674344,0.13593668517055152,0.05548380612095628,0.046086990634992296
8,2.0,0.875,0.7,5,1.0,0.0,stripe,0.19635229434756135,0.13621833488530727,0.05538957121318639,0.04613471017122494
8,2.0,0.875,0.7,6,1.0,0.0,stripe,0.19625171161397054,0.13610954361175626,0.055375382562726276,0.046116283663514036
8,2.0,1.0,0.0,1,1.0,1.0,Neel,0.2725210607654222,0.2725210607654222,0.06525443720131009,0.06525443720131009
8,2.0,1.0,0.0,2,1.0,1.0,Neel,0.27893648576849794,0.27893648576849794,0.0660180474577428,0.0660180474577428
8,2.0,1.0,0.0,3,1.0,1.0,Neel,0.27246192751863507,0.27246192751863507,0.06524735716853727,0.06524735716853727
8,2.0,1.0,0.0,4,1.0,1.0,Neel,0.2746063856616218,0.2746063856616218,0.06550362414372841,0.06550362414372841
8,2.0,1.0,0.0,5,1.0,1.0,Neel,0.2758150700009394,0.2758150700009394,0.06564762348146869,0.06564762348146869
8,2.0,1.0,0.0,6,1.0,1.0,Neel,0.28347827491088257,0.28347827491088257,0.06655334736497136,0.06655334736497136
8,2.0,1.0,0.1,1,1.0,1.0,Neel,0.2609661710943353,0.2609661710943353,0.06385606019281952,0.06385606019281952
8,2.0,1.0,0.1,2,1.0,1.0,Neel,0.25788461449504696,0.25788461449504696,0.06347792609628254,0.06347792609628254
8,2.0,1.0,0.1,3,1.0,1.0,Neel,0.2621154571878743,0.2621154571878743,0.06399651567515638,0.06399651567515638
8,2.0,1.0,0.1,4,1.0,1.0,Neel,0.26362672551599775,0.26362672551599775,0.06418074155217798,0.06418074155217798
8,2.0,1.0,0.1,5,1.0,1.0,Neel,0.26398159554821576,0.26398159554821576,0.0642239241283252,0.0642239241283252
8,2.0,1.0,0.1,6,1.0,1.0,Neel,0.25948302590554045,0.25948302590554045,0.06367434553863957,0.06367434553863957
8,2.0,1.0,0.2,1,1.0,1.0,Neel,0.22950820637354044,0.22950820637354044,0.05988376845679111,0.05988376845679111
8,2.0,1.0,0.2,2,0.75,1.0,spiral,0.22817417901631215,0.22430645270366015,0.059709476192057465,0.0592012527189644
8,2.0,1.0,0.2,3,1.0,1.0,Neel,0.22968286400370994,0.22968286400370994,0.059906550143185244,0.059906550143185244
8,2.0,1.0,0.2,4,1.0,0.75,spiral,0.2285767043805503,0.22752034481300382,0.05976212015939611,0.05962386592383275
8,2.0,1.0,0.2,5,1.0,0.75,spiral,0.22759787041703436,0.22607334151145103,0.059634023218848496,0.059433963027181874
8,2.0,1.0,0.2,6,1.0,0.75,spiral,0.23014843782873418,0.22874123989949613,0.05996723556304702,0.05978362546240924
8,2.0,1.0,0.3,1,1.0,1.0,Neel,0.21880067327634198,0.21880067327634198,0.05847016777761838,0.05847016777761838
8,2.0,1.0,0.3,2,0.75,1.0,spiral,0.21497918927799545,0.2146764171769971,0.05795731043163303,0.05791648313209789
8,2.0,1.0,0.3,3,1.0,1.0,Neel,0.21869143170612163,0.21869143170612163,0.05845556962692392,0.05845556962692392
8,2.0,1.0,0.3,4,1.0,1.0,Neel,0.22053303344935665,0.22053303344935665,0.05870118097318143,0.05870118097318143
8,2.0,1.0,0.3,5,1.0,1.0,Neel,0.2160355071570618,0.2160355071570618,0.05809952494925488,0.05809952494925488
8,2.0,1.0,0.3,6,1.0,1.0,Neel,0.21750138805278754,0.21750138805278754,0.05829630510010737,0.05829630510010737
8,2.0,1.0,0.4,1,1.0,1.0,Neel,0.2000684302972961,0.2000684302972961,0.055911262044379316,0.055911262044379316
8,2.0,1.0,0.4,2,1.0,1.0,Neel,0.19776631121617064,0.19776631121617064,0.05558865543213531,0.05558865543213531
8,2.0,1.0,0.4,3,1.0,1.0,Neel,0.20058553821033284,0.20058553821033284,0.05598347108331575,0.05598347108331575
8,2.0,1.0,0.4,4,1.0,1.0,Neel,0.20053530536706346,0.20053530536706346,0.0559764606451709,0.0559764606451709
8,2.0,1.0,0.4,5,1.0,1.0,Neel,0.20104249205395908,0.20104249205395908,0.056047202770014404,0.056047202770014404
8,2.0,1.0,0.4,6,1.0,1.0,Neel,0.2009356971451787,0.2009356971451787,0.0560323144970241,0.0560323144970241
8,2.0,1.0,0.5,1,1.0,0.75,spiral,0.187715448345209,0.18758507677720548,0.05415767609853557,0.05413886611893378
8,2.0,1.0,0.5,2,0.0,1.0,stripe,0.1870242719924239,0.18672990854059837,0.0540578787031236,0.05401532024293524
8,2.0,1.0,0.5,3,1.0,1.0,Neel,0.1888552240469609,0.1888552240469609,0.054321845290212334,0.054321845290212334
8,2.0,1.0,0.5,4,1.0,1.0,Neel,0.18925736233167462,0.18925736233167462,0.05437964956150799,0.05437964956150799
8,2.0,1.0,0.5,5,1.0,1.0,Neel,0.1893198003070558,0.1893198003070558,0.054388619028228204,0.054388619028228204
8,2.0,1.0,0.5,6,1.0,1.0,Neel,0.18778226437493045,0.18778226437493045,0.05416731376815993,0.05416731376815993
8,2.0,1.0,0.6,1,1.0,0.0,stripe,0.1912940999819393,0.17750026271813427,0.05467147622131491,0.052663475055970695
8,2.0,1.0,0.6,2,0.0,1.0,stripe,0.19076636260376667,0.1772674024742153,0.05459601098691968,0.05262891946125831
8,2.0,1.0,0.6,3,1.0,0.0,stripe,0.19051388736818092,0.1791911252165594,0.05455987069383346,0.05291371591098796
8,2.0,1.0,0.6,4,0.0,1.0,stripe,0.18996117500392667,0.17939824303294433,0.0544806695942364,0.05294428720258452
8,2.0,1.0,0.6,5,1.0,0.25,spiral,0.18966893379804242,0.17848744359706029,0.05443874622540836,0.05280971791445271
8,2.0,1.0,0.6,6,0.0,1.0,stripe,0.18938009898993396,0.17882785563018896,0.05439727977314415,0.05286005338837355
8,2.0,1.0,0.7,1,1.0,0.0,stripe,0.19393012208220065,0.16979813228503235,0.05504687236832248,0.051508211160490036
8,2.0,1.0,0.7,2,0.0,1.0,stripe,0.19482362110167514,0.16906228984505023,0.05517353604504314,0.05139648119111764
8,2.0,1.0,0.7,3,1.0,0.0,stripe,0.19351731613676068,0.17011214315750292,0.05498825387877747,0.05155581671194806
8,2.0,1.0,0.7,4,0.0,1.0,stripe,0.19456926174546046,0.17061053003720222,0.05513750733187727,0.05163128442941629
8,2.0,1.0,0.7,5,0.0,1.0,stripe,0.19322406729537944,0.17111398749276846,0.054946574520076355,0.051707408120834165
8,2.0,1.0,0.7,6,0.0,1.0,stripe,0.19300467738762844,0.17095494502838687,0.05491537202078935,0.05168337272342571
8,4.0,0.5,0.0,1,1.0,0.5,spiral,0.15932157361204013,0.13736003143659042,0.04989388326927587,0.04632764284092949
8,4.0,0.5,0.0,2,1.0,0.5,spiral,0.16210348840590405,0.13583253689659483,0.05032759686635406,0.04606933241332344
8,4.0,0.5,0.0,3,1.0,0.5,spiral,0.15833427939351324,0.13595849242585292,0.04973905020729331,0.04609068717380933
8,4.0,0.5,0.0,4,1.0,0.5,spiral,0.15831154842598538,0.13521372958057398,0.04973547973183753,0.04596427443892124
8,4.0,0.5,0.0,5,1.0,0.5,spiral,0.16036451184713058,0.13675174717677824,0.05005692257431948,0.04622495050984003
8,4.0,0.5,0.0,6,0.5,1.0,spiral,0.1593722738373789,0.13516364180381923,0.04990182139670901,0.04595576028295773
8,4.0,0.5,0.1,1,0.25,1.0,spiral,0.15371942840467565,0.13312948261420313,0.049008836640171916,0.04560864135059193
8,4.0,0.5,0.1,2,0.25,1.0,spiral,0.1517284133328169,0.1327931366868838,0.04869041443985935,0.04555099077662921
8,4.0,0.5,0.1,3,1.0,0.5,spiral,0.1538368458606097,0.13425586151613073,0.04902755058711404,0.0458011772358478
8,4.0,0.5,0.1,4,1.0,0.5,spiral,0.15318390300904264,0.13258157295444464,0.04892339404125894,0.04551469078674706
8,4.0,0.5,0.1,5,0.5,1.0,spiral,0.15233434806037188,0.13466120441060916,0.0487875413240236,0.04587026617445955
8,4.0,0.5,0.1,6,0.5,1.0,spiral,0.15282399236937888,0.1320618636721887,0.04886588667743117,0.045425396199460365
8,4.0,0.5,0.2,1,0.5,1.0,spiral,0.15286144319451764,0.13072296491234203,0.048871873812187085,0.045194538682846896
8,4.0,0.5,0.2,2,0.5,1.0,spiral,0.15318372532929936,0.13335573674228018,0.048923365667851416,0.04564738093908705
8,4.0,0.5,0.2,3,0.5,1.0,spiral,0.15609147857444375,0.1307076619293221,0.0493855176415686,0.04519189327352482
8,4.0,0.5,0.2,4,0.5,1.0,spiral,0.1508369174568097,0.13232303787593808,0.048547160939262465,0.045470292134662305
8,4.0,0.5,0.2,5,0.5,1.0,spiral,0.15361302309903077,0.13211236169152857,0.04899187163114261,0.04543408028594982
8,4.0,0.5,0.2,6,0.5,1.0,spiral,0.15326773715568603,0.1318568103948027,0.048936779553395156,0.04539011635167718
8,4.0,0.5,0.3,1,0.25,1.0,spiral,0.15450803829590698,0.13023047373062313,0.049134388144898546,0.04510932444673702
8,4.0,0.5,0.3,2,1.0,0.25,spiral,0.15566660424019557,0.13001813323024936,0.04931825920744827,0.04507253411693918
8,4.0,0.5,0.3,3,1.0,0.5,spiral,0.15165072454158088,0.1298447919802493,0.04867794748099186,0.045042478558482944
8,4.0,0.5,0.3,4,1.0,0.5,spiral,0.1525627956943249,0.13120760495143996,0.04882410964599177,0.045278237900411376
8,4.0,0.5,0.3,5,0.25,1.0,spiral,0.15144383474456566,0.13030896015740295,0.04864473165599578,0.04512291549157059
8,4.0,0.5,0.3,6,1.0,0.5,spiral,0.14946091968492767,0.12992124412375772,0.0483252198140577,0.04505573703130062
8,4.0,0.5,0.4,1,1.0,0.25,spiral,0.1547049763701692,0.1270723393919298,0.04916569185706526,0.04455900922371259
8,4.0,0.5,0.4,2,1.0,0.25,spiral,0.1546334666601773,0.12686222778339873,0.049154327546669485,0.04452215526134831
8,4.0,0.5,0.4,3,1.0,0.25,spiral,0.1514962377025406,0.12764809803671523,0.04865314701129,0.04465984249662862
8,4.0,0.5,0.4,4,1.0,0.25,spiral,0.15332955457662073,0.12819376490384665,0.04894664738528778,0.044755196085176564
8,4.0,0.5,0.4,5,1.0,0.25,spiral,0.15346169167637647,0.12762697122822506,0.04896773358491673,0.04465614655835204
8,4.0,0.5,0.4,6,1.0,0.25,spiral,0.15270726808436907,0.1254792529596994,0.04884722165915137,0.04427881352854097
8,4.0,0.5,0.5,1,0.0,1.0,stripe,0.15803030922124522,0.11681535197057524,0.049691282752430094,0.04272282615347723
8,4.0,0.5,0.5,2,0.0,1.0,stripe,0.15323670193469024,0.11836732940932777,0.04893182469241807,0.04300569173982377
8,4.0,0.5,0.5,3,0.0,1.0,stripe,0.15897393861576103,0.11880634674749083,0.04983942004950766,0.04308537069504618
8,4.0,0.5,0.5,4,0.0,1.0,stripe,0.1524409835122811,0.11735630305592001,0.04880461420172679,0.04282163279522104
8,4.0,0.5,0.5,5,0.0,1.0,stripe,0.1519950696083043,0.11835989638171676,0.048733181330893584,0.043004341419958104
8,4.0,0.5,0.5,6,0.0,1.0,stripe,0.16443836210874563,0.11729531375715374,0.05068875030960174,0.042810504288731836
8,4.0,0.5,0.6,1,0.25,1.0,spiral,0.15357463318666967,0.09712915237776129,0.04898574939246835,0.038956937840422215
8,4.0,0.5,0.6,2,1.0,0.25,spiral,0.15391041535997393,0.09645372367554633,0.04903927242526741,0.038821249753587424
8,4.0,0.5,0.6,3,1.0,0.25,spiral,0.1547791194866935,0.09619776063580027,0.04917747189496006,0.038769704795553694
8,4.0,0.5,0.6,4,1.0,0.25,spiral,0.15207388393592874,0.09679642517197659,0.04874581455365052,0.038890154837852395
8,4.0,0.5,0.6,5,1.0,0.25,spiral,0.15271883159939043,0.09590209873005907,0.048849071063229804,0.03871007998773928
8,4.0,0.5,0.6,6,1.0,0.25,spiral,0.15387900576198188,0.09720887494461379,0.04903426827261693,0.03897292227957239
8,4.0,0.5,0.7,1,0.0,1.0,stripe,0.15137169592681038,0.09322757850244072,0.04863314455036207,0.03816648941284273
8,4.0,0.5,0.7,2,1.0,0.25,spiral,0.15104696131109235,0.0913333356127085,0.04858095069557427,0.037776756993534666
8,4.0,0.5,0.7,3,1.0,0.25,spiral,0.15248175178096893,0.09235066659528772,0.04881113983075625,0.037986565593001044
8,4.0,0.5,0.7,4,1.0,0.25,spiral,0.15099370049385202,0.09448515684444571,0.048572384852058045,0.03842304745454821
8,4.0,0.5,0.7,5,1.0,0.25,spiral,0.14919327593238801,0.092349899111961,0.04828193178036234,0.03798640774835639
8,4.0,0.5,0.7,6,1.0,0.25,spiral,0.1508284397169157,0.09358575892692636,0.04854579663139547,0.038239736966056974
8,4.0,0.5625,0.0,1,0.5,1.0,spiral,0.19159595139521793,0.1604015912986429,0.05471459348793775,0.05006270931583003
8,4.0,0.5625,0.0,2,0.5,1.0,spiral,0.18941771665082205,0.15725332402838468,0.05440268212753021,0.049568974045702326
8,4.0,0.5625,0.0,3,0.5,1.0,spiral,0.19078886710467352,0.15813853729261423,0.05459923120805387,0.049708295537033834
8,4.0,0.5625,0.0,4,0.5,1.0,spiral,0.18952915760172137,0.159470587391584,0.05441868325792987,0.04991721073931816
8,4.0,0.5625,0.0,5,0.5,1.0,spiral,0.18750976596076555,0.15792552676999064,0.05412799731319238,0.049674806046738657
8,4.0,0.5625,0.0,6,0.5,1.0,spiral,0.19176654318910794,0.15626151358508136,0.05473894625702811,0.04941240886424073
8,4.0,0.5625,0.1,1,1.0,0.5,spiral,0.18128353465439223,0.15097143192139933,0.053221755222604965,0.04856880298887203
8,4.0,0.5625,0.1,2,1.0,0.5,spiral,0.17850235608677265,0.1520862491212963,0.05281192397419188,0.0487477962837322
8,4.0,0.5625,0.1,3,1.0,0.5,spiral,0.1814703297818603,0.15146128170947054,0.05324916809530049,0.04864753361384806
8,4.0,0.5625,0.1,4,1.0,0.5,spiral,0.18076297135529815,0.1532632370913533,0.053145286032032356,0.04893606113647067
8,4.0,0.5625,0.1,5,1.0,0.5,spiral,0.1761334834288718,0.15345778088841452,0.052460324804333054,0.04896710963883285
8,4.0,0.5625,0.1,6,1.0,0.5,spiral,0.18430465281242786,0.1507125700407556,0.05366339721070765,0.04852714608223738
8,4.0,0.5625,0.2,1,0.5,1.0,spiral,0.18028107403512908,0.14733599583645368,0.05307439855334106,0.047980464096802865
8,4.0,0.5625,0.2,2,0.5,1.0,spiral,0.1812148086753413,0.14842034847616092,0.05321166587837866,0.048156701973245786
8,4.0,0.5625,0.2,3,0.5,1.0,spiral,0.17805782426449915,0.14892593701775966,0.05274612311945589,0.048238654271263566
8,4.0,0.5625,0.2,4,0.5,1.0,spiral,0.17837170740155997,0.14790519009047445,0.05279259349709365,0.048073054772540334
8,4.0,0.5625,0.2,5,0.5,1.0,spiral,0.17930660980307897,0.1527096456071501,0.05293076400518992,0.048847601912598744
8,4.0,0.5625,0.2,6,0.5,1.0,spiral,0.17588511942954155,0.14588315091064846,0.052423324876304696,0.0477433161079002
8,4.0,0.5625,0.3,1,0.5,1.0,spiral,0.17320380536525,0.14515891402050482,0.05202220159539609,0.04762465781053327
8,4.0,0.5625,0.3,2,0.5,1.0,spiral,0.17525106803276083,0.1452332906062823,0.05232874867615208,0.04763685721920749
8,4.0,0.5625,0.3,3,0.5,1.0,spiral,0.1743801262257928,0.14719061398072592,0.05219855814366919,0.04795678620851112
8,4.0,0.5625,0.3,4,1.0,0.5,spiral,0.1717607282874504,0.14641772180458285,0.051805032376125514,0.04783071087906395
8,4.0,0.5625,0.3,5,0.5,1.0,spiral,0.17267852327415145,0.1442032443525388,0.05194325679199001,0.047467627842651024
8,4.0,0.5625,0.3,6,0.5,1.0,spiral,0.17234704243965832,0.1438177842423643,0.05189337663054565,0.04740414410984489
8,4.0,0.5625,0.4,1,0.5,1.0,spiral,0.17157730125696444,0.1399457206020873,0.05177736312463265,0.046761649718627486
8,4.0,0.5625,0.4,2,1.0,0.5,spiral,0.17049660654436705,0.13887471978654592,0.05161404341122419,0.046582373239936796
8,4.0,0.5625,0.4,3,1.0,0.5,spiral,0.17029509611317345,0.1409127264176459,0.05158353300006054,0.046922929898672326
8,4.0,0.5625,0.4,4,1.0,0.5,spiral,0.1711264650909288,0.13882551643354185,0.051709293333459534,0.04657412043478751
8,4.0,0.5625,0.4,5,0.5,1.0,spiral,0.16827472702970728,0.138613674180384,0.05127662830022247,0.04653857173429907
8,4.0,0.5625,0.4,6,1.0,0.5,spiral,0.1684560147054011,0.1409963154024432,0.05130424183020243,0.04693684510236255
8,4.0,0.5625,0.5,1,1.0,0.0,stripe,0.17727691990977415,0.13086099808458496,0.05263033225802608,0.045218393326959774
8,4.0,0.5625,0.5,2,1.0,0.0,stripe,0.17880777533082376,0.1276729041545207,0.05285708551882256,0.04466418170541565
8,4.0,0.5625,0.5,3,1.0,0.0,stripe,0.17996130188250692,0.13034263976963043,0.05302730751145272,0.04512874634199886
8,4.0,0.5625,0.5,4,0.0,1.0,stripe,0.1790678987756717,0.12787533810464455,0.052895518887424386,0.04469957670811963
8,4.0,0.5625,0.5,5,0.0,1.0,stripe,0.1727785243716316,0.13038423988197545,0.05195829523095175,0.04513594740509903
8,4.0,0.5625,0.5,6,0.0,1.0,stripe,0.17164597815552676,0.12953584208778662,0.051787724497993785,0.04498886009471307
8,4.0,0.5625,0.6,1,0.25,1.0,spiral,0.1765137391771383,0.10094236030563586,0.05251692274536643,0.039714284329137296
8,4.0,0.5625,0.6,2,1.0,0.25,spiral,0.1763069049408479,0.10113182525760597,0.052486144740309784,0.039751537953267836
8,4.0,0.5625,0.6,3,0.25,1.0,spiral,0.17504253717341847,0.1021283214967458,0.052297606478066125,0.039946902550594
8,4.0,0.5625,0.6,4,1.0,0.25,spiral,0.1749171492996444,0.10249796386289242,0.05227887200205207,0.040019128992991516
8,4.0,0.5625,0.6,5,0.25,1.0,spiral,0.17944418674692453,0.102436868079296,0.05295106625858157,0.04000720014871073
8,4.0,0.5625,0.6,6,0.25,1.0,spiral,0.17938760715044508,0.10260451051046751,0.05294271774026815,0.040039923535467134
8,4.0,0.5625,0.7,1,0.25,1.0,spiral,0.1765125626565392,0.09372785043484133,0.05251674772402062,0.03826875570284976
8,4.0,0.5625,0.7,2,1.0,0.25,spiral,0.1751649024120947,0.09378445771672952,0.05231588286733752,0.03828031023677706
8,4.0,0.5625,0.7,3,1.0,0.25,spiral,0.17488680840305992,0.09471431287536873,0.05227433769353574,0.03846961318596324
8,4.0,0.5625,0.7,4,1.0,0.25,spiral,0.1776838836676377,0.0944396289122407,0.05269070774156331,0.03841378921368941
8,4.0,0.5625,0.7,5,1.0,0.25,spiral,0.17692940526949114,0.09417839420496994,0.05257872152625812,0.03836062316298649
8,4.0,0.5625,0.7,6,0.25,1.0,spiral,0.17678524615186914,0.09391136153793876,0.052557297030221745,0.038306200856131546
8,4.0,0.65625,0.0,1,1.0,0.75,spiral,0.21597389607961986,0.20063021715691978,0.05809123966868034,0.05598970568842876
8,4.0,0.65625,0.0,2,0.75,1.0,spiral,0.2134881031027706,0.19728634620266522,0.05775596602067003,0.05552115956476993
8,4.0,0.65625,0.0,3,1.0,0.75,spiral,0.2133209867184692,0.2018673272116907,0.0577333561944573,0.056162060037739596
8,4.0,0.65625,0.0,4,1.0,0.75,spiral,0.21358106649648945,0.1996376045263104,0.057768539569627755,0.0558510301670757
8,4.0,0.65625,0.0,5,0.5,1.0,spiral,0.21349848338216817,0.19802860748085854,0.05775737011712339,0.055625506666352395
8,4.0,0.65625,0.0,6,1.0,0.75,spiral,0.21540784213978798,0.19773129764618225,0.05801506298741894,0.055583734362865525
8,4.0,0.65625,0.1,1,1.0,0.5,spiral,0.2079591693818274,0.18615656017975743,0.0570031755395351,0.05393233031131429
8,4.0,0.65625,0.1,2,0.5,1.0,spiral,0.2102885228075929,0.18582924122507977,0.05732153320409913,0.053884894860636696
8,4.0,0.65625,0.1,3,0.5,1.0,spiral,0.20668980965219794,0.18388715953589257,0.056828938718012256,0.0536025826593115
8,4.0,0.65625,0.1,4,1.0,0.5,spiral,0.20708454309781854,0.18698947122980134,0.056883178408941026,0.05405284902727742
8,4.0,0.65625,0.1,5,0.5,1.0,spiral,0.21428422116757712,0.18396039581338838,0.057863554641444145,0.053613255679768164
8,4.0,0.65625,0.1,6,0.5,1.0,spiral,0.2067998963516767,0.18703737840700435,0.056844070759358434,0.054059772822399495
8,4.0,0.65625,0.2,1,1.0,0.5,spiral,0.20482456455824932,0.17697448708075528,0.056571934925567516,0.05258541965827411
8,4.0,0.65625,0.2,2,0.5,1.0,spiral,0.20499451517421435,0.17751092440187716,0.056595399986192334,0.05266505666738934
8,4.0,0.65625,0.2,3,0.5,1.0,spiral,0.20117359369547402,0.17762781882724052,0.056065474237642736,0.052682394299952175
8,4.0,0.65625,0.2,4,1.0,0.5,spiral,0.203591722851617,0.17752260863803582,0.05640142435751526,0.05266678991517624
8,4.0,0.65625,0.2,5,0.5,1.0,spiral,0.20410178466748063,0.17661134877806323,0.056472031886849836,0.05253144129621077
8,4.0,0.65625,0.2,6,1.0,0.75,spiral,0.2010292986002477,0.17405835259753405,0.05604536368540105,0.05215037640646968
8,4.0,0.65625,0.3,1,0.75,1.0,spiral,0.1964761352628696,0.16480427207133114,0.055407035775994526,0.050745115539473834
8,4.0,0.65625,0.3,2,0.5,1.0,spiral,0.19945695376934733,0.16489645965707153,0.05582575483274769,0.05075930635993505
8,4.0,0.65625,0.3,3,1.0,0.5,spiral,0.19994045809196354,0.1672117344272494,0.05589337758345733,0.051114414311677014
8,4.0,0.65625,0.3,4,1.0,0.5,spiral,0.19938005706616774,0.16811713143843857,0.05581499253479186,0.051252611433229456
8,4.0,0.65625,0.3,5,0.5,1.0,spiral,0.197393471290971,0.16458266168233102,0.055536231317234896,0.050710985878667576
8,4.0,0.65625,0.3,6,0.5,1.0,spiral,0.20590235995538303,0.16332751210684904,0.05672058157585181,0.050517248308568
8,4.0,0.65625,0.4,1,1.0,0.5,spiral,0.1953930213544503,0.15306418032219932,0.055254103545920336,0.04890427197632498
8,4.0,0.65625,0.4,2,0.5,1.0,spiral,0.1971313053211014,0.1542936423968138,0.05549933914599533,0.04910028678582454
8,4.0,0.65625,0.4,3,0.5,1.0,spiral,0.20003321545718394,0.15668836591484248,0.055906341246038445,0.04947985163093573
8,4.0,0.65625,0.4,4,1.0,0.5,spiral,0.19626556849789337,0.15544174452297724,0.055377337492692656,0.04928262633191863
8,4.0,0.65625,0.4,5,1.0,0.5,spiral,0.19411821348148683,0.15428860016767926,0.05507356067704568,0.04909948449444239
8,4.0,0.65625,0.4,6,0.5,1.0,spiral,0.19480341171483376,0.15566357595129449,0.05517067434828287,0.04931777949420448
8,4.0,0.65625,0.5,1,1.0,0.0,stripe,0.2012889242949128,0.14081728672254676,0.05608154279357882,0.04690703683926105
8,4.0,0.65625,0.5,2,1.0,0.0,stripe,0.19340137035133412,0.13994777494363117,0.054971778320694664,0.04676199293757952
8,4.0,0.65625,0.5,3,1.0,0.25,spiral,0.19190991048373918,0.1432906808232228,0.05475940422711358,0.0473171944208747
8,4.0,0.65625,0.5,4,1.0,0.0,stripe,0.1942192322860555,0.13998921464770597,0.055087888909175105,0.046768915733320204
8,4.0,0.65625,0.5,5,1.0,0.0,stripe,0.19247881811273232,0.14217473334115593,0.05484050996308698,0.04713258117752052
8,4.0,0.65625,0.5,6,1.0,0.0,stripe,0.19854721640383635,0.1395418920290285,0.05569829670923468,0.04669413306780168
8,4.0,0.65625,0.6,1,0.25,1.0,spiral,0.19950274210231655,0.1157535848035098,0.055832162284374195,0.04252822312952706
8,4.0,0.65625,0.6,2,0.0,1.0,stripe,0.2025690262575417,0.11901672080960864,0.05625958616337387,0.04312350012058547
8,4.0,0.65625,0.6,3,0.25,1.0,spiral,0.20250594688770968,0.11866830820096244,0.0562508259505624,0.04306033343623849
8,4.0,0.65625,0.6,4,0.0,1.0,stripe,0.1988323593739636,0.1187722690740665,0.05573827782788217,0.04307919108203274
8,4.0,0.65625,0.6,5,1.0,0.0,stripe,0.200971489366991,0.12077016532573201,0.05603730472961056,0.0434400026843296
8,4.0,0.65625,0.6,6,0.25,1.0,spiral,0.19655512557901572,0.1167215279876653,0.0554181724452559,0.04270566560548226
8,4.0,0.65625,0.7,1,1.0,0.0,stripe,0.19484521143273253,0.10918368831094794,0.055176593122776674,0.04130369390089174
8,4.0,0.65625,0.7,2,1.0,0.25,spiral,0.19622471524764898,0.11085138121487195,0.05537157371562158,0.04161793881828333
8,4.0,0.65625,0.7,3,1.0,0.25,spiral,0.1973335184810641,0.1099106512579392,0.05552779687928044,0.04144096917188714
8,4.0,0.65625,0.7,4,1.0,0.25,spiral,0.19808362351480024,0.11088360315140273,0.05563323303043563,0.04162398706564122
8,4.0,0.65625,0.7,5,1.0,0.25,spiral,0.19553315917236536,0.11060779714165185,0.055273914390679885,0.04157218818318697
8,4.0,0.65625,0.7,6,1.0,0.25,spiral,0.1993254760709751,0.10994343020278244,0.055807352236143457,0.04144714823625958
8,4.0,0.78125,0.0,1,1.0,0.75,spiral,0.31062908001109213,0.26489554656301056,0.06966763506229642,0.06433500536292074
8,4.0,0.78125,0.0,2,0.75,1.0,spiral,0.310392262253456,0.27426380684862994,0.06964107335265769,0.06546275263086515
8,4.0,0.78125,0.0,3,1.0,0.75,spiral,0.3124485156539619,0.26063752452439226,0.06987136793489272,0.06381583910514402
8,4.0,0.78125,0.0,4,1.0,0.75,spiral,0.3076581487436386,0.267063865636815,0.0693336756137979,0.06459777783000925
8,4.0,0.78125,0.0,5,1.0,0.75,spiral,0.3072109581741829,0.2710311159931563,0.06928326797626977,0.0650758110774892
8,4.0,0.78125,0.0,6,1.0,0.75,spiral,0.3185299233657468,0.26586997807733365,0.07054806909185958,0.06445322650929385
8,4.0,0.78125,0.1,1,1.0,0.75,spiral,0.3094201750169035,0.2585329985054274,0.06953193679626016,0.06355767539524478
8,4.0,0.78125,0.1,2,1.0,0.75,spiral,0.3060676099339233,0.2591351863544635,0.0691542218900448,0.06363165318289704
8,4.0,0.78125,0.1,3,0.75,1.0,spiral,0.3089996502883536,0.26457733146160506,0.06948467122866399,0.06429635140571803
8,4.0,0.78125,0.1,4,0.75,1.0,spiral,0.3040082034961987,0.26963546855021886,0.0689211736669371,0.06490804415553722
8,4.0,0.78125,0.1,5,1.0,0.75,spiral,0.29880431060942547,0.26332146769648984,0.06832874470727728,0.06414357280942225
8,4.0,0.78125,0.1,6,0.75,1.0,spiral,0.3074301036408834,0.26494322496175454,0.06930797478926075,0.06434079491292763
8,4.0,0.78125,0.2,1,1.0,0.75,spiral,0.30419589267258856,0.250393632755717,0.06894244572836966,0.06254918474135437
8,4.0,0.78125,0.2,2,0.75,1.0,spiral,0.30498539309830586,0.2448693653581177,0.06903185327920024,0.06185534603993893
8,4.0,0.78125,0.2,3,1.0,0.75,spiral,0.3099655129292927,0.24514350554329503,0.06959318313973142,0.061889961012380555
8,4.0,0.78125,0.2,4,1.0,0.75,spiral,0.3094394173630242,0.25084587056723484,0.06953409880265403,0.06260564453476256
8,4.0,0.78125,0.2,5,0.75,1.0,spiral,0.30394359990962994,0.25542062452450504,0.06891385019419513,0.06317394445651935
8,4.0,0.78125,0.2,6,1.0,0.75,spiral,0.3047009298167248,0.2537599964156234,0.0689996523787354,0.06296824552100937
8,4.0,0.78125,0.3,1,1.0,0.75,spiral,0.30191308421278873,0.2303937597612964,0.06868327264206929,0.059999187463417
8,4.0,0.78125,0.3,2,0.75,1.0,spiral,0.3160901373221315,0.23239903992036606,0.07027736759198017,0.06025972949454486
8,4.0,0.78125,0.3,3,0.75,1.0,spiral,0.2981706189827818,0.23656232687454276,0.06825625188659253,0.06079709168549702
8,4.0,0.78125,0.3,4,0.75,1.0,spiral,0.31888840440101124,0.2351090855653512,0.07058775615335708,0.06061006073218053
8,4.0,0.78125,0.3,5,1.0,0.75,spiral,0.2984205948766824,0.23084643303399566,0.06828485772810955,0.06005810117008514
8,4.0,0.78125,0.3,6,0.75,1.0,spiral,0.3053765128139719,0.2345765466451891,0.06907610305104299,0.060541378753139405
8,4.0,0.78125,0.4,1,0.5,1.25,other,0.22681420126481147,0.18571361536514194,0.059531268210602395,0.05386812823999311
8,4.0,0.78125,0.4,2,0.5,0.75,other,0.22042078800642692,0.1859415861419758,0.058686240402673784,0.05390118072425104
8,4.0,0.78125,0.4,3,0.5,1.25,other,0.22287282285279247,0.18951097325592306,0.05901176032855555,0.05441607259922199
8,4.0,0.78125,0.4,4,0.5,1.25,other,0.22269832239029513,0.18948845272154874,0.058988653886559925,0.05441283923647248
8,4.0,0.78125,0.4,5,0.5,1.25,other,0.22176114572720027,0.19110994109322263,0.05886440267247689,0.05464515376116718
8,4.0,0.78125,0.4,6,0.5,0.75,other,0.22658191183463763,0.18758481266940186,0.059500776233728354,0.05413882800688803
8,4.0,0.78125,0.5,1,0.0,1.0,stripe,0.20867841042522625,0.1642370215669091,0.057101665149925006,0.050657708811028504
8,4.0,0.78125,0.5,2,1.0,0.0,stripe,0.21431543095563366,0.16709668879914957,0.05786776830569653,0.05109682732310013
8,4.0,0.78125,0.5,3,1.0,0.0,stripe,0.21255230230394898,0.16693888558527287,0.057629243648508896,0.051072694145403066
8,4.0,0.78125,0.5,4,0.25,1.0,spiral,0.20722533297622348,0.1635934945174557,0.05690251161199734,0.05055836579474504
8,4.0,0.78125,0.5,5,0.0,1.0,stripe,0.21029487125241308,0.16741917947657453,0.05732239844353126,0.051146111086977836
8,4.0,0.78125,0.5,6,0.0,1.0,stripe,0.21033481740900348,0.16518610608693973,0.0573278424678243,0.050803867053684344
8,4.0,0.78125,0.6,1,0.0,1.0,stripe,0.20902845977504064,0.14898335984895622,0.05714953791576105,0.04824795330000995
8,4.0,0.78125,0.6,2,0.0,1.0,stripe,0.21363524863280023,0.14927277576016512,0.05777586658707512,0.048294793935294726
8,4.0,0.78125,0.6,3,0.0,1.0,stripe,0.2168795359378249,0.14904212089719288,0.05821290878343492,0.04825746718403939
8,4.0,0.78125,0.6,4,0.25,0.75,other,0.21128560641614028,0.14974113241879775,0.057457267601689795,0.048370499212264856
8,4.0,0.78125,0.6,5,0.25,0.75,other,0.21386817801613917,0.1487368981647537,0.05780735490836936,0.04820802872784031
8,4.0,0.78125,0.6,6,0.75,0.25,other,0.210008797583858,0.1454071931689606,0.05728339604324958,0.04766536890935608
8,4.0,0.78125,0.7,1,1.0,0.0,stripe,0.2218436014762121,0.1321270300481141,0.058875345205491696,0.045436602475336804
8,4.0,0.78125,0.7,2,1.0,0.0,stripe,0.222223289814144,0.12859813289529803,0.05892570664273785,0.044825727283436596
8,4.0,0.78125,0.7,3,1.0,0.0,stripe,0.22709094586112508,0.12964056681526148,0.059567575316442745,0.04500704229882764
8,4.0,0.78125,0.7,4,1.0,0.0,stripe,0.2278244809779975,0.12911238554668308,0.05966370349954159,0.04491526493484062
8,4.0,0.78125,0.7,5,1.0,0.0,stripe,0.22747726904592888,0.13145212172469717,0.059618221449843994,0.04532040822795392
8,4.0,0.78125,0.7,6,1.0,0.0,stripe,0.22869375023281266,0.12849941548353033,0.05977741920982954,0.044808518910249215
8,4.0,0.875,0.0,1,1.0,0.75,spiral,0.33025967234411524,0.29282343481255246,0.07183527949675424,0.06764145303692205
8,4.0,0.875,0.0,2,0.75,1.0,spiral,0.34049024624075847,0.2892640373032054,0.0729394275924335,0.06722909030220908
8,4.0,0.875,0.0,3,0.75,1.0,spiral,0.3358599652858406,0.28341095358881435,0.07244178323033786,0.06654544424545698
8,4.0,0.875,0.0,4,1.0,0.75,spiral,0.33904267623284545,0.30147781905783533,0.07278421405866942,0.06863374478183948
8,4.0,0.875,0.0,5,1.0,0.75,spiral,0.3548375694631733,0.2931341766387418,0.0744603050145652,0.06767733379781107
8,4.0,0.875,0.0,6,1.0,0.75,spiral,0.32883959762558357,0.30940097531150296,0.07168067182232421,0.06952977951383302
8,4.0,0.875,0.1,1,1.0,0.75,spiral,0.33125132938955415,0.32612685062401947,0.07194304706996905,0.07138439634121944
8,4.0,0.875,0.1,2,0.75,1.0,spiral,0.33830472725331784,0.32164455569679473,0.07270496106410546,0.0708921447183143
8,4.0,0.875,0.1,3,1.0,1.0,Neel,0.3461347663694592,0.3461347663694592,0.07354152381153657,0.07354152381153657
8,4.0,0.875,0.1,4,1.0,1.0,Neel,0.33918713528830097,0.33918713528830097,0.07279971832967283,0.07279971832967283
8,4.0,0.875,0.1,5,1.0,0.75,spiral,0.3252325032316753,0.3183186256943583,0.07128644936448249,0.0705246660855218
8,4.0,0.875,0.1,6,1.0,1.0,Neel,0.3435735736000941,0.3435735736000941,0.07326893671605635,0.07326893671605635
8,4.0,0.875,0.2,1,0.75,1.0,spiral,0.3233842032457079,0.27441211257824183,0.07108359990682932,0.06548044944130292
8,4.0,0.875,0.2,2,1.0,0.75,spiral,0.31037302402012557,0.2815317447943738,0.06963891512878745,0.06632445636725634
8,4.0,0.875,0.2,3,1.0,0.75,spiral,0.32087479665798324,0.281895670459308,0.07080726444215303,0.06636731010766285
8,4.0,0.875,0.2,4,0.75,1.0,spiral,0.3200118631066318,0.26757544565186187,0.07071198880699879,0.0646596190702539
8,4.0,0.875,0.2,5,1.0,0.75,spiral,0.3081516885809332,0.2743701012992527,0.06938926526543628,0.06547543686605553
8,4.0,0.875,0.2,6,0.75,1.0,spiral,0.3300831777223886,0.27954758578697547,0.07181608212588822,0.06609032476786214
8,4.0,0.875,0.3,1,0.75,1.0,spiral,0.29803126863607604,0.2953127328616243,0.06824030020771221,0.06792835527938888
8,4.0,0.875,0.3,2,1.0,0.75,spiral,0.3001424897090804,0.29353733995773845,0.06848157709708781,0.06772385795891772
8,4.0,0.875,0.3,3,1.0,1.0,Neel,0.33566182216097873,0.33566182216097873,0.07242041128898187,0.07242041128898187
8,4.0,0.875,0.3,4,1.0,1.0,Neel,0.32045310801332627,0.32045310801332627,0.0707607222455242,0.0707607222455242
8,4.0,0.875,0.3,5,0.75,1.0,spiral,0.3092676120897603,0.2995135324210766,0.06951479295015202,0.06840978690274749
8,4.0,0.875,0.3,6,1.0,1.0,Neel,0.3250194261458609,0.3250194261458609,0.07126309376899852,0.07126309376899852
8,4.0,0.875,0.4,1,1.0,0.75,spiral,0.26076481437648213,0.25620454389666075,0.06383142035575061,0.06327081474412452
8,4.0,0.875,0.4,2,0.75,1.0,spiral,0.2659300517429136,0.24511296671825472,0.06446050774298187,0.06188610591217329
8,4.0,0.875,0.4,3,0.75,1.0,spiral,0.26052790783901936,0.252518802696337,0.06380241813587223,0.06281406126123565
8,4.0,0.875,0.4,4,1.0,0.75,spiral,0.2686741406192182,0.25084435107830355,0.06479223292320835,0.06260545491886864
8,4.0,0.875,0.4,5,0.75,1.0,spiral,0.2527712629904873,0.2455782096492846,0.06284545317066592,0.06194481032152792
8,4.0,0.875,0.4,6,0.75,1.0,spiral,0.2632897173059514,0.24427944720025946,0.06413970558792338,0.06178079282838683
8,4.0,0.875,0.5,1,0.25,1.0,spiral,0.21800154476408062,0.164389732680519,0.058363294431849545,0.05068125465231805
8,4.0,0.875,0.5,2,1.0,0.5,spiral,0.21860212411591418,0.17283613965314418,0.058443632581412656,0.051966957598847154
8,4.0,0.875,0.5,3,0.25,1.0,spiral,0.218006277560719,0.16953409285787993,0.058363927959710134,0.051468147439988295
8,4.0,0.875,0.5,4,1.0,0.5,spiral,0.2173951649205495,0.17052088997793702,0.05828206801309976,0.051617718914199084
8,4.0,0.875,0.5,5,1.0,0.0,stripe,0.21907847909430403,0.1721679167897628,0.05850727506770846,0.05186640241852179
8,4.0,0.875,0.5,6,0.0,1.0,stripe,0.21863454756751038,0.16750345045093262,0.05844796665190629,0.05115898174608074
8,4.0,0.875,0.6,1,1.0,0.0,stripe,0.23397130368939956,0.15747179109557716,0.0604632253534896,0.04960339439865374
8,4.0,0.875,0.6,2,1.0,0.25,spiral,0.23118447024893835,0.15528340351293046,0.0601020577654348,0.049257519018821264
8,4.0,0.875,0.6,3,1.0,0.0,stripe,0.23048184415027415,0.1577615145379573,0.060010655844175156,0.04964900466933434
8,4.0,0.875,0.6,4,1.0,0.0,stripe,0.2322271247284137,0.15937442007953023,0.06023743706268938,0.049902157405693995
8,4.0,0.875,0.6,5,1.0,0.0,stripe,0.23875434977509497,0.1581633262073611,0.06107811977489041,0.04971219138189361
8,4.0,0.875,0.6,6,1.0,0.0,stripe,0.231953966206122,0.15527821125655025,0.06020199931871579,0.049256695492933725
8,4.0,0.875,0.7,1,1.0,0.0,stripe,0.22803202419209004,0.14543627679261353,0.059690873490018614,0.04767013556603952
8,4.0,0.875,0.7,2,0.0,1.0,stripe,0.22747877633429323,0.14629621894791195,0.05961841896782681,0.04781086091110601
8,4.0,0.875,0.7,3,1.0,0.0,stripe,0.22685340726479328,0.14675954929188287,0.059536413131061186,0.0478865112290055
8,4.0,0.875,0.7,4,1.0,0.0,stripe,0.22665536307877798,0.14866194492119386,0.059510419659971364,0.04819588041932271
8,4.0,0.875,0.7,5,1.0,0.0,stripe,0.23062027888019637,0.14795309253941055,0.06002867529358838,0.04808083891664423
8,4.0,0.875,0.7,6,1.0,0.0,stripe,0.2252018913433155,0.1460531612967228,0.059319301683678854,0.047771127736963605
8,4.0,1.0,0.0,1,1.0,1.0,Neel,0.39265233252555826,0.39265233252555826,0.07832747088800868,0.07832747088800868
8,4.0,1.0,0.0,2,1.0,1.0,Neel,0.3730482652001963,0.3730482652001963,0.07634709649851176,0.07634709649851176
8,4.0,1.0,0.0,3,1.0,1.0,Neel,0.3645068387032976,0.3645068387032976,0.07546800219125338,0.07546800219125338
8,4.0,1.0,0.0,4,1.0,1.0,Neel,0.4182857194443457,0.4182857194443457,0.08084376516663423,0.08084376516663423
8,4.0,1.0,0.0,5,1.0,1.0,Neel,0.363949499630892,0.363949499630892,0.07541028399185809,0.07541028399185809
8,4.0,1.0,0.0,6,1.0,1.0,Neel,0.38874124144223526,0.38874124144223526,0.0779363964880012,0.0779363964880012
8,4.0,1.0,0.1,1,1.0,1.0,Neel,0.3574905009640125,0.3574905009640125,0.07473813670116948,0.07473813670116948
8,4.0,1.0,0.1,2,1.0,1.0,Neel,0.36057746377436367,0.36057746377436367,0.0750601283736874,0.0750601283736874
8,4.0,1.0,0.1,3,1.0,1.0,Neel,0.38774026115303334,0.38774026115303334,0.07783599154964332,0.07783599154964332
8,4.0,1.0,0.1,4,1.0,1.0,Neel,0.3955529858172511,0.3955529858172511,0.07861625406615701,0.07861625406615701
8,4.0,1.0,0.1,5,1.0,1.0,Neel,0.3727134952001291,0.3727134952001291,0.07631283222697227,0.07631283222697227
8,4.0,1.0,0.1,6,1.0,1.0,Neel,0.3441589506914725,0.3441589506914725,0.07333132757937945,0.07333132757937945
8,4.0,1.0,0.2,1,1.0,1.0,Neel,0.30733980292173496,0.30733980292173496,0.06929779520772728,0.06929779520772728
8,4.0,1.0,0.2,2,0.75,1.0,spiral,0.29136707225137454,0.2838930636911697,0.06747303538397934,0.06660202039108518
8,4.0,1.0,0.2,3,1.0,0.75,spiral,0.29746408936347773,0.29488443726990565,0.06817533568897435,0.06787907875289909
8,4.0,1.0,0.2,4,1.0,1.0,Neel,0.29401271427568426,0.29401271427568426,0.06777867408379694,0.06777867408379694
8,4.0,1.0,0.2,5,0.75,1.0,spiral,0.2905055289632883,0.2849431285069141,0.06737320602473493,0.06672508061381817
8,4.0,1.0,0.2,6,0.75,1.0,spiral,0.29101702822002823,0.27535042570136065,0.06743249265701173,0.0655923044387355
8,4.0,1.0,0.3,1,1.0,1.0,Neel,0.27113225092181376,0.27113225092181376,0.06508795142461729,0.06508795142461729
8,4.0,1.0,0.3,2,0.75,1.0,spiral,0.26563155634693014,0.2652252862583574,0.06442432046922018,0.06437503474008255
8,4.0,1.0,0.3,3,1.0,1.0,Neel,0.27343023551532586,0.27343023551532586,0.06536319629521621,0.06536319629521621
8,4.0,1.0,0.3,4,1.0,1.0,Neel,0.26507997771505587,0.26507997771505587,0.06435739780163387,0.06435739780163387
8,4.0,1.0,0.3,5,1.0,1.0,Neel,0.2651736381319544,0.2651736381319544,0.06436876646178477,0.06436876646178477
8,4.0,1.0,0.3,6,0.75,1.0,spiral,0.2663651553366194,0.2613504536031599,0.06451321997958774,0.06390305812360918
8,4.0,1.0,0.4,1,1.0,1.0,Neel,0.24290582295414326,0.24290582295414326,0.06160684607783853,0.06160684607783853
8,4.0,1.0,0.4,2,1.0,1.0,Neel,0.23771502273820638,0.23771502273820638,0.06094503450064225,0.06094503450064225
8,4.0,1.0,0.4,3,1.0,1.0,Neel,0.25119445557055314,0.25119445557055314,0.06264912903057705,0.06264912903057705
8,4.0,1.0,0.4,4,1.0,1.0,Neel,0.24435441898236165,0.24435441898236165,0.06179027266972853,0.06179027266972853
8,4.0,1.0,0.4,5,1.0,1.0,Neel,0.23720186396205797,0.23720186396205797,0.060879217508170685,0.060879217508170685
8,4.0,1.0,0.4,6,0.75,1.0,spiral,0.2377758271477377,0.23690854190695543,0.06095282847566142,0.06084156447114241
8,4.0,1.0,0.5,1,1.0,1.0,Neel,0.2228337195619098,0.2228337195619098,0.05900658326114842,0.05900658326114842
8,4.0,1.0,0.5,2,1.0,1.0,Neel,0.2196582537039311,0.2196582537039311,0.05858464145255071,0.05858464145255071
8,4.0,1.0,0.5,3,0.0,1.0,stripe,0.21917404185271674,0.21853157246749855,0.058520034210077995,0.058434200771505934
8,4.0,1.0,0.5,4,1.0,1.0,Neel,0.2222492373072956,0.2222492373072956,0.05892914671812662,0.05892914671812662
8,4.0,1.0,0.5,5,1.0,1.0,Neel,0.2235737015768263,0.2235737015768263,0.05910447603302064,0.05910447603302064
8,4.0,1.0,0.5,6,0.75,1.0,spiral,0.2225494646701879,0.2187953989267027,0.05896893576682291,0.058469463040374585
8,4.0,1.0,0.6,1,0.25,1.0,spiral,0.22022188796918502,0.21212820462440743,0.0586597562176874,0.057571722201584054
8,4.0,1.0,0.6,2,1.0,0.25,spiral,0.2199743733776564,0.20561660205975923,0.05862678213944444,0.056681208589652865
8,4.0,1.0,0.6,3,0.0,1.0,stripe,0.2199487467699636,0.20882838097570494,0.058623367084130205,0.05712218004195384
8,4.0,1.0,0.6,4,0.0,1.0,stripe,0.21752106169155053,0.2089869889842602,0.05829894157641695,0.05714386846267118
8,4.0,1.0,0.6,5,1.0,0.0,stripe,0.22058769006179602,0.20591468597912552,0.05870845473367156,0.05672227929503394
8,4.0,1.0,0.6,6,0.25,1.0,spiral,0.21631996881222623,0.20180465469626352,0.058137763224009875,0.056153341215186094
8,4.0,1.0,0.7,1,1.0,0.0,stripe,0.22167272021514467,0.1997035786285855,0.05885266564363619,0.05586025793058647
8,4.0,1.0,0.7,2,1.0,0.25,spiral,0.22133018852255493,0.19254407108843816,0.05880717809642732,0.054849805020226336
8,4.0,1.0,0.7,3,0.0,1.0,stripe,0.22322849450688947,0.1950961328141833,0.0590588285243633,0.05521210986026176
8,4.0,1.0,0.7,4,0.0,1.0,stripe,0.22129639311264487,0.19520324956964036,0.05880268822413714,0.05522726477497895
8,4.0,1.0,0.7,5,0.0,1.0,stripe,0.22308589396037184,0.19283111079480994,0.05903996183205753,0.05489067412747729
8,4.0,1.0,0.7,6,1.0,0.0,stripe,0.2213242745341985,0.1920566069576551,0.058806392421205805,0.054780329350172415
8,6.0,0.5,0.0,1,0.5,1.0,spiral,0.16331041134382418,0.13637589092455282,0.05051460360378227,0.046161383164893766
8,6.0,0.5,0.0,2,1.0,0.5,spiral,0.16168559549824701,0.13286648054927022,0.05026268426636315,0.04556356832582746
8,6.0,0.5,0.0,3,0.5,1.0,spiral,0.15980723586965892,0.13319698220527804,0.049969871527385586,0.045620202180146785
8,6.0,0.5,0.0,4,1.0,0.5,spiral,0.16495561291050442,0.136410901459742,0.050768409978318524,0.04616730807951086
8,6.0,0.5,0.0,5,1.0,0.5,spiral,0.16073739500206385,0.1337747156766762,0.05011508552229805,0.04571903249685043
8,6.0,0.5,0.0,6,1.0,0.5,spiral,0.16576616723654605,0.13641285462299227,0.050892989331253004,0.04616763859549516
8,6.0,0.5,0.1,1,0.25,1.0,spiral,0.16101309831274385,0.1302008581221171,0.050158046823382416,0.045104195017293895
8,6.0,0.5,0.1,2,1.0,0.25,spiral,0.1604991987792989,0.13124395445171083,0.050077939064288035,0.04528450936366631
8,6.0,0.5,0.1,3,0.25,1.0,spiral,0.1592700071510292,0.13218665247679431,0.04988580821972148,0.045446852970804384
8,6.0,0.5,0.1,4,1.0,0.5,spiral,0.15894889779751037,0.13255236967207523,0.049835494660794726,0.04550967782929446
8,6.0,0.5,0.1,5,1.0,0.25,spiral,0.15703769672344106,0.13165094761434082,0.04953497765522628,0.04535466962148523
8,6.0,0.5,0.1,6,1.0,0.25,spiral,0.1561041987093858,0.1310900074043955,0.049387529851513665,0.04525794257026804
8,6.0,0.5,0.2,1,0.25,1.0,spiral,0.16166089961535035,0.13024939723936346,0.05025884555468668,0.04511260169692116
8,6.0,0.5,0.2,2,0.25,1.0,spiral,0.16258240594123485,0.13172088200117393,0.05040188580630485,0.04536671446411281
8,6.0,0.5,0.2,3,0.25,1.0,spiral,0.15986883563581927,0.12805320265845027,0.049979501366156864,0.04473065270637447
8,6.0,0.5,0.2,4,0.25,1.0,spiral,0.1621106031855213,0.12871359079340144,0.05032870130227652,0.044845845472539565
8,6.0,0.5,0.2,5,0.25,1.0,spiral,0.15539804286509012,0.12880469037497602,0.04927569806473606,0.04486171293106183
8,6.0,0.5,0.2,6,0.0,1.0,stripe,0.1628432594895977,0.13027304347239732,0.05044230297602365,0.04511669651311151
8,6.0,0.5,0.3,1,0.25,1.0,spiral,0.15852601971271546,0.1275556874268597,0.04976915769842985,0.04464367386365825
8,6.0,0.5,0.3,2,0.25,1.0,spiral,0.15973952523389096,0.13338569181033072,0.04995928424006439,0.04565250742879757
8,6.0,0.5,0.3,3,0.25,1.0,spiral,0.15624910674327355,0.12934776206433943,0.049410447203639525,0.04495618736342422
8,6.0,0.5,0.3,4,1.0,0.25,spiral,0.15756118104807293,0.1303919591498788,0.04961747125636432,0.045137283499529036
8,6.0,0.5,0.3,5,0.25,1.0,spiral,0.15612765770273726,0.12972131001306714,0.0493912406364253,0.04502105584006415
8,6.0,0.5,0.3,6,0.25,1.0,spiral,0.15820425522611414,0.12838109472975098,0.04971862314976184,0.044787884580010685
8,6.0,0.5,0.4,1,1.0,0.25,spiral,0.1569575358843148,0.1265053097277813,0.049522333327423285,0.04445948115415409
8,6.0,0.5,0.4,2,1.0,0.25,spiral,0.15747259510771056,0.13233603384647152,0.049603521029842,0.04547252498873487
8,6.0,0.5,0.4,3,1.0,0.25,spiral,0.15921549628214626,0.12477297713950104,0.04987727066919896,0.04415402323463519
8,6.0,0.5,0.4,4,1.0,0.25,spiral,0.16113963217053753,0.12620448828099917,0.05017775157043856,0.04440658880606134
8,6.0,0.5,0.4,5,1.0,0.25,spiral,0.15518960187214773,0.12599906782375547,0.04924263934084269,0.04437043424112704
8,6.0,0.5,0.4,6,1.0,0.25,spiral,0.15839383034736113,0.1254488565536727,0.049748402981176366,0.044273450098802285
8,6.0,0.5,0.5,1,0.0,1.0,stripe,0.1628984347069222,0.11465509316079778,0.0504508477856979,0.04232594748658871
8,6.0,0.5,0.5,2,0.0,1.0,stripe,0.15582653185377343,0.11507752990202516,0.04934358681951698,0.04240384893755687
8,6.0,0.5,0.5,3,0.0,1.0,stripe,0.1555378224475478,0.11464718149353703,0.049297854676881574,0.04232448713022423
8,6.0,0.5,0.5,4,0.0,1.0,stripe,0.16955737567293463,0.12098164323301061,0.05147168148496417,0.04347801945254396
8,6.0,0.5,0.5,5,0.0,1.0,stripe,0.1641375855238819,0.11773978081030034,0.05064237132886507,0.04289153850307707
8,6.0,0.5,0.5,6,0.0,1.0,stripe,0.16280619308636957,0.11803761893760782,0.050436561807626464,0.04294575410794555
8,6.0,0.5,0.6,1,1.0,0.25,spiral,0.15869963528155476,0.0997255091594231,0.04979640349738416,0.03947418245658783
8,6.0,0.5,0.6,2,1.0,0.25,spiral,0.16058584960717576,0.09727923768921476,0.05009145536029195,0.03898702462222503
8,6.0,0.5,0.6,3,1.0,0.25,spiral,0.1580281687594043,0.09700082064250508,0.049690946226306584,0.038931193438413135
8,6.0,0.5,0.6,4,1.0,0.25,spiral,0.155532731065323,0.0983574399092981,0.049297047811158755,0.039202487147919365
8,6.0,0.5,0.6,5,1.0,0.25,spiral,0.16333215473161206,0.09880915970891992,0.050517966286079234,0.039292405378799015
8,6.0,0.5,0.6,6,1.0,0.25,spiral,0.15721264536442736,0.09815552385879125,0.049562562320961345,0.03916222746848822
8,6.0,0.5,0.7,1,1.0,0.0,stripe,0.15412247639422869,0.09426187393070681,0.049073044471072136,0.03837762082473709
8,6.0,0.5,0.7,2,1.0,0.25,spiral,0.1596165205346263,0.09670808150506822,0.04994004538798034,0.03887240375274844
8,6.0,0.5,0.7,3,1.0,0.0,stripe,0.15496105880616234,0.09544757649936333,0.049206366903544976,0.03861823899147335
8,6.0,0.5,0.7,4,1.0,0.25,spiral,0.1556246489571279,0.09594768348709529,0.04931161262780932,0.03871927884769891
8,6.0,0.5,0.7,5,0.0,1.0,stripe,0.15557940925488498,0.09576012057580897,0.04930444472466532,0.03868141522743209
8,6.0,0.5,0.7,6,0.25,1.0,spiral,0.15729694424027169,0.09542845396832753,0.04957584849252956,0.03861437029468586
8,6.0,0.5625,0.0,1,0.5,1.0,spiral,0.19353915610116162,0.15182554623425043,0.05499135672158535,0.04870599716575119
8,6.0,0.5625,0.0,2,0.5,1.0,spiral,0.19025653651999447,0.1541044414393321,0.054523007832702274,0.04907017319604205
8,6.0,0.5625,0.0,3,0.5,1.0,spiral,0.19028508665755978,0.15774067890584959,0.05452709857515226,0.04964572597821387
8,6.0,0.5625,0.0,4,0.5,1.0,spiral,0.19186621920540742,0.15608737384209914,0.054753170456919575,0.04938486829265417
8,6.0,0.5625,0.0,5,0.5,1.0,spiral,0.19032499919005402,0.15670269623801175,0.05453281683852938,0.04948211423048669
8,6.0,0.5625,0.0,6,0.5,1.0,spiral,0.19048716982358102,0.15787650630226563,0.05455604483916932,0.04966709585805174
8,6.0,0.5625,0.1,1,1.0,0.5,spiral,0.18203642807293036,0.15278300091142732,0.053332159047234685,0.048859332672899373
8,6.0,0.5625,0.1,2,1.0,0.25,spiral,0.1898014062214342,0.1515466483172961,0.05445775401363803,0.04866124104415907
8,6.0,0.5625,0.1,3,1.0,0.5,spiral,0.1830608010853151,0.14896035785745126,0.05348200647842271,0.04824422858252245
8,6.0,0.5625,0.1,4,1.0,0.5,spiral,0.184591628945541,0.15034956023694637,0.05370515992224656,0.04846866904199337
8,6.0,0.5625,0.1,5,1.0,0.5,spiral,0.18518013923166882,0.14949856611546034,0.053790702500477024,0.048331305543654286
8,6.0,0.5625,0.1,6,1.0,0.5,spiral,0.17963339708385256,0.14650665193552348,0.0529789753528246,0.04784523420877522
8,6.0,0.5625,0.2,1,0.5,1.0,spiral,0.18092568468592882,0.14822621934443464,0.05316919994900843,0.04812519794511801
8,6.0,0.5625,0.2,2,0.5,1.0,spiral,0.18217852802716775,0.14534260569061358,0.053352970867839175,0.047654781647971454
8,6.0,0.5625,0.2,3,0.5,1.0,spiral,0.1814145551117734,0.14351220215318833,0.053240984435127224,0.047353755486165695
8,6.0,0.5625,0.2,4,0.25,1.0,spiral,0.17856242085271679,0.14555575582550567,0.05282080864416693,0.04768971256752892
8,6.0,0.5625,0.2,5,0.5,1.0,spiral,0.18240580405853082,0.14611592281786168,0.05338624062822315,0.04778139066654599
8,6.0,0.5625,0.2,6,0.5,1.0,spiral,0.19315591207628185,0.1507714707060331,0.05493688311318639,0.048536627713323545
8,6.0,0.5625,0.3,1,0.25,1.0,spiral,0.1870119374731905,0.1437624965496509,0.05405609607637793,0.04739503147576015
8,6.0,0.5625,0.3,2,1.0,0.5,spiral,0.1775825985927474,0.14333086443107548,0.05267568796904012,0.04732382863564141
8,6.0,0.5625,0.3,3,0.5,1.0,spiral,0.178391944101402,0.14413141494358794,0.05279558813560472,0.04745580426558549
8,6.0,0.5625,0.3,4,0.5,1.0,spiral,0.17821877024309302,0.1467630551528772,0.05276995627294311,0.04788708319331744
8,6.0,0.5625,0.3,5,0.5,1.0,spiral,0.17961364728547324,0.14475847601889827,0.052976062885377956,0.047558923324601085
8,6.0,0.5625,0.3,6,0.5,1.0,spiral,0.17660779213787106,0.1398388671394735,0.052530912348390024,0.046743794230403174
8,6.0,0.5625,0.4,1,1.0,0.5,spiral,0.17966921335699532,0.14043178808107154,0.05298425670614859,0.04684278694491546
8,6.0,0.5625,0.4,2,1.0,0.25,spiral,0.17721844339924014,0.1419199644302078,0.05262165122944288,0.047090332810694774
8,6.0,0.5625,0.4,3,1.0,0.5,spiral,0.17765995959358488,0.13788747838042048,0.05268716037755085,0.046416504065839234
8,6.0,0.5625,0.4,4,1.0,0.5,spiral,0.17746459106505946,0.13871903922591985,0.052658182986042676,0.04655625616289392
8,6.0,0.5625,0.4,5,1.0,0.5,spiral,0.1759145119267327,0.1423165906729525,0.052427704974137464,0.047156088994581416
8,6.0,0.5625,0.4,6,1.0,0.5,spiral,0.17439747522945864,0.13774717857514057,0.05220115468512446,0.04639288377797366
8,6.0,0.5625,0.5,1,0.0,1.0,stripe,0.18691080368118626,0.13151006142274457,0.05404147765854053,0.04533039498758404
8,6.0,0.5625,0.5,2,0.0,1.0,stripe,0.18533546490797054,0.1311296031204658,0.053813257095134466,0.04526477713142171
8,6.0,0.5625,0.5,3,1.0,0.0,stripe,0.18399868455127655,0.12926083983647582,0.05361883480749741,0.04494107945349037
8,6.0,0.5625,0.5,4,0.0,1.0,stripe,0.1809317291855444,0.12940692095941803,0.05317008809964613,0.04496646683908918
8,6.0,0.5625,0.5,5,1.0,0.0,stripe,0.1791602472401817,0.12794682782237707,0.05290915670399443,0.044712069787973825
8,6.0,0.5625,0.5,6,1.0,0.25,spiral,0.18001444900780475,0.13209328067485032,0.05303513708615213,0.04543079914050089
8,6.0,0.5625,0.6,1,0.25,1.0,spiral,0.18231479636201203,0.1074452312248072,0.053372920972684625,0.040973549246893566
8,6.0,0.5625,0.6,2,0.25,1.0,spiral,0.18624606903840368,0.10549029084660286,0.05394529477836837,0.040599086128608484
8,6.0,0.5625,0.6,3,1.0,0.25,spiral,0.18499760352425096,0.10348461632078707,0.053764184687079754,0.040211281128711855
8,6.0,0.5625,0.6,4,0.25,1.0,spiral,0.18523709286255713,0.10419032123963319,0.05379897374464921,0.04034815695133135
8,6.0,0.5625,0.6,5,1.0,0.25,spiral,0.1844234828628703,0.10586562003538587,0.053680694106283205,0.0406712467604929
8,6.0,0.5625,0.6,6,1.0,0.25,spiral,0.18310211385173075,0.10397934380568319,0.05348804098986327,0.04030728528397565
8,6.0,0.5625,0.7,1,0.25,1.0,spiral,0.18397217235139102,0.09737625783226464,0.053614971724234683,0.03900646137025422
8,6.0,0.5625,0.7,2,1.0,0.25,spiral,0.18298257113927888,0.09591522660069099,0.053470577648378106,0.03871272937466173
8,6.0,0.5625,0.7,3,1.0,0.25,spiral,0.1838602273734029,0.09818322810859771,0.05359865719128997,0.03916775381863044
8,6.0,0.5625,0.7,4,0.25,1.0,spiral,0.18340085912452425,0.09901619169756395,0.053531658145630906,0.03933354796194257
8,6.0,0.5625,0.7,5,1.0,0.25,spiral,0.18270762698767185,0.09678147224146046,0.05343039089958422,0.038887150882686426
8,6.0,0.5625,0.7,6,1.0,0.25,spiral,0.1882601164681309,0.09857465552686934,0.054236190129972675,0.039245751268224355
8,6.0,0.65625,0.0,1,0.75,1.0,spiral,0.2222132620394374,0.20007493668353754,0.05892437712327733,0.05591217117658975
8,6.0,0.65625,0.0,2,0.75,1.0,spiral,0.2210924758823219,0.1962655822136669,0.05877558962410568,0.055377339427680576
8,6.0,0.65625,0.0,3,1.0,0.75,spiral,0.21979652917294037,0.19653987243183818,0.0586030781472031,0.05541602211226886
8,6.0,0.65625,0.0,4,0.75,1.0,spiral,0.22019036090719218,0.19956391412864102,0.058655557189194595,0.05584072132646583
8,6.0,0.65625,0.0,5,0.5,1.0,spiral,0.22235761400978632,0.19949602484760062,0.058943512950136515,0.05583122234237541
8,6.0,0.65625,0.0,6,1.0,0.75,spiral,0.21939305277088333,0.19280494224990355,0.058549265149488015,0.05488694947485006
8,6.0,0.65625,0.1,1,1.0,0.5,spiral,0.21486930232400855,0.1852558820559116,0.05794249605266098,0.053801702176823535
8,6.0,0.65625,0.1,2,0.5,1.0,spiral,0.22288604980903162,0.18625627399253192,0.059013511404305705,0.05394677266652113
8,6.0,0.65625,0.1,3,1.0,0.5,spiral,0.2133218750141228,0.18515856444587225,0.057733476398842194,0.05378756891203351
8,6.0,0.65625,0.1,4,1.0,0.5,spiral,0.21246102618334217,0.18124683681431045,0.0576168684858412,0.05321636801984518
8,6.0,0.65625,0.1,5,0.5,1.0,spiral,0.21820474817411012,0.18540676130022277,0.05839048886779824,0.053823606766139155
8,6.0,0.65625,0.1,6,1.0,0.5,spiral,0.22218988190678815,0.18314302780616526,0.058921277182301175,0.05349401657635489
8,6.0,0.65625,0.2,1,0.5,1.0,spiral,0.21716611040634257,0.1801282356562549,0.05825135599365136,0.05305189612190108
8,6.0,0.65625,0.2,2,0.5,1.0,spiral,0.21423628668221933,0.18365305647342856,0.057857082361709854,0.05356845160537423
8,6.0,0.65625,0.2,3,1.0,0.5,spiral,0.21919222063606153,0.17763995854925035,0.058522461050766326,0.052684194521051914
8,6.0,0.65625,0.2,4,0.5,1.0,spiral,0.2129946385090872,0.18583682915240488,0.05768917772602143,0.05388599498484115
8,6.0,0.65625,0.2,5,0.5,1.0,spiral,0.20297700752584208,0.18132787971189673,0.056316212076020195,0.053228264301011984
8,6.0,0.65625,0.2,6,1.0,0.5,spiral,0.2118902247465325,0.17772428548486163,0.057539419198185955,0.05269669781590648
8,6.0,0.65625,0.3,1,1.0,0.5,spiral,0.20885940785690002,0.18009238171634157,0.057126423376263134,0.05304661595538246
8,6.0,0.65625,0.3,2,1.0,0.5,spiral,0.2094310013700759,0.1678595211033616,0.05720453999821549,0.051213328511628936
8,6.0,0.65625,0.3,3,1.0,0.5,spiral,0.2077755384084068,0.16883808516812754,0.05697800266446128,0.05136238974923181
8,6.0,0.65625,0.3,4,0.5,1.0,spiral,0.21553801946691137,0.1691445422067757,0.05803259044856166,0.05140898240561537
8,6.0,0.65625,0.3,5,0.5,1.0,spiral,0.21121690057997164,0.16794928288285313,0.057447924867327076,0.05122701967755473
8,6.0,0.65625,0.3,6,1.0,0.5,spiral,0.2080497899838945,0.16542396266263515,0.0570155940817804,0.050840430924645734
8,6.0,0.65625,0.4,1,0.5,1.0,spiral,0.20532854210574114,0.15302160377999321,0.05664149071486559,0.0488974698636074
8,6.0,0.65625,0.4,2,0.5,1.0,spiral,0.20166290319762536,0.15535448320923773,0.0561336161534503,0.049268791340404725
8,6.0,0.65625,0.4,3,0.5,1.0,spiral,0.2104508237175003,0.15277802000101187,0.05734364934834495,0.04885853622977064
8,6.0,0.65625,0.4,4,1.0,0.5,spiral,0.20525816126816485,0.15471585898041867,0.056631782329493,0.049167421089264404
8,6.0,0.65625,0.4,5,0.5,1.0,spiral,0.21472811912824846,0.1589107097095739,0.05792345691840985,0.049829507715931656
8,6.0,0.65625,0.4,6,0.5,1.0,spiral,0.2122422182951232,0.15302604959702207,0.057587191812601,0.04889818018038575
8,6.0,0.65625,0.5,1,1.0,0.0,stripe,0.2092436659058639,0.1413086755546006,0.05717894962115974,0.04698880776887869
8,6.0,0.65625,0.5,2,1.0,0.25,spiral,0.20234519473065835,0.14023387746332677,0.056228495157406945,0.046809767520940335
8,6.0,0.65625,0.5,3,1.0,0.0,stripe,0.21688987835017656,0.14711927395164123,0.05821429677683575,0.04794516300414875
8,6.0,0.65625,0.5,4,1.0,0.0,stripe,0.2057178041075379,0.14244181835056263,0.05669515578230895,0.0471768313023198
8,6.0,0.65625,0.5,5,1.0,0.0,stripe,0.2080261066481143,0.14563909084212256,0.05701234880599804,0.0477033625063073
8,6.0,0.65625,0.5,6,1.0,0.0,stripe,0.20764931242064524,0.14321539270873193,0.056960692644775504,0.04730476203379461
8,6.0,0.65625,0.6,1,1.0,0.0,stripe,0.21326090318695345,0.11822373787995281,0.05772522509524019,0.04297959869954887
8,6.0,0.65625,0.6,2,1.0,0.0,stripe,0.21392009117877656,0.11796094467678517,0.05781437039930802,0.0429318036026297
8,6.0,0.65625,0.6,3,0.0,1.0,stripe,0.2142627736596611,0.12435391265876741,0.05786065881436371,0.044079812673073385
8,6.0,0.65625,0.6,4,0.0,1.0,stripe,0.22041684635985098,0.12446703993656602,0.05868571567573042,0.044099858265178635
8,6.0,0.65625,0.6,5,1.0,0.0,stripe,0.2150465348738951,0.12116736252948127,0.057966387738107424,0.043511378276528366
8,6.0,0.65625,0.6,6,1.0,0.0,stripe,0.22521248597384053,0.12231504311088781,0.059320697006536076,0.043716959507811404
8,6.0,0.65625,0.7,1,0.25,1.0,spiral,0.20726725488894432,0.11560191571134584,0.05690826704126348,0.04250035215136198
8,6.0,0.65625,0.7,2,0.25,1.0,spiral,0.21035345735815697,0.11331568694953673,0.057330382618827884,0.04207799435080659
8,6.0,0.65625,0.7,3,1.0,0.25,spiral,0.2073767000317286,0.11313999491855424,0.05692328994353506,0.042045361463571816
8,6.0,0.65625,0.7,4,0.0,1.0,stripe,0.20678005549574352,0.1135033187135251,0.056841343818746864,0.042112816990778824
8,6.0,0.65625,0.7,5,1.0,0.0,stripe,0.20246001390324014,0.11315371962911533,0.05624444610126521,0.04204791159148011
8,6.0,0.65625,0.7,6,1.0,0.25,spiral,0.20547006289839204,0.11244073121838187,0.05666100716354568,0.0419152290377521
8,6.0,0.78125,0.0,1,1.0,0.75,spiral,0.3277781181834466,0.2802845961030532,0.07156488731645116,0.06617738899435521
8,6.0,0.78125,0.0,2,0.75,1.0,spiral,0.3348829241645278,0.2947422599827901,0.07233633727298298,0.06786271297429167
8,6.0,0.78125,0.0,3,1.0,0.75,spiral,0.3314755056478645,0.27787425913498814,0.071967386889812,0.06589222487505024
8,6.0,0.78125,0.0,4,1.0,0.75,spiral,0.3313371571993912,0.2866074353113687,0.07195236675218188,0.06691966210868175
8,6.0,0.78125,0.0,5,0.75,1.0,spiral,0.35573206152853726,0.29691979317383466,0.07455409754925207,0.06811293392844832
8,6.0,0.78125,0.0,6,0.75,1.0,spiral,0.35967078127446706,0.3045566732613471,0.07496569853882205,0.06898331696655756
8,6.0,0.78125,0.1,1,0.75,1.0,spiral,0.32261671927999613,0.286333520276029,0.07099919885991629,0.06688767640091076
8,6.0,0.78125,0.1,2,1.0,0.75,spiral,0.3301162655679376,0.261922848396199,0.0718196814912112,0.06397299825856695
8,6.0,0.78125,0.1,3,1.0,0.75,spiral,0.349410018354886,0.2829788748207817,0.0738886428133248,0.06649469842833122
8,6.0,0.78125,0.1,4,1.0,0.75,spiral,0.3619751296564,0.2717421044750592,0.07520546124372385,0.06516111096676298
8,6.0,0.78125,0.1,5,0.75,1.0,spiral,0.3374408323792663,0.25925339057200514,0.07261207203988904,0.06364616428102782
8,6.0,0.78125,0.1,6,0.75,1.0,spiral,0.3526694101962572,0.27652221573964747,0.07423246954208461,0.06573172461553091
8,6.0,0.78125,0.2,1,1.0,0.75,spiral,0.33973421453686176,0.26581153158312865,0.07285840447153963,0.06444614170752494
8,6.0,0.78125,0.2,2,0.75,1.0,spiral,0.328458843838584,0.2631333697110255,0.07163916132240714,0.06412065893091534
8,6.0,0.78125,0.2,3,0.75,1.0,spiral,0.34388984619337604,0.26279724526966614,0.07330265238565041,0.0640796922381696
8,6.0,0.78125,0.2,4,0.75,1.0,spiral,0.3411197540562323,0.2580726175502651,0.07300682267520364,0.06350106022125057
8,6.0,0.78125,0.2,5,0.75,1.0,spiral,0.325614926495958,0.26724870595569944,0.0713283479866129,0.06462012867952062
8,6.0,0.78125,0.2,6,1.0,0.75,spiral,0.3339885815288337,0.26203290854664396,0.0722396815219172,0.06398643759455055
8,6.0,0.78125,0.3,1,0.75,1.0,spiral,0.32924074081823795,0.23475054641061707,0.07172437922551138,0.060563828211779115
8,6.0,0.78125,0.3,2,0.75,1.0,spiral,0.3268580338206689,0.23962140711590335,0.07146437419055701,0.06118892453856327
8,6.0,0.78125,0.3,3,0.75,1.0,spiral,0.3398408157629118,0.23240718572516433,0.0728698342683411,0.06026078556537155
8,6.0,0.78125,0.3,4,0.75,1.0,spiral,0.31838670282414905,0.25395667048096976,0.07053220705200801,0.06299264223911513
8,6.0,0.78125,0.3,5,1.0,0.75,spiral,0.3113267398848489,0.24356302285799236,0.06974582647514303,0.06169013075165371
8,6.0,0.78125,0.3,6,0.75,1.0,spiral,0.31290433845579196,0.24007253780326163,0.0699223160970212,0.06124649706861579
8,6.0,0.78125,0.4,1,0.5,0.75,other,0.24947243419289022,0.20351068671770994,0.06243401944664391,0.05639019843877319
8,6.0,0.78125,0.4,2,0.5,1.25,other,0.2600589241756012,0.1940927491018966,0.06374496599923613,0.05506994829048902
8,6.0,0.78125,0.4,3,0.5,1.25,other,0.2431596506572416,0.20604499373373297,0.06163902612403444,0.05674022406626165
8,6.0,0.78125,0.4,4,0.5,1.25,other,0.23707840184911205,0.19865470955547143,0.06086337181665485,0.05571337215430638
8,6.0,0.78125,0.4,5,0.5,1.25,other,0.2381693664197763,0.2014784882620953,0.06100324868651673,0.056107943992764864
8,6.0,0.78125,0.4,6,0.5,1.25,other,0.25064071726341963,0.19564905259210935,0.06258003840875245,0.05529029251823243
8,6.0,0.78125,0.5,1,0.75,0.5,other,0.24002577323616253,0.17099253068914158,0.061240531568684475,0.05168905388975346
8,6.0,0.78125,0.5,2,0.0,1.0,stripe,0.23125609221437954,0.17476050131190887,0.06011136698536875,0.05225545744703204
8,6.0,0.78125,0.5,3,0.5,1.5,other,0.23087074605976693,0.18077167091776497,0.060061263782773155,0.05314656487572906
8,6.0,0.78125,0.5,4,0.0,1.0,stripe,0.2247638577505481,0.17407334397168503,0.05926158348671012,0.052152622173363236
8,6.0,0.78125,0.5,5,0.75,0.5,other,0.24043921884614045,0.1764541270262125,0.061293252438347115,0.052508053999215876
8,6.0,0.78125,0.5,6,0.75,1.75,other,0.225949050240994,0.1785333199480334,0.059417622890986906,0.05281650427837895
8,6.0,0.78125,0.6,1,0.75,0.25,other,0.23502472086086038,0.16199284701487104,0.0605991853365286,0.050310418748081995
8,6.0,0.78125,0.6,2,0.75,0.25,other,0.22989994529582836,0.1612806390820723,0.05993485334300334,0.0501997010514742
8,6.0,0.78125,0.6,3,0.25,0.75,other,0.23918772379496916,0.15136059389845952,0.06113352749757201,0.04863136107146735
8,6.0,0.78125,0.6,4,0.25,0.75,other,0.23874739449001176,0.15037571754068477,0.061077230118158056,0.04847288506550027
8,6.0,0.78125,0.6,5,0.0,1.0,stripe,0.23803300029936153,0.15365973310456071,0.06098578219288102,0.048999319686693216
8,6.0,0.78125,0.6,6,1.0,0.0,stripe,0.24051255211153416,0.15583170156604928,0.06130259885798253,0.04934440532592849
8,6.0,0.78125,0.7,1,0.0,1.0,stripe,0.25257192186491967,0.13684778864885078,0.06282066761137906,0.046241179673947475
8,6.0,0.78125,0.7,2,1.0,0.0,stripe,0.24528856186111855,0.13942249076041982,0.06190826906867916,0.046674151498785274
8,6.0,0.78125,0.7,3,1.0,0.0,stripe,0.24557477794377508,0.1342668440131295,0.06194437751218011,0.045803050528378
8,6.0,0.78125,0.7,4,1.0,0.0,stripe,0.25123721660284914,0.13660640018150488,0.06265446120923487,0.04620037881701852
8,6.0,0.78125,0.7,5,0.0,1.0,stripe,0.23796141213545,0.12958253225991379,0.060976610799686186,0.04499696730404342
8,6.0,0.78125,0.7,6,0.0,1.0,stripe,0.24274865595357126,0.13148636329216398,0.06158691215895266,0.04532631053196435
8,6.0,0.875,0.0,1,1.0,0.75,spiral,0.4231232595621224,0.34152315916062226,0.08130990671903493,0.07304997852076839
8,6.0,0.875,0.0,2,1.0,0.75,spiral,0.3804982714479619,0.3149762681908058,0.07710567742633745,0.0701534332052348
8,6.0,0.875,0.0,3,1.0,0.75,spiral,0.41358548105621445,0.33107895840931956,0.08038826494895478,0.07192432637950541
8,6.0,0.875,0.0,4,1.0,0.75,spiral,0.42665415816679986,0.3976754710286664,0.08164846123079264,0.07882689410869181
8,6.0,0.875,0.0,5,1.0,0.75,spiral,0.3596230876244298,0.3288308932133341,0.07496072801228464,0.07167972311929187
8,6.0,0.875,0.0,6,1.0,0.75,spiral,0.4323354027459727,0.3419917817327772,0.08219027112685433,0.07310007927201341
8,6.0,0.875,0.1,1,0.75,1.0,spiral,0.4108829860772021,0.36942293566652834,0.0801251936500392,0.07597521549682834
8,6.0,0.875,0.1,2,1.0,1.0,Neel,0.4209595136705834,0.4209595136705834,0.08110174104853031,0.08110174104853031
8,6.0,0.875,0.1,3,0.75,1.0,spiral,0.38332119097181944,0.3803870568390955,0.0773911726809633,0.07709440811829914
8,6.0,0.875,0.1,4,0.75,1.0,spiral,0.3957054143425522,0.39472781241749927,0.07863140021074519,0.0785342095460534
8,6.0,0.875,0.1,5,0.75,1.0,spiral,0.37841598122235426,0.34713954100453426,0.0768944062113707,0.07364818618401846
8,6.0,0.875,0.1,6,1.0,0.75,spiral,0.39723487579005573,0.3686020348513248,0.07878321479997893,0.07589075565938154
8,6.0,0.875,0.2,1,1.0,0.75,spiral,0.3879141365272407,0.31295838611560967,0.0778534416916692,0.06992835464285142
8,6.0,0.875,0.2,2,0.75,1.0,spiral,0.38489798008765225,0.2977359721474614,0.07755018335806542,0.06820648477090785
8,6.0,0.875,0.2,3,1.0,0.75,spiral,0.36994425241820905,0.31152837100472724,0.07602880338420773,0.06976840830167234
8,6.0,0.875,0.2,4,1.0,0.75,spiral,0.3866315253789404,0.342546247882607,0.07772462662532348,0.07315931330436157
8,6.0,0.875,0.2,5,1.0,0.75,spiral,0.38102526277869736,0.2924489136946401,0.07715905475650377,0.06759818249390107
8,6.0,0.875,0.2,6,0.75,1.0,spiral,0.42572629034869547,0.29548125062297054,0.08155963025111361,0.0679477338914545
8,6.0,0.875,0.3,1,0.75,1.0,spiral,0.3672724036257221,0.35911556071954404,0.07575375440631249,0.07490781425354016
8,6.0,0.875,0.3,2,1.0,1.0,Neel,0.3549551608028956,0.3549551608028956,0.07447264187300759,0.07447264187300759
8,6.0,0.875,0.3,3,1.0,1.0,Neel,0.37263369755081355,0.37263369755081355,0.07630466253271462,0.07630466253271462
8,6.0,0.875,0.3,4,0.75,1.0,spiral,0.401729933549717,0.3627321016724719,0.0792277111351472,0.07528405600545426
8,6.0,0.875,0.3,5,1.0,1.0,Neel,0.35997930153247704,0.35997930153247704,0.07499784387864063,0.07499784387864063
8,6.0,0.875,0.3,6,1.0,1.0,Neel,0.3765888836092596,0.3765888836092596,0.0767085478052784,0.0767085478052784
8,6.0,0.875,0.4,1,1.0,1.0,Neel,0.3109317468003533,0.3109317468003533,0.06970156772810436,0.06970156772810436
8,6.0,0.875,0.4,2,1.0,0.75,spiral,0.30378999520851757,0.293836511247554,0.06889643441523724,0.06775836102093255
8,6.0,0.875,0.4,3,1.0,0.75,spiral,0.3169546886374293,0.2861680858304731,0.0703734112428823,0.06686835081786556
8,6.0,0.875,0.4,4,0.75,1.0,spiral,0.29836034974747766,0.29295754486806497,0.06827796470900652,0.06765694080109974
8,6.0,0.875,0.4,5,1.0,0.75,spiral,0.3037928898093841,0.293055904779597,0.0688967626472509,0.0676682976893996
8,6.0,0.875,0.4,6,1.0,0.75,spiral,0.2999785525256269,0.2683188695628199,0.0684628722974206,0.06474938097711098
8,6.0,0.875,0.5,1,1.0,0.25,spiral,0.24561750655120212,0.18673077185203046,0.06194976626156497,0.05401544510774651
8,6.0,0.875,0.5,2,0.25,1.0,spiral,0.24941139914476218,0.18997243223171595,0.06242638153566895,0.05448228385099657
8,6.0,0.875,0.5,3,0.5,1.0,spiral,0.23998599210640212,0.18030225739940492,0.06123545645018524,0.05307751663242829
8,6.0,0.875,0.5,4,0.25,1.0,spiral,0.23844937520864445,0.20239644402865084,0.06103909802442259,0.056235615386938456
8,6.0,0.875,0.5,5,0.75,1.5,other,0.24512082837173427,0.19238277364766249,0.061887098359095394,0.05482682589977945
8,6.0,0.875,0.5,6,0.5,1.0,spiral,0.2467114742800535,0.1811634265657046,0.06208757352019675,0.05320412145773234
8,6.0,0.875,0.6,1,1.0,0.0,stripe,0.260374624265154,0.1709392363830226,0.06378364605557628,0.051680998137465656
8,6.0,0.875,0.6,2,1.0,0.25,spiral,0.2683286721085464,0.16782875249822715,0.06475056371720664,0.05120863460184034
8,6.0,0.875,0.6,3,1.0,0.25,spiral,0.2597522588698543,0.17033961185786045,0.06370737041223311,0.05159027461914764
8,6.0,0.875,0.6,4,1.0,0.0,stripe,0.24829656005610062,0.16855248275196785,0.06228670605254842,0.05131892967511596
8,6.0,0.875,0.6,5,1.0,0.0,stripe,0.28499546393555486,0.17130831951975228,0.06673120802138266,0.05173676151921503
8,6.0,0.875,0.6,6,1.0,0.0,stripe,0.256901544080321,0.16427882027016136,0.06335681988748343,0.05066415465317931
8,6.0,0.875,0.7,1,0.0,1.0,stripe,0.2547050280747937,0.16093144852125524,0.06308538708503461,0.050145327630245005
8,6.0,0.875,0.7,2,1.0,0.25,spiral,0.2520337681870856,0.16418824245334493,0.06275370608914833,0.050650185471857005
8,6.0,0.875,0.7,3,0.0,1.0,stripe,0.26067213424040137,0.16444777713486353,0.06382007597540347,0.05069020139762953
8,6.0,0.875,0.7,4,1.0,0.0,stripe,0.25429305671562463,0.16638824796982504,0.06303434786829824,0.050988394508245855
8,6.0,0.875,0.7,5,0.0,1.0,stripe,0.25205554847753137,0.16017992374991336,0.06275641755997093,0.05002810518690865
8,6.0,0.875,0.7,6,0.0,1.0,stripe,0.2629632054593817,0.1580374351241726,0.06409992266222198,0.04969240307949694
8,6.0,1.0,0.0,1,1.0,1.0,Neel,0.7082431695866418,0.7082431695866418,0.10519648057226666,0.10519648057226666
8,6.0,1.0,0.0,2,1.0,0.75,spiral,0.49833151851155655,0.3702046113857048,0.08824075009168424,0.07605555241336188
8,6.0,1.0,0.0,3,1.0,1.0,Neel,0.5481564977029508,0.5481564977029508,0.09254698955994521,0.09254698955994521
8,6.0,1.0,0.0,4,1.0,1.0,Neel,0.511642321387521,0.511642321387521,0.0894114717006717,0.0894114717006717
8,6.0,1.0,0.0,5,1.0,1.0,Neel,0.5184132821665671,0.5184132821665671,0.09000115295846277,0.09000115295846277
8,6.0,1.0,0.0,6,1.0,1.0,Neel,0.5521830028165057,0.5521830028165057,0.09288627142375724,0.09288627142375724
8,6.0,1.0,0.1,1,1.0,1.0,Neel,0.4390109325927085,0.4390109325927085,0.08282237512750447,0.08282237512750447
8,6.0,1.0,0.1,2,1.0,1.0,Neel,0.4853952905758695,0.4853952905758695,0.0870878947687218,0.0870878947687218
8,6.0,1.0,0.1,3,1.0,0.75,spiral,0.553806178225748,0.4113913152197569,0.09302269365470617,0.08017474228401798
8,6.0,1.0,0.1,4,1.0,1.0,Neel,0.5312510079412462,0.5312510079412462,0.09110870978716565,0.09110870978716565
8,6.0,1.0,0.1,5,1.0,1.0,Neel,0.5149407638751622,0.5149407638751622,0.08969921647121233,0.08969921647121233
8,6.0,1.0,0.1,6,1.0,0.75,spiral,0.4397923496413675,0.3783036607659217,0.08289605215657961,0.07688299356468585
8,6.0,1.0,0.2,1,1.0,0.75,spiral,0.40802724473376306,0.3692450327436,0.0798462628991805,0.0759569196098601
8,6.0,1.0,0.2,2,1.0,1.0,Neel,0.3844460641375585,0.3844460641375585,0.07750464342314821,0.07750464342314821
8,6.0,1.0,0.2,3,1.0,1.0,Neel,0.4249854529621312,0.4249854529621312,0.08148863541950681,0.08148863541950681
8,6.0,1.0,0.2,4,0.75,1.0,spiral,0.391707534536216,0.35468057852592494,0.07823317855698038,0.07444383144000298
8,6.0,1.0,0.2,5,1.0,0.75,spiral,0.3865117171404392,0.347361085387364,0.07771258315304776,0.07367168356415892
8,6.0,1.0,0.2,6,1.0,1.0,Neel,0.40421245250354715,0.40421245250354715,0.07947213077782629,0.07947213077782629
8,6.0,1.0,0.3,1,1.0,1.0,Neel,0.3188274915270114,0.3188274915270114,0.0705810141263892,0.0705810141263892
8,6.0,1.0,0.3,2,1.0,1.0,Neel,0.37507129200652395,0.37507129200652395,0.07655383032613024,0.07655383032613024
8,6.0,1.0,0.3,3,1.0,0.75,spiral,0.32204746441639587,0.31442509998595464,0.07093653241811433,0.0700920265599486
8,6.0,1.0,0.3,4,1.0,1.0,Neel,0.34554789883625175,0.34554789883625175,0.07347915295726015,0.07347915295726015
8,6.0,1.0,0.3,5,1.0,1.0,Neel,0.32659051397206185,0.32659051397206185,0.07143512287952941,0.07143512287952941
8,6.0,1.0,0.3,6,1.0,1.0,Neel,0.3488001256386817,0.3488001256386817,0.0738241285969865,0.0738241285969865
8,6.0,1.0,0.4,1,1.0,1.0,Neel,0.34880405155426986,0.34880405155426986,0.07382454405910996,0.07382454405910996
8,6.0,1.0,0.4,2,1.0,1.0,Neel,0.31080838204766537,0.31080838204766537,0.06968773901838667,0.06968773901838667
8,6.0,1.0,0.4,3,1.0,0.75,spiral,0.30900533465764113,0.30017478845719475,0.06948531034704848,0.06848526169654072
8,6.0,1.0,0.4,4,1.0,1.0,Neel,0.3104005256756679,0.3104005256756679,0.0696420003566979,0.0696420003566979
8,6.0,1.0,0.4,5,0.75,1.0,spiral,0.27562912590715455,0.2691675287664944,0.06562549117758502,0.06485169725594292
8,6.0,1.0,0.4,6,0.75,1.0,spiral,0.2873084793212604,0.28559250379452855,0.06700145512893503,0.06680106939106221
8,6.0,1.0,0.5,1,1.0,1.0,Neel,0.27358475774933444,0.27358475774933444,0.06538166287143017,0.06538166287143017
8,6.0,1.0,0.5,2,1.0,0.25,spiral,0.2586052126357019,0.24978094639990336,0.06356655132562126,0.06247261229929872
8,6.0,1.0,0.5,3,0.5,1.0,spiral,0.2608667373300392,0.258140276551455,0.06384389376269169,0.06350938372489914
8,6.0,1.0,0.5,4,0.0,1.0,stripe,0.2611686539046002,0.2580265711563136,0.06388082824493886,0.063495394906382
8,6.0,1.0,0.5,5,1.0,1.0,Neel,0.26693234421772594,0.26693234421772594,0.06458186957964261,0.06458186957964261
8,6.0,1.0,0.5,6,1.0,0.75,spiral,0.2607955656228814,0.24834719275012224,0.06383518397292767,0.06229305648883076
8,6.0,1.0,0.6,1,0.0,1.0,stripe,0.25348640249501553,0.23639495089260848,0.06293429143944196,0.06077557986310791
8,6.0,1.0,0.6,2,1.0,0.25,spiral,0.2589523171467455,0.242239638327798,0.06360919709773027,0.06152230773363304
8,6.0,1.0,0.6,3,0.0,1.0,stripe,0.28078694990672515,0.2561348493494516,0.06623666727948033,0.0632622084746113
8,6.0,1.0,0.6,4,0.25,1.0,spiral,0.25217622186563615,0.2343907601418803,0.06277143830318503,0.06051739937585619
8,6.0,1.0,0.6,5,1.0,0.25,spiral,0.24624902739453858,0.23304472623666328,0.062029356380988394,0.0603433827975186
8,6.0,1.0,0.6,6,1.0,0.25,spiral,0.2555554512198556,0.24136725091713607,0.06319061580100517,0.06141142642522034
8,6.0,1.0,0.7,1,0.0,1.0,stripe,0.2589447179375734,0.22408346052795092,0.06360826375381255,0.059171818213987926
8,6.0,1.0,0.7,2,0.0,1.0,stripe,0.258496012619878,0.22471998208698202,0.06355312893308711,0.05925579904202705
8,6.0,1.0,0.7,3,0.0,1.0,stripe,0.24969074103670058,0.22248241152024345,0.062461330667049085,0.05896005156038963
8,6.0,1.0,0.7,4,0.0,1.0,stripe,0.2587495386672675,0.22816607911809364,0.06358428690860703,0.05970841637675725
8,6.0,1.0,0.7,5,0.0,1.0,stripe,0.2587891455134712,0.22178817106862553,0.06358915315246766,0.05886798937408406
8,6.0,1.0,0.7,6,0.0,1.0,stripe,0.2651150012069535,0.21128675749975773,0.06436164924750336,0.05745742411502377
8,8.0,0.5,0.0,1,1.0,0.5,spiral,0.16201985467598085,0.13830715432398663,0.050314612482977555,0.04648708730725438
8,8.0,0.5,0.0,2,1.0,0.5,spiral,0.16471067487970595,0.13051436693235163,0.050730703671400076,0.045158465245377796
8,8.0,0.5,0.0,3,1.0,0.5,spiral,0.16189628773870096,0.13325464159739858,0.05029542221631311,0.04563007533370236
8,8.0,0.5,0.0,4,1.0,0.5,spiral,0.16489577679858453,0.13472521404244833,0.05075920125925824,0.04588116682706811
8,8.0,0.5,0.0,5,1.0,0.5,spiral,0.1619647290579979,0.13276726700755895,0.050306052235603,0.045546553623661896
8,8.0,0.5,0.0,6,1.0,0.5,spiral,0.1596794334309432,0.13211100647639346,0.04994988635981555,0.045433847252831755
8,8.0,0.5,0.1,1,1.0,0.25,spiral,0.16104953697840227,0.13301637631481195,0.05016372210360327,0.04558926277007489
8,8.0,0.5,0.1,2,0.25,1.0,spiral,0.16436827716295405,0.1275836566483782,0.05067794718288377,0.044648568119603896
8,8.0,0.5,0.1,3,1.0,0.25,spiral,0.16332552949013224,0.12411869429083522,0.05051694169566598,0.04403810393618577
8,8.0,0.5,0.1,4,1.0,0.25,spiral,0.1689408155013124,0.12796727735879015,0.051378013217795865,0.0447156427744374
8,8.0,0.5,0.1,5,1.0,0.25,spiral,0.16556300137175659,0.12811549036462228,0.05086179210796349,0.04474153033756471
8,8.0,0.5,0.1,6,0.25,1.0,spiral,0.16440209668031483,0.12698426435456361,0.05068316052329333,0.044543564412157864
8,8.0,0.5,0.2,1,0.0,1.0,stripe,0.16208657409533914,0.13074908770700114,0.05032497113997855,0.045199054143000524
8,8.0,0.5,0.2,2,0.0,1.0,stripe,0.16371317509585198,0.13137801962096454,0.05057685598050443,0.045307632431827324
8,8.0,0.5,0.2,3,1.0,0.25,spiral,0.16204046051457394,0.13143892376309654,0.05031781191129258,0.04531813305729158
8,8.0,0.5,0.2,4,1.0,0.25,spiral,0.1565126522245705,0.12980756773709368,0.04945209996561232,0.04503602164814393
8,8.0,0.5,0.2,5,0.25,1.0,spiral,0.1606856536816632,0.13027717758143273,0.05010701885740148,0.045117412378259086
8,8.0,0.5,0.2,6,0.25,1.0,spiral,0.1626519494586329,0.1282136094347444,0.05041266418561054,0.04475866002705936
8,8.0,0.5,0.3,1,1.0,0.25,spiral,0.16104227905019092,0.1289658498805854,0.0501625917408504,0.04488976948464034
8,8.0,0.5,0.3,2,0.25,1.0,spiral,0.16340036314527498,0.12691681485726203,0.05052851347650079,0.04453173286707715
8,8.0,0.5,0.3,3,0.25,1.0,spiral,0.15956932615141034,0.12597618211050052,0.049932661866916195,0.04436640446865816
8,8.0,0.5,0.3,4,0.25,1.0,spiral,0.15595380989180746,0.12894632400946077,0.04936373445718518,0.04488637112362531
8,8.0,0.5,0.3,5,0.25,1.0,spiral,0.160239074567303,0.12913745679551714,0.05003734145729676,0.04491962558203213
8,8.0,0.5,0.3,6,0.25,1.0,spiral,0.16660113229019433,0.12531195531469894,0.051021002460107406,0.044249285890194556
8,8.0,0.5,0.4,1,1.0,0.25,spiral,0.1586026359737977,0.12219358380145015,0.049781183062384014,0.043695248562030845
8,8.0,0.5,0.4,2,1.0,0.25,spiral,0.16757871176252276,0.12728825831009094,0.05117047362776133,0.04459685006920523
8,8.0,0.5,0.4,3,1.0,0.0,stripe,0.16703457862533047,0.12467148858724271,0.05108733004396284,0.044136062456631396
8,8.0,0.5,0.4,4,1.0,0.25,spiral,0.15827146960510444,0.1255363139532726,0.049729183711174636,0.0442888801565346
8,8.0,0.5,0.4,5,0.25,1.0,spiral,0.1603593168526986,0.12675234587340037,0.05005611177292355,0.04450286961839518
8,8.0,0.5,0.4,6,1.0,0.25,spiral,0.16321009429070807,0.12485465826823083,0.05049908636096611,0.04416847332024401
8,8.0,0.5,0.5,1,0.0,1.0,stripe,0.15534902066408865,0.11826943987823271,0.04926792514279838,0.04298790525365694
8,8.0,0.5,0.5,2,1.0,0.25,spiral,0.15600787170918037,0.12355599903961437,0.049372289753017766,0.04393816660938386
8,8.0,0.5,0.5,3,0.0,1.0,stripe,0.16413821421073296,0.11889195748801318,0.050642468315068356,0.043100891356794534
8,8.0,0.5,0.5,4,0.0,1.0,stripe,0.15779104833862836,0.11969414426875014,0.04965365173168101,0.04324605189146428
8,8.0,0.5,0.5,5,0.0,1.0,stripe,0.16191248075716763,0.1194928038400815,0.05029793745106,0.043209663965382485
8,8.0,0.5,0.5,6,1.0,0.25,spiral,0.1539482751007219,0.11914913844851778,0.049045303531008756,0.043147482988676066
8,8.0,0.5,0.6,1,0.25,1.0,spiral,0.16051073944860658,0.10044968906781412,0.05007973945503788,0.039617248663739835
8,8.0,0.5,0.6,2,1.0,0.25,spiral,0.16477504640400215,0.10096432852755761,0.05074061588178186,0.03971860563064982
8,8.0,0.5,0.6,3,0.25,1.0,spiral,0.15628725652644435,0.09918595802934324,0.04941647886308466,0.03936725281510622
8,8.0,0.5,0.6,4,1.0,0.25,spiral,0.15816909855491407,0.09883988107309678,0.04971309852463968,0.03929851322591145
8,8.0,0.5,0.6,5,1.0,0.0,stripe,0.16956440023650263,0.09742230846966558,0.05147274767967369,0.03901568363925621
8,8.0,0.5,0.6,6,0.0,1.0,stripe,0.1623230621975888,0.10510687351653418,0.050361670413493285,0.04052523779937443
8,8.0,0.5,0.7,1,0.25,1.0,spiral,0.16105922766880743,0.09607048645499787,0.05016523130939512,0.038744049231583186
8,8.0,0.5,0.7,2,1.0,0.25,spiral,0.16508562163155502,0.09669587538351584,0.05078841243820333,0.038869950512798894
8,8.0,0.5,0.7,3,0.0,1.0,stripe,0.1636911135987573,0.10191840003255895,0.050573448072882894,0.03990582664860776
8,8.0,0.5,0.7,4,1.0,0.25,spiral,0.15879110617576978,0.09526270551483682,0.049810752192638114,0.03858082131926853
8,8.0,0.5,0.7,5,0.25,1.0,spiral,0.1582578277713599,0.09567297125755686,0.0497270405205005,0.03866380964027376
8,8.0,0.5,0.7,6,0.25,1.0,spiral,0.15709632800083748,0.09687695368129934,0.049544223931888225,0.03890632855038242
8,8.0,0.5625,0.0,1,0.5,1.0,spiral,0.18799341371197226,0.1503758737309283,0.05419775907959264,0.04847291023907843
8,8.0,0.5625,0.0,2,0.5,1.0,spiral,0.19226344568748577,0.15804203597738875,0.05480981973029071,0.04969312640744894
8,8.0,0.5625,0.0,3,0.5,1.0,spiral,0.19283445442284655,0.15656576780098572,0.054891150018531926,0.049460490514049715
8,8.0,0.5625,0.0,4,0.5,1.0,spiral,0.1862130729332737,0.1561152008169189,0.05394051598365,0.049389270218989444
8,8.0,0.5625,0.0,5,0.5,1.0,spiral,0.19074986967722352,0.15425346788015679,0.05459365085526537,0.049093894076834545
8,8.0,0.5625,0.0,6,0.5,1.0,spiral,0.19607050099340426,0.15254985611701435,0.05534981100258556,0.04882203909945128
8,8.0,0.5625,0.1,1,1.0,0.0,stripe,0.1849158346314847,0.1419145082359255,0.053752301496000604,0.04708942759459214
8,8.0,0.5625,0.1,2,0.5,1.0,spiral,0.18285262677695224,0.14603138089943574,0.05345158831494045,0.04776756563353091
8,8.0,0.5625,0.1,3,1.0,0.25,spiral,0.18848653712665475,0.1493841192881332,0.05426879529346474,0.04831280227721304
8,8.0,0.5625,0.1,4,1.0,0.5,spiral,0.19056213417382187,0.15408111151790627,0.05456677878037118,0.049066458680724914
8,8.0,0.5625,0.1,5,0.25,1.0,spiral,0.18117368193609368,0.14774337828513642,0.053205627336320956,0.0480467510421387
8,8.0,0.5625,0.1,6,0.5,1.0,spiral,0.18321576954239413,0.1459596220518369,0.05350463904279617,0.047755827859644016
8,8.0,0.5625,0.2,1,0.5,1.0,spiral,0.18086400689383966,0.14997954814137862,0.053160136453137934,0.04840899131059272
8,8.0,0.5625,0.2,2,0.0,1.0,stripe,0.18485502245411767,0.14543064479074228,0.05374346216839392,0.047669212547044953
8,8.0,0.5625,0.2,3,0.5,1.0,spiral,0.18499326890678072,0.14840597113862475,0.05376355481800333,0.04815436946987274
8,8.0,0.5625,0.2,4,1.0,0.25,spiral,0.18851985928741916,0.1475410237700518,0.05427359211776869,0.048013836509979695
8,8.0,0.5625,0.2,5,0.5,1.0,spiral,0.18400431685734225,0.14096941507941912,0.05361965545297706,0.04693236740902726
8,8.0,0.5625,0.2,6,0.25,1.0,spiral,0.18620992778075773,0.14341588291084334,0.05394006045208273,0.04733786191286978
8,8.0,0.5625,0.3,1,0.5,1.0,spiral,0.17970327056370047,0.14242785301171473,0.052989278184910386,0.047174518580564685
8,8.0,0.5625,0.3,2,0.25,1.0,spiral,0.18444135605020456,0.14530950286356836,0.053683295244279165,0.04764935447876766
8,8.0,0.5625,0.3,3,1.0,0.0,stripe,0.179260862752517,0.13923662243944965,0.05292401137960045,0.046643029764546824
8,8.0,0.5625,0.3,4,0.25,1.0,spiral,0.18635697286617706,0.14313923191497407,0.05396135377317749,0.0472921822151555
8,8.0,0.5625,0.3,5,0.5,1.0,spiral,0.18460573631541732,0.14863748482618017,0.053707212084862455,0.04819191530131444
8,8.0,0.5625,0.3,6,0.25,1.0,spiral,0.18681995909253604,0.14756653301060274,0.05402834312489025,0.0480179870287236
8,8.0,0.5625,0.4,1,1.0,0.25,spiral,0.18143664107867302,0.14226031449705173,0.053244225197238676,0.04714676461875654
8,8.0,0.5625,0.4,2,1.0,0.25,spiral,0.18080775496767726,0.13959469085158527,0.05315186893581408,0.04670296612160752
8,8.0,0.5625,0.4,3,1.0,0.25,spiral,0.18299614095755118,0.14112175832370888,0.0534725602759185,0.046957720066118536
8,8.0,0.5625,0.4,4,1.0,0.25,spiral,0.17928267603255285,0.13477393034341206,0.0529272312992909,0.045889461334992956
8,8.0,0.5625,0.4,5,0.0,1.0,stripe,0.17659489589583313,0.1336540939981578,0.0525289943590432,0.045698415932296996
8,8.0,0.5625,0.4,6,1.0,0.25,spiral,0.17315252142493104,0.14319166895926927,0.052014499394539476,0.047300843834846985
8,8.0,0.5625,0.5,1,0.25,1.0,spiral,0.18138666525262076,0.1297143575673934,0.053236891762876236,0.04501984936659076
8,8.0,0.5625,0.5,2,0.0,1.0,stripe,0.19051495549650838,0.12970133914413856,0.054560023640326104,0.045017590163481266
8,8.0,0.5625,0.5,3,0.0,1.0,stripe,0.18095090688941978,0.13062897682725486,0.05317290588398554,0.045178288623251954
8,8.0,0.5625,0.5,4,0.0,1.0,stripe,0.18211104525210403,0.13116905705842932,0.053343088418876965,0.04527158619418982
8,8.0,0.5625,0.5,5,0.0,1.0,stripe,0.18557980060708992,0.1318877373141566,0.053848717575126895,0.04539543914903453
8,8.0,0.5625,0.5,6,0.0,1.0,stripe,0.19453607045505406,0.1296892187098571,0.05513280421727358,0.045015486694486795
8,8.0,0.5625,0.6,1,0.25,1.0,spiral,0.18567420433706366,0.10716380439442823,0.05386241215139385,0.04091985390568912
8,8.0,0.5625,0.6,2,0.25,1.0,spiral,0.1815615747463355,0.10352366911087715,0.05326255350066773,0.04021886783410811
8,8.0,0.5625,0.6,3,1.0,0.25,spiral,0.18718185665249126,0.10881872638353199,0.05408064820428076,0.04123460439658282
8,8.0,0.5625,0.6,4,0.25,1.0,spiral,0.18432194433980917,0.10535259641139619,0.05366591451107042,0.040572580875858334
8,8.0,0.5625,0.6,5,0.25,1.0,spiral,0.18431957156159443,0.10783951129677327,0.05366556908903429,0.04104865849223434
8,8.0,0.5625,0.6,6,1.0,0.25,spiral,0.1907830131664932,0.10365619462642624,0.05459839357276418,0.0402446026323768
8,8.0,0.5625,0.7,1,0.25,1.0,spiral,0.18168921054121573,0.10003680549957224,0.0532812717069187,0.03953574440845671
8,8.0,0.5625,0.7,2,1.0,0.25,spiral,0.18733066561705763,0.10031229808353197,0.05410214090280093,0.03959014596531803
8,8.0,0.5625,0.7,3,0.25,1.0,spiral,0.18614248410444345,0.0993225883029718,0.05393029124835067,0.03939435800002247
8,8.0,0.5625,0.7,4,1.0,0.25,spiral,0.18270132139938325,0.09979442444851545,0.05342946889933834,0.03948781941318175
8,8.0,0.5625,0.7,5,1.0,0.25,spiral,0.19515969070260658,0.09618514819082209,0.055221102553536794,0.03876716317299468
8,8.0,0.5625,0.7,6,1.0,0.25,spiral,0.18560166494058206,0.0969806899268037,0.05385188961119744,0.03892715350634192
8,8.0,0.65625,0.0,1,0.75,1.0,spiral,0.2177379396997467,0.19445113191312355,0.05832799763242814,0.05512076683195323
8,8.0,0.65625,0.0,2,1.0,0.75,spiral,0.22107014104222503,0.1932981238160835,0.058772620783701365,0.054957103131681756
8,8.0,0.65625,0.0,3,0.5,1.0,spiral,0.22690081586441474,0.1909962504301209,0.0595426338675195,0.054628897233704427
8,8.0,0.65625,0.0,4,1.0,0.75,spiral,0.2164663865472173,0.19750188437767294,0.05815743537846447,0.05555148011890538
8,8.0,0.65625,0.0,5,0.5,1.0,spiral,0.21563167992365811,0.18947929028188776,0.05804519789618395,0.054411523693556826
8,8.0,0.65625,0.0,6,0.75,1.0,spiral,0.2379384894902191,0.19210014204435558,0.06097367381325053,0.05478653775740037
8,8.0,0.65625,0.1,1,1.0,0.25,spiral,0.21545367015166877,0.18038482967813405,0.058021234010660484,0.05308966908656377
8,8.0,0.65625,0.1,2,0.5,1.0,spiral,0.22058218328575557,0.18331806299488773,0.05870772192684648,0.05351957337549619
8,8.0,0.65625,0.1,3,1.0,0.5,spiral,0.22045266167269822,0.18256577213376182,0.05869048337367745,0.05340964509889603
8,8.0,0.65625,0.1,4,1.0,0.5,spiral,0.22993381543573185,0.17846245331968102,0.059939268148546075,0.0528060208036926
8,8.0,0.65625,0.1,5,0.5,1.0,spiral,0.2154107674342738,0.18105465656919092,0.058015456915898954,0.053188147259456295
8,8.0,0.65625,0.1,6,1.0,0.5,spiral,0.22739433425605915,0.17847122387092268,0.05960735250580187,0.052807318365764105
8,8.0,0.65625,0.2,1,1.0,0.5,spiral,0.21443829715808893,0.16898436217604848,0.057884353612138915,0.05138463446401811
8,8.0,0.65625,0.2,2,1.0,0.5,spiral,0.21563970939329674,0.18002106443630567,0.058046278599667885,0.05303611158274404
8,8.0,0.65625,0.2,3,1.0,0.25,spiral,0.21532579125782184,0.17008314070787833,0.058004012692256614,0.0515514216444183
8,8.0,0.65625,0.2,4,1.0,0.5,spiral,0.2186083790503935,0.17772280993118036,0.05844446870887268,0.05269647905861162
8,8.0,0.65625,0.2,5,1.0,0.5,spiral,0.21853944264833297,0.17474215046717093,0.05843525298465133,0.0522527138151651
8,8.0,0.65625,0.2,6,0.5,1.0,spiral,0.2224808546366642,0.1711128445105508,0.058959845265213154,0.051707235426750056
8,8.0,0.65625,0.3,1,1.0,0.5,spiral,0.21552895127919486,0.17197000489194825,0.05803136965243384,0.05183658289699169
8,8.0,0.65625,0.3,2,0.5,1.0,spiral,0.21639745705311153,0.1651786592643196,0.05814817509135491,0.050802721885790665
8,8.0,0.65625,0.3,3,1.0,0.5,spiral,0.22092570653162596,0.1654623372892084,0.05875341832231258,0.05084632749908179
8,8.0,0.65625,0.3,4,1.0,0.5,spiral,0.2089861480719421,0.17391104138142105,0.05714375349610923,0.05212830345968209
8,8.0,0.65625,0.3,5,1.0,0.5,spiral,0.2115487541320963,0.15373676929663674,0.05749303682459298,0.049011600874282295
8,8.0,0.65625,0.3,6,0.5,1.0,spiral,0.21957518474088386,0.15558372677559762,0.05857356282126187,0.04930512884952957
8,8.0,0.65625,0.4,1,1.0,0.25,spiral,0.20755774296751026,0.15097172937427933,0.05694813196117453,0.048568850835418315
8,8.0,0.65625,0.4,2,1.0,0.5,spiral,0.21798727266437137,0.15348693591957868,0.0583613839399033,0.0489717609826665
8,8.0,0.65625,0.4,3,0.5,1.0,spiral,0.21007814584779352,0.14957748494920647,0.05729285320938183,0.04834406067275846
8,8.0,0.65625,0.4,4,1.0,0.5,spiral,0.22069542220948568,0.15394902923545423,0.05872278920507109,0.04904542365811485
8,8.0,0.65625,0.4,5,1.0,0.25,spiral,0.2072010885823481,0.1591409345793537,0.05689918285089153,0.049865590368533705
8,8.0,0.65625,0.4,6,0.5,1.0,spiral,0.20898674736356432,0.152944188210218,0.05714383542916675,0.04888509937378317
8,8.0,0.65625,0.5,1,1.0,0.0,stripe,0.22213067872059092,0.14255591449243837,0.05891342678039729,0.04719572188180142
8,8.0,0.65625,0.5,2,0.0,1.0,stripe,0.21301316281518679,0.14799097453120996,0.05769168630736402,0.04808699384501131
8,8.0,0.65625,0.5,3,1.0,0.0,stripe,0.21835488666749261,0.13965412887262546,0.058410573564891245,0.04671290789101844
8,8.0,0.65625,0.5,4,1.0,0.0,stripe,0.21315599532778845,0.14882496186514696,0.0577110251771418,0.04822229804916934
8,8.0,0.65625,0.5,5,1.0,0.0,stripe,0.21704367973637334,0.14018866729460872,0.05823493363850287,0.04680222138401404
8,8.0,0.65625,0.5,6,1.0,0.25,spiral,0.20945044664187074,0.14844843650348466,0.05720719560316893,0.048161258500655356
8,8.0,0.65625,0.6,1,0.25,1.0,spiral,0.2204375323195725,0.12071024675030895,0.05868846941685667,0.04342922524606647
8,8.0,0.65625,0.6,2,1.0,0.25,spiral,0.21289741336062198,0.12051267196077824,0.05767600960329796,0.043393668885992574
8,8.0,0.65625,0.6,3,0.25,1.0,spiral,0.21589993216283795,0.1203608705102582,0.058081291652685746,0.043366330277333644
8,8.0,0.65625,0.6,4,0.25,1.0,spiral,0.21621862534166478,0.12050189507431988,0.058124143184768856,0.04339172859585393
8,8.0,0.65625,0.6,5,1.0,0.0,stripe,0.21296137034332835,0.12035363242563166,0.05768467224154529,0.04336502630750377
8,8.0,0.65625,0.6,6,1.0,0.0,stripe,0.22580354552560772,0.12344833959558159,0.05939848818646499,0.04391901986817286
8,8.0,0.65625,0.7,1,0.0,1.0,stripe,0.2169930260360252,0.11357471255801635,0.05822813780134904,0.042126059437348345
8,8.0,0.65625,0.7,2,1.0,0.25,spiral,0.21521138412505564,0.11054478734095322,0.05798860126743871,0.04156034530898888
8,8.0,0.65625,0.7,3,1.0,0.0,stripe,0.2124434333661817,0.11693767818428977,0.05761448295651528,0.04274518945600227
8,8.0,0.65625,0.7,4,0.25,1.0,spiral,0.20993756564637903,0.11331200497385603,0.05727368037087081,0.04207731072343503
8,8.0,0.65625,0.7,5,1.0,0.0,stripe,0.21683854388985724,0.11854678986017417,0.05820740715990551,0.04303828053681073
8,8.0,0.65625,0.7,6,1.0,0.25,spiral,0.21126579006850807,0.11754004585590416,0.05745457309753888,0.0428551422410252
8,8.0,0.78125,0.0,1,0.75,1.0,spiral,0.33273760325300783,0.3244578554323605,0.07210426513617796,0.07120150273084573
8,8.0,0.78125,0.0,2,1.0,0.75,spiral,0.369102286644901,0.2951186509922677,0.0759422361326461,0.06790603008389007
8,8.0,0.78125,0.0,3,0.75,1.0,spiral,0.33470428106675504,0.2883211430134043,0.07231704081105675,0.06711942982165776
8,8.0,0.78125,0.0,4,0.75,1.0,spiral,0.34875652480007685,0.3446016377645199,0.07381951435766292,0.07337847497782046
8,8.0,0.78125,0.0,5,1.0,0.75,spiral,0.3253148931717601,0.2700922461843042,0.07129547815821669,0.06496299982782318
8,8.0,0.78125,0.0,6,0.75,1.0,spiral,0.34709265439847703,0.3063682510951632,0.07364321234829592,0.06918817762712012
8,8.0,0.78125,0.1,1,0.75,1.0,spiral,0.32220717526850784,0.27055016766135453,0.07095411977870232,0.06501804649255978
8,8.0,0.78125,0.1,2,0.75,1.0,spiral,0.33935553836206456,0.29588200377066126,0.07281778825882629,0.06799379610609031
8,8.0,0.78125,0.1,3,0.75,1.0,spiral,0.33566238635323453,0.27975791895444646,0.07242047215234991,0.06611518345783536
8,8.0,0.78125,0.1,4,1.0,0.75,spiral,0.3941479251399773,0.2783472409420123,0.07847650177162681,0.065948280036093
8,8.0,0.78125,0.1,5,0.75,1.0,spiral,0.33927603643396964,0.26595437500149444,0.07280925812889989,0.06446345561167467
8,8.0,0.78125,0.1,6,0.75,1.0,spiral,0.3298675128377951,0.2601298359352669,0.0717926172255236,0.06375365625976713
8,8.0,0.78125,0.2,1,0.75,1.0,spiral,0.3388897841876785,0.25383470597370106,0.07276780110689396,0.06297751408907054
8,8.0,0.78125,0.2,2,0.75,1.0,spiral,0.345828223482042,0.2538455111452996,0.0735089517807655,0.06297885448025635
8,8.0,0.78125,0.2,3,1.0,0.75,spiral,0.35179026185596596,0.24728735867818882,0.07413988698062243,0.06215999500761483
8,8.0,0.78125,0.2,4,0.75,1.0,spiral,0.3532525407150565,0.2385146881536134,0.07429381500954678,0.061047456969149906
8,8.0,0.78125,0.2,5,0.75,1.0,spiral,0.33902713838745774,0.2395557042489608,0.07278254624086758,0.0611805351307915
8,8.0,0.78125,0.2,6,1.0,0.75,spiral,0.3476792178702438,0.2756885893622446,0.07370541214336,0.06563256972559486
8,8.0,0.78125,0.3,1,1.0,0.75,spiral,0.3338285227415114,0.2555611689948761,0.07222236958059543,0.06319132270767039
8,8.0,0.78125,0.3,2,0.75,1.0,spiral,0.33738590084907233,0.2514756237551391,0.07260616158954249,0.06268418158653782
8,8.0,0.78125,0.3,3,0.75,1.0,spiral,0.3249331117765628,0.251014024306455,0.07125363058475542,0.06262662476765261
8,8.0,0.78125,0.3,4,0.75,1.0,spiral,0.35240700626575067,0.27563399840922903,0.07420484804177119,0.0656260712304508
8,8.0,0.78125,0.3,5,0.75,1.0,spiral,0.35303816021978873,0.23948496384570447,0.07427126802091236,0.061171501208398774
8,8.0,0.78125,0.3,6,1.0,0.75,spiral,0.3660355359474828,0.2541639843655171,0.07562608841649433,0.06301834856382071
8,8.0,0.78125,0.4,1,1.0,0.75,spiral,0.25397462675632443,0.20248290770399233,0.06299486918049413,0.0562476260199031
8,8.0,0.78125,0.4,2,0.5,0.75,other,0.25773063189233325,0.20641571772026,0.06345897196864843,0.05679124571075248
8,8.0,0.78125,0.4,3,0.0,1.0,stripe,0.25053302095106184,0.20044987874966852,0.0625665921427749,0.05596453658758885
8,8.0,0.78125,0.4,4,1.0,0.75,spiral,0.2597482706136353,0.1949132048614935,0.063706881326416,0.055186219529524176
8,8.0,0.78125,0.4,5,0.5,1.25,other,0.2743922029812348,0.21039176713296484,0.06547807397581112,0.05733560291348278
8,8.0,0.78125,0.4,6,0.5,1.25,other,0.2540402989715945,0.20276413370944574,0.0630030131932685,0.05628667328249281
8,8.0,0.78125,0.5,1,0.75,0.5,other,0.2439072009020951,0.18573341805860152,0.06173370241687466,0.053871000150040364
8,8.0,0.78125,0.5,2,1.0,0.0,stripe,0.25573702726188013,0.1810281036920675,0.06321306076252657,0.053184246917565306
8,8.0,0.78125,0.5,3,0.5,1.5,other,0.2595608469137157,0.1748053904892888,0.06368389304232906,0.052262168213681466
8,8.0,0.78125,0.5,4,0.25,1.25,other,0.24942204323049794,0.17368823083668367,0.062427713601224656,0.05209490000780482
8,8.0,0.78125,0.5,5,0.5,0.5,other,0.24712935416445495,0.18250279586373552,0.06214013323786495,0.05340043244554175
8,8.0,0.78125,0.5,6,0.75,1.5,other,0.24650597519286274,0.17204135328432035,0.06206171011492094,0.05184733498519963
8,8.0,0.78125,0.6,1,0.75,0.25,other,0.24585289866361934,0.1582170365672302,0.06197944450879705,0.04972063149601956
8,8.0,0.78125,0.6,2,1.0,0.0,stripe,0.2487943605948953,0.15197101093521972,0.062349112939120786,0.04872932429105505
8,8.0,0.78125,0.6,3,1.0,0.0,stripe,0.2781210921872906,0.163873063734494,0.06592148409605487,0.05060154761320516
8,8.0,0.78125,0.6,4,0.5,0.5,other,0.24898276753891618,0.16246804321040295,0.062372716333310076,0.05038415599335317
8,8.0,0.78125,0.6,5,0.0,1.0,stripe,0.2513541968372385,0.1608009485727614,0.06266904599227478,0.050124991984532
8,8.0,0.78125,0.6,6,0.0,1.0,stripe,0.25176771920194063,0.15868209273704265,0.06272057567122867,0.04979365119185669
8,8.0,0.78125,0.7,1,1.0,0.0,stripe,0.24483827398595492,0.1405927099596481,0.061851418989628246,0.04686961801764018
8,8.0,0.78125,0.7,2,1.0,0.0,stripe,0.2683407735930653,0.14277733611824556,0.0647520238092343,0.04723236048354546
8,8.0,0.78125,0.7,3,1.0,0.25,spiral,0.24147249021508016,0.14886265833909063,0.06142481306125911,0.04822840487252601
8,8.0,0.78125,0.7,4,1.0,0.0,stripe,0.2729614828825688,0.14336380199571022,0.0653071448621063,0.04732926585298965
8,8.0,0.78125,0.7,5,1.0,0.0,stripe,0.24988802812584932,0.14319363128896687,0.06248600194816752,0.047301167944249614
8,8.0,0.78125,0.7,6,1.0,0.0,stripe,0.25035175724644904,0.15331042885277146,0.06254395420003253,0.048943594584220665
8,8.0,0.875,0.0,1,0.75,1.0,spiral,0.42115848060873,0.3268813796358074,0.08112090519410768,0.07146692631427135
8,8.0,0.875,0.0,2,0.75,1.0,spiral,0.4647687622150696,0.3236855590972312,0.0852174389993648,0.07111671295057329
8,8.0,0.875,0.0,3,0.75,1.0,spiral,0.4666386546112136,0.43184492485745213,0.08538869350388383,0.08214363609493854
8,8.0,0.875,0.0,4,0.75,1.0,spiral,0.4827645763502863,0.3845932312255873,0.08685157744953872,0.07751947650687407
8,8.0,0.875,0.0,5,1.0,0.75,spiral,0.41321710461301986,0.4046487566756024,0.08035245646262743,0.07951501004877184
8,8.0,0.875,0.0,6,0.75,1.0,spiral,0.4547530171700088,0.42358115224778164,0.08429422218207715,0.08135389052695383
8,8.0,0.875,0.1,1,0.75,1.0,spiral,0.5139372214948678,0.343097355135215,0.08961176867943914,0.07321814101701664
8,8.0,0.875,0.1,2,1.0,0.75,spiral,0.4419313322380168,0.3828801841777338,0.08309739506277566,0.0773466410245273
8,8.0,0.875,0.1,3,1.0,1.0,Neel,0.48662191090487683,0.48662191090487683,0.0871978632644671,0.0871978632644671
8,8.0,0.875,0.1,4,1.0,0.75,spiral,0.4540229452491091,0.3995079269206833,0.08422653097164413,0.0790082992990969
8,8.0,0.875,0.1,5,0.75,1.0,spiral,0.4509433496020363,0.3944654540645206,0.0839403945519189,0.07850810607674939
8,8.0,0.875,0.1,6,0.75,1.0,spiral,0.48726498339010715,0.37417389861436007,0.08725546037624479,0.07646219435674977
8,8.0,0.875,0.2,1,0.75,1.0,spiral,0.38516037247046586,0.3237670234940041,0.0775766125829881,0.07112566162851361
8,8.0,0.875,0.2,2,0.75,1.0,spiral,0.4325744411405742,0.33074430644613095,0.08221298950179023,0.07188796692229373
8,8.0,0.875,0.2,3,1.0,0.75,spiral,0.3977899488896531,0.31157223858046684,0.07883823914447119,0.0697733203152881
8,8.0,0.875,0.2,4,1.0,0.75,spiral,0.4740739202633697,0.3298433111198892,0.08606628262051959,0.07178998353703857
8,8.0,0.875,0.2,5,0.75,1.0,spiral,0.4087015348615015,0.3482983212544579,0.07991221109574531,0.0737710056160339
8,8.0,0.875,0.2,6,1.0,0.75,spiral,0.38878415567109686,0.3524890990350059,0.07794069817727378,0.07421349050153865
8,8.0,0.875,0.3,1,0.75,1.0,spiral,0.3939037570180672,0.3774547222372061,0.07845219055837319,0.07679667984331319
8,8.0,0.875,0.3,2,1.0,0.75,spiral,0.39619820081698626,0.36984188086989533,0.07868034626109248,0.0760182832520711
8,8.0,0.875,0.3,3,1.0,1.0,Neel,0.4170934257818441,0.4170934257818441,0.08072846324464077,0.08072846324464077
8,8.0,0.875,0.3,4,1.0,1.0,Neel,0.41871875057013064,0.41871875057013064,0.0808856011763422,0.0808856011763422
8,8.0,0.875,0.3,5,1.0,1.0,Neel,0.4166429159748013,0.4166429159748013,0.08068485336236456,0.08068485336236456
8,8.0,0.875,0.3,6,1.0,1.0,Neel,0.4028990711827002,0.4028990711827002,0.07934291390684924,0.07934291390684924
8,8.0,0.875,0.4,1,1.0,1.0,Neel,0.3614974537799193,0.3614974537799193,0.07515582289690692,0.07515582289690692
8,8.0,0.875,0.4,2,1.0,1.0,Neel,0.31651093998880225,0.31651093998880225,0.07032413125894293,0.07032413125894293
8,8.0,0.875,0.4,3,0.75,1.0,spiral,0.31666637664241454,0.30518881107574414,0.07034139702222104,0.06905487074101654
8,8.0,0.875,0.4,4,1.0,1.0,Neel,0.3220345746643615,0.3220345746643615,0.07093511280833102,0.07093511280833102
8,8.0,0.875,0.4,5,1.0,0.75,spiral,0.3364663396897522,0.29358593875117445,0.07250714832106127,0.06772946399453565
8,8.0,0.875,0.4,6,1.0,0.75,spiral,0.3292835766687042,0.3078579270999838,0.0717290449221827,0.0693561829322898
8,8.0,0.875,0.5,1,0.25,1.0,spiral,0.26340026145853335,0.2462062857713636,0.06415316894191263,0.06202397290707486
8,8.0,0.875,0.5,2,1.0,0.0,stripe,0.28186825909796787,0.19537624399507542,0.06636408327104164,0.05525173130701927
8,8.0,0.875,0.5,3,0.0,1.0,stripe,0.2782132328051784,0.21717752171864496,0.06593240297896712,0.05825288642508479
8,8.0,0.875,0.5,4,1.0,0.5,spiral,0.2838146485591177,0.2166168489882659,0.06659282156311004,0.058177644034815075
8,8.0,0.875,0.5,5,1.0,0.0,stripe,0.29381615542298306,0.18559272221000597,0.06775601396543417,0.05385059223937415
8,8.0,0.875,0.5,6,1.0,0.0,stripe,0.268999008485956,0.2068440841801525,0.06483139291726703,0.056850143494233
8,8.0,0.875,0.6,1,1.0,0.25,spiral,0.2863847446994246,0.18263303010641188,0.06689365916085402,0.053419482358149875
8,8.0,0.875,0.6,2,1.0,0.0,stripe,0.2934224539200957,0.185066425212002,0.06771060361938516,0.05377418427031257
8,8.0,0.875,0.6,3,1.0,0.25,spiral,0.2748013930855364,0.17704379420984362,0.06552687820247129,0.05259571545790404
8,8.0,0.875,0.6,4,1.0,0.25,spiral,0.2753449053435333,0.19993384775578824,0.06559164692239941,0.05589245361570908
8,8.0,0.875,0.6,5,1.0,0.0,stripe,0.3204012913177536,0.17469937569615096,0.07075500107299766,0.052246318006653435
8,8.0,0.875,0.6,6,1.0,0.0,stripe,0.2833542321247432,0.18371500685311667,0.06653878475708068,0.05357748577602301
8,8.0,0.875,0.7,1,0.0,1.0,stripe,0.3288292484662546,0.17990556590215362,0.07167954385516992,0.053019095307456444
8,8.0,0.875,0.7,2,1.0,0.0,stripe,0.2984078689216115,0.16774243450124443,0.06828340173058295,0.05119546404792073
8,8.0,0.875,0.7,3,1.0,0.0,stripe,0.286651126327902,0.17439559161085244,0.06692476259855891,0.05220087277928952
8,8.0,0.875,0.7,4,1.0,0.0,stripe,0.280755152096831,0.17765360457370535,0.06623291667677775,0.052686218041003346
8,8.0,0.875,0.7,5,0.0,1.0,stripe,0.30488414561066574,0.18738710471906533,0.06902039390764625,0.054110290252736545
8,8.0,0.875,0.7,6,1.0,0.0,stripe,0.30843046514816563,0.1709421598265203,0.06942064547337548,0.051681440065940304
8,8.0,1.0,0.0,1,1.0,0.75,spiral,0.5171910631594263,0.48240060464569134,0.08989499631161924,0.08681883118073479
8,8.0,1.0,0.0,2,1.0,1.0,Neel,0.6749386064753573,0.6749386064753573,0.10269330906236032,0.10269330906236032
8,8.0,1.0,0.0,3,1.0,1.0,Neel,0.5685828219906274,0.5685828219906274,0.09425553879535968,0.09425553879535968
8,8.0,1.0,0.0,4,1.0,1.0,Neel,0.6674018512278639,0.6674018512278639,0.10211833295464323,0.10211833295464323
8,8.0,1.0,0.0,5,1.0,1.0,Neel,0.6628784542059913,0.6628784542059913,0.10177168489795486,0.10177168489795486
8,8.0,1.0,0.0,6,1.0,1.0,Neel,0.6863635038554691,0.6863635038554691,0.10355882264559454,0.10355882264559454
8,8.0,1.0,0.1,1,0.75,1.0,spiral,0.6797576651713411,0.5529127075236533,0.10305927186964889,0.09294762533307176
8,8.0,1.0,0.1,2,1.0,1.0,Neel,0.5947088353735837,0.5947088353735837,0.09639670924213256,0.09639670924213256
8,8.0,1.0,0.1,3,0.75,1.0,spiral,0.5333939290302532,0.4746867133147988,0.0912922786499368,0.08612188975831714
8,8.0,1.0,0.1,4,1.0,1.0,Neel,0.5752510898741436,0.5752510898741436,0.09480663626183293,0.09480663626183293
8,8.0,1.0,0.1,5,1.0,1.0,Neel,0.4705946066573358,0.4705946066573358,0.08574987305542132,0.08574987305542132
8,8.0,1.0,0.1,6,1.0,0.75,spiral,0.5390195823373898,0.5145213963694081,0.09177244125564991,0.0896626835326269
8,8.0,1.0,0.2,1,0.75,1.0,spiral,0.4506334461780515,0.2971350325239176,0.08391154626469503,0.06813761724030429
8,8.0,1.0,0.2,2,1.0,0.75,spiral,0.47972002470487213,0.3876556565590304,0.08657727984877803,0.07782749921290578
8,8.0,1.0,0.2,3,1.0,1.0,Neel,0.4568345318466564,0.4568345318466564,0.0844869194615593,0.0844869194615593
8,8.0,1.0,0.2,4,1.0,1.0,Neel,0.4747420875451202,0.4747420875451202,0.08612691285476627,0.08612691285476627
8,8.0,1.0,0.2,5,1.0,1.0,Neel,0.5324937590615131,0.5324937590615131,0.09121521246665022,0.09121521246665022
8,8.0,1.0,0.2,6,0.75,1.0,spiral,0.5157515327640992,0.45666079677644156,0.08976980394007247,0.08447085266310445
8,8.0,1.0,0.3,1,0.75,1.0,spiral,0.4535198165019857,0.34747645579290953,0.08417984992172133,0.07368391698168747
8,8.0,1.0,0.3,2,1.0,1.0,Neel,0.4405293226278794,0.4405293226278794,0.08296547876111254,0.08296547876111254
8,8.0,1.0,0.3,3,1.0,0.75,spiral,0.4031281370994936,0.33540905336118626,0.07936546567733088,0.07239313820223942
8,8.0,1.0,0.3,4,1.0,0.75,spiral,0.37299392418215216,0.2862226067411394,0.07634153564964571,0.06687472041310007
8,8.0,1.0,0.3,5,0.75,1.0,spiral,0.4114176513186423,0.34497476305963964,0.08017730852213602,0.07341819034004358
8,8.0,1.0,0.3,6,1.0,1.0,Neel,0.45121610640179116,0.45121610640179116,0.08396577673390503,0.08396577673390503
8,8.0,1.0,0.4,1,0.75,1.0,spiral,0.31619866145144837,0.3010004469670939,0.07028943082127555,0.06857938453982247
8,8.0,1.0,0.4,2,1.0,0.75,spiral,0.3661404433141412,0.2522536872201198,0.07563692502199872,0.06278107885991106
8,8.0,1.0,0.4,3,1.0,1.0,Neel,0.37007447383750647,0.37007447383750647,0.07604218338337636,0.07604218338337636
8,8.0,1.0,0.4,4,1.0,0.5,spiral,0.3142914778846938,0.30687486574192213,0.07007713137642223,0.06924535924679381
8,8.0,1.0,0.4,5,1.0,1.0,Neel,0.326654580528272,0.326654580528272,0.07144212917287845,0.07144212917287845
8,8.0,1.0,0.4,6,0.0,1.0,stripe,0.355075810045723,0.3105889841050084,0.07448529742146716,0.06966313857874017
8,8.0,1.0,0.5,1,0.25,1.0,spiral,0.30324517464128403,0.25109562890633647,0.06883462685138972,0.06263680389085563
8,8.0,1.0,0.5,2,1.0,0.5,spiral,0.34095581818536036,0.3080571291003983,0.07298927769985299,0.06937861804759246
8,8.0,1.0,0.5,3,0.5,1.0,spiral,0.30960432866497156,0.2816598196768901,0.0695526249352976,0.0663395408670531
8,8.0,1.0,0.5,4,0.75,1.0,spiral,0.3378939040348246,0.33702824547854315,0.07266080271056834,0.07256766728786476
8,8.0,1.0,0.5,5,0.75,1.25,other,0.3268272839836558,0.2740701249904768,0.07146101253302126,0.06543963403760904
8,8.0,1.0,0.5,6,1.0,0.25,spiral,0.3129214213803161,0.30546549936758244,0.06992422476558062,0.06908616668782887
8,8.0,1.0,0.6,1,0.25,1.0,spiral,0.30745903362671567,0.263765369223619,0.06931123574441184,0.06419761595354649
8,8.0,1.0,0.6,2,1.0,0.5,spiral,0.31128799815722424,0.2991994507114473,0.0697414867292534,0.06837390889342487
8,8.0,1.0,0.6,3,0.75,1.0,spiral,0.2974393637465896,0.25468593705446385,0.0681725022170997,0.06308302280705957
8,8.0,1.0,0.6,4,1.0,0.5,spiral,0.29357451129041284,0.2651965088465433,0.0677281458399143,0.06437154224288276
8,8.0,1.0,0.6,5,1.0,0.0,stripe,0.3237585254957488,0.27841362056688596,0.07112472819541088,0.0659561431661797
8,8.0,1.0,0.6,6,0.75,1.0,spiral,0.2759437990813675,0.24711934302768576,0.06566294130364835,0.0621388745859433
8,8.0,1.0,0.7,1,1.0,0.5,spiral,0.30599700256921664,0.27118532751727964,0.06914624476530891,0.06509432189106432
8,8.0,1.0,0.7,2,1.0,0.25,spiral,0.3321405068697638,0.27270652261759737,0.07203954066927454,0.06527663759646293
8,8.0,1.0,0.7,3,1.0,0.5,spiral,0.2885223081749693,0.2676292206478374,0.06714284075933856,0.06466611610899838
8,8.0,1.0,0.7,4,1.0,0.0,stripe,0.29609231410754877,0.2641361214607027,0.0680179565109865,0.06424271863661656
8,8.0,1.0,0.7,5,0.0,1.0,stripe,0.29926298716365285,0.25357942933848987,0.06838116827337827,0.06294583849162631
8,8.0,1.0,0.7,6,1.0,0.0,stripe,0.3292974340659603,0.2526866981586621,0.07173055421004797,0.06283493979251588
